cliente_id;nome;cpf;data_nascimento;score_credito;renda_mensal;estado;data_cadastro
1;Guilherme Lopes;318.407.652-08;1976-04-20;679;5293.74;RJ;2021-02-21
2;Leonardo Pastor;937.024.581-23;1971-02-17;697;7099.03;PR;2022-05-17
3;Sra. Maria Isis Cardoso;381.267.945-00;1985-07-19;591;4493.86;RS;2021-10-13
4;Sr. Théo Vargas;714.509.382-05;1970-12-17;809;7239.43;RJ;2024-10-17
5;Luan Pereira;073.429.581-23;1969-02-11;563;5046.56;PE;2021-06-28
6;Enrico Araújo;495.083.612-98;1985-07-22;564;4046.27;CE;2023-05-15
7;Luigi Gomes;729.183.546-19;1955-08-05;649;3278.72;SP;2021-03-03
8;Eduardo Cavalcanti;756.942.031-43;1955-09-11;413;2741.71;RJ;2022-03-24
9;Sr. Mathias da Mota;019.652.478-49;1968-08-07;498;4298.25;RS;2023-11-01
10;Théo Machado;385.491.706-66;1987-11-15;511;2675.7;CE;2021-02-24
11;Heitor Andrade;495.068.317-93;1974-02-11;795;6134.22;PE;2022-02-12
12;Dra. Sophie Farias;214.690.587-58;1995-03-31;628;3599.25;PE;2023-05-10
13;Luigi Casa Grande;462.075.318-17;1957-09-03;554;4542.92;RS;2023-07-09
14;Maria Flor Almeida;035.287.491-05;1975-08-25;481;4223.7;CE;2022-07-24
15;Maria Flor Machado;379.520.146-25;1980-11-07;547;4084.31;SP;2021-11-23
16;Léo Mendes;471.503.986-93;1974-05-14;547;6228.28;SC;2022-11-28
17;Kaique Leão;193.754.068-57;1964-12-03;618;3886.29;PR;2021-11-15
18;Dra. Clarice das Neves;694.517.082-94;1997-01-15;718;4523.16;RS;2022-11-21
19;Rodrigo Abreu;936.548.017-57;2000-01-14;645;3200.33;RJ;2021-07-09
20;Luara Farias;105.398.427-88;1955-12-03;460;3876.86;SC;2021-07-18
21;Sra. Joana Garcia;652.031.498-60;1975-08-01;708;5835.37;BA;2022-12-06
22;Zoe Fonseca;386.219.075-77;2002-11-20;606;4546.9;CE;2022-06-26
23;Felipe Carvalho;638.245.107-07;1987-09-03;442;2816.16;SP;2023-07-30
24;Erick Cavalcanti;504.762.139-16;1991-12-25;564;5569.12;PE;2021-09-13
25;Felipe Silva;786.930.541-39;1960-06-16;661;3524.96;SC;2021-06-11
26;Dra. Lorena Cirino;915.038.274-88;1970-01-07;658;4878.92;PE;2022-08-24
27;Matheus Souza;063.925.847-65;1992-07-25;538;4915.68;CE;2023-01-11
28;Théo Pinto;418.309.267-13;1978-05-31;743;6875.28;CE;2022-01-29
29;Davi Luiz Moura;692.804.573-65;1986-03-13;519;3842.79;RJ;2021-04-04
30;Bianca Marques;798.102.456-02;2008-04-10;659;6247.55;RS;2022-08-16
31;Sara Vargas;974.163.528-19;1967-12-01;562;4310.34;RJ;2022-04-22
32;Maria Laura Mendes;803.294.561-05;1977-02-28;487;2699.79;RJ;2023-02-18
33;Pedro Barbosa;156.370.984-84;1972-01-31;717;7092.24;PR;2023-07-18
34;Srta. Anna Liz Carvalho;708.136.495-01;1962-05-05;611;5891.53;BA;2021-11-30
35;Noah Camargo;874.316.059-00;1980-07-01;663;4658.88;BA;2022-12-29
36;Catarina Santos;925.143.806-42;1960-11-07;663;6842.04;RS;2024-10-04
37;Juan Viana;314.567.029-80;1957-12-29;615;6484.64;PR;2024-12-08
38;Sr. Daniel Nogueira;587.134.690-10;1957-03-30;305;3261.9;RJ;2024-06-01
39;Isadora Melo;246.835.790-65;1965-02-09;630;4740.99;MG;2023-12-30
40;Lucas Gabriel Machado;740.391.825-88;2000-12-24;631;3060.43;RS;2021-12-01
41;Srta. Luna Melo;307.542.896-56;1955-12-15;593;5101.11;GO;2023-02-17
42;Sr. Heitor Cunha;051.836.497-66;2006-12-16;797;5857.73;PR;2024-08-03
43;Ian Sampaio;412.059.387-88;1983-07-28;522;3674.24;PE;2022-03-26
44;Calebe Moura;723.154.806-71;1966-06-25;729;6160.75;BA;2021-04-25
45;João Guilherme da Rosa;643.851.027-08;1971-04-06;556;4961.27;RS;2021-03-07
46;Josué Leão;495.870.613-57;1997-06-07;631;6016.64;BA;2023-04-02
47;Dr. Benicio Sá;169.240.357-52;2006-03-25;535;3952.34;PR;2021-05-16
48;João Miguel da Costa;901.236.578-30;1966-01-31;572;3112.49;RS;2024-03-07
49;Vitor Gabriel da Mata;891.540.723-79;1959-11-25;655;5501.06;BA;2022-03-12
50;Luna Vargas;856.397.412-28;1987-08-31;620;4725.41;GO;2023-03-22
51;Ísis das Neves;861.932.754-28;1960-10-08;450;3179.35;GO;2021-10-20
52;Lorena Pinto;937.452.106-70;1991-03-22;578;3821.72;PR;2021-10-13
53;Emanuelly Albuquerque;456.917.238-55;2001-05-29;600;5204.05;RS;2024-02-24
54;Arthur Miguel Ramos;254.809.376-00;1991-08-17;846;6942.58;PE;2022-06-23
55;Sra. Maria Laura Rezende;017.295.483-50;1959-01-23;650;5125.55;CE;2023-05-28
56;Hellena Correia;684.520.793-38;2002-11-26;389;3085.49;CE;2023-03-29
57;João Felipe Mendonça;306.187.942-04;2001-11-21;627;7479.24;BA;2022-03-26
58;Davi Mendonça;092.457.183-79;2000-03-04;596;5069.55;MG;2023-11-10
59;Srta. Anna Liz Correia;598.642.073-00;1996-03-08;615;3751.32;GO;2021-07-06
60;Emanuella Rezende;742.859.103-14;1961-05-28;757;6807.93;SP;2021-08-13
61;Nicole Dias;354.128.970-88;1981-09-05;714;4802.61;MG;2024-07-09
62;Antony Brito;701.685.923-12;1962-02-09;788;4902.15;MG;2024-10-25
63;Murilo Freitas;423.975.018-05;1966-03-02;690;7710.46;SC;2024-05-06
64;Pedro Miguel Silva;742.519.038-97;1993-11-12;501;3441.7;RJ;2023-02-28
65;Dr. José Pedro da Cruz;234.758.619-09;1992-05-03;631;4544.52;SC;2024-05-05
66;Luiza Azevedo;764.532.109-16;1970-03-18;433;3532.56;GO;2023-12-20
67;Lara Araújo;701.695.832-95;1965-01-25;492;4409.59;PR;2024-02-08
68;Daniela Silva;493.051.826-15;1997-08-25;509;5621.93;SP;2024-10-25
69;Arthur Brito;016.297.354-34;1957-03-21;526;3885.94;RJ;2024-10-28
70;Ian Sousa;732.156.408-80;1994-12-09;717;4505.14;PE;2022-07-01
71;Davi Lucas Novaes;697.802.314-04;1987-02-08;647;6483.14;BA;2021-08-17
72;Larissa Silva;140.952.763-80;1995-01-17;427;3600.63;PR;2023-06-10
73;Joaquim Pastor;324.519.067-07;1988-09-05;651;5989.82;MG;2023-07-19
74;Júlia da Mota;394.261.580-06;1971-08-06;471;2447.54;SP;2022-06-24
75;Stephany da Mata;763.542.809-83;1972-04-11;682;5752.98;PE;2022-01-01
76;Sra. Mariana da Rosa;816.274.059-76;1976-07-06;650;5546.45;PE;2021-08-06
77;José Pedro Santos;284.901.736-13;1961-10-11;538;4536.25;PR;2024-08-01
78;Ana Clara Cardoso;061.529.483-98;2005-04-24;655;4525.65;PE;2024-06-01
79;Benicio Correia;627.501.489-01;1977-06-19;843;7217.83;RS;2021-11-10
80;Aurora Caldeira;814.936.075-10;1983-09-18;477;4472.55;BA;2021-11-27
81;Dra. Ana Laura Siqueira;547.631.802-07;1994-07-09;503;4811.08;PE;2023-12-23
82;Mateus Pires;765.234.819-64;1963-11-30;759;5251.32;SP;2024-05-11
83;Isabela Monteiro;830.415.269-05;1979-07-31;735;6292.78;BA;2023-09-28
84;João Gabriel Farias;478.652.190-67;2003-07-22;718;7640.79;SP;2021-08-18
85;Isadora Borges;759.436.180-66;2003-12-12;590;3966.26;BA;2022-09-22
86;Emanuelly Garcia;039.417.268-03;1996-06-02;513;3288.19;RS;2021-04-29
87;Alícia da Cunha;359.826.710-02;1993-08-27;610;5221.15;RS;2024-03-07
88;Lara Cirino;159.360.478-57;2008-06-10;653;6051.18;RJ;2021-06-25
89;Catarina Dias;132.046.975-25;1970-06-08;621;6421.53;GO;2021-05-22
90;Pietra Montenegro;154.978.302-50;1959-08-16;588;7424.17;PE;2021-09-15
91;Davi Barbosa;329.185.476-46;1965-04-17;695;4702.84;MG;2024-09-13
92;Sr. Rhavi Moura;695.817.304-00;1983-10-23;491;4410.47;GO;2024-01-31
93;Leandro Araújo;354.901.286-15;2000-07-20;593;5458.0;MG;2022-06-27
94;Valentina Freitas;086.954.132-33;2004-08-23;676;5335.17;PE;2024-05-27
95;Bella Vasconcelos;281.569.043-89;1955-08-27;518;2629.15;SC;2022-03-10
96;Carlos Eduardo Viana;659.203.418-15;1994-06-04;566;5384.4;PE;2024-11-13
97;Felipe Ramos;457.210.396-80;1965-01-19;645;3914.26;RS;2024-12-31
98;José Pedro Novais;863.975.104-84;1979-08-26;640;5505.32;PR;2023-03-29
99;Marcela Novais;724.051.983-04;2006-06-25;513;4257.73;BA;2023-06-17
100;Srta. Nicole Freitas;304.572.891-04;1957-10-25;626;3865.03;PE;2023-07-14
101;Bella da Conceição;678.915.302-03;1959-11-11;662;5856.78;RJ;2022-05-23
102;Enzo Rocha;578.924.163-82;1964-01-30;749;7045.8;RS;2021-05-12
103;Bárbara Pacheco;529.148.760-76;2000-04-15;454;2694.17;BA;2021-02-13
104;Jade Rios;708.653.291-68;1956-05-06;681;5961.79;CE;2024-02-09
105;Renan Peixoto;583.624.791-91;1969-07-24;681;9300.73;RS;2024-04-20
106;Arthur Miguel Guerra;940.153.872-79;2004-09-02;688;6639.57;RS;2021-01-15
107;Luiz Otávio da Paz;954.187.263-82;1962-03-13;734;6523.39;RJ;2024-12-20
108;Otávio Moura;961.048.735-10;1958-03-24;582;5414.97;SP;2022-04-14
109;Dr. Gustavo Henrique Almeida;687.019.325-86;1998-04-16;527;3979.18;RJ;2021-03-06
110;Luiz Gustavo da Paz;230.891.754-79;1976-08-03;561;4569.87;BA;2021-05-26
111;Juan Farias;251.048.637-35;1987-11-12;850;4932.73;PE;2022-05-03
112;Maria Júlia Garcia;265.937.804-56;1970-03-12;702;4003.28;PR;2024-10-02
113;Jade da Rocha;431.072.569-43;1996-02-12;563;5592.95;GO;2022-03-15
114;Ana Liz Rezende;726.358.190-68;1995-08-13;627;3938.26;PE;2021-09-28
115;Sr. Henry Sampaio;273.845.690-10;1960-02-25;534;4951.6;CE;2024-03-26
116;Cauê Macedo;812.594.603-98;1956-08-27;532;4472.46;GO;2022-05-13
117;Maria Vitória Campos;749.580.316-93;2004-11-02;625;4348.4;GO;2023-04-14
118;Gael Henrique Nunes;509.163.742-70;1970-04-11;850;7433.92;RS;2021-07-13
119;Ana Cecília Ribeiro;397.214.065-70;1970-03-18;376;3194.45;RJ;2024-09-11
120;Mariah Vieira;875.126.093-02;1975-01-06;540;5172.43;SC;2022-12-27
121;Clarice Azevedo;073.164.295-34;1972-10-12;524;4077.26;SC;2023-04-22
122;Pedro Henrique Novaes;012.465.398-70;1969-09-16;680;6305.76;GO;2021-04-21
123;Amanda Caldeira;285.046.137-71;1980-08-15;475;3465.5;RJ;2021-05-05
124;Ana Clara Silva;460.583.271-80;1990-09-15;563;3850.67;SC;2022-11-26
125;Antony Aparecida;256.083.971-77;1964-08-06;831;7052.98;RJ;2022-05-25
126;João Gabriel Cirino;520.849.637-29;1971-12-22;468;4661.86;RS;2022-01-25
127;Maria Julia da Luz;417.095.326-61;1996-07-26;850;7832.47;PE;2023-07-08
128;Clara Cavalcanti;957.310.624-80;1959-05-30;437;3011.77;MG;2023-05-15
129;Manuela Câmara;792.064.538-74;1998-01-12;772;5468.33;MG;2022-07-25
130;Brenda Farias;168.952.347-64;1988-02-08;673;6158.63;GO;2022-05-27
131;Eduardo da Conceição;713.580.269-12;1971-04-25;508;4004.47;RJ;2023-06-27
132;Arthur Pereira;359.472.168-09;1986-07-03;300;1375.61;PE;2021-07-20
133;Gustavo Henrique Abreu;973.246.158-64;1958-10-26;589;3464.22;SP;2024-08-28
134;Sr. Anthony Mendes;704.183.296-13;1976-12-01;815;5089.86;PE;2021-01-31
135;Isadora Novaes;846.329.105-89;2008-07-06;567;4666.74;RJ;2022-04-30
136;Anna Liz Pinto;918.735.264-82;1956-03-22;792;4900.14;MG;2023-04-13
137;Dra. Alana Siqueira;412.568.703-07;1985-04-03;759;6082.23;GO;2023-09-13
138;Agatha Pimenta;817.453.029-05;1960-05-25;502;4478.1;RS;2023-04-02
139;Sr. Miguel Carvalho;462.091.357-06;1973-02-22;643;4543.78;SP;2021-12-04
140;Pedro Miguel Silveira;605.321.489-24;1992-12-26;628;4638.69;SC;2021-01-05
141;Caroline Nascimento;892.376.501-59;2001-10-07;633;5726.13;SC;2022-06-28
142;Aylla da Mota;157.468.230-07;1973-10-21;810;5242.18;GO;2022-08-08
143;Levi da Mata;371.952.648-82;1979-09-27;850;4847.91;SC;2024-11-27
144;Eduarda Camargo;632.891.405-98;1961-08-05;601;5396.32;PE;2024-09-17
145;Mariana Camargo;319.048.652-24;1986-10-22;653;4601.3;GO;2021-11-14
146;João Miguel Sales;864.103.257-62;1962-03-06;595;4267.0;RS;2022-08-31
147;Maria Luísa Moura;572.984.106-01;1956-08-16;549;5241.6;RS;2021-04-30
148;Vitor Hugo Siqueira;386.742.015-71;1979-11-01;662;4603.09;CE;2024-01-16
149;Sr. João Rezende;357.219.680-95;2003-07-12;727;6123.3;SP;2022-10-05
150;Benjamim Sá;583.179.264-19;1959-10-17;717;6365.63;SP;2021-04-13
151;Lucas Gabriel Vieira;096.843.215-89;1995-10-03;520;3599.82;CE;2023-09-04
152;Theodoro Mendes;451.309.628-42;1995-01-20;709;6282.37;PE;2023-12-24
153;Bryan Vasconcelos;578.460.291-85;1997-11-09;617;5053.33;MG;2021-04-27
154;Pedro da Mata;185.392.706-68;1988-09-02;773;5592.43;PE;2021-06-14
155;Bryan Montenegro;451.890.673-00;1981-05-21;685;5277.81;MG;2021-05-21
156;Clarice Casa Grande;487.012.956-67;1961-05-30;593;5842.78;CE;2021-05-20
157;Sabrina Oliveira;174.638.925-73;1976-09-05;719;6565.51;RS;2023-04-07
158;Evelyn Andrade;492.631.508-42;1978-02-18;776;6229.0;RJ;2024-03-12
159;Maria Helena Sousa;852.467.913-19;1993-04-22;701;5297.73;RS;2024-03-31
160;Zoe Costa;374.952.081-04;1984-10-23;658;5133.86;CE;2021-03-23
161;Lara Moraes;324.987.601-13;1993-11-25;631;5643.16;CE;2021-06-17
162;Joaquim Casa Grande;394.250.618-15;1994-11-18;521;6260.39;SC;2024-09-08
163;Gabriel Leão;543.807.916-10;1965-04-25;499;2777.81;CE;2024-03-03
164;Maria Julia Pacheco;028.367.951-40;1988-03-12;758;6855.66;PE;2022-10-10
165;Lucas Azevedo;921.763.405-07;2003-05-13;694;6180.35;PR;2022-02-23
166;Lunna Gonçalves;645.723.890-47;1978-08-20;618;4046.75;BA;2022-05-04
167;Bruno Pacheco;746.201.583-80;1999-04-08;629;4354.84;PR;2023-03-22
168;Sofia Pinto;964.073.185-48;1995-12-25;737;5748.94;MG;2024-10-07
169;Benjamim Ramos;908.231.547-50;1975-10-07;520;3838.61;PR;2023-07-26
170;Alícia Aragão;052.863.179-95;2002-12-16;669;4788.28;BA;2021-05-29
171;Melina da Rosa;520.863.941-60;1984-02-19;521;4411.69;SP;2023-07-28
172;Heloísa da Mota;582.310.964-42;1975-04-06;649;4685.06;CE;2024-02-28
173;Dr. Antony Vasconcelos;976.843.105-93;1984-05-25;563;4736.05;RJ;2021-05-31
174;Lucca Fernandes;809.512.364-15;1986-03-14;446;2160.54;PE;2022-03-13
175;Dr. Yago Cavalcanti;349.086.217-13;1976-09-12;533;4050.55;PE;2022-06-28
176;Nathan Carvalho;526.478.903-74;1960-06-16;657;6731.36;MG;2022-12-16
177;Clarice Costela;457.286.903-00;2001-06-15;722;5616.06;RJ;2022-05-16
178;Isadora Rodrigues;071.436.852-08;1996-03-14;617;3933.47;BA;2022-08-07
179;Erick Sales;206.948.315-06;1999-08-11;617;4647.34;MG;2023-06-17
180;Maria Vitória Pastor;810.659.437-84;1969-07-25;658;4436.77;PE;2024-12-11
181;Ana Sophia Andrade;518.347.692-64;1989-04-30;682;6988.74;PR;2024-06-06
182;Ágatha Freitas;601.584.297-02;1961-12-09;606;5249.71;PE;2021-01-17
183;Camila Souza;265.718.493-64;1984-11-26;702;5214.78;PE;2022-09-06
184;Ana Aragão;375.412.698-91;1992-11-17;646;5180.59;RJ;2021-10-03
185;Dr. José Pedro Viana;985.017.324-60;1985-02-06;631;4274.99;PR;2021-08-25
186;Davi Lucca Borges;543.029.168-42;1958-01-13;622;5474.0;RJ;2024-02-08
187;Clara Porto;408.172.659-02;2000-02-08;794;7311.27;MG;2022-07-12
188;Dom Fernandes;928.706.351-68;2006-04-01;850;6032.65;PR;2024-05-23
189;Luiz Henrique Leão;563.294.081-06;1982-03-04;724;5975.34;RS;2022-12-04
190;Ana Carolina Pinto;153.248.097-05;1969-12-05;850;5991.7;RS;2024-11-08
191;Lorenzo Câmara;957.046.821-11;1990-06-12;519;3552.61;PR;2023-11-02
192;Julia Vieira;094.678.352-74;1992-11-10;365;2394.24;GO;2022-05-30
193;Bruno Fonseca;362.450.819-98;1962-06-20;528;4374.39;SP;2021-07-09
194;Maria Sophia Pires;714.309.862-04;1978-12-05;661;7164.17;SC;2022-07-21
195;Cecília Silveira;219.640.385-70;1957-09-23;734;5295.1;SP;2021-01-08
196;Ana Liz Silveira;729.435.180-50;2003-01-24;512;4587.92;BA;2021-09-25
197;Ryan das Neves;690.845.321-98;1983-07-10;461;5519.46;PR;2021-11-27
198;Leandro Peixoto;320.867.951-30;1991-04-14;761;5618.82;GO;2024-02-04
199;Vitor Abreu;763.924.105-70;1993-04-10;414;4665.87;SC;2024-02-23
200;Júlia Silveira;498.637.512-19;1964-01-02;606;6085.82;SP;2021-08-18
201;Emilly Novais;364.972.105-80;1987-01-05;428;2824.62;RJ;2024-11-16
202;Hellena Rodrigues;176.254.093-25;1977-07-12;620;5006.98;MG;2024-01-23
203;Jade Dias;740.368.912-78;1985-03-22;565;5142.85;SP;2023-01-27
204;Maria Vitória da Rocha;518.932.470-23;1958-02-24;491;3785.62;CE;2024-02-06
205;Lucas Novais;426.980.573-00;1970-05-31;634;5586.44;MG;2023-05-31
206;Maya Santos;176.829.304-03;1972-05-31;705;4515.36;MG;2021-03-27
207;Benjamim Pastor;396.514.270-43;1975-04-20;435;4757.68;PR;2023-01-17
208;Théo Rodrigues;408.576.129-30;1999-07-19;659;4523.51;SP;2023-01-03
209;Ana Liz Montenegro;680.279.453-56;2003-08-13;806;6563.67;RS;2024-10-28
210;Renan Vasconcelos;518.437.906-10;1963-10-11;761;6155.52;RS;2024-09-27
211;Davi Viana;091.642.837-04;1999-10-26;850;8555.34;RJ;2022-12-26
212;Luiza Albuquerque;532.981.067-12;1963-05-07;590;5691.57;PE;2023-04-13
213;Rodrigo Castro;874.593.621-82;2007-01-26;697;6944.63;CE;2021-11-13
214;Lucas Ribeiro;762.380.954-74;2005-01-30;504;4718.05;RS;2021-11-29
215;Vinicius Dias;318.604.572-07;1981-01-06;747;4217.26;MG;2023-04-25
216;Pedro Henrique Moura;258.617.394-55;2005-05-24;478;1784.77;SP;2022-01-03
217;Daniel Moura;510.496.387-00;1955-08-09;587;5413.54;BA;2023-04-24
218;Arthur Aragão;075.349.128-14;1987-11-30;800;6474.09;RS;2022-07-01
219;Rafaela Pinto;897.206.431-96;2006-09-30;815;5139.9;MG;2024-12-07
220;Maria Liz Camargo;407.196.253-43;1984-04-05;415;3264.45;RJ;2023-02-23
221;Sr. Luiz Gustavo das Neves;516.234.097-99;1956-03-19;666;5295.31;SP;2023-08-22
222;Aylla da Mata;690.125.348-60;2005-12-05;371;2878.88;RS;2022-02-13
223;Thomas Monteiro;183.650.794-10;1996-03-24;463;4373.67;GO;2022-12-18
224;Srta. Jade Cirino;203.758.416-44;1967-01-07;663;4364.12;PR;2022-04-12
225;Dr. Lucas Sampaio;485.730.261-62;1973-05-19;558;3404.79;RS;2021-02-18
226;Natália Rezende;253.946.108-51;1963-04-19;612;5851.14;RS;2023-03-28
227;Otávio Lopes;784.315.290-32;1970-01-21;501;4512.05;BA;2022-07-25
228;Henrique Viana;405.817.296-76;1959-02-15;556;3655.13;RJ;2022-07-26
229;Nicole Rios;174.352.098-05;1963-07-09;607;3820.76;BA;2024-08-06
230;Caroline Pacheco;836.420.159-05;1963-12-26;553;3226.12;PE;2023-03-30
231;Letícia Ferreira;409.236.581-06;1968-12-28;850;6835.26;PE;2022-11-10
232;Bento Mendes;839.271.604-31;1973-05-19;536;4501.98;SP;2021-08-25
233;Srta. Ana Lívia Alves;415.706.892-02;2007-02-21;606;4627.03;PR;2022-01-01
234;Bruno Mendes;547.931.268-55;1972-09-28;693;6301.51;CE;2022-06-28
235;Srta. Camila Martins;574.609.813-20;1967-03-17;556;3872.18;SP;2021-08-11
236;Ravi Gonçalves;308.269.175-77;2006-03-02;586;2386.08;CE;2023-06-09
237;Arthur Porto;946.321.058-05;1973-10-08;438;4870.87;BA;2022-10-05
238;Isis Martins;129.563.740-52;1997-01-01;817;6286.96;SC;2024-05-26
239;Bryan Cunha;401.856.397-39;1955-08-21;689;5823.25;PE;2021-08-25
240;Maysa Sousa;643.278.019-50;1967-12-14;850;7919.57;SC;2024-03-26
241;Luan Santos;490.765.138-48;1972-10-24;604;3876.46;RS;2022-06-06
242;José Pedro Rocha;278.651.349-91;1984-11-07;427;3619.46;SP;2024-12-22
243;Heitor Garcia;516.029.487-20;2008-05-14;529;2809.75;SC;2021-01-04
244;Esther Abreu;962.037.514-99;1975-10-06;542;3254.45;PE;2024-01-08
245;Gael Henrique Câmara;840.326.791-69;1983-12-19;822;7457.64;RS;2023-01-16
246;Matteo Barros;140.582.763-71;1977-10-21;619;6431.94;SC;2021-05-24
247;Ravi Lucca Martins;130.782.946-50;2004-05-17;629;4170.72;BA;2024-06-30
248;Maria Fernanda Fernandes;279.850.631-02;1974-09-10;802;6954.91;BA;2024-09-20
249;Dr. Davi Lucca Vargas;809.715.426-94;1983-09-21;495;3769.66;RJ;2022-09-08
250;Lívia Moura;750.431.289-41;1989-05-06;514;2729.2;PE;2022-09-26
251;Dr. Otávio Monteiro;097.842.156-67;1977-04-21;731;7757.42;SC;2022-10-31
252;Dr. Luiz Miguel Jesus;173.629.845-37;1984-09-19;452;4178.97;SC;2024-11-28
253;Luiz Otávio Montenegro;437.908.162-13;1980-05-17;541;3840.87;PR;2024-02-10
254;Alexandre Montenegro;793.265.104-25;1975-04-21;548;3520.01;MG;2022-01-28
255;Luiz Henrique Oliveira;638.912.547-09;1955-10-10;625;4169.05;SC;2024-09-23
256;Thomas da Luz;347.185.069-48;1967-08-28;652;5165.76;SC;2024-10-19
257;Alexandre Andrade;238.695.074-38;1957-09-15;591;3820.44;MG;2024-06-14
258;Maria Cecília Santos;819.607.543-00;1963-04-26;550;5155.39;CE;2022-09-09
259;Luara Santos;048.921.576-94;1972-07-04;680;4462.44;SC;2024-01-28
260;Bruno Mendonça;752.398.640-47;1983-03-07;631;5799.39;SP;2022-09-15
261;Bernardo Fonseca;079.285.643-00;2001-02-25;419;3895.36;PR;2022-03-07
262;Ravy Pinto;370.189.465-57;2005-02-14;540;4890.6;SC;2024-04-02
263;Nicole Duarte;291.604.783-22;2006-07-20;528;2419.12;CE;2024-09-02
264;Aylla Fernandes;308.214.976-69;2003-11-28;424;3440.08;BA;2023-08-11
265;Pedro Machado;302.168.549-89;2000-09-09;651;4303.68;GO;2023-06-25
266;Isabel Lopes;659.273.084-65;1961-07-17;696;3906.48;RS;2023-11-13
267;João Santos;465.398.120-51;1971-01-14;612;3684.98;GO;2021-12-14
268;Otávio das Neves;851.372.049-60;1978-02-10;541;4375.4;RJ;2022-08-05
269;Dr. Luan Aragão;192.570.438-60;1980-05-07;516;3743.44;PE;2024-09-21
270;Eloá Lima;736.142.908-40;1990-09-07;740;5343.11;CE;2022-11-18
271;Maysa Casa Grande;384.592.710-05;1957-08-12;720;4630.29;RJ;2022-04-27
272;Zoe Cirino;437.629.158-73;1975-05-14;683;6905.57;PR;2022-04-06
273;Eloá Oliveira;245.913.670-61;2002-05-03;323;1787.1;RS;2021-10-29
274;Sra. Evelyn Camargo;482.157.906-58;2007-06-06;689;5308.95;SP;2021-04-05
275;Dr. Heitor Novais;268.015.497-58;1997-02-16;664;4708.01;RS;2023-09-01
276;Dra. Evelyn Almeida;790.842.635-29;1998-03-20;630;4884.32;CE;2021-05-30
277;Joana Moreira;398.571.246-82;1995-02-02;760;6334.42;GO;2023-04-29
278;Maria Fernanda Ramos;932.467.851-55;1974-03-07;660;4868.12;CE;2022-02-03
279;Theodoro Lima;189.246.307-50;1972-08-09;561;4055.44;SC;2023-10-10
280;Nicolas Araújo;478.905.163-39;2008-05-31;667;4915.02;SC;2022-05-15
281;Antonella Dias;308.529.416-33;1983-10-03;654;7307.4;MG;2024-09-05
282;André Gomes;439.521.067-80;1994-06-02;724;5465.98;SP;2021-08-07
283;Luiz Felipe Viana;035.217.984-88;1983-01-16;764;5703.92;SC;2022-03-25
284;Mariana Siqueira;740.365.981-39;1968-12-20;375;1991.91;MG;2024-11-26
285;Sr. Thiago Lopes;426.703.598-92;1982-01-04;395;2808.49;PE;2023-08-10
286;Luana Vargas;395.784.126-73;1956-12-16;622;6652.44;SP;2024-02-16
287;Mariane Garcia;072.513.649-99;1970-07-07;659;5052.9;RS;2021-09-06
288;Davi Lucas da Cruz;436.281.709-31;2007-06-12;719;3540.86;GO;2021-10-01
289;Pietra Fogaça;723.901.564-52;1973-02-08;648;5954.87;GO;2024-09-29
290;Evelyn Rodrigues;627.948.301-04;1971-06-11;442;4679.75;PE;2024-02-19
291;Bianca Monteiro;268.759.310-95;1991-11-19;660;4864.71;CE;2022-10-12
292;Sabrina Lopes;568.219.073-40;1965-11-26;695;7830.69;GO;2024-06-08
293;Bento Pinto;264.508.713-26;1998-02-27;641;5376.22;PE;2023-05-24
294;Ana Lívia Casa Grande;472.806.591-01;2008-03-04;564;3662.16;PE;2023-07-03
295;Sr. José Pedro das Neves;620.173.985-86;1982-11-03;719;4895.92;MG;2023-08-31
296;Maitê Pereira;406.193.587-93;1963-03-18;628;4546.34;GO;2022-06-15
297;Sabrina Leão;314.256.897-28;2001-10-05;677;5749.66;RS;2024-07-29
298;Fernando Gonçalves;647.523.091-06;1991-05-14;744;5441.98;PR;2023-12-04
299;Raquel Nunes;867.045.391-66;1965-07-26;587;3717.24;GO;2024-07-07
300;João Lucas Casa Grande;205.948.613-06;1968-12-28;566;4905.3;RS;2022-07-17
301;Isadora Brito;603.179.524-80;1973-09-18;710;4757.83;GO;2021-06-08
302;Rafael Sampaio;143.960.825-33;1987-03-25;724;7147.64;PR;2022-04-26
303;Ágatha Siqueira;012.457.396-70;1958-12-04;669;7228.8;PR;2022-11-19
304;João Gabriel Pereira;459.816.270-85;1966-04-18;527;2971.35;BA;2024-01-12
305;Dr. Thomas Garcia;510.367.948-57;1993-12-01;406;4744.04;RJ;2021-10-11
306;Théo Pacheco;782.650.149-02;1979-07-25;698;5528.42;MG;2022-04-19
307;Yan Aparecida;764.032.891-87;1996-04-08;653;4098.51;SC;2024-11-22
308;Alexia Aragão;046.985.273-92;2001-08-12;850;6929.22;MG;2024-12-17
309;Alexandre Sá;960.475.213-80;1961-12-24;633;5789.77;RS;2021-05-12
310;Isis Abreu;078.942.631-50;1972-02-12;677;5639.88;SC;2023-04-15
311;Letícia da Cruz;941.362.057-16;1977-12-23;525;4671.47;BA;2024-01-17
312;Alana Aparecida;869.120.754-01;1990-01-13;845;8105.42;GO;2023-05-02
313;Dr. Liam Garcia;432.056.718-80;1987-12-19;811;5976.78;SP;2022-02-28
314;Cecilia Cassiano;389.407.165-66;2003-12-25;501;3882.21;SC;2023-03-09
315;Rael da Mata;297.641.530-70;1970-08-30;626;6102.19;CE;2024-11-25
316;Théo Silva;912.750.463-80;1991-04-10;416;4857.55;SP;2024-03-25
317;Maria Luiza Sales;814.036.952-70;1962-09-23;601;4381.12;SC;2023-09-04
318;Luiz Gustavo Vieira;943.712.506-61;1983-08-13;498;2329.14;SP;2022-12-22
319;Srta. Sarah Guerra;382.547.609-00;1967-07-25;718;5817.32;PR;2023-03-10
320;Davi Lucca das Neves;152.649.703-43;1979-06-06;465;2424.92;SC;2024-01-08
321;Lorenzo da Costa;320.715.496-43;1969-07-17;579;6301.02;PE;2024-05-20
322;Pietro Sales;507.318.964-75;1995-04-24;588;3200.86;RS;2023-09-27
323;Pedro Lucas Sales;657.319.480-20;1964-10-21;590;4447.28;RS;2022-07-13
324;Maria Clara Cavalcanti;367.894.201-69;1976-07-23;300;2345.71;SC;2023-09-22
325;Sra. Lavínia Rocha;450.138.769-66;1978-12-31;592;5432.21;SP;2023-03-08
326;Otávio Novaes;463.872.019-69;1971-07-02;841;7854.57;BA;2024-10-01
327;Henry Gabriel Cardoso;382.764.019-96;1958-08-01;587;3589.47;SC;2021-12-05
328;Marcelo da Rocha;915.864.720-11;1966-05-08;850;6859.22;GO;2021-09-19
329;Lucas Gabriel Montenegro;506.743.298-56;1972-04-27;621;4943.87;CE;2023-12-30
330;Lucas Sousa;826.709.541-11;1968-02-01;643;4999.64;SP;2023-03-18
331;Kamilly Fonseca;750.246.893-56;2008-05-17;551;3861.14;CE;2024-03-01
332;Bella Cavalcante;320.584.791-14;1992-03-15;616;4384.58;SP;2021-06-21
333;Luan Ribeiro;492.073.168-03;1986-10-05;534;4378.43;SC;2021-10-05
334;Vitor Gabriel Jesus;047.528.169-11;1990-01-31;589;6215.99;GO;2022-01-08
335;Dr. Davi Lucca Ramos;182.349.760-87;1973-10-13;301;3499.51;SP;2022-06-17
336;Vinícius Marques;603.892.417-50;1958-11-28;769;4078.61;SC;2022-11-02
337;Dom Azevedo;960.153.274-99;1973-04-05;578;4252.56;RS;2023-07-21
338;Levi Sampaio;823.450.791-50;1991-12-10;451;2830.18;BA;2022-11-23
339;Yuri Correia;392.107.548-32;1994-06-25;486;5640.27;SC;2022-07-24
340;Diego Teixeira;639.485.712-28;1959-04-18;732;7127.56;SC;2022-06-01
341;Dra. Sabrina da Conceição;571.490.683-75;2007-11-22;706;4518.95;RJ;2023-08-22
342;Dr. Henry Gabriel Cunha;081.573.462-07;1970-03-23;557;4945.37;SP;2024-01-10
343;Amanda Cunha;047.652.891-76;1958-11-29;473;4497.0;SP;2022-12-18
344;Sr. Ravy da Mata;654.802.913-51;2008-05-11;591;4353.18;RS;2024-08-24
345;Evelyn Peixoto;825.619.037-02;1997-08-06;705;6084.26;RJ;2024-08-27
346;Dra. Stephany da Conceição;482.961.753-55;1984-08-31;576;5767.33;SP;2021-03-05
347;Dr. Henry Freitas;120.374.985-60;1983-04-05;490;4535.94;RS;2022-02-13
348;Nina Peixoto;628.931.507-21;1972-12-10;691;5218.45;SP;2024-06-26
349;Hadassa Peixoto;832.954.716-73;1980-02-10;659;4020.89;MG;2022-05-04
350;Sra. Pietra Cavalcanti;647.195.283-09;1982-10-05;730;5655.1;MG;2023-08-28
351;Ravy Sampaio;038.174.529-50;1970-01-11;557;5505.01;RJ;2024-03-01
352;Dra. Ester Jesus;539.876.142-00;1964-09-19;535;2871.54;RS;2023-08-11
353;Luiz Gustavo Abreu;021.479.386-96;1996-05-03;433;4070.01;PR;2023-01-26
354;Arthur Gabriel Cardoso;254.103.897-60;1963-09-04;466;5482.79;MG;2024-05-25
355;Sra. Beatriz Caldeira;293.147.860-13;1962-03-23;370;4656.46;CE;2021-08-23
356;Nicole Melo;738.905.641-00;1978-06-02;645;5063.29;MG;2022-09-30
357;Maria Alice Cunha;592.607.814-85;1957-11-18;554;4831.14;RJ;2024-03-31
358;João Cardoso;472.856.931-46;1975-02-14;615;6023.3;SP;2022-10-01
359;Rodrigo Barbosa;129.786.453-00;1986-06-16;633;5214.3;CE;2024-10-19
360;Bianca Monteiro;340.568.719-57;1974-07-03;576;4551.05;SC;2023-03-24
361;Emanuella Caldeira;798.516.402-20;1986-12-13;656;3537.83;RS;2021-06-05
362;Pedro Miguel Campos;309.841.762-50;1964-10-23;458;4407.26;CE;2024-11-15
363;Alana Castro;914.302.586-24;1994-09-23;640;4936.02;RS;2021-07-28
364;Sra. Larissa da Luz;932.017.456-34;1976-10-04;622;5323.58;PR;2024-11-02
365;João Gabriel Lopes;354.867.291-46;1990-09-02;555;3661.7;CE;2021-09-05
366;Pedro Miguel da Mata;283.495.760-65;2008-03-04;643;4165.63;CE;2021-03-26
367;Ayla Freitas;052.149.738-88;1962-03-23;668;3641.42;BA;2023-12-28
368;Sr. Pedro Henrique Duarte;691.853.204-98;1998-04-07;743;6416.6;SC;2024-09-16
369;Matheus Abreu;524.031.698-89;1972-11-15;650;6182.69;BA;2021-05-22
370;André Novaes;713.869.405-93;1966-12-03;819;7566.37;PE;2024-08-19
371;Marcela Moura;639.521.048-33;1978-06-18;399;1912.42;BA;2021-01-26
372;Sr. Luigi Santos;381.497.206-69;1968-07-01;545;4386.09;SC;2023-10-01
373;Ana Lívia Nogueira;723.105.964-34;1996-05-16;682;4730.26;RJ;2023-06-07
374;Allana Macedo;865.079.324-00;1980-02-20;642;4380.62;BA;2024-07-25
375;Dra. Nina Abreu;458.023.691-24;1996-03-12;546;2961.34;GO;2024-12-19
376;Leonardo Rezende;364.175.829-73;2006-04-02;509;2720.32;MG;2023-06-11
377;José Miguel Aragão;018.469.752-20;1995-02-08;502;5069.64;MG;2023-12-05
378;Breno da Rosa;406.572.839-83;1997-10-19;506;6680.38;PR;2024-06-15
379;Yago Pires;432.506.891-06;1967-07-10;679;5616.84;PE;2023-09-18
380;Giovanna Silveira;856.093.714-57;1975-11-14;516;4828.31;GO;2023-06-12
381;Josué da Luz;593.402.817-05;1983-03-17;550;4522.01;CE;2022-07-04
382;Henry Gabriel Lopes;982.053.164-06;1979-07-24;850;6703.94;BA;2022-05-18
383;Ágatha Pinto;834.590.167-01;1976-02-11;757;5352.82;RJ;2022-07-26
384;Caio Vieira;603.874.251-44;1988-01-11;615;6690.8;GO;2022-05-15
385;Arthur Gabriel Ramos;273.165.804-53;1985-07-27;544;6164.45;GO;2024-03-13
386;Maria Laura Alves;358.074.192-60;1967-05-30;704;5069.53;CE;2024-09-30
387;Davi da Cruz;978.405.361-66;2000-11-22;695;6532.55;SC;2022-11-20
388;Luiz Felipe Aparecida;517.042.368-35;1995-08-20;694;3981.78;SP;2023-10-10
389;Yuri Silveira;231.576.804-71;1997-04-30;532;4008.48;BA;2022-01-08
390;Ravy Garcia;470.319.625-52;1982-06-27;611;5508.67;GO;2022-03-11
391;Enzo Gabriel Teixeira;712.405.938-05;2005-05-31;641;3792.66;BA;2022-06-14
392;Catarina Rodrigues;964.073.285-00;1966-07-05;665;5930.59;BA;2022-07-27
393;Léo Jesus;290.518.634-89;1990-10-02;687;6576.78;CE;2024-12-07
394;Caroline Gomes;016.487.925-02;2003-11-12;720;6219.18;PR;2024-02-13
395;Bárbara Vargas;943.786.052-10;1985-07-19;611;3227.04;SP;2023-11-25
396;Sarah Silva;806.392.145-33;1987-07-22;671;5575.69;RS;2021-06-25
397;Esther Teixeira;410.852.637-62;1964-05-07;652;3939.25;RS;2023-04-13
398;Stella Cardoso;148.653.792-82;1960-02-17;490;4973.15;GO;2024-02-12
399;Dra. Isabel Moraes;532.869.701-40;1991-12-12;615;5601.5;RS;2024-11-15
400;Caleb Marques;364.895.271-46;1974-06-12;623;5013.76;GO;2024-08-15
401;Bernardo Porto;312.895.047-41;2002-05-30;732;5339.96;GO;2023-07-07
402;Nicolas Campos;543.126.870-80;1992-08-06;631;4585.72;SP;2021-07-10
403;Liz Dias;392.601.854-24;1985-09-09;567;4226.83;PR;2022-03-30
404;Evelyn Nogueira;984.076.523-00;1962-08-28;646;4689.25;SC;2024-11-17
405;Isadora Fonseca;649.103.827-04;1976-05-02;770;5265.39;RS;2022-09-20
406;Maria Fernanda Gomes;762.351.480-62;1989-10-20;597;4336.27;CE;2023-01-26
407;Ana Clara da Luz;347.689.150-00;1986-09-16;793;6540.55;GO;2024-02-08
408;Luara Santos;654.971.302-16;1976-10-20;743;4458.44;PE;2022-12-06
409;Dr. Pedro da Mota;092.713.846-87;1976-06-03;652;6105.63;SC;2024-02-02
410;Isadora Sampaio;301.579.482-50;1991-01-30;629;6097.48;BA;2022-12-22
411;Ana Lívia Silveira;634.592.781-37;1998-09-29;557;5865.35;GO;2022-07-09
412;Benjamin Oliveira;735.142.890-50;1984-08-23;850;6437.16;PR;2022-05-30
413;Raul Vieira;638.457.092-00;1997-08-09;566;5981.38;RS;2021-09-05
414;Noah Aragão;123.908.764-04;1989-04-09;809;5949.14;RS;2022-10-09
415;Marina Sampaio;548.072.136-44;2006-04-14;569;4270.22;RJ;2024-01-03
416;Maria Luísa Sá;351.946.270-25;1980-02-02;458;2745.35;MG;2022-01-28
417;Sr. Erick Carvalho;862.715.340-07;1996-05-27;499;3224.2;RS;2023-09-19
418;Bruna da Luz;590.836.427-47;1995-11-18;615;5154.21;PR;2024-04-22
419;Sr. Marcelo Macedo;863.914.702-78;1958-06-16;806;5449.65;PE;2024-05-07
420;Srta. Ayla da Paz;376.095.248-83;2007-01-10;738;5690.01;PR;2021-07-25
421;Camila Macedo;278.415.360-62;1993-04-04;614;5586.82;RS;2022-08-30
422;Lara Aparecida;091.847.356-00;1959-11-24;485;4262.41;RS;2023-01-10
423;Rhavi Moura;806.714.592-01;1960-05-01;639;5604.45;MG;2022-09-12
424;Marcelo Lopes;607.459.812-67;1977-09-03;654;7687.3;SP;2024-12-21
425;Daniela Azevedo;265.703.981-21;1990-01-02;543;3813.0;PE;2021-09-17
426;Sr. Carlos Eduardo Albuquerque;783.046.512-62;2003-06-13;545;3804.52;PR;2021-04-04
427;Matteo Dias;153.962.740-34;1971-03-25;543;5533.02;SP;2024-02-08
428;Maria Liz Gomes;042.718.356-17;1990-03-06;790;5749.25;PR;2024-11-29
429;Amanda Moura;345.720.169-25;2002-08-01;520;4631.42;MG;2024-07-30
430;Mateus da Mota;297.583.610-40;1973-08-02;553;5056.93;GO;2021-07-30
431;Renan da Mota;780.423.695-65;1992-08-03;644;3636.26;SP;2024-03-21
432;Davi Luiz Moura;307.124.596-34;1971-11-07;805;8235.88;PR;2023-08-20
433;Asafe Caldeira;630.729.154-07;1978-04-23;546;3980.3;GO;2023-06-22
434;Lorenzo Silva;063.712.854-08;1965-10-13;654;5566.46;BA;2022-01-13
435;Heloísa Teixeira;586.271.430-80;2006-05-12;699;7602.2;SP;2022-06-02
436;Juan Correia;397.621.580-59;1957-09-16;598;3985.7;GO;2021-08-22
437;Joaquim Cirino;263.501.749-25;1999-12-01;454;2901.07;RJ;2023-04-01
438;João Pedro Duarte;987.604.215-76;1987-07-30;616;6722.56;GO;2021-06-01
439;Sra. Maria Clara Rezende;809.456.237-47;1960-06-13;557;4679.79;CE;2024-07-13
440;Ester da Conceição;932.847.650-00;2001-11-16;618;6132.39;SP;2021-11-07
441;Henry Martins;639.205.748-00;2003-07-04;850;6269.13;MG;2024-02-27
442;João Lucas Correia;159.084.673-75;1990-08-18;561;5532.16;PR;2021-06-24
443;Emanuella Cavalcante;409.563.872-92;2007-08-18;701;7454.71;RS;2021-08-31
444;Sr. Paulo Caldeira;859.614.037-93;1998-02-27;690;5160.71;PE;2023-05-03
445;Sra. Laura Marques;645.213.089-70;1989-09-22;690;6628.7;CE;2024-05-05
446;Gabriela Monteiro;465.183.279-28;1967-09-26;718;6251.27;CE;2022-04-08
447;Ana Vitória Barbosa;935.642.871-91;2003-04-22;748;7153.3;PE;2023-02-19
448;Luiz Fernando da Luz;287.065.319-03;1997-11-19;785;6928.71;GO;2023-06-26
449;Sra. Ana Liz Garcia;476.930.528-10;1978-02-18;599;4938.71;PR;2024-04-20
450;Emanuel Pacheco;869.341.205-15;1992-10-19;764;5295.06;SC;2022-09-18
451;Sr. Brayan Gonçalves;240.718.693-13;1972-11-26;664;4918.66;CE;2024-06-25
452;Ana Cecília Cunha;513.862.794-55;1989-04-16;623;6262.45;SP;2024-06-02
453;Benjamim Cassiano;809.562.371-77;1982-07-15;642;5182.44;RJ;2022-03-02
454;Sra. Luísa Sales;061.943.728-69;1991-07-16;456;4394.25;RS;2022-06-26
455;Levi Costa;739.426.518-82;1975-04-17;697;7739.25;RJ;2021-11-18
456;Camila Nogueira;892.053.716-02;1966-07-19;583;4883.15;RS;2021-12-22
457;Srta. Antonella Cavalcanti;623.814.975-28;1959-03-24;649;6769.45;PE;2021-06-03
458;Laís Araújo;378.409.261-69;1961-04-07;608;5143.02;MG;2021-01-06
459;Maria Clara Albuquerque;941.078.326-78;1973-05-27;692;5722.61;SC;2023-07-12
460;Luiza Cavalcante;089.654.731-01;1978-09-11;566;4722.09;CE;2023-08-21
461;Ana Sophia Mendonça;821.906.537-03;1995-03-04;748;4957.48;PR;2021-03-08
462;Carolina Cavalcante;914.235.680-60;1955-08-30;635;4379.88;RS;2022-08-14
463;Alice Cirino;527.318.409-60;1972-12-16;763;4580.81;PR;2024-12-10
464;Ana Clara Melo;943.107.852-04;1983-12-30;552;4793.21;GO;2021-05-26
465;Emanuella Alves;243.871.965-64;1976-12-07;807;6390.25;RS;2022-06-26
466;Pedro Miguel Teixeira;234.716.089-31;2004-04-10;553;6305.16;CE;2024-09-16
467;Anna Liz da Rosa;809.625.173-21;2001-08-27;446;1369.19;RS;2023-05-21
468;Isabelly Nunes;746.953.021-52;1992-11-24;672;4873.95;RJ;2024-01-21
469;Milena Mendes;762.153.049-99;1973-07-22;497;4684.36;RS;2024-08-19
470;Cecilia Pimenta;684.915.703-57;1976-09-09;649;4627.92;MG;2022-06-29
471;Lorenzo da Mota;501.834.679-57;1974-06-10;466;4600.46;MG;2021-05-27
472;José Pedro Nogueira;371.946.082-78;1960-09-18;698;5484.82;SP;2021-12-06
473;Bento Aparecida;236.915.078-59;1971-02-07;841;5657.92;PR;2024-05-03
474;Maria Sampaio;946.582.173-09;1962-12-01;436;2796.09;CE;2022-08-15
475;Ana Cecília Jesus;839.062.157-68;1965-03-30;614;5155.34;GO;2021-09-12
476;José Rodrigues;607.318.249-03;1974-09-11;591;5080.06;GO;2024-11-11
477;Sr. Yago Aragão;754.102.683-26;2007-12-25;469;5195.76;PR;2024-12-04
478;Melissa Castro;910.387.425-79;2003-03-12;610;5997.3;SC;2022-07-12
479;Valentina Campos;450.927.183-23;1998-09-22;661;5744.75;PE;2024-01-11
480;Sr. Noah Pacheco;138.954.072-32;1974-01-25;688;5951.71;GO;2023-06-16
481;Eduardo Abreu;692.584.310-06;2002-07-17;697;6905.15;RJ;2024-05-09
482;Sofia Sá;192.470.538-97;2007-03-06;643;5853.0;SP;2023-06-04
483;Rebeca Azevedo;674.930.185-10;1986-04-20;609;6312.12;BA;2024-05-21
484;Marcela da Cruz;026.785.493-56;1969-09-06;538;6104.94;PR;2021-02-22
485;Vitor Hugo Nunes;790.512.864-49;1978-01-18;615;3489.22;RJ;2022-04-14
486;Pietra Lopes;790.284.651-11;1986-11-28;635;4398.95;CE;2024-04-17
487;Maya Porto;629.078.315-77;1995-03-26;720;5107.38;SP;2024-10-08
488;Pietro Moura;365.248.971-37;1992-07-12;566;2638.46;PR;2024-03-26
489;Anna Liz Gomes;765.892.014-20;1984-03-21;565;2096.12;SP;2021-12-25
490;Nathan da Mota;732.081.945-79;1961-05-12;429;4192.41;GO;2023-11-29
491;Bella Cavalcante;901.842.675-01;1989-12-06;714;6137.46;GO;2022-07-24
492;Dra. Isis Rodrigues;735.298.640-56;1974-04-02;503;3976.29;MG;2024-04-13
493;João Lucas Albuquerque;249.318.560-98;1956-07-03;619;3793.64;SC;2024-07-24
494;Gael Casa Grande;402.985.137-14;1984-12-31;800;7277.36;GO;2021-07-06
495;Luiz Gustavo Marques;624.139.807-50;1977-02-12;593;4770.89;GO;2022-12-14
496;Fernanda Albuquerque;470.298.635-00;1961-01-22;645;3118.27;SC;2022-11-14
497;Bryan Montenegro;610.847.523-44;1978-02-04;590;4038.02;BA;2024-10-04
498;Heitor Ferreira;246.738.951-00;1979-08-06;499;3710.9;RJ;2021-11-26
499;Lucas Azevedo;780.645.312-17;1962-05-21;835;7320.84;BA;2023-04-24
500;Sr. João Miguel Rocha;637.015.849-66;1981-08-31;551;4980.58;GO;2022-08-14
501;Luigi Sampaio;598.067.243-56;1996-12-04;787;7220.63;SC;2024-02-01
502;Maria Aparecida;103.249.685-15;1974-01-26;627;4369.06;SP;2023-07-21
503;João Guilherme Marques;075.932.461-16;1981-12-06;703;6017.49;RJ;2022-10-07
504;Enzo Gabriel Lima;429.015.736-06;1983-12-25;727;6451.17;PR;2022-10-25
505;Srta. Helena Correia;482.567.301-53;2000-12-21;745;5424.76;RJ;2023-04-08
506;Maria Helena Farias;260.791.453-16;1972-04-07;778;6421.6;PE;2021-01-03
507;Maria Eduarda Cavalcante;386.540.271-26;2004-05-16;850;6110.81;PE;2023-08-05
508;Luigi Santos;587.023.196-59;2003-02-10;828;6821.91;SC;2021-04-22
509;Levi Aparecida;742.806.519-49;1998-05-21;541;3844.11;RS;2023-11-28
510;João Lucas Mendes;503.984.762-92;1991-11-06;581;5072.17;BA;2024-06-29
511;Sarah Montenegro;675.129.430-16;1968-03-10;682;4882.3;GO;2024-07-04
512;Emanuel Guerra;631.785.204-90;1995-02-09;617;7078.27;GO;2021-04-16
513;Bella das Neves;314.057.982-97;1992-05-12;827;7052.32;RS;2022-07-01
514;Francisco Peixoto;593.687.412-55;1972-11-24;624;5112.03;PE;2021-09-26
515;Dra. Amanda Alves;159.738.460-75;1970-04-06;693;4521.21;PR;2023-06-17
516;Ísis Siqueira;692.748.035-83;1994-01-11;589;3043.42;GO;2021-09-06
517;Giovanna Nascimento;257.986.103-30;1992-12-29;667;5983.2;SP;2024-07-14
518;Enrico Lima;903.156.287-40;1955-12-31;562;6069.99;CE;2022-05-06
519;Anthony Gabriel da Paz;059.237.164-61;1965-07-01;472;2311.63;MG;2022-09-29
520;Théo Brito;723.409.168-87;1999-12-26;646;6215.1;PE;2021-01-29
521;Joaquim Machado;205.378.914-04;1956-07-28;822;6117.12;PE;2023-04-16
522;Ana Cecília Araújo;621.894.750-58;1963-06-16;749;5953.49;RJ;2022-04-06
523;Kevin Rios;291.078.536-02;1965-04-08;599;5675.66;RJ;2023-08-04
524;Liz Guerra;350.192.687-12;1980-06-22;698;4007.61;RJ;2024-08-19
525;Heloisa Azevedo;082.465.173-17;1968-09-21;797;7756.09;MG;2023-10-18
526;Alice Mendes;538.627.104-08;1985-06-01;544;4747.8;PR;2023-11-09
527;Srta. Catarina Cirino;672.431.905-61;1975-07-23;679;5692.67;PR;2023-05-01
528;Luiz Gustavo Sá;268.371.490-40;1968-01-06;553;3752.38;GO;2023-08-26
529;João Lucas Oliveira;063.184.592-51;1985-03-20;616;6100.73;RS;2023-07-25
530;Marcelo Aparecida;372.960.581-02;1981-05-03;685;5109.39;PE;2021-10-24
531;Dr. Yago Câmara;982.530.614-98;1993-01-09;712;2847.46;SC;2022-01-26
532;Marcela Fonseca;206.397.158-77;1976-01-29;757;4316.29;CE;2023-11-07
533;Sr. Rodrigo Andrade;389.420.165-70;2008-04-14;576;3488.33;MG;2021-05-23
534;Vitor Hugo Rodrigues;871.236.504-17;1961-08-12;464;4872.83;PR;2023-04-30
535;Luara Melo;561.407.832-08;2003-08-02;563;4850.5;BA;2023-11-06
536;Maria Flor Garcia;431.089.267-13;1995-08-30;614;5389.04;PR;2021-01-06
537;Rafael Camargo;169.423.758-37;1971-11-30;629;3749.01;PR;2022-09-04
538;Oliver Brito;496.015.873-57;1989-03-06;739;5418.24;CE;2024-04-02
539;Aurora Nunes;140.657.892-49;1978-05-21;433;3035.88;GO;2021-11-01
540;Olívia Teixeira;176.403.825-80;1957-08-25;800;7250.22;GO;2024-01-09
541;Pietro Rezende;094.716.538-00;1965-03-03;578;4274.74;GO;2022-12-08
542;Emilly Porto;945.267.831-37;1961-04-23;581;6724.75;BA;2024-02-05
543;Paulo Cavalcanti;753.892.061-77;2007-11-02;665;5750.04;PE;2023-02-12
544;Emanuella Mendonça;913.027.465-61;1977-09-20;743;6182.79;GO;2022-10-22
545;Pedro Lucas da Cunha;645.019.823-06;1993-06-12;588;4507.65;RS;2024-11-29
546;Gael Henrique Vargas;238.165.704-53;1997-05-05;611;4850.78;RS;2024-03-17
547;Laura Dias;893.041.625-05;1991-06-05;707;5707.95;SC;2022-04-24
548;Davi Miguel Nogueira;173.925.468-64;1986-07-01;707;5575.28;SC;2021-03-31
549;Ana Clara da Rocha;031.542.768-07;2000-10-01;629;3033.8;BA;2023-08-27
550;Dr. Yago Mendes;693.247.180-96;1976-01-10;729;6178.49;SC;2023-03-02
551;Marcos Vinicius da Mota;752.819.430-14;1996-03-02;739;3015.74;MG;2023-10-12
552;Yago Câmara;349.250.786-74;1998-05-16;850;6660.41;SP;2021-09-16
553;Ayla Nascimento;216.783.409-87;1970-12-28;752;4976.09;PE;2024-04-23
554;Raul Pinto;971.632.485-55;1958-09-12;693;4490.58;BA;2021-07-25
555;Sr. Oliver Mendonça;039.658.714-39;1970-07-26;545;6274.03;GO;2021-07-24
556;Davi Miguel Camargo;584.326.709-10;1984-01-24;597;4993.43;PE;2023-07-25
557;Théo Mendonça;759.064.132-43;2006-03-04;724;6287.68;SP;2021-10-23
558;Gabrielly Farias;658.143.279-28;1983-11-06;638;5468.96;SC;2024-09-02
559;Sr. Yan Pires;674.280.531-53;2003-07-02;850;6742.38;MG;2021-06-03
560;Emilly Gonçalves;710.432.985-41;1979-01-24;644;6202.65;GO;2022-06-27
561;Ana Teixeira;982.756.043-38;1999-08-19;752;7203.03;BA;2024-06-30
562;Pietro Caldeira;631.524.078-07;1999-12-28;696;4425.0;SC;2024-08-23
563;Mateus Peixoto;231.467.059-07;1958-05-19;816;5381.65;RJ;2022-11-04
564;Larissa da Paz;013.485.697-00;1958-11-23;656;4493.72;PE;2023-02-18
565;Cecilia Mendonça;853.610.974-20;1980-06-16;612;5224.76;BA;2024-07-07
566;Bryan Porto;762.589.413-46;1976-05-09;658;5685.92;GO;2024-01-14
567;Ana Clara Barros;280.417.593-60;1989-09-08;813;6957.53;SP;2024-06-18
568;Valentina Nogueira;175.640.928-58;1957-11-22;590;5684.09;RJ;2022-04-26
569;Zoe Oliveira;751.604.832-17;1957-01-01;762;4868.39;PR;2022-04-11
570;Pedro Miguel da Cruz;317.245.089-97;1988-04-12;691;6229.17;RJ;2023-06-08
571;Alexandre Vargas;516.930.724-16;2006-10-22;584;6047.71;RJ;2024-07-21
572;Davi Miguel Aparecida;849.072.165-30;1988-10-12;601;4933.58;RJ;2023-06-28
573;Sr. João Vitor Moura;371.064.925-07;1958-12-31;599;4807.58;MG;2024-11-22
574;Ravi Lucca Ramos;102.376.945-06;1990-12-27;488;2463.95;PR;2021-03-01
575;Gael Rios;063.895.742-74;1975-05-16;811;5641.04;SP;2022-10-27
576;Isaque Garcia;658.327.094-38;2000-10-28;501;1854.61;SP;2022-08-24
577;Maria Eduarda Rodrigues;789.615.320-30;1993-04-24;543;3020.91;BA;2023-02-07
578;Luiz Fernando da Mota;386.124.957-09;1999-12-25;817;7545.82;SC;2021-10-26
579;Matheus Andrade;658.790.321-59;1980-11-15;537;6548.44;RS;2023-12-24
580;Henrique Aparecida;037.216.459-52;1979-09-22;737;5571.17;SC;2024-03-05
581;Ian Barbosa;846.951.327-37;1989-02-17;320;4850.94;MG;2021-12-15
582;Sr. Fernando Brito;582.096.437-38;1993-06-14;453;1978.6;MG;2021-06-11
583;Nicole Novais;589.432.760-10;1966-09-07;742;8375.75;CE;2023-02-23
584;Sra. Vitória da Rocha;743.950.621-99;1962-09-14;786;6851.91;CE;2024-10-31
585;Olivia da Rocha;265.987.403-47;2007-09-27;691;6381.42;RS;2023-10-17
586;Marcelo Moraes;593.086.724-00;1966-11-25;711;5969.19;CE;2021-10-21
587;Rhavi Aparecida;923.058.146-15;1958-02-27;632;4993.41;RS;2023-08-03
588;Srta. Maria Eduarda Marques;105.348.792-41;1971-08-26;529;3951.32;PR;2023-07-31
589;Vitor Gabriel Vargas;723.986.054-00;1966-11-28;416;3229.66;PR;2024-09-27
590;Ana Luiza Casa Grande;564.728.093-56;1957-03-30;501;2904.41;SP;2023-08-11
591;Maria Sophia Aparecida;472.830.651-80;1959-11-05;641;6520.0;PR;2024-10-19
592;Isadora Cunha;714.352.906-07;1970-08-21;730;4269.5;PE;2021-11-20
593;Anthony Sousa;640.513.789-93;1975-01-30;501;4948.77;RJ;2023-06-24
594;Noah Câmara;835.209.476-92;1981-04-09;502;3791.37;BA;2024-04-18
595;Melina Pinto;680.759.142-01;1970-12-21;686;4519.66;PR;2024-08-01
596;Dra. Stephany Fonseca;621.458.739-37;1989-12-10;632;3721.97;SC;2024-11-14
597;Matteo Araújo;917.528.036-12;1987-08-07;547;4695.78;PR;2023-07-25
598;Ágatha da Cunha;542.361.908-42;1979-06-05;428;3864.47;PR;2022-02-12
599;Antony Viana;560.843.291-60;1965-11-29;617;5488.49;SC;2023-09-17
600;Sra. Eduarda Caldeira;279.436.851-64;1992-08-30;646;6532.14;RJ;2022-05-01
601;Stephany Cirino;978.614.035-48;2007-12-12;635;4650.59;SC;2024-03-17
602;Luara Marques;820.961.435-51;2006-07-05;634;5615.3;BA;2024-03-23
603;Sara Aparecida;394.275.680-38;1992-04-14;625;5040.59;PR;2024-12-03
604;Mirella Borges;409.518.723-97;2002-12-04;535;3617.1;PR;2021-02-14
605;Alexandre Sampaio;138.795.604-39;1966-11-21;451;5357.58;SC;2022-07-17
606;João Felipe Moreira;169.230.487-96;2000-07-22;470;3067.09;SP;2024-03-05
607;Giovanna Gonçalves;158.297.304-05;1979-11-15;533;5158.92;SP;2024-05-26
608;Dra. Melissa Rocha;789.504.632-29;1978-09-13;584;5919.74;GO;2022-08-10
609;Benjamin Dias;293.465.780-92;1992-02-26;539;4590.99;RS;2024-05-28
610;Nathan Cirino;438.290.561-33;1973-08-26;519;6297.15;BA;2022-03-25
611;João Guilherme Machado;183.602.495-98;1965-04-12;477;4125.82;RS;2024-06-25
612;Dra. Beatriz Jesus;541.309.268-70;1996-11-23;696;5981.8;PR;2024-10-20
613;Maria Liz Ribeiro;216.098.453-15;1967-10-16;597;4646.18;MG;2024-07-10
614;Pietra Alves;846.237.195-37;1991-03-21;625;4853.0;RJ;2024-07-09
615;Rael Camargo;734.901.625-52;2002-10-19;735;8090.52;SP;2022-09-25
616;Ana Liz Sá;256.387.104-26;1989-01-23;553;3054.2;GO;2021-03-10
617;José Aparecida;520.461.893-70;1958-08-06;609;7451.71;CE;2023-01-18
618;Sarah Marques;610.375.842-44;2008-05-11;523;5823.12;MG;2021-07-04
619;Dr. Raul Barros;809.541.236-89;1991-01-30;821;6014.41;PR;2022-11-01
620;Lorenzo Pinto;192.570.438-60;1996-01-12;688;7132.4;SC;2021-12-26
621;Bianca Oliveira;359.186.027-12;1977-03-21;574;4388.42;RS;2021-09-28
622;Liam da Costa;708.253.461-26;1968-07-25;550;3385.24;PE;2023-01-20
623;Dr. João Vitor Abreu;970.431.258-04;1982-04-24;542;3112.06;PE;2023-10-25
624;Natália Cavalcante;810.736.529-12;1975-03-07;624;4222.03;PR;2021-12-03
625;Maria Cecília Garcia;240.751.893-41;1978-11-26;648;3628.1;PR;2023-09-14
626;Antônio Ferreira;376.408.912-13;1966-06-15;659;6105.53;PR;2022-11-25
627;Davi Miguel Melo;847.135.026-26;2004-01-07;380;3414.06;RJ;2023-08-18
628;Sarah Nascimento;197.240.365-61;1987-08-16;767;4926.36;RJ;2021-10-16
629;Maria Júlia Novaes;051.497.632-25;1991-01-18;820;6979.02;RS;2024-10-17
630;Sr. Caleb Camargo;768.513.420-90;1962-01-06;535;4224.23;SC;2024-02-16
631;Srta. Sophie Moura;316.745.820-80;1984-04-21;686;5564.01;BA;2021-07-04
632;Laís Cassiano;470.832.169-40;1979-02-11;684;4551.33;SC;2021-01-29
633;Samuel Fonseca;614.905.827-11;1963-01-31;640;3706.29;PR;2024-01-04
634;Aylla Teixeira;964.250.873-74;1988-08-17;606;3944.09;RJ;2023-07-21
635;Luísa Nunes;923.785.140-50;1993-06-13;531;5484.09;BA;2024-10-09
636;Lunna Souza;361.854.970-93;2001-05-06;750;6609.14;PR;2024-04-12
637;Yan Souza;087.493.215-79;1957-04-03;488;3587.59;SC;2024-07-31
638;Melina Sales;105.864.973-66;1958-09-18;765;6261.72;BA;2021-08-10
639;Dr. André Alves;058.429.761-02;1967-06-10;850;7193.32;RS;2023-08-24
640;Marcos Vinicius Marques;360.785.491-20;1989-12-20;643;4834.88;SP;2024-06-22
641;Enrico Cirino;581.693.240-33;1986-01-27;636;4935.53;PE;2022-11-03
642;Ana Cecília Rodrigues;461.790.582-02;2003-11-16;704;6588.7;CE;2022-03-30
643;Renan Costela;524.370.968-92;1973-10-27;525;2868.77;RJ;2024-07-25
644;Sophie Fogaça;371.409.256-07;1991-01-19;399;3699.99;GO;2024-12-06
645;Juliana Freitas;075.926.483-00;1995-08-20;487;1743.11;PR;2024-08-22
646;João Lucas da Conceição;419.027.536-07;1987-12-19;666;7821.0;SC;2021-08-27
647;Yuri Cassiano;914.756.023-16;1969-08-20;619;5790.49;MG;2021-04-03
648;Sr. Gael Pires;562.190.783-30;1990-09-06;629;4933.11;SP;2022-09-16
649;Diego Pinto;432.517.689-64;1993-08-29;730;5549.73;GO;2021-08-26
650;Sr. Emanuel da Conceição;706.245.839-29;1986-03-20;652;5537.7;RJ;2022-04-26
651;Natália Abreu;309.648.257-83;1992-12-26;539;5304.04;PE;2021-10-05
652;Ravi Lucca Nascimento;582.197.306-68;1963-08-30;599;4036.25;SC;2023-07-19
653;Sr. Isaac da Mata;928.067.341-69;1985-01-19;684;4573.53;BA;2024-10-05
654;Dr. Brayan Rezende;843.706.951-39;1968-12-11;623;4974.88;PE;2023-05-09
655;Eduardo Novais;901.238.764-78;1971-06-14;750;6474.7;CE;2021-11-13
656;Leonardo Gomes;620.391.548-33;1998-10-21;616;5745.77;SC;2024-09-03
657;Dr. Francisco Siqueira;062.347.815-35;1980-12-28;786;6845.81;RJ;2023-09-30
658;Valentina Viana;267.490.153-52;1988-11-24;621;3656.16;CE;2023-04-16
659;Ana Vitória Mendes;219.805.367-59;1997-02-04;492;3630.78;PR;2021-03-09
660;Pietra da Conceição;482.537.169-82;1978-11-18;546;4181.03;BA;2022-03-21
661;Samuel da Paz;578.416.032-07;1968-08-29;626;5537.69;GO;2023-06-30
662;Pedro Henrique Garcia;620.158.493-51;1993-07-01;611;5374.5;RS;2023-01-13
663;Paulo Carvalho;084.926.137-69;1984-03-21;627;3040.53;RJ;2024-11-05
664;Luiz Henrique Lopes;052.941.386-89;2000-08-30;507;3911.91;BA;2024-01-21
665;Ana Laura Teixeira;042.657.198-30;1985-07-19;474;4391.93;BA;2021-05-05
666;Giovanna Gomes;574.021.638-90;1997-11-04;803;7642.76;SC;2022-07-20
667;Enzo Gabriel Caldeira;760.125.938-21;2008-03-08;594;6242.73;RS;2021-09-08
668;Stephany da Luz;274.536.091-43;1988-05-15;637;4758.91;GO;2021-07-07
669;Maria Vitória Aparecida;625.784.391-09;1965-05-12;546;4065.53;RS;2024-08-07
670;Ravi Moura;369.012.578-21;2006-12-20;573;4754.42;CE;2021-02-13
671;Dra. Ana Vitória Almeida;493.281.507-79;2007-10-08;639;5115.05;SP;2022-11-15
672;Anthony Ribeiro;625.410.893-33;1971-12-21;672;6566.65;RS;2021-09-15
673;Vitor Gabriel Caldeira;457.698.123-46;1975-11-19;733;4379.1;CE;2022-02-25
674;Diego Pires;874.253.960-92;2004-06-06;313;3438.32;RJ;2024-02-10
675;Sra. Alexia Macedo;589.703.426-56;1990-05-03;455;3415.23;RS;2024-04-15
676;Maria Helena Oliveira;640.871.395-57;1984-10-07;479;2030.02;RS;2022-04-23
677;Dr. José Azevedo;509.741.268-02;1987-09-02;684;6231.16;BA;2021-10-30
678;Maria Luísa Alves;654.870.912-85;1958-09-21;550;1808.96;CE;2021-01-06
679;Pietra Costa;862.510.749-49;1993-09-30;554;4823.8;PR;2021-10-24
680;Gael Machado;796.453.180-84;1984-10-11;442;3719.36;MG;2024-01-12
681;Dra. Isadora Almeida;439.807.512-79;1992-02-04;618;5523.29;PR;2021-12-24
682;Maysa Cunha;415.082.976-49;1956-05-28;634;4098.93;RJ;2024-09-15
683;Maria Julia Brito;369.428.571-73;1992-01-27;763;5945.47;SP;2021-09-27
684;Cecilia Abreu;251.367.049-34;1975-04-01;616;3994.73;SP;2023-01-04
685;Nathan Correia;576.208.391-86;1955-11-07;566;3643.2;RS;2024-04-20
686;Dra. Bella Ribeiro;891.630.245-51;1977-05-13;599;6503.71;BA;2021-02-02
687;Matheus Rios;169.032.758-86;1958-04-23;455;2026.44;MG;2022-06-28
688;Sr. Arthur Abreu;123.896.740-03;1985-07-14;796;6158.68;SP;2021-09-17
689;Samuel Farias;452.896.130-05;1964-07-14;539;5351.9;SC;2023-12-14
690;Raul Leão;507.132.894-14;1988-10-20;547;6202.01;RJ;2021-05-11
691;Heitor Pastor;792.156.843-28;1989-08-07;701;5120.09;GO;2023-07-08
692;Bella Pastor;231.904.756-52;1988-11-16;850;6194.29;BA;2023-11-18
693;Gabriel Aragão;791.860.234-03;1969-03-14;709;5971.29;CE;2021-08-12
694;Mirella Cunha;753.146.289-37;1965-12-11;776;7769.51;GO;2023-10-29
695;Benício da Cunha;983.702.615-40;1989-05-29;623;4230.58;RS;2024-06-13
696;Josué Moura;610.248.357-07;1989-05-05;675;4722.28;SP;2024-09-11
697;Yan Rocha;416.275.890-58;1986-01-15;850;6936.54;PE;2022-09-10
698;Davi Miguel Rezende;268.394.715-19;1992-09-05;576;4792.68;GO;2024-08-10
699;Luísa Câmara;183.465.792-09;1993-04-29;458;2692.39;SP;2021-05-05
700;Emilly da Conceição;749.823.516-19;1970-03-12;764;5455.11;GO;2023-04-03
701;Ana Luiza Albuquerque;860.149.527-30;1992-01-27;494;4488.65;SC;2024-11-06
702;Isabela Martins;624.315.970-16;1993-12-01;762;6814.95;RJ;2023-10-02
703;Davi Abreu;741.260.985-85;1999-10-04;739;5155.2;GO;2021-05-31
704;Cauã Fernandes;321.506.974-16;1970-02-04;449;5093.33;RJ;2022-10-22
705;Alexandre Montenegro;291.835.467-82;1996-12-15;581;4397.17;CE;2021-10-31
706;Pietro Fogaça;098.346.517-75;1996-08-29;779;6788.23;RJ;2021-09-16
707;Gustavo Cavalcanti;241.806.957-58;2007-12-24;674;7557.0;PR;2024-07-02
708;João Sampaio;491.873.056-66;1999-10-18;542;5263.84;CE;2024-01-29
709;Emilly Leão;356.984.720-92;1964-04-22;626;5276.59;BA;2023-02-20
710;Srta. Milena Novaes;861.729.043-96;1980-06-05;803;6931.84;CE;2023-12-23
711;Ana Luiza da Rosa;196.502.834-98;1982-12-26;684;6544.51;PR;2023-07-19
712;Alice da Cunha;785.912.403-32;1993-07-12;576;3768.79;PE;2024-05-24
713;Emanuelly Machado;265.307.918-68;1978-09-20;494;1985.64;SC;2021-07-23
714;Calebe Cavalcante;473.219.850-32;1974-12-06;850;5696.79;RJ;2024-09-02
715;Heloisa Viana;369.247.015-07;1967-10-17;593;4467.19;PE;2022-03-17
716;Sr. Brayan Abreu;253.701.689-03;1955-12-29;656;6063.74;SC;2023-07-14
717;Heitor Abreu;042.367.895-74;1973-10-28;723;5200.92;RS;2023-04-28
718;Daniel Duarte;130.975.648-10;1970-04-17;599;5074.58;BA;2023-07-18
719;Bella Peixoto;132.679.048-03;1965-11-26;590;6327.35;SC;2023-05-02
720;Stella Castro;481.670.539-20;1992-02-21;678;6158.88;RJ;2022-10-03
721;Juan Fernandes;594.083.267-92;1957-11-22;699;6765.47;SC;2022-10-03
722;Valentina Monteiro;962.740.183-87;1956-11-25;641;3831.17;PR;2023-02-06
723;Maria Julia Silva;305.814.296-05;2000-12-16;667;4684.64;MG;2024-11-07
724;Ana Nascimento;832.615.047-90;1991-01-07;556;5034.36;GO;2021-05-18
725;Gael Henrique da Costa;367.419.520-80;1998-05-16;768;6165.27;RJ;2021-06-24
726;Sra. Maria Clara da Mota;632.740.958-00;1955-10-08;657;6958.21;RJ;2023-06-04
727;Vinícius da Luz;905.684.132-70;1959-09-03;648;7785.68;RJ;2023-02-03
728;Ana Moraes;506.247.918-58;1982-10-27;687;3735.24;MG;2024-02-14
729;Maria Júlia Moura;861.203.795-68;1957-03-25;710;6061.16;SP;2024-04-16
730;Eduardo Rios;739.850.621-02;1983-07-09;774;6865.18;PE;2024-02-25
731;Maria Laura Borges;067.942.518-76;1999-07-20;603;3599.7;BA;2024-10-04
732;Leandro Caldeira;305.189.426-51;1987-09-05;594;3901.48;RJ;2023-04-22
733;Enrico da Paz;475.390.681-75;1961-04-30;550;4988.58;BA;2024-09-24
734;Sabrina Sousa;654.907.813-00;1993-05-21;820;6954.67;SC;2021-04-16
735;Henry Porto;954.826.301-70;2007-02-21;476;4252.6;PR;2024-05-14
736;Sra. Laís Barros;247.308.516-17;1971-02-26;763;5494.22;PR;2022-12-22
737;Ana Clara Almeida;947.231.658-19;1993-06-28;603;4838.69;RJ;2024-03-29
738;Miguel Oliveira;784.106.529-94;1970-11-02;525;4848.28;PE;2022-03-12
739;Calebe Garcia;269.748.031-50;1992-06-18;605;5259.53;MG;2024-09-06
740;Esther Silva;408.692.157-01;1962-02-14;513;3666.54;GO;2022-04-05
741;Agatha Moreira;136.597.048-57;1992-09-14;706;5275.17;RJ;2022-12-19
742;Valentina Cavalcante;034.821.659-98;1979-12-25;827;6216.36;PE;2023-01-23
743;Juliana Fogaça;980.214.657-94;1989-08-08;646;6100.59;RJ;2022-07-25
744;Emanuella Novais;912.530.864-51;1971-03-31;449;1831.19;CE;2022-04-09
745;Marcela Sá;037.642.985-29;1989-07-01;436;4750.58;SC;2024-02-23
746;Sra. Letícia Ferreira;078.436.921-69;1957-11-19;553;6982.2;CE;2024-06-10
747;Sra. Luara Moreira;157.928.306-30;1963-04-03;552;4600.55;PE;2021-02-23
748;Mateus Camargo;489.231.607-50;2004-02-09;805;8446.09;CE;2024-09-09
749;Gabriel Caldeira;815.769.043-93;1990-11-01;850;8008.37;PR;2021-03-01
750;Sr. Ravy Rodrigues;945.361.807-10;1996-02-10;742;6528.53;MG;2022-07-14
751;Dr. Davi Lucca Câmara;189.240.763-96;1986-06-25;713;5152.81;PR;2022-11-27
752;Lara Barbosa;245.036.981-33;1990-09-23;521;4164.63;BA;2021-01-13
753;Isaque Moura;936.805.412-60;1984-09-12;599;4338.77;MG;2021-10-21
754;Cecília Vargas;038.756.194-39;1993-03-23;703;6579.31;CE;2024-09-08
755;Cauã Câmara;654.983.021-42;2002-02-05;630;6517.53;SC;2021-05-23
756;Ana Luiza da Mata;703.594.862-74;1980-01-02;482;3662.34;MG;2024-07-20
757;Rhavi Moreira;375.260.419-07;2002-11-18;533;2397.46;SP;2021-07-07
758;Carolina Freitas;260.789.134-50;1981-10-04;610;4758.25;PE;2022-03-17
759;Lunna Fogaça;740.952.831-14;1978-05-12;801;7038.81;SC;2023-05-10
760;Manuela Gonçalves;046.127.395-07;1998-07-15;497;5830.09;GO;2022-11-30
761;Murilo Santos;519.742.860-02;2002-11-05;766;6710.1;MG;2023-01-28
762;Dr. Luiz Miguel Rezende;835.796.120-77;2001-09-10;592;3776.56;PR;2022-10-27
763;Liz Almeida;184.390.275-32;1985-12-10;575;5688.75;CE;2024-05-06
764;Dra. Maria Laura Brito;367.405.192-34;1963-10-06;846;8311.24;RJ;2021-04-18
765;Vitor Nunes;192.574.038-23;1998-03-12;561;3368.38;MG;2021-11-19
766;Vitor Gabriel Silva;089.756.142-20;1965-01-06;636;3319.56;CE;2021-04-12
767;João Miguel da Conceição;862.910.354-05;1997-04-28;658;5116.4;RJ;2022-07-12
768;Nina Gonçalves;546.320.179-06;1962-12-06;564;2917.3;GO;2024-09-17
769;Daniela Oliveira;431.507.968-57;1998-05-13;681;4915.3;SC;2023-09-22
770;Maria Laura Siqueira;893.507.142-05;1974-11-02;479;959.74;CE;2023-06-25
771;Thales Nascimento;781.065.392-02;2007-09-10;616;6700.25;SC;2022-07-14
772;Dra. Nina Garcia;340.769.258-74;1965-10-30;819;6094.9;RS;2023-11-16
773;Sra. Antonella Pimenta;301.527.694-80;1962-09-04;547;4844.77;RJ;2022-12-08
774;Lorenzo Jesus;620.457.398-56;1969-09-10;500;4301.79;SC;2021-08-16
775;Cauã Monteiro;394.187.062-96;1993-08-15;711;6914.93;PR;2024-10-20
776;Vitória Silveira;543.197.260-06;1998-10-26;607;4652.33;CE;2023-09-24
777;Sabrina Melo;467.305.921-25;1959-09-15;514;3285.12;PE;2024-09-28
778;Maria Cecília Pacheco;058.631.724-44;1997-07-21;592;5103.37;PR;2021-04-04
779;Thomas Caldeira;057.489.123-41;1981-06-18;729;5028.82;RS;2023-03-21
780;Sra. Kamilly Melo;831.472.096-87;1978-10-25;799;6120.88;CE;2021-04-23
781;Maria Flor Machado;540.698.137-48;1979-07-10;617;4188.79;SP;2022-02-23
782;Augusto Almeida;021.437.598-60;2006-03-06;329;3516.05;PR;2022-03-09
783;Alexia Barros;128.045.763-53;1975-03-27;708;5382.67;MG;2022-06-08
784;Sr. Matteo Ribeiro;120.653.849-05;1967-09-14;628;5539.94;PR;2022-11-03
785;Caio da Rosa;806.915.743-75;1980-05-19;432;2926.95;RJ;2021-01-16
786;Rael Alves;968.704.523-00;1979-12-29;715;4465.71;GO;2023-06-01
787;Heloisa Pires;719.265.430-25;1994-03-19;655;3883.42;MG;2021-09-22
788;Melissa Monteiro;069.234.857-38;1968-08-23;675;5364.36;SC;2023-12-27
789;Carolina Pires;310.857.492-23;1981-12-15;426;4572.74;RS;2023-10-22
790;Yan das Neves;968.532.107-86;1975-04-10;531;3437.75;PE;2024-09-30
791;João Nascimento;502.613.497-16;2004-05-18;644;6300.64;BA;2021-05-28
792;Dra. Maysa Costela;407.283.596-00;1967-07-13;498;4045.68;SC;2021-03-28
793;Alícia Monteiro;834.705.692-74;1998-01-23;671;6061.11;SC;2021-02-08
794;João Guilherme Moraes;789.012.465-11;1990-08-30;641;4760.97;GO;2021-06-09
795;Srta. Letícia Ferreira;237.180.496-78;1965-06-30;520;4246.14;BA;2024-03-25
796;Lavínia Macedo;547.192.036-80;1962-01-26;491;1006.65;SC;2024-03-20
797;Maria Clara Rocha;612.895.743-91;1978-07-02;672;6279.93;SC;2024-12-24
798;Benício Moreira;905.267.843-00;1988-08-15;336;1678.27;SC;2022-08-16
799;Clarice Sá;658.143.970-39;1965-12-06;694;7609.5;RJ;2023-04-10
800;Léo Pastor;396.275.140-80;2001-05-15;622;4248.0;SP;2022-10-28
801;João Miguel Carvalho;318.695.047-39;1958-09-12;598;6158.88;MG;2024-06-19
802;Srta. Laura Silva;932.147.850-79;2002-01-29;542;3536.81;GO;2024-11-13
803;João Miguel Gonçalves;531.607.928-03;1980-08-23;562;3542.67;BA;2021-06-30
804;Mathias Nascimento;104.976.825-67;1965-08-05;634;6696.68;SC;2021-08-05
805;Srta. Cecília Brito;302.185.496-60;1977-01-30;658;5011.65;RS;2023-06-12
806;Eduarda Guerra;458.123.796-37;1973-04-25;584;3108.81;CE;2023-04-01
807;Apollo Câmara;190.642.358-05;1962-07-27;725;5722.16;PE;2021-06-11
808;Nicolas Jesus;108.425.367-44;2004-05-12;598;7977.11;SC;2022-09-28
809;Pedro Henrique Nascimento;947.823.510-97;1984-12-04;655;4488.21;BA;2022-03-30
810;Ryan Pires;958.023.647-00;1977-03-10;568;5692.45;BA;2021-12-11
811;Erick Machado;230.674.185-90;2007-08-31;633;3625.72;RJ;2023-11-12
812;Ana Clara Farias;859.641.723-00;2001-04-20;730;5171.86;RJ;2023-12-23
813;Maria Júlia Silveira;936.185.702-95;1984-12-09;844;7832.05;PE;2022-02-02
814;Amanda Campos;098.253.471-04;1972-11-06;566;5809.02;BA;2022-12-21
815;Lara Mendonça;135.097.684-93;1988-04-05;628;5876.77;MG;2022-04-29
816;Dra. Hellena Novais;873.615.209-95;1977-11-20;678;4577.64;RJ;2021-10-27
817;João Gabriel Fogaça;068.791.523-68;1977-05-18;542;5365.96;PR;2022-02-09
818;Dr. Gael Henrique Fonseca;410.762.893-04;1992-12-14;579;4228.35;MG;2024-05-18
819;José Pedro das Neves;739.621.850-03;1987-04-04;505;4463.6;MG;2024-09-04
820;Sr. André Moura;470.256.139-16;1976-04-30;850;5732.47;RJ;2021-12-29
821;Mariane Vasconcelos;579.361.840-66;1979-07-22;622;6388.22;GO;2023-08-09
822;Srta. Alícia da Luz;549.632.781-46;1970-11-02;610;5332.37;CE;2024-04-01
823;Arthur Miguel Siqueira;247.089.136-13;1986-02-24;492;4364.31;GO;2024-10-26
824;Sr. Enzo Ribeiro;870.593.426-56;1992-01-25;597;5761.73;CE;2024-08-09
825;Dra. Bella Cassiano;128.690.357-21;1977-10-11;762;8685.56;CE;2022-10-24
826;Ana Luiza Montenegro;407.296.138-87;1972-07-09;689;5837.8;BA;2021-11-06
827;Dra. Luana Pacheco;296.807.543-83;1979-10-29;643;4790.83;GO;2021-05-20
828;Enrico Pinto;453.798.612-37;1963-07-06;660;4984.6;GO;2023-06-25
829;Dr. Valentim Peixoto;376.084.592-47;1975-03-31;640;6437.6;PR;2022-07-17
830;Dra. Mirella Aragão;921.703.856-30;1964-08-17;499;5131.88;CE;2021-04-26
831;Marcela Alves;246.538.179-28;1995-11-24;778;6105.93;BA;2023-11-06
832;Luiz Miguel Cunha;279.465.308-38;1987-12-04;365;2312.18;RJ;2022-09-28
833;Dr. Luiz Fernando Pacheco;061.387.249-50;1967-03-19;775;6177.13;GO;2023-07-15
834;Allana Rezende;723.456.890-56;1982-04-23;500;3495.23;SP;2021-04-27
835;Gabrielly Casa Grande;491.075.268-49;2000-05-11;720;6306.73;BA;2022-08-11
836;Amanda Moreira;248.176.593-19;2005-02-09;591;4361.18;RJ;2024-08-13
837;Mateus Almeida;978.026.435-38;1986-02-22;572;3653.59;RJ;2024-06-13
838;Sr. Murilo Fonseca;590.271.834-14;2007-11-09;813;6181.68;CE;2023-11-05
839;Dr. Mathias Lima;618.034.257-17;1973-05-16;766;7649.32;SC;2023-08-06
840;Heloísa Peixoto;716.824.503-17;1956-03-16;739;5480.38;CE;2024-02-10
841;Yan Oliveira;698.701.425-67;1982-03-09;668;5319.8;SP;2023-07-11
842;Lucas Aragão;842.107.593-41;1966-09-13;511;4412.36;CE;2024-08-27
843;Theodoro Garcia;807.342.965-92;1988-03-16;478;5011.68;RS;2022-10-21
844;José Pedro Moreira;832.160.759-40;1972-03-09;564;4713.16;CE;2023-09-02
845;Juan Borges;519.402.673-07;1990-06-10;653;4965.1;PE;2021-11-05
846;Josué Rios;961.384.072-96;1987-09-12;690;5045.1;SP;2023-07-12
847;Rebeca Souza;253.709.618-59;1992-06-02;724;4446.02;RJ;2022-12-05
848;Arthur Gabriel da Paz;826.419.730-22;1996-10-16;635;7018.93;RJ;2023-10-31
849;Valentim Guerra;918.504.236-60;1964-10-09;499;3314.26;MG;2021-03-22
850;Cauã Teixeira;083.274.591-04;1999-04-10;681;5627.58;RS;2024-12-20
851;Miguel Ramos;796.043.215-52;1986-08-01;662;5785.19;GO;2023-06-19
852;Raul Brito;859.026.431-98;2003-01-16;696;6677.7;PE;2023-12-07
853;Srta. Ana Sophia Caldeira;210.876.435-62;2007-03-18;669;5110.74;CE;2021-11-22
854;Dr. Pedro Lucas Fernandes;685.214.093-89;1976-01-11;700;7499.88;BA;2023-02-03
855;Kamilly Moraes;512.743.986-73;1977-07-01;604;3857.47;PR;2023-03-05
856;Gabrielly Pimenta;705.239.864-83;1995-05-31;752;5895.62;SC;2022-11-24
857;Letícia Nunes;025.836.917-59;1986-07-24;359;3719.42;CE;2021-04-18
858;Ravi Lucca Fonseca;385.190.427-32;2002-03-13;555;4349.47;BA;2021-05-15
859;Marcos Vinicius Barbosa;675.384.192-09;1981-08-18;659;5462.5;BA;2021-07-13
860;Ana Cecília Siqueira;360.251.894-98;1965-12-21;705;5204.51;PE;2024-10-21
861;Luiz Miguel Moraes;785.124.936-82;1983-03-23;681;5188.45;SC;2022-08-05
862;Gabriel Sousa;478.230.159-60;1992-03-26;708;6279.37;PR;2024-09-06
863;Dom Fernandes;150.394.827-79;2006-08-25;507;5141.98;CE;2021-11-04
864;Dr. José Pedro Cavalcanti;806.375.294-56;1998-10-15;555;5248.06;BA;2021-06-16
865;Sra. Eloah Novaes;197.238.640-96;1984-02-26;664;7150.18;CE;2024-09-21
866;Isabela Peixoto;673.984.012-13;1969-07-02;593;4394.68;MG;2022-12-18
867;Diogo Jesus;126.957.043-99;1966-11-20;617;4632.82;PR;2024-09-05
868;Eloah Costa;923.064.815-98;1989-02-20;715;4103.69;SC;2021-09-22
869;Sra. Giovanna Viana;568.197.243-73;1996-09-27;493;2876.2;CE;2024-12-22
870;Lucca Jesus;289.351.604-15;2006-04-13;734;7582.61;RJ;2022-09-27
871;Davi Lucas Sousa;051.736.824-26;1967-09-21;607;4687.18;PE;2023-02-11
872;Bruna Costa;260.389.457-92;2003-01-04;628;6185.88;BA;2021-09-19
873;Davi Cavalcanti;850.362.479-65;1977-10-11;508;4302.37;PE;2021-07-11
874;Mariane Teixeira;743.196.082-40;1972-08-11;737;6397.09;SC;2023-11-08
875;Emanuel Jesus;862.391.740-50;1980-07-17;642;6137.05;BA;2021-02-07
876;Maria Alice Caldeira;340.258.917-60;1973-07-31;300;3077.88;BA;2022-09-25
877;Thiago Martins;084.316.759-93;1970-11-19;541;2497.37;MG;2022-03-15
878;Vicente Fernandes;972.160.853-02;1976-04-17;681;6821.66;BA;2023-09-23
879;Dra. Ágatha Sales;827.549.301-32;1983-06-05;603;5776.87;RS;2022-04-09
880;Jade Cunha;308.619.254-24;1959-09-08;813;7818.91;MG;2021-11-14
881;Stella Castro;023.984.516-15;1993-08-03;816;7270.13;RJ;2022-08-29
882;Natália Borges;751.804.269-01;1981-03-26;629;3430.03;RJ;2023-11-06
883;Alexia Fernandes;285.643.107-08;1986-06-28;590;3876.75;PE;2023-12-15
884;Natália Cavalcanti;429.317.650-07;1957-02-22;850;6624.11;SP;2024-09-17
885;Calebe Freitas;218.935.670-95;1975-12-11;634;5623.49;BA;2024-06-19
886;Brenda da Costa;208.364.759-92;1977-06-12;625;6695.05;MG;2024-05-08
887;Gustavo Henrique Albuquerque;930.652.471-43;2000-03-10;545;4554.61;SC;2021-11-12
888;Luísa Moraes;793.062.814-04;1997-04-06;530;2919.98;MG;2022-01-06
889;Juan Cunha;904.568.137-48;1955-10-02;546;4330.96;CE;2021-12-06
890;Júlia Correia;934.821.560-42;1964-07-30;568;3851.58;GO;2021-03-31
891;Apollo Dias;321.854.096-89;1968-11-24;451;3524.89;SC;2023-01-17
892;Joana Moraes;603.249.518-33;1994-07-25;439;4272.06;RS;2023-06-29
893;Maria Fernanda Gonçalves;403.925.176-80;1994-12-27;629;3574.45;CE;2022-08-07
894;Luiz Fernando Aragão;469.102.378-03;1962-07-27;582;3903.84;GO;2022-04-25
895;Clara Andrade;821.903.564-15;1965-10-21;658;6604.45;PE;2022-05-05
896;Breno Castro;098.156.234-51;1993-05-31;394;3267.03;PR;2023-08-19
897;Mirella Cassiano;574.086.213-26;1976-10-13;600;5471.34;RS;2023-01-24
898;Sofia Borges;579.420.168-11;1985-08-06;645;4408.03;CE;2023-06-22
899;Clarice Farias;430.875.612-07;1968-04-26;581;3851.97;GO;2022-08-01
900;Dr. Anthony Abreu;843.095.167-93;1985-11-07;749;6013.31;SC;2023-10-27
901;Fernando Guerra;958.164.302-89;1959-11-14;848;6723.34;PE;2023-05-08
902;Enzo Castro;718.405.362-17;1976-11-08;534;2758.29;MG;2022-02-13
903;Bryan Câmara;584.267.103-44;1975-05-12;403;1639.86;CE;2021-10-11
904;Dr. Apollo Cunha;462.531.807-62;1976-11-04;652;5724.73;PR;2021-04-17
905;Thiago Mendonça;386.092.417-69;2006-10-30;430;4335.04;GO;2023-01-31
906;Alícia Costela;682.197.504-30;1957-09-22;562;4642.79;PE;2021-07-30
907;Sra. Maria Helena Nunes;418.539.260-51;1974-12-21;813;7400.84;PE;2021-09-13
908;Sra. Maria Clara Gonçalves;208.675.943-65;2006-07-06;587;3804.81;PR;2021-06-21
909;Sophia Nogueira;374.569.218-73;1983-07-17;361;2168.85;MG;2022-07-13
910;Cauê Montenegro;817.265.403-08;1999-01-01;594;3764.82;GO;2023-11-18
911;Eduardo da Cunha;589.073.246-38;1963-05-31;604;4908.85;MG;2023-06-15
912;Dr. Cauê Monteiro;476.531.208-90;1979-03-05;593;4094.0;RJ;2022-03-31
913;Olívia Jesus;236.479.051-43;2006-04-05;640;5561.94;GO;2022-12-17
914;Apollo Fernandes;701.983.562-77;1992-03-22;489;5322.93;SP;2023-04-30
915;Nathan Caldeira;268.109.473-96;1955-08-26;608;4882.85;SP;2023-03-23
916;Hadassa Peixoto;478.610.293-87;1964-05-02;704;5865.22;PE;2023-02-05
917;Juan da Paz;689.342.157-55;1997-11-09;734;6159.12;RS;2023-03-02
918;Rafaela Nogueira;174.290.538-23;1973-11-09;546;4729.5;RJ;2023-02-07
919;Marcos Vinicius Gomes;654.937.108-20;1960-04-08;482;3964.56;RS;2021-02-27
920;Sr. Bernardo Duarte;193.578.024-79;2003-04-16;616;4719.88;BA;2021-07-22
921;Enzo Gabriel Nascimento;176.904.325-06;1981-10-22;604;2950.15;BA;2021-10-27
922;Camila Brito;539.712.086-30;1979-06-13;554;4524.84;MG;2021-03-20
923;Lívia Barros;827.396.054-47;1997-10-02;639;4084.32;PR;2023-08-26
924;Francisco Duarte;536.249.710-34;1975-12-27;771;5301.83;MG;2024-12-15
925;Alana Dias;402.683.957-56;1978-10-11;736;6315.19;GO;2023-07-08
926;Luiz Miguel Carvalho;187.653.240-80;1997-05-16;542;6111.31;CE;2021-01-11
927;Srta. Lívia Abreu;175.093.486-84;1980-02-22;476;4727.15;RJ;2021-02-08
928;Dra. Cecilia Farias;062.713.458-08;2002-10-06;740;5249.38;PR;2022-03-18
929;Sr. Caio Guerra;182.460.759-85;2008-01-07;787;6045.95;MG;2024-01-29
930;Fernanda Rezende;710.946.538-10;1974-06-23;654;5492.32;CE;2023-12-17
931;Olívia Fogaça;726.548.190-94;1997-06-06;603;5634.81;SC;2021-08-16
932;Maitê Costa;047.256.983-00;1979-10-03;715;3971.47;PR;2022-05-02
933;Júlia Câmara;290.653.417-06;1987-11-11;776;4545.51;PR;2021-09-07
934;Sr. Davi Gomes;326.410.895-05;1971-02-08;743;7070.71;SP;2022-05-04
935;Srta. Clarice Cavalcante;614.280.397-40;1998-04-19;489;3501.19;SC;2024-08-01
936;Jade Cavalcante;367.951.084-57;2002-09-15;487;3681.08;CE;2023-07-26
937;Gustavo Henrique Machado;508.293.741-32;2003-07-05;583;5443.66;RJ;2021-08-16
938;Carlos Eduardo Sampaio;859.610.247-76;1984-06-06;777;7611.68;GO;2024-05-07
939;Srta. Rafaela Moraes;638.412.905-15;2008-05-07;552;4206.78;PE;2021-02-03
940;Sr. Nathan Costa;189.204.765-94;1959-10-03;417;2530.13;PE;2024-03-23
941;Aylla Peixoto;520.938.471-32;1968-12-14;735;7495.58;RS;2021-10-22
942;Brayan Costela;924.057.836-65;1988-07-02;471;3175.54;PR;2023-05-30
943;Dra. Ana Clara Sampaio;625.807.941-58;2006-09-12;616;5208.16;SP;2024-06-13
944;Renan Oliveira;830.694.752-56;1962-01-26;522;4600.06;BA;2022-05-08
945;Henry Gabriel Correia;803.167.294-69;1998-06-07;563;4489.55;CE;2023-05-04
946;João Guilherme Montenegro;582.496.371-19;1985-04-14;685;5486.42;MG;2024-09-22
947;Rhavi Albuquerque;217.560.398-95;1969-08-07;567;4426.39;RJ;2023-12-09
948;Lorenzo Costela;809.734.652-47;1968-11-16;609;4501.99;BA;2021-05-19
949;Emilly das Neves;715.386.942-55;2003-08-22;588;6302.65;PE;2024-01-20
950;João Felipe Pacheco;370.861.295-77;1958-03-19;687;5200.52;PE;2023-11-06
951;Juliana da Rocha;809.542.317-32;2001-06-30;703;5290.18;PE;2021-02-11
952;Dr. Matteo Castro;759.406.238-83;1978-03-02;760;6449.64;SC;2023-08-21
953;Bruna Santos;512.793.408-60;1965-05-28;607;5303.72;SP;2024-07-25
954;Davi Luiz Sampaio;475.963.082-10;1995-12-05;431;2321.23;SC;2023-02-04
955;Matteo Marques;705.164.238-35;2006-09-27;476;3950.94;PR;2021-02-03
956;Luiz Otávio Mendes;234.187.056-26;1987-07-09;827;8847.3;BA;2021-05-19
957;Theo Garcia;786.432.910-13;1963-06-21;696;6068.84;BA;2022-05-09
958;Srta. Isabelly Almeida;781.039.564-57;1983-07-17;403;2681.33;RJ;2024-04-06
959;Maria Isis Oliveira;895.413.726-19;1967-11-27;525;3579.15;BA;2021-10-01
960;Lívia Lima;982.657.340-00;1989-04-27;599;4319.91;SP;2022-12-23
961;Dr. Luan da Rosa;436.275.918-28;1985-02-26;382;3803.91;PE;2022-11-25
962;Gabriela Borges;234.678.091-03;1969-12-15;491;4167.25;MG;2024-11-03
963;Diogo Peixoto;256.910.847-20;1990-05-04;850;5880.62;GO;2024-11-25
964;Sr. Bento Caldeira;486.359.702-92;1986-02-24;316;2242.0;GO;2024-07-17
965;Yasmin Montenegro;715.639.280-86;1974-03-27;752;7974.35;MG;2021-10-04
966;Sr. Bruno Ribeiro;695.841.702-01;1991-02-08;472;4272.7;RJ;2023-07-27
967;Aurora da Rocha;175.394.826-64;1987-03-02;564;4406.05;SP;2022-08-24
968;Ravi Lucca Melo;620.418.537-35;2006-06-04;850;5297.03;RS;2021-03-31
969;Isabel Pinto;158.974.602-30;1992-03-16;650;5667.69;RS;2021-03-27
970;Vitor Hugo Nascimento;135.978.620-12;1981-09-14;750;6097.98;BA;2022-09-28
971;Nicolas Abreu;308.796.215-59;1989-11-02;656;4856.35;PE;2023-03-27
972;Stephany Correia;438.279.150-23;1972-09-22;652;4872.81;PE;2023-08-28
973;Manuela Ferreira;760.318.942-03;1987-06-02;694;5182.39;PR;2021-03-16
974;Ravi Montenegro;297.516.830-68;1972-11-10;665;5290.74;RS;2022-08-09
975;Antônio Siqueira;203.741.589-32;1961-11-26;755;5988.61;BA;2021-04-08
976;Heloisa Pacheco;204.387.961-87;2000-03-01;407;4517.92;BA;2022-07-14
977;Ian Pimenta;041.538.627-62;1984-10-11;511;3434.23;RJ;2023-01-24
978;Fernando Novais;532.761.094-25;1993-09-29;548;5758.44;SC;2023-03-31
979;Srta. Isabella Dias;324.016.597-06;1988-10-11;363;6041.75;GO;2023-03-03
980;Joana Garcia;907.438.516-84;1994-03-05;746;6191.24;BA;2022-01-18
981;Dr. João Felipe Viana;314.920.568-98;1973-03-23;613;5189.55;GO;2024-11-18
982;Sra. Maria Luiza Camargo;479.803.261-13;1973-01-30;682;6101.22;GO;2023-01-23
983;Sra. Maria Luísa Vasconcelos;319.846.502-89;1973-04-08;686;5577.58;PE;2022-07-01
984;Melina Ferreira;876.240.913-13;2001-01-19;596;4616.73;RJ;2023-05-20
985;Gabrielly da Rocha;874.312.695-28;1973-07-27;596;5901.77;RJ;2023-06-01
986;Eloá Vargas;482.175.069-49;1995-08-10;691;2587.61;CE;2022-01-05
987;Paulo Rodrigues;059.421.638-98;2002-05-30;698;5778.74;PE;2022-08-25
988;Maria Fernanda Vasconcelos;703.986.512-21;1995-08-11;617;4547.48;BA;2021-07-30
989;Ravy Cirino;890.672.415-20;1958-08-04;754;6979.53;RJ;2022-11-03
990;Antônio Aparecida;160.235.987-30;1980-05-19;527;4623.05;PR;2022-09-20
991;Luigi Gonçalves;903.487.521-05;1969-07-07;503;2644.38;GO;2024-05-19
992;Lunna Teixeira;745.821.609-30;1985-09-24;544;5214.39;SC;2021-12-08
993;Dra. Cecília Costa;297.854.361-28;1997-02-23;734;6385.09;GO;2022-12-21
994;Maria Alice Nunes;342.807.591-97;1972-10-13;707;6172.18;GO;2021-03-28
995;Sr. Rafael da Mota;968.425.703-10;1998-09-03;543;4775.92;BA;2024-06-13
996;Sra. Brenda Campos;134.926.857-73;1974-05-29;716;6482.29;SC;2022-07-17
997;Bento Macedo;017.943.582-50;1956-03-04;762;6804.3;SP;2021-06-03
998;João Lucas Machado;493.682.170-50;1995-07-16;662;6366.15;SC;2023-01-15
999;Maria Flor Novaes;401.987.362-31;1976-04-29;616;4046.13;PE;2024-10-23
1000;Daniel Campos;851.943.026-06;1995-09-23;600;4055.1;MG;2021-03-05
1001;Pedro Henrique Siqueira;890.671.245-67;1980-06-12;538;4159.48;MG;2024-05-29
1002;Léo Castro;752.369.148-09;1960-12-29;524;3884.04;GO;2021-03-13
1003;Cauê Castro;173.049.586-93;2005-07-22;392;3349.29;MG;2021-05-18
1004;Renan Borges;430.658.192-60;1960-02-26;620;4142.91;RS;2024-08-14
1005;Antonella Vasconcelos;329.854.071-41;1986-03-22;699;6529.57;BA;2023-01-12
1006;Cauê Fonseca;513.742.690-34;1956-06-10;427;2653.28;SC;2024-03-07
1007;Joana da Luz;971.568.234-00;1996-09-10;527;3276.1;SP;2024-05-24
1008;Vinicius Correia;624.917.503-25;1970-05-12;719;5558.17;MG;2024-10-22
1009;Guilherme Costela;076.125.439-07;1977-10-20;588;2700.14;GO;2023-01-30
1010;Maria Sophia Castro;104.689.372-69;1978-11-05;696;4328.74;BA;2023-06-29
1011;Anna Liz Casa Grande;856.241.039-05;1969-04-14;627;5293.38;RJ;2024-03-21
1012;Arthur Gabriel Pastor;179.042.653-70;1973-09-13;783;4955.18;MG;2023-12-21
1013;Isaac da Cruz;243.657.819-28;1977-01-15;300;2583.85;BA;2023-03-27
1014;Camila Almeida;829.670.513-30;1998-09-15;836;7926.95;BA;2024-08-23
1015;Jade Camargo;178.360.594-48;1978-02-24;645;4668.36;PR;2022-05-27
1016;Otávio Nogueira;430.962.815-05;1990-06-04;716;4754.45;RJ;2021-02-23
1017;Yan Sá;305.761.489-20;2003-10-13;677;5921.47;MG;2023-10-20
1018;Yan Souza;168.479.502-85;1989-02-05;747;8735.66;PE;2023-03-04
1019;Sra. Ana Liz Rezende;923.806.547-00;1969-05-27;667;4827.04;PE;2021-08-30
1020;Beatriz Teixeira;153.879.206-03;1959-12-19;616;3158.92;PR;2022-06-18
1021;João Pedro Carvalho;859.362.104-05;2003-06-20;536;3878.72;GO;2022-03-16
1022;Stella Aragão;948.716.530-48;1977-06-25;557;4608.35;CE;2022-08-08
1023;Maria Liz Nascimento;098.637.154-84;1987-09-12;521;5289.03;GO;2022-02-14
1024;Lucas Gabriel Correia;435.671.280-35;1970-12-24;620;4950.7;RJ;2021-10-05
1025;Sra. Aylla Barbosa;547.801.296-30;1980-11-22;580;4795.19;RJ;2023-07-15
1026;Maria Flor Cardoso;870.964.351-66;1992-10-26;719;4884.87;MG;2024-12-31
1027;Sr. Raul Rodrigues;835.160.249-33;1980-06-16;541;4024.27;GO;2021-06-29
1028;Eloah Nascimento;390.641.758-10;1985-11-28;458;2844.74;BA;2024-09-29
1029;Enzo Lima;508.964.271-02;1988-11-10;562;5370.39;BA;2024-12-24
1030;Leandro Correia;871.309.462-96;1988-03-09;651;5401.59;RJ;2024-02-01
1031;Joana Teixeira;746.830.195-66;1958-07-16;722;5638.63;PE;2022-08-18
1032;João Casa Grande;058.274.913-14;1959-09-19;666;5224.78;PR;2021-11-19
1033;Nina Rios;407.528.316-07;1978-02-09;651;4625.24;MG;2023-01-11
1034;José Campos;785.046.932-10;1973-01-12;327;2481.72;PE;2022-04-05
1035;Lucas Farias;187.659.403-93;1961-05-29;790;7246.22;RJ;2022-02-16
1036;Enrico Farias;732.016.849-96;2002-06-30;735;7116.13;MG;2022-04-30
1037;Isabela Dias;286.749.305-65;1994-10-15;630;5237.32;GO;2021-02-23
1038;Mariana Peixoto;904.618.527-30;2004-08-06;545;4043.93;BA;2024-02-09
1039;Matteo Guerra;876.902.135-02;1965-07-17;693;6747.88;CE;2023-01-26
1040;Srta. Laura Freitas;032.789.154-88;1979-11-13;603;4373.81;GO;2024-02-04
1041;Caio Camargo;832.596.417-00;1984-04-20;620;5561.21;MG;2024-06-07
1042;Sra. Stephany Leão;983.076.412-50;1964-06-06;446;1271.82;RJ;2021-05-15
1043;Lucca Aragão;712.483.950-50;1992-12-03;553;3203.29;PR;2023-03-27
1044;Leonardo Alves;290.341.675-34;1999-12-27;559;4324.22;GO;2023-12-13
1045;Lorenzo Peixoto;360.451.297-25;1990-03-13;565;5972.47;SC;2023-04-19
1046;Renan Dias;458.239.706-92;2003-08-02;659;5572.47;CE;2021-06-01
1047;Letícia da Rocha;362.495.817-82;1997-10-24;694;4413.17;MG;2022-10-12
1048;Bento Machado;057.148.962-11;1972-03-09;744;5876.24;RJ;2023-07-11
1049;Sr. Guilherme Novais;935.678.410-84;1991-10-11;700;4528.14;GO;2024-10-24
1050;Dr. Vinícius Pacheco;183.295.670-95;1983-01-04;433;4281.89;PE;2022-12-07
1051;Isabella Sousa;123.674.590-61;1990-01-26;665;4417.95;MG;2024-02-04
1052;Pedro Henrique Sales;815.963.247-91;2000-04-30;515;5245.43;CE;2022-01-08
1053;Helena Rocha;725.198.643-46;1969-04-10;477;5458.67;MG;2023-06-06
1054;Sr. Benjamin Macedo;359.721.048-14;2002-12-17;511;4726.39;PE;2021-04-24
1055;João Vitor Rodrigues;296.750.438-65;2000-02-20;580;5243.19;RJ;2023-11-28
1056;Eloá Alves;849.763.012-22;1985-06-22;554;4269.21;MG;2022-09-15
1057;Alexandre Aparecida;329.418.670-31;1960-11-04;624;3989.81;MG;2021-11-28
1058;Kaique Ribeiro;317.506.928-21;1957-01-13;708;5150.79;BA;2024-12-23
1059;Dra. Antonella da Conceição;289.370.641-03;1970-01-17;592;3741.65;RS;2022-12-10
1060;Dr. Anthony Carvalho;257.014.396-07;1956-01-10;312;2304.97;PE;2022-08-05
1061;Isadora Aragão;780.134.526-62;1993-08-24;850;7584.6;RJ;2022-05-29
1062;Dr. Gael Henrique Freitas;294.601.538-60;1988-04-21;617;4673.11;RS;2024-07-24
1063;Pedro Cavalcante;753.490.628-83;1956-02-19;622;5523.12;PE;2022-07-17
1064;Ana Laura Pinto;542.173.069-70;1991-04-02;478;4938.32;MG;2024-07-04
1065;Luara Lima;109.624.837-96;1966-02-02;705;6358.19;PR;2024-06-12
1066;Dr. Anthony Pereira;493.150.827-88;1973-11-17;672;5395.62;PE;2021-07-11
1067;Yago Cirino;816.095.427-11;1995-05-19;700;6191.81;PE;2024-08-05
1068;Rafaela Camargo;024.816.397-31;1961-08-21;577;4042.4;MG;2024-04-27
1069;Evelyn Câmara;397.846.120-03;2004-02-14;632;6605.02;CE;2021-11-12
1070;Dra. Laura Vasconcelos;043.182.756-71;1982-02-10;471;2300.47;MG;2024-09-11
1071;Davi Miguel Souza;780.652.943-83;1991-03-15;639;5162.89;CE;2024-05-24
1072;Ana Luiza da Cunha;243.519.076-06;2008-05-16;640;5363.95;BA;2024-02-29
1073;Arthur Macedo;875.194.230-50;1993-04-30;593;6233.86;SP;2021-02-28
1074;Sr. Ian Barros;386.274.590-29;1985-12-07;427;2587.5;RJ;2021-04-04
1075;Anthony Lopes;794.861.235-19;2003-03-03;607;3212.81;CE;2022-06-27
1076;Maria Vitória Moura;870.425.619-02;1965-03-19;598;6445.47;RS;2024-03-17
1077;Stella da Cunha;912.067.538-03;1962-04-18;622;5206.7;SC;2024-06-19
1078;Sra. Ana Julia Peixoto;023.746.985-56;1961-06-06;468;3127.64;SP;2023-10-17
1079;Caleb Mendonça;506.971.328-03;2001-08-16;574;4274.28;PE;2022-08-17
1080;Gabriela Cunha;651.287.304-17;1979-12-21;773;6741.69;PR;2023-09-17
1081;Ryan Rezende;963.510.284-42;1959-07-22;486;4134.5;RS;2024-11-03
1082;Ana Sophia Abreu;598.762.041-49;1984-01-31;679;6572.15;SC;2022-09-02
1083;Sr. João Vitor Novais;239.068.715-68;1997-07-29;809;5456.91;GO;2021-05-30
1084;João Miguel Porto;960.735.841-48;1956-01-13;522;2918.42;SP;2021-11-20
1085;Isis Vieira;293.054.876-29;1999-02-01;591;5194.36;GO;2023-05-02
1086;Ryan da Cunha;782.953.410-14;2001-12-28;738;5828.05;GO;2023-08-10
1087;Nicole Câmara;248.517.693-00;1967-03-13;581;4799.76;RS;2022-11-28
1088;Maya Oliveira;215.468.709-11;1984-04-25;519;6241.54;CE;2021-10-22
1089;Dr. Luiz Gustavo Câmara;620.834.197-31;1980-01-03;427;3600.74;BA;2022-10-16
1090;Nicolas Leão;812.564.907-76;2002-06-04;850;6806.8;BA;2023-03-28
1091;Luiz Fernando Almeida;216.037.584-53;1964-12-20;597;4418.55;MG;2023-01-29
1092;Larissa Almeida;730.815.264-26;1973-02-26;598;6156.85;PE;2024-02-25
1093;Nicole Peixoto;875.120.349-97;2005-06-15;354;4365.43;RJ;2022-10-16
1094;Sr. Lucas Barbosa;734.509.162-70;1957-04-19;449;3325.35;RS;2023-08-14
1095;Dr. Bryan Cirino;215.073.948-88;2008-03-20;568;5132.55;RJ;2022-07-02
1096;Mirella da Mata;109.354.287-04;1983-11-24;428;3886.17;GO;2022-05-23
1097;Dr. João Gabriel Castro;415.790.623-34;1977-07-31;850;5436.83;MG;2021-07-18
1098;Sr. Igor Vargas;685.347.910-66;1956-08-20;642;4474.02;SP;2022-08-18
1099;Kaique Dias;243.697.801-87;1975-01-19;671;5387.15;SC;2024-06-14
1100;Ana Júlia Borges;085.421.369-42;1979-08-05;543;4831.87;SC;2022-05-24
1101;João Miguel Vieira;643.805.792-47;1972-08-20;836;6497.1;MG;2022-11-02
1102;Isaac Garcia;078.219.356-03;1969-05-26;706;4354.73;CE;2022-10-03
1103;Liz da Luz;190.362.857-12;1959-03-08;505;4512.41;RS;2021-11-23
1104;Matteo Brito;543.781.290-60;1966-04-13;798;6739.61;GO;2023-11-21
1105;Sra. Alícia Costa;561.983.702-59;1970-06-05;582;4655.29;GO;2023-10-19
1106;Igor da Conceição;104.382.795-14;2000-07-31;469;4356.52;PR;2023-10-16
1107;Dr. Léo Silveira;673.912.854-55;1995-09-02;725;5347.91;SP;2021-07-04
1108;Camila Rocha;352.910.678-02;2006-05-31;563;4769.88;SC;2023-11-02
1109;Dra. Maria Alice Lopes;027.815.936-21;1967-06-27;567;4469.87;GO;2022-05-09
1110;Ana Vitória Costa;186.579.043-57;1976-01-20;850;6552.97;RS;2024-04-09
1111;Bianca Albuquerque;034.621.857-80;1958-02-19;576;3960.46;BA;2021-04-10
1112;Dr. Henry Gabriel Vieira;743.569.018-00;1991-10-25;709;5490.78;SP;2022-07-31
1113;Aurora Macedo;517.906.284-58;1963-01-11;542;5657.3;GO;2024-05-08
1114;Luara Cavalcanti;840.953.216-60;1978-08-03;790;5719.58;GO;2022-08-09
1115;Ravi Lucca Albuquerque;569.278.143-37;1960-07-17;396;4175.51;PE;2021-01-17
1116;Rafaela da Mata;812.506.493-15;1969-07-05;537;5086.63;RJ;2023-06-02
1117;Dr. Levi da Rocha;324.980.516-51;1963-11-11;383;3956.6;MG;2022-06-26
1118;Murilo Teixeira;493.806.152-05;2000-07-24;474;4522.76;BA;2023-04-06
1119;Srta. Eduarda Duarte;527.491.836-00;1961-06-10;621;4014.06;BA;2021-04-03
1120;Maria Vitória da Mota;920.481.573-60;1991-11-08;571;5254.32;SC;2021-04-15
1121;Sr. Gabriel Câmara;539.812.607-59;1970-08-12;632;5640.41;CE;2024-02-25
1122;Manuella Siqueira;239.784.516-46;1986-02-12;850;5235.76;RS;2023-01-13
1123;Ana Beatriz Campos;578.291.043-79;1970-12-08;814;6616.36;PE;2022-08-15
1124;Daniela Ferreira;720.314.956-07;1972-04-19;512;2765.69;RJ;2023-03-03
1125;Davi Lucas Souza;145.237.098-23;1965-04-15;597;5697.65;PE;2023-07-12
1126;Stephany da Conceição;832.704.519-97;1974-01-02;604;6343.15;PE;2022-07-27
1127;Ana Clara Sá;563.209.781-12;1980-08-02;445;3547.91;CE;2024-10-25
1128;Matteo Aragão;387.062.914-22;1976-02-27;469;4115.63;CE;2021-09-01
1129;Isaque Vasconcelos;018.495.672-20;1957-12-24;726;5387.24;MG;2021-07-18
1130;Lunna Silveira;982.031.745-23;1972-10-09;307;2654.95;SC;2023-02-04
1131;Srta. Emilly Cirino;718.260.435-35;1972-09-06;672;5780.29;BA;2024-02-17
1132;Bianca Costa;850.429.376-92;2003-09-10;768;5072.95;BA;2021-10-23
1133;Sra. Maria Clara da Cunha;560.479.328-00;1962-03-10;701;6800.51;RS;2024-05-18
1134;Sra. Eduarda Porto;109.235.746-70;1994-09-27;406;3567.65;PE;2023-04-03
1135;Diego Cassiano;943.025.768-47;2006-09-24;559;4390.48;PE;2021-03-24
1136;Theodoro Farias;891.657.240-11;1971-01-14;661;4800.77;SP;2021-03-21
1137;João Lucas Pinto;081.962.374-13;1985-04-27;538;4338.15;MG;2022-11-14
1138;Rhavi Peixoto;408.237.519-88;1971-12-21;489;2826.17;GO;2023-11-30
1139;Maria Eduarda Jesus;032.196.785-21;1990-09-02;701;4459.21;GO;2021-11-02
1140;Sra. Emanuelly Azevedo;169.358.042-05;2000-06-26;699;6054.59;CE;2023-11-22
1141;Gustavo Henrique Fonseca;597.638.410-20;2006-08-26;412;2618.44;MG;2022-11-03
1142;Sr. Leandro Macedo;768.241.935-00;1982-06-09;763;5122.83;CE;2022-10-15
1143;Aylla Rios;725.439.816-91;1969-01-09;564;4974.06;MG;2023-03-16
1144;Augusto Rocha;612.395.874-73;1983-06-13;714;5460.46;CE;2022-09-05
1145;Felipe da Cunha;724.381.905-23;1971-08-17;548;5806.37;CE;2022-11-20
1146;Valentim da Rocha;691.534.872-73;1966-06-13;828;7602.86;PE;2023-11-10
1147;Théo Castro;356.820.941-15;1981-12-04;630;4231.73;PE;2023-10-01
1148;Lucca Ramos;709.614.285-11;1980-04-09;520;4682.51;CE;2022-09-06
1149;Ana Cecília Fernandes;532.817.469-00;1975-05-07;670;6761.6;GO;2021-02-04
1150;Vinicius Cavalcanti;056.941.782-11;1965-11-21;698;4080.92;BA;2022-11-10
1151;Sr. Antony Lopes;359.418.720-97;2005-05-04;746;4969.94;RJ;2023-05-04
1152;Emilly Ferreira;286.914.035-51;1997-09-15;573;4834.2;CE;2022-09-23
1153;Pedro Lucas da Mata;196.408.327-31;1971-04-22;850;9909.92;SP;2024-05-07
1154;Valentim Sá;960.385.124-89;1982-07-06;692;5352.8;GO;2022-06-28
1155;Rhavi Peixoto;852.461.970-85;1985-03-25;684;6359.66;CE;2024-03-28
1156;Isabella Fogaça;572.169.803-95;1959-06-24;581;6443.21;RS;2021-04-16
1157;Hadassa Carvalho;259.087.163-59;2002-02-24;647;5673.74;CE;2023-09-11
1158;Luan Cardoso;724.658.903-10;2006-02-01;699;6013.59;MG;2023-12-10
1159;Cecília Pereira;139.740.652-61;1981-07-22;720;5142.75;CE;2023-02-18
1160;Rebeca Novaes;217.953.684-46;1968-05-03;553;3323.85;MG;2024-10-26
1161;Sr. José Mendonça;862.415.370-08;1987-07-01;672;6154.94;RS;2021-03-06
1162;Sr. Benjamim Peixoto;374.912.650-06;1969-03-23;674;7066.49;CE;2024-12-05
1163;Gabriela Cavalcante;165.820.349-60;1988-06-29;619;5620.74;RJ;2022-01-26
1164;Matheus Cavalcante;953.412.687-09;1983-03-28;488;3516.9;SP;2023-06-23
1165;Caio Vasconcelos;812.059.734-60;1989-03-24;703;6473.1;BA;2023-05-08
1166;Elisa Brito;087.594.316-01;1971-03-22;584;4600.4;MG;2023-04-26
1167;Pedro Miguel Silva;102.387.954-97;2000-07-24;437;3138.97;RS;2023-04-21
1168;Ana Lívia Cavalcante;014.289.567-94;1996-03-11;726;6383.21;PE;2024-06-06
1169;Srta. Sara Casa Grande;740.351.826-80;1982-09-07;680;5489.77;GO;2021-05-08
1170;Dra. Maria Fernanda Sales;625.148.973-19;1960-01-03;620;4299.68;MG;2023-11-29
1171;Ana Vitória Caldeira;834.901.526-89;1966-04-01;703;6044.97;RS;2024-02-23
1172;Sophia Santos;321.875.649-91;1985-10-11;679;4905.97;BA;2024-09-18
1173;Samuel das Neves;312.458.079-60;1999-07-23;361;3985.15;GO;2023-12-13
1174;Dr. Murilo Viana;956.473.201-80;1981-02-14;562;3633.22;SC;2022-10-05
1175;Daniela Abreu;142.098.675-94;1972-06-27;703;5231.99;MG;2023-07-31
1176;Aurora Rezende;268.471.530-08;1962-10-13;747;6593.01;PE;2022-12-03
1177;Dr. João Miguel Cunha;867.539.142-00;1957-10-14;702;4250.04;PE;2022-12-27
1178;Lucca Cavalcanti;238.096.475-00;1982-03-10;765;6381.25;PR;2024-06-03
1179;Dr. Arthur Gabriel Machado;239.018.574-60;1984-08-20;575;4743.39;GO;2022-01-29
1180;Caio Barros;124.970.685-85;1990-03-15;406;3656.65;RS;2022-07-26
1181;Enrico Porto;146.508.923-33;2003-02-07;496;2615.33;PE;2022-09-04
1182;Emanuelly Vieira;048.526.139-15;1995-06-24;437;4608.69;RS;2022-09-02
1183;Maya Pinto;809.763.214-40;1967-11-26;544;5885.73;PR;2024-12-14
1184;Rhavi Gonçalves;374.958.602-00;1978-04-01;555;2732.64;RS;2024-11-14
1185;Brenda Cunha;874.326.910-96;1961-02-23;486;5123.81;GO;2022-10-12
1186;Ana Vitória Teixeira;584.192.703-50;1964-03-11;601;4259.71;GO;2022-12-16
1187;Benjamim Borges;302.941.756-52;1979-02-19;639;5613.78;PE;2022-07-15
1188;Ravi Lucca Vargas;365.894.201-06;1994-03-17;754;7480.5;PR;2021-09-07
1189;Sarah Moraes;175.620.834-44;1991-09-03;576;3281.95;CE;2024-10-17
1190;Maria Laura Campos;209.185.734-32;1993-02-13;570;4820.28;PE;2023-02-17
1191;Srta. Ana Clara Montenegro;261.073.958-30;1988-12-23;504;3074.85;SC;2022-12-08
1192;Milena Araújo;732.054.961-16;1983-06-26;661;5239.35;MG;2022-08-18
1193;Olívia Ferreira;436.081.752-53;1970-01-29;623;4225.5;SP;2022-08-13
1194;Laís Campos;754.201.693-80;1998-12-22;592;3811.77;RJ;2022-12-11
1195;Matheus Garcia;840.361.972-31;1981-12-19;726;6843.25;GO;2024-09-05
1196;Sr. João Casa Grande;318.475.096-57;2004-07-17;398;2254.49;PR;2023-09-09
1197;Dr. Samuel Martins;786.243.951-19;1994-09-17;440;2869.98;RS;2022-02-18
1198;Dr. Henry Gabriel Rezende;341.809.527-50;1989-08-03;609;3422.35;PE;2022-07-10
1199;Davi Lucca Santos;891.326.470-69;1985-10-06;509;3068.04;PE;2024-11-26
1200;Bárbara Camargo;026.583.741-35;1984-07-10;644;5221.34;PR;2021-10-09
1201;Ravy da Cunha;153.698.027-77;1960-03-24;533;4440.82;RJ;2024-06-14
1202;Dante Pires;602.198.734-96;1999-11-04;554;4160.34;CE;2022-05-06
1203;Ana Carolina Cardoso;306.814.927-40;1996-11-11;820;7900.46;RS;2021-04-14
1204;Maria Júlia Abreu;479.163.082-31;1997-02-27;464;4541.73;PE;2022-04-08
1205;Dr. Arthur Fernandes;326.487.951-46;1958-02-05;717;4587.74;RS;2021-04-18
1206;Joana Moreira;576.291.804-11;1994-03-19;718;7281.93;RJ;2023-04-27
1207;Anthony Gabriel Novais;693.102.574-07;2003-12-22;485;2962.5;BA;2023-08-26
1208;Dra. Marcela Vargas;541.803.972-50;1982-07-10;742;6207.5;RJ;2024-10-27
1209;Dom Sá;360.917.548-66;1997-06-30;686;5828.59;MG;2021-01-11
1210;Maria Vitória Santos;598.213.476-73;1980-02-26;666;4001.53;PE;2021-11-20
1211;Marcela Moura;814.239.705-60;1967-01-02;745;7129.59;SC;2024-08-30
1212;Srta. Maria Helena Novaes;043.189.765-48;1965-06-30;592;4692.52;GO;2023-09-05
1213;Hadassa Guerra;037.914.562-61;1983-06-07;436;4002.25;RS;2022-08-12
1214;Isaac Fernandes;842.305.796-83;1968-03-21;688;5441.81;BA;2022-08-08
1215;Sr. Théo Sousa;273.591.046-61;1994-05-04;754;5697.92;SP;2021-07-03
1216;Luiz Gustavo Pimenta;825.934.170-05;1959-03-12;687;4476.34;CE;2022-04-21
1217;Isaque Castro;931.748.256-28;1965-03-22;617;4761.65;PE;2021-03-18
1218;Leandro Pastor;973.286.540-74;1996-06-16;647;4806.47;MG;2023-05-06
1219;Letícia Lima;238.659.407-65;1994-07-30;604;5658.05;MG;2021-03-16
1220;Ana Clara Rios;046.752.198-02;1963-03-29;567;2929.42;SC;2023-10-12
1221;Stella Fernandes;642.357.018-35;1962-03-07;829;8013.45;MG;2022-08-16
1222;Dr. Vitor Gabriel Correia;548.270.936-10;1993-11-05;464;4401.71;SP;2021-01-19
1223;Thomas Barros;164.927.803-96;1979-03-20;559;4735.49;PR;2024-03-09
1224;Maria Clara Sousa;784.523.610-17;1956-09-09;655;5005.59;CE;2021-08-08
1225;Apollo Pires;506.143.798-57;1998-02-13;525;3509.46;BA;2022-08-06
1226;Stella Santos;823.607.954-65;2000-12-07;510;3248.18;GO;2024-08-06
1227;Augusto Souza;291.648.357-82;2007-12-29;611;4172.24;PE;2023-12-10
1228;Heloisa Gonçalves;562.741.380-80;2000-03-09;701;7095.25;GO;2021-10-02
1229;Ana Laura Guerra;305.687.214-62;1975-02-23;550;4639.4;PE;2023-08-17
1230;Dra. Maria Helena Cirino;821.465.973-64;1992-12-05;679;5904.0;PR;2022-01-30
1231;Helena Carvalho;673.920.418-78;1979-04-09;629;5774.68;RJ;2022-11-09
1232;Vitor Hugo Cavalcante;769.038.542-74;1968-02-21;677;4178.34;MG;2023-07-29
1233;Sra. Lara Santos;412.035.768-62;1963-08-26;724;6679.29;PR;2022-01-17
1234;Marina Gonçalves;231.074.956-70;1996-11-09;528;4261.94;SP;2022-11-22
1235;Juliana Viana;926.487.501-85;2003-07-11;701;5398.69;PR;2024-03-08
1236;Luísa Almeida;564.931.208-70;1963-04-06;748;8347.87;RS;2021-12-26
1237;Hadassa Sampaio;173.069.852-21;1968-02-14;525;2818.96;CE;2024-08-01
1238;Sara Silveira;239.561.780-68;1960-11-13;656;5969.56;SC;2023-05-26
1239;Clara Ferreira;743.192.605-70;1982-03-24;592;6189.26;PE;2022-11-03
1240;Theodoro Teixeira;015.439.726-16;2006-09-24;459;4364.92;RJ;2023-04-01
1241;Dr. Benjamim Fonseca;435.178.260-90;1984-10-09;547;6095.38;RJ;2022-01-14
1242;Allana Silva;813.726.594-55;1973-01-28;850;6033.34;MG;2023-09-05
1243;Sra. Caroline Nascimento;374.865.910-57;1987-04-09;554;5291.59;BA;2022-05-24
1244;Valentim da Luz;672.594.301-25;1966-09-29;573;4538.59;SP;2022-06-19
1245;Amanda Duarte;791.486.235-55;1963-06-30;623;3064.33;SC;2022-04-28
1246;Ana Júlia Azevedo;519.380.742-97;1967-05-03;618;4254.27;GO;2022-07-01
1247;Milena Sales;782.035.164-08;1961-02-10;560;5923.63;BA;2022-09-11
1248;Lucas Gabriel Pires;052.816.734-08;1995-12-01;469;4565.21;CE;2024-03-19
1249;Daniel Viana;579.160.428-94;1963-02-11;586;4408.24;SP;2022-06-20
1250;Maria Flor Sá;985.243.106-42;1973-09-05;714;6052.05;BA;2024-11-19
1251;Asafe Garcia;623.975.810-86;1973-04-16;688;6472.18;RS;2021-05-08
1252;Helena Sá;532.149.078-32;1970-07-25;580;4027.76;RJ;2023-08-12
1253;Heloísa Aparecida;254.806.973-74;1993-05-20;489;3086.59;PR;2021-11-24
1254;Luiz Gustavo Cavalcanti;160.483.579-66;1956-12-09;850;8044.68;SC;2024-11-06
1255;Sr. Diego Souza;609.824.573-83;1985-04-24;457;2333.54;PE;2024-12-11
1256;Dr. José da Cruz;483.570.961-66;1982-04-28;677;5963.26;PR;2024-11-14
1257;Isabela Casa Grande;683.549.027-65;1975-05-29;685;5225.04;RJ;2024-08-01
1258;Sra. Stella Aparecida;946.012.375-99;1956-10-22;604;5159.88;PR;2023-01-23
1259;Ana Laura Rezende;623.870.459-47;1967-10-30;630;2820.7;CE;2022-03-29
1260;Sarah Monteiro;875.340.219-79;2003-05-10;592;3884.59;RS;2021-10-01
1261;Ana Beatriz Albuquerque;453.861.972-82;1997-10-14;641;8113.26;GO;2021-11-10
1262;Dr. Otto Novaes;547.038.169-20;1963-06-02;664;4998.47;GO;2024-05-25
1263;Benício Aparecida;826.943.051-05;1962-11-14;730;6322.69;BA;2023-05-02
1264;Stephany Ferreira;970.352.641-16;1969-09-16;670;5966.85;PE;2023-08-23
1265;Laís Camargo;295.364.178-55;1976-08-20;850;5669.11;PE;2024-09-22
1266;Rhavi Novaes;724.613.805-62;1963-08-11;676;4481.62;RS;2022-05-22
1267;Dra. Olivia Nascimento;569.213.807-77;1958-08-16;686;4569.31;CE;2021-06-17
1268;Srta. Marina Moraes;102.547.398-14;1968-04-16;569;4256.91;PE;2023-07-04
1269;Clara Mendonça;956.184.327-73;2001-05-06;737;6814.45;PE;2024-12-12
1270;Ian Guerra;946.807.513-39;1967-03-23;470;3814.93;BA;2021-06-09
1271;Mateus Sousa;186.032.597-12;1999-11-26;534;3013.5;CE;2021-08-18
1272;Valentim Viana;031.876.459-84;1995-02-23;593;4435.52;SP;2024-01-27
1273;Valentim Costela;081.564.273-35;2000-03-03;850;7232.96;PE;2022-02-19
1274;Nicolas Sampaio;273.598.641-19;1963-12-14;454;3067.23;CE;2024-01-05
1275;Alana Pinto;497.862.351-00;1965-06-05;742;8024.44;MG;2021-12-03
1276;Daniel Guerra;547.986.312-64;1964-03-26;429;1552.08;BA;2023-12-02
1277;Mariane da Costa;278.149.365-19;1996-08-18;844;7141.61;GO;2021-08-27
1278;Mateus Cardoso;654.978.203-10;1978-03-10;515;4654.63;RS;2024-04-09
1279;Joaquim Machado;186.094.725-58;2006-11-10;303;2427.38;GO;2021-07-06
1280;Sr. Luiz Felipe Vargas;734.926.801-78;1991-12-23;659;6196.27;PE;2023-07-02
1281;Apollo Monteiro;651.980.273-59;1970-06-01;498;4069.69;SP;2023-07-18
1282;Laís Porto;490.627.385-83;1962-04-30;508;4319.38;MG;2023-11-18
1283;Joana Duarte;214.758.690-02;1991-03-18;512;3687.9;SC;2023-07-25
1284;Daniela Santos;493.802.176-50;1975-10-20;500;4651.14;CE;2021-04-29
1285;Srta. Isadora Pereira;268.974.351-55;1966-09-25;723;5549.38;PE;2023-08-05
1286;Luiz Fernando Cassiano;159.074.863-84;1985-04-09;624;3543.41;PR;2021-02-14
1287;Sr. João Felipe da Rosa;408.593.672-74;1968-10-30;584;4621.8;SC;2022-06-06
1288;Srta. Ana Carolina Fernandes;847.519.602-02;1972-10-05;850;5688.03;SP;2022-03-23
1289;Emanuel da Rosa;870.531.426-71;1960-01-19;795;7356.86;CE;2021-05-30
1290;Sr. Anthony Fogaça;610.475.832-08;1975-02-08;653;6982.62;SP;2023-05-18
1291;Davi Lucca Viana;280.913.657-21;1989-12-17;664;5701.16;BA;2024-12-05
1292;Sra. Juliana Azevedo;519.640.873-84;1981-10-24;613;6127.57;RJ;2024-01-14
1293;Apollo Gomes;498.012.375-97;1992-04-03;751;5382.32;SP;2021-05-22
1294;Olivia Oliveira;891.734.520-41;1978-04-03;461;3485.02;GO;2021-03-06
1295;Sr. Paulo Nunes;128.097.365-02;1990-08-31;523;4120.48;PR;2023-04-18
1296;Thales Cassiano;173.054.698-66;2004-07-10;768;5686.7;MG;2021-10-05
1297;Lorenzo Guerra;605.392.487-38;1986-09-26;614;4970.02;SC;2023-02-06
1298;Srta. Natália Andrade;062.398.751-12;1988-02-10;721;3521.11;SC;2023-07-08
1299;Alana Santos;297.680.415-01;1968-09-23;547;4587.28;SC;2023-02-09
1300;Sofia da Cunha;237.514.869-09;2004-12-02;764;5620.1;RJ;2024-10-30
1301;Maria Clara Monteiro;319.256.478-46;1968-03-14;394;3771.71;PE;2021-09-30
1302;Elisa Costa;743.286.950-29;1989-06-27;543;3154.33;BA;2021-08-31
1303;Srta. Rafaela da Costa;214.785.306-26;2006-08-14;545;4175.47;MG;2024-01-06
1304;Dr. Anthony Alves;058.371.294-05;1975-09-30;547;2170.43;SC;2023-12-20
1305;Sr. Murilo Rezende;469.580.213-98;1963-08-10;727;7090.88;MG;2022-04-02
1306;Theodoro Aparecida;187.359.642-19;1996-09-23;698;4446.31;SP;2021-02-16
1307;Dr. Josué Câmara;672.431.098-96;1959-12-28;595;4753.48;PR;2023-08-07
1308;Fernanda Melo;349.815.762-00;2004-11-20;691;6196.34;PE;2023-05-19
1309;Davi Lucas Melo;578.092.136-95;1962-09-19;531;4330.0;PE;2023-02-16
1310;Kamilly Borges;829.530.614-60;1960-12-03;674;6847.82;RS;2022-05-22
1311;Dra. Maria Clara Cirino;832.650.749-00;2008-04-16;704;6421.06;GO;2022-12-10
1312;Amanda Viana;023.451.678-07;1994-06-14;630;6450.46;MG;2022-07-19
1313;Joaquim Mendes;519.430.678-48;1990-12-08;669;4490.91;RS;2021-08-20
1314;Bárbara Garcia;089.415.672-11;1983-07-26;788;7001.9;SP;2024-09-14
1315;Ana Luiza Caldeira;203.816.549-15;1966-01-04;566;4048.51;SC;2024-06-13
1316;Gustavo Fonseca;574.601.823-62;1983-02-12;655;5703.18;SP;2022-05-08
1317;Alana Sampaio;941.720.658-30;1992-07-09;643;5455.31;RS;2021-05-18
1318;Benicio Nogueira;814.976.235-37;1995-07-31;823;7655.54;RJ;2024-05-01
1319;Murilo Santos;862.504.397-65;1990-02-15;642;6077.31;SP;2023-07-04
1320;Julia Andrade;810.396.472-78;1992-10-12;496;4365.93;CE;2024-10-08
1321;Theodoro Cassiano;642.853.701-07;2005-09-18;837;6477.95;SP;2022-05-17
1322;Bruna Rezende;140.725.869-94;1994-02-07;518;3491.91;SP;2023-04-04
1323;Emanuelly Fogaça;935.470.826-92;1988-01-26;489;3127.24;GO;2022-04-25
1324;Alana Cassiano;162.509.437-06;1985-10-09;575;3194.43;PE;2022-03-21
1325;Sophie Pinto;247.859.631-82;1962-01-15;621;5870.28;SP;2021-10-14
1326;Rael Aparecida;370.984.152-60;1993-08-10;511;5607.28;PE;2022-08-16
1327;Catarina Viana;426.935.170-52;1970-07-10;681;6478.58;RS;2024-03-25
1328;Jade Brito;315.296.487-00;1993-07-17;541;5182.53;BA;2024-03-28
1329;Maria Fernanda Leão;953.146.087-66;1960-01-24;488;4794.25;CE;2024-10-09
1330;Kaique Cassiano;329.418.076-40;1965-05-19;640;5673.25;BA;2022-05-01
1331;Srta. Elisa Mendes;325.746.809-10;1963-12-03;478;2928.93;PR;2021-10-21
1332;Calebe Gomes;149.702.685-76;1983-07-04;691;4579.65;PE;2022-03-29
1333;Nicole Cirino;890.473.125-97;2003-04-10;675;4032.86;SC;2022-09-08
1334;Vinícius Correia;016.934.528-98;2000-02-13;721;4535.48;PR;2021-05-05
1335;Catarina Teixeira;510.398.764-39;2001-08-20;686;6113.63;PE;2024-04-26
1336;Dr. Otávio Silveira;486.723.509-10;1997-11-02;536;4870.03;MG;2024-07-06
1337;Mateus Lopes;541.270.389-50;1999-02-16;651;4669.16;SC;2024-02-13
1338;Noah Macedo;169.274.058-01;1997-05-11;498;2021.37;GO;2021-04-07
1339;Sra. Isadora Teixeira;194.870.532-04;2001-12-22;661;3723.2;BA;2024-08-10
1340;Léo Viana;690.824.173-40;1956-11-18;631;4784.55;SC;2023-12-11
1341;Sr. Vinícius Fernandes;725.480.391-88;2002-08-13;701;5305.95;BA;2024-11-27
1342;Ana Carolina Ramos;347.659.021-61;1961-07-08;580;5371.87;SC;2023-04-17
1343;Antonella Moura;571.286.430-44;1956-10-07;660;5596.16;MG;2022-09-07
1344;André Pacheco;073.492.618-96;1976-01-25;676;3872.43;SC;2022-01-12
1345;Felipe Cassiano;128.957.304-23;2001-07-17;710;6292.47;PE;2023-08-28
1346;Benício Pastor;560.497.123-52;1957-01-02;497;3731.92;RS;2022-04-07
1347;Heitor Cunha;543.127.869-09;1973-06-03;615;4785.5;PR;2024-12-20
1348;Luísa Pinto;894.035.176-20;2004-12-24;660;6711.37;MG;2023-08-07
1349;Rafael Novaes;724.698.013-03;1990-09-08;749;4679.78;SP;2024-02-26
1350;Davi Moura;342.905.681-06;1996-08-13;694;6880.93;SC;2023-05-04
1351;Ayla Melo;543.268.710-08;1996-10-10;666;6418.98;PE;2023-12-22
1352;Vitória Garcia;139.256.704-16;2002-12-14;850;7823.71;MG;2023-03-07
1353;Sra. Maysa Campos;408.736.251-53;1997-09-03;649;6237.09;RS;2022-06-07
1354;Anthony Silva;795.314.682-73;1997-10-02;637;5119.9;RS;2022-11-08
1355;Ian Gonçalves;124.905.378-14;1996-07-29;577;6179.41;RJ;2023-07-11
1356;Vitória Costa;074.628.935-92;1957-05-07;521;5700.37;BA;2021-07-09
1357;Samuel Correia;629.153.748-64;1974-06-29;679;4032.69;PE;2022-01-26
1358;Henry Gabriel Camargo;725.843.609-00;1996-04-15;664;3211.97;SP;2022-07-04
1359;Rebeca Novais;318.029.567-86;2005-04-25;695;6445.23;SC;2024-10-11
1360;Emanuel Machado;517.896.243-55;1964-02-03;548;4507.55;CE;2024-05-19
1361;Stella Costa;367.018.529-12;1983-06-29;850;6294.25;SP;2021-05-30
1362;Emilly Silva;752.896.134-55;2002-12-30;492;5417.66;RS;2024-04-18
1363;Guilherme Casa Grande;435.160.298-89;1968-01-22;850;6803.7;PE;2022-03-21
1364;Vitor Gabriel Costela;134.825.607-90;1961-11-09;741;7269.48;GO;2022-03-04
1365;Melissa Vieira;047.589.136-84;2008-07-06;530;3754.69;BA;2022-09-13
1366;Noah Alves;917.508.263-21;1974-06-17;767;7821.01;SP;2022-03-10
1367;Sr. Lorenzo Moura;341.962.857-91;1973-11-20;687;4616.19;RS;2021-08-29
1368;Dra. Melina da Mota;625.817.493-00;2002-11-13;850;6269.03;GO;2022-05-12
1369;Maria Flor Andrade;278.430.156-71;1983-10-26;579;4974.34;CE;2024-12-12
1370;Rhavi Rios;456.298.130-05;1971-03-23;806;7301.98;RS;2023-03-24
1371;Bella Peixoto;157.308.462-07;1994-01-26;669;5815.29;RS;2024-02-05
1372;Eloah Marques;740.516.283-53;2007-02-26;625;5558.14;BA;2022-08-03
1373;Matteo Mendes;249.173.650-07;1968-03-13;316;2231.39;SC;2023-08-13
1374;Arthur Gabriel Pinto;018.493.657-84;1966-02-07;648;4032.99;PE;2024-08-21
1375;Sra. Yasmin Silveira;186.372.549-00;1996-12-24;666;5123.53;BA;2022-09-24
1376;Noah Barros;264.173.580-62;1976-02-01;830;8213.02;PR;2023-01-07
1377;Stephany Sá;827.354.901-14;1957-04-23;564;4361.16;PE;2023-10-16
1378;Levi Cavalcanti;405.876.239-00;1999-06-22;611;4436.34;GO;2021-07-21
1379;Apollo Castro;954.328.176-91;1988-01-04;643;4385.72;GO;2022-10-18
1380;Srta. Lorena Caldeira;712.436.590-25;1982-07-27;484;4494.71;RS;2023-01-30
1381;Amanda Gonçalves;368.547.129-55;1987-04-30;695;4755.68;BA;2023-04-28
1382;Vitor Gabriel Rezende;459.172.836-64;1974-01-27;727;5184.42;SP;2024-02-27
1383;Sofia Cassiano;524.369.810-51;1980-05-09;650;6020.34;RS;2021-10-26
1384;Léo da Mata;812.769.450-94;1993-02-07;615;5374.74;SP;2022-06-19
1385;Maria Helena Gomes;123.695.087-95;1994-04-24;558;4267.53;PE;2024-04-11
1386;Alícia Cavalcanti;145.632.790-99;1957-05-06;595;4013.42;CE;2023-05-06
1387;Carlos Eduardo Vasconcelos;815.723.946-09;1988-04-08;598;3235.38;PR;2021-11-09
1388;Daniel Barros;059.174.268-30;1966-04-14;561;4203.12;RS;2022-11-07
1389;Anna Liz Moreira;706.598.413-39;1989-07-17;589;4470.5;RS;2023-02-17
1390;Sr. Bento Sá;231.978.605-86;1964-11-14;612;5375.44;CE;2022-05-19
1391;Lunna Dias;657.043.291-52;2007-11-06;724;5142.23;GO;2024-02-02
1392;Anna Liz Souza;624.193.508-98;1965-12-03;475;2757.96;BA;2022-06-12
1393;Henry Gabriel Almeida;872.536.490-10;1957-01-22;561;4136.08;GO;2024-08-07
1394;Vinícius Fonseca;378.926.154-82;2000-11-29;527;2919.88;GO;2023-08-02
1395;Vicente Aragão;314.862.095-05;1982-02-16;565;4701.43;MG;2022-12-23
1396;Agatha Moraes;472.503.986-10;1979-08-17;691;4970.58;MG;2021-10-14
1397;Diego Garcia;621.358.904-05;1976-10-24;570;3633.3;PE;2023-09-28
1398;Levi Siqueira;804.765.219-20;1985-03-08;616;4079.57;MG;2024-01-16
1399;Bryan Novais;629.847.013-13;1993-10-14;688;3718.13;SP;2023-12-10
1400;Erick da Cruz;083.671.942-50;1960-01-15;576;4909.11;SP;2021-06-02
1401;Maria Liz da Rosa;967.538.120-59;1993-04-18;642;7829.03;SP;2021-01-14
1402;Ana Júlia Sá;352.684.079-29;1998-07-24;661;4283.95;SC;2021-10-09
1403;João Abreu;392.168.045-05;1970-07-06;608;3087.75;RS;2021-05-20
1404;Marina da Cruz;810.439.625-06;1997-10-25;610;4046.94;MG;2021-01-19
1405;Ravi Lucca Pires;859.613.420-42;2007-04-18;729;5282.46;RS;2023-11-02
1406;Sra. Luana Cassiano;123.986.470-13;1971-08-11;605;4204.44;GO;2023-02-04
1407;Vitor Hugo Leão;973.241.680-78;2001-09-14;828;6302.76;SP;2024-06-19
1408;Luiz Fernando da Rosa;904.183.762-04;1960-09-09;839;7526.15;CE;2023-09-17
1409;João Pedro Viana;375.014.629-25;1988-05-03;677;5784.73;GO;2021-02-02
1410;Dr. Liam Rodrigues;634.297.518-37;2001-06-02;667;3408.33;SP;2023-12-26
1411;Lucas Gabriel Guerra;145.236.087-17;1965-05-20;586;5533.16;PE;2023-04-23
1412;Nina Castro;790.836.152-86;1998-10-27;614;3506.81;SP;2021-02-04
1413;Maria Liz Garcia;854.213.706-07;1968-11-08;613;6608.11;PE;2022-07-17
1414;Vicente Camargo;917.263.458-82;1965-02-08;769;6090.0;PE;2022-08-11
1415;Nicolas Moraes;685.497.320-10;1995-02-27;734;5505.49;SP;2023-10-26
1416;Lucas Gabriel Barbosa;239.170.856-40;1998-01-04;415;2395.53;SC;2022-01-03
1417;Letícia Dias;304.879.615-01;1990-01-18;807;6182.01;RJ;2021-07-17
1418;Fernanda da Conceição;205.183.497-05;2005-11-01;590;4420.16;PE;2021-11-01
1419;Srta. Yasmin Gonçalves;584.912.376-82;1983-12-30;848;8409.96;RS;2022-01-29
1420;Augusto Oliveira;814.956.273-73;1991-02-08;850;6640.95;CE;2023-12-15
1421;Stella Almeida;495.078.613-00;1990-12-28;655;3723.36;PR;2022-12-27
1422;Sra. Carolina Abreu;635.704.829-10;1980-07-02;797;5208.22;PR;2023-03-24
1423;Maria Julia da Paz;856.917.240-02;1999-11-20;646;4070.7;RJ;2023-02-04
1424;Ísis Viana;309.614.857-01;1959-05-27;549;3554.74;SC;2023-07-30
1425;Nina Pereira;698.120.543-24;1968-06-04;547;3836.88;CE;2022-05-14
1426;Luna Mendonça;129.687.350-12;1979-09-14;554;5265.33;RS;2022-09-07
1427;Isabella Lima;248.790.153-50;1992-07-08;487;4116.54;RJ;2024-08-31
1428;Ágatha Freitas;176.495.082-85;1984-02-05;766;5614.8;SP;2021-07-11
1429;Dr. Pedro Miguel Cirino;841.720.396-69;1990-11-29;533;4033.48;SC;2023-02-16
1430;Vitor Monteiro;968.340.572-00;2000-07-31;761;6282.11;SC;2024-02-06
1431;Caleb Rocha;691.324.857-19;1964-01-26;556;4931.88;GO;2021-04-25
1432;Nicole Aragão;084.139.257-97;1998-09-21;487;4577.36;SP;2024-12-10
1433;Alexandre Araújo;647.281.309-40;1990-09-25;669;5044.19;MG;2021-06-19
1434;Ana Carolina Viana;153.928.074-88;1996-10-10;519;3265.32;GO;2023-06-08
1435;Arthur Miguel Sampaio;463.275.901-52;2001-10-02;684;6700.98;BA;2024-03-04
1436;Nina da Costa;261.309.758-21;2007-12-26;543;4802.39;RJ;2023-12-18
1437;Anthony Gabriel Câmara;945.627.103-06;1986-06-30;369;2367.38;SP;2022-04-16
1438;Yuri Barros;347.652.890-10;1997-02-21;616;4018.32;RS;2024-11-18
1439;Thomas Souza;461.359.287-91;1988-07-17;507;3388.22;CE;2023-09-01
1440;Sr. Oliver Novais;892.047.613-69;1991-05-26;655;5052.67;PR;2021-04-06
1441;Samuel da Cunha;605.491.738-20;2002-11-25;351;800.0;RJ;2024-11-02
1442;Kamilly Costela;327.891.064-87;1971-05-02;547;4833.69;PR;2024-01-18
1443;Julia Cavalcante;942.153.870-60;2001-03-25;300;1900.27;CE;2024-09-09
1444;Vinícius Ferreira;387.624.051-44;1966-11-27;556;5836.34;SP;2022-01-03
1445;Murilo Pacheco;326.501.749-43;1965-06-03;573;4966.99;BA;2021-02-02
1446;Elisa Rios;853.417.960-39;1985-04-30;636;2957.43;RS;2024-04-17
1447;Diogo Rezende;245.793.016-25;1989-03-26;712;5911.4;MG;2024-12-30
1448;Dr. Alexandre Albuquerque;563.819.720-68;1991-06-11;680;9366.24;SC;2021-06-07
1449;Luiz Felipe Barros;154.068.297-85;1995-01-25;369;4676.7;PR;2021-11-29
1450;Pedro Miguel Costela;781.429.650-11;1959-05-06;585;4967.33;CE;2022-05-08
1451;Helena Albuquerque;392.564.017-70;1995-08-04;614;4487.76;CE;2023-03-08
1452;Heitor Jesus;865.471.032-26;2005-08-19;551;4737.51;PE;2022-11-11
1453;Pedro Lucas Leão;148.590.627-01;1975-01-08;437;4246.58;SC;2021-10-14
1454;Mirella Machado;023.981.465-70;2005-06-21;570;3429.93;RJ;2023-10-23
1455;Laura Duarte;842.753.169-91;1991-05-30;565;5777.15;BA;2021-04-20
1456;Yasmin Araújo;194.825.603-70;1968-04-12;555;4798.45;RJ;2023-06-15
1457;Maria Clara Santos;486.523.709-74;1958-04-16;532;5013.92;RS;2021-06-05
1458;Olívia Nunes;259.083.764-00;1984-04-13;702;7464.61;BA;2024-05-24
1459;Manuella Costa;942.506.387-74;1985-09-09;598;5452.65;CE;2024-05-04
1460;Carlos Eduardo Souza;583.691.420-60;1982-09-09;631;6343.87;SC;2022-10-31
1461;Mariane Fernandes;806.794.153-00;1999-04-21;533;5009.01;SP;2024-07-22
1462;Sr. Felipe Jesus;498.521.637-28;1998-10-18;596;4703.81;PR;2023-07-12
1463;Isabel Montenegro;761.053.982-12;2000-01-20;631;5300.24;GO;2022-04-13
1464;José Miguel Ferreira;104.725.639-80;1961-01-20;606;5062.71;BA;2024-02-07
1465;Theo Rios;861.743.052-44;2001-10-12;809;7457.45;SC;2023-06-04
1466;Lavínia da Cruz;364.180.579-10;1973-08-28;724;5336.46;MG;2024-10-24
1467;Valentina Fogaça;619.074.832-50;1971-12-11;513;5059.3;CE;2024-09-15
1468;Dra. Bianca Pacheco;974.580.623-47;1966-05-21;725;7272.67;SC;2021-06-25
1469;Ana Moraes;370.651.429-06;1979-05-07;547;4146.45;CE;2022-08-28
1470;Srta. Ana Cecília Silva;752.860.941-20;1971-11-22;423;2991.53;RS;2024-12-31
1471;Luiz Henrique Rodrigues;174.329.568-55;1997-11-15;739;5445.5;RJ;2021-06-18
1472;Vitória da Mota;264.198.750-30;2006-04-17;696;5377.5;PR;2021-11-12
1473;Isaque Teixeira;531.728.640-90;1985-08-09;658;4116.31;SC;2024-12-28
1474;Hadassa Sales;587.162.409-01;1995-01-14;630;2048.86;MG;2023-03-09
1475;Marcos Vinicius Lima;623.945.710-80;1963-08-31;597;3145.53;BA;2023-01-09
1476;Ana Julia da Mata;413.976.082-69;1998-07-06;764;6889.41;RJ;2021-07-07
1477;Dom Farias;089.147.562-11;1984-12-15;676;6929.01;SP;2022-09-24
1478;Alícia Cavalcante;247.391.580-60;1983-02-24;506;5795.36;GO;2023-01-08
1479;Alice Macedo;693.857.104-00;1993-12-29;731;5611.44;PR;2021-07-29
1480;Laís da Mata;539.016.284-60;1956-06-06;756;4941.71;MG;2021-06-28
1481;Arthur Miguel Sampaio;507.812.394-60;1967-12-08;521;3559.41;MG;2023-06-02
1482;Srta. Ágatha Moura;068.371.524-08;1997-10-21;556;3391.44;GO;2024-02-15
1483;Ana Liz Martins;362.149.587-82;1971-10-03;766;5869.15;PE;2023-11-16
1484;Breno Borges;216.849.530-06;1978-05-02;662;4725.65;SC;2021-07-31
1485;Paulo Gomes;923.540.186-06;1982-07-19;401;3478.06;SP;2021-07-03
1486;Sra. Letícia Machado;836.701.254-26;1979-12-07;390;3051.37;BA;2024-02-10
1487;Sr. João Miguel Rezende;860.725.394-83;1983-10-09;455;5627.28;RJ;2024-05-07
1488;Rael Vargas;960.841.275-76;1992-05-18;729;5937.75;CE;2022-10-27
1489;Dr. Igor Costela;825.706.914-02;2000-03-12;771;5321.68;SC;2021-01-26
1490;Emanuel da Cruz;972.061.358-03;2007-09-05;685;5679.81;PR;2023-04-28
1491;Breno Macedo;340.629.517-70;1974-05-28;651;6480.35;SC;2021-06-23
1492;Valentina Pimenta;234.780.156-26;1997-06-14;707;5944.72;PE;2022-05-13
1493;Renan Mendonça;180.295.736-77;1999-11-13;421;2407.95;CE;2023-12-04
1494;João Gabriel Ferreira;649.738.025-65;1975-06-06;605;4933.37;MG;2024-11-04
1495;Maria Marques;340.291.856-06;1966-01-12;484;6283.68;SC;2021-12-14
1496;Catarina Sousa;612.549.078-58;1981-01-24;801;7010.12;MG;2022-07-05
1497;Stella Farias;396.180.274-22;1956-06-18;628;4811.79;PR;2022-07-04
1498;Luiz Miguel Sampaio;263.510.748-35;1961-06-20;505;4117.48;GO;2021-10-26
1499;Isabela Vargas;675.940.231-61;2008-02-05;650;3958.24;RJ;2021-12-09
1500;Sr. Pietro Novais;169.358.427-19;1957-10-23;660;5124.74;SC;2022-07-20
1501;Sr. Liam Aragão;506.913.742-52;1960-02-07;391;2267.61;SC;2022-09-06
1502;Samuel Peixoto;154.738.906-01;1956-05-12;570;6447.69;GO;2021-06-07
1503;Laura Albuquerque;740.938.125-60;1970-10-06;686;4152.52;BA;2022-05-31
1504;Léo Pires;430.716.982-40;1955-08-05;678;3876.7;RS;2024-07-04
1505;Maria Helena Carvalho;276.905.431-70;1988-03-30;749;5520.88;GO;2024-05-01
1506;Isabella Brito;473.958.210-41;1994-06-16;608;6189.8;CE;2022-02-05
1507;Dr. Mateus da Conceição;230.957.684-00;1960-06-14;465;2322.88;GO;2021-08-08
1508;Valentim Monteiro;913.860.524-42;1969-02-27;549;5430.38;MG;2022-09-16
1509;Alexia Nascimento;471.569.203-16;1999-05-17;437;800.0;SP;2023-03-22
1510;Matheus Abreu;741.953.082-32;1992-08-08;565;5071.74;BA;2024-06-24
1511;Maria Helena Silva;924.765.810-11;1987-05-04;764;5648.84;SC;2022-11-06
1512;Ana Júlia Almeida;819.206.745-94;2004-04-13;570;5713.9;GO;2022-11-17
1513;Maria Luísa da Rosa;134.950.268-51;1961-10-02;395;2771.48;SC;2024-08-26
1514;Mariana Aragão;391.254.687-82;1985-05-24;642;5585.22;CE;2021-10-06
1515;Luan Porto;162.385.479-28;1996-05-02;558;4498.44;PR;2022-10-19
1516;José Caldeira;745.630.829-29;1971-07-14;321;1909.75;CE;2024-11-24
1517;Renan Silva;635.472.801-17;2006-04-10;674;4409.71;RS;2023-09-09
1518;Olivia Lima;608.549.721-02;1983-04-26;627;5462.87;BA;2021-12-30
1519;Ana Carolina Fogaça;065.138.297-12;1977-01-23;578;4794.46;SC;2022-10-16
1520;Rafaela da Cruz;521.674.809-11;1979-09-29;504;3825.39;PR;2024-11-24
1521;João Pedro Costa;839.451.267-46;1987-09-19;693;5700.97;GO;2024-03-25
1522;Liz Cunha;768.452.913-73;2005-01-07;549;4616.22;RS;2022-10-30
1523;Isadora Peixoto;374.629.185-28;1999-05-14;705;3590.06;SC;2022-07-29
1524;Aylla Carvalho;987.514.602-11;1971-06-09;759;5735.75;SC;2023-01-18
1525;Emanuella da Cruz;485.130.267-35;1983-04-03;671;6565.25;RJ;2024-02-29
1526;Srta. Bianca Cavalcanti;830.561.429-89;1988-07-09;455;2930.56;RS;2024-04-27
1527;Davi Lucas Cardoso;570.139.268-68;1989-06-13;585;3896.25;PE;2022-01-04
1528;Sra. Eloah Ferreira;507.891.634-20;1999-05-11;828;5767.23;PE;2021-02-25
1529;Sra. Helena Aparecida;205.719.368-30;2006-10-02;553;4628.39;GO;2024-12-21
1530;Luigi Montenegro;536.084.179-66;1975-03-14;475;3404.32;RS;2023-06-17
1531;Vitória Pimenta;658.172.943-46;1972-11-06;658;4931.14;PR;2024-11-19
1532;Manuella Câmara;107.283.965-21;2004-07-12;608;4334.67;RJ;2023-04-18
1533;Sra. Aylla Sampaio;981.504.327-79;1967-09-15;438;3825.59;GO;2021-10-13
1534;Breno Santos;306.421.859-05;1976-10-07;830;6658.4;PR;2022-05-11
1535;Jade Martins;438.956.120-06;1981-11-22;647;5868.72;PR;2024-09-10
1536;Srta. Heloísa Porto;327.168.905-95;1978-05-16;467;5438.51;MG;2023-05-17
1537;Ravi Lucca Lopes;315.826.947-37;1976-02-23;644;6783.86;SC;2021-06-01
1538;Thomas Rezende;501.283.479-88;1993-03-26;532;6074.06;GO;2024-05-09
1539;Luiza Moraes;739.156.028-68;1976-08-24;713;6257.04;GO;2024-04-07
1540;Joana Leão;896.453.702-56;1989-07-17;648;4935.47;SC;2023-12-31
1541;Sara Aparecida;418.563.279-73;1977-10-10;764;6252.36;PE;2024-11-17
1542;Henrique Santos;819.532.647-19;1965-04-08;383;1946.81;SC;2024-01-19
1543;Dr. Rael Garcia;453.286.017-26;1969-03-30;597;5086.0;SP;2023-01-07
1544;Ana Carolina Sales;783.412.569-91;1994-01-17;613;6122.97;PE;2024-05-01
1545;Yuri Silva;592.163.807-21;1987-09-08;385;3223.59;RJ;2021-08-12
1546;Ana Laura Fonseca;678.409.253-83;1994-11-24;401;3967.71;RS;2024-09-08
1547;Ana Ramos;836.190.724-69;1990-11-09;608;5283.61;BA;2021-12-07
1548;Eduarda Sousa;583.214.976-91;1993-12-27;516;5407.46;CE;2021-04-01
1549;Gustavo Henrique Andrade;842.173.596-91;2007-05-30;745;6543.54;CE;2024-08-14
1550;Davi Miguel Jesus;217.659.840-76;1979-07-07;604;5411.86;SC;2022-11-11
1551;Lucas Gabriel Silva;862.957.014-85;1999-09-14;535;5135.56;SC;2021-08-05
1552;Lorenzo da Luz;978.014.526-58;1965-10-03;817;7606.61;SP;2021-07-21
1553;Isaac Rios;724.865.310-17;1971-06-17;532;4617.42;PR;2022-03-31
1554;Maria Luísa Cavalcante;568.032.149-15;2002-10-07;464;4284.39;PE;2023-11-29
1555;Luiz Felipe Aragão;412.350.786-71;1981-10-27;674;3522.18;PE;2024-04-03
1556;Yuri Mendonça;506.931.482-33;2008-04-25;480;3556.86;CE;2022-03-29
1557;Marcelo da Mata;713.092.546-99;1980-11-14;583;3454.52;GO;2023-02-06
1558;Erick Campos;327.016.849-78;1982-05-28;666;5579.47;SC;2023-08-07
1559;Kaique Andrade;584.396.217-28;1988-06-28;596;4012.21;CE;2024-11-15
1560;Nathan Machado;178.065.423-53;1982-08-22;745;7615.41;PE;2021-11-05
1561;Ana Castro;613.089.245-42;1979-08-03;561;3875.83;BA;2021-02-20
1562;Sr. Raul Rocha;194.083.276-40;1965-11-22;678;5065.97;GO;2021-08-03
1563;Rafaela Barbosa;349.210.765-61;1998-05-05;603;5563.65;PR;2023-05-02
1564;João Vitor Melo;670.235.198-40;1990-06-22;390;4438.3;RJ;2021-08-26
1565;Bella Costela;981.204.573-23;1991-04-06;628;4612.51;MG;2022-12-15
1566;Alexia Moraes;586.471.093-84;1966-02-20;609;4834.43;PR;2022-12-04
1567;Rhavi Cardoso;328.675.104-90;1981-07-21;412;4790.94;GO;2022-02-28
1568;Emanuelly Albuquerque;124.378.590-04;1998-09-15;624;5435.0;PE;2023-09-17
1569;Eloah Leão;379.104.685-39;1998-12-01;734;4850.84;BA;2023-09-03
1570;Anna Liz Oliveira;421.578.963-09;1972-01-04;676;5140.36;RJ;2023-06-17
1571;Lívia Fernandes;819.063.475-57;1977-07-29;721;3640.77;GO;2022-10-16
1572;Henry Gabriel da Conceição;182.704.965-02;1971-11-01;608;4261.18;RJ;2022-09-07
1573;Davi Lucas Fernandes;930.642.587-29;2007-07-19;671;5838.04;SP;2024-12-26
1574;Srta. Evelyn Camargo;608.134.529-70;1974-10-28;535;3567.83;RJ;2021-02-16
1575;Dra. Sara Almeida;207.895.416-02;2003-07-22;606;3951.36;BA;2024-08-20
1576;Sr. Brayan Vargas;174.536.820-53;1984-03-27;721;5398.79;RJ;2024-10-18
1577;Maria Júlia Câmara;230.819.765-02;1984-05-21;300;2025.18;MG;2022-05-15
1578;Emilly Macedo;186.507.243-53;1964-06-23;495;2328.72;PE;2021-12-24
1579;Lorenzo Oliveira;276.085.349-74;1960-02-01;471;3877.41;PE;2021-11-24
1580;Dr. Thales da Mata;482.657.193-37;1995-02-01;779;6545.18;BA;2024-02-21
1581;Dra. Maria Luísa Aparecida;503.649.721-06;1966-06-01;547;4831.9;SC;2023-08-05
1582;Joana Silva;463.950.712-70;1982-08-24;564;3817.4;RS;2023-04-10
1583;Dante da Conceição;407.286.395-56;1988-11-26;481;2096.17;MG;2022-01-17
1584;Maya Pacheco;970.368.254-56;2000-02-14;573;4742.05;SC;2023-03-22
1585;Sabrina Sousa;928.160.457-49;1963-05-14;608;4448.03;SP;2024-06-11
1586;Leandro Nogueira;546.810.972-76;1978-09-23;506;4656.25;RS;2023-07-10
1587;Melissa Mendonça;071.634.289-87;1968-02-28;461;4464.03;CE;2023-05-30
1588;Diego da Costa;812.439.765-19;1995-05-26;499;3239.56;SC;2021-01-10
1589;Oliver Costela;761.320.594-07;1995-06-02;443;3042.6;RS;2022-02-26
1590;Esther Costela;782.109.645-85;1958-09-04;737;6411.63;PR;2024-12-12
1591;Gabriela Andrade;670.314.895-39;1998-10-21;737;6418.14;RJ;2024-03-28
1592;Sr. Marcelo Sousa;542.968.307-83;1956-08-24;487;3565.21;RJ;2024-01-05
1593;Dr. Erick Melo;271.498.650-11;2000-09-02;526;5538.57;MG;2023-01-20
1594;José Câmara;975.201.843-23;1964-12-18;476;4701.7;BA;2022-02-08
1595;Liam Jesus;412.608.793-13;1960-06-13;727;7645.62;GO;2021-08-22
1596;Maria Isis Cassiano;614.825.703-35;1968-07-27;570;5272.32;PR;2024-10-05
1597;Luiz Gustavo Cardoso;713.209.856-02;1972-10-10;850;6182.36;GO;2023-12-17
1598;Eloah Cassiano;210.796.845-49;1991-10-06;435;1599.99;BA;2024-05-07
1599;Vinicius Nascimento;721.365.984-73;1977-02-01;705;3756.85;SC;2024-06-05
1600;Isabella Cardoso;953.420.618-06;1983-09-21;575;5037.31;SC;2024-04-17
1601;Dr. Luiz Felipe Santos;649.180.352-05;1966-01-18;642;5561.44;RJ;2022-12-14
1602;Valentina Silveira;951.784.203-14;1995-08-10;646;6446.87;BA;2023-07-27
1603;Bryan Pires;695.743.821-09;1967-05-31;505;3363.0;CE;2021-12-20
1604;Benício Sá;623.794.851-19;1976-01-03;527;5046.19;PR;2024-06-12
1605;Bella Casa Grande;508.679.314-93;1977-04-24;728;6275.23;CE;2021-06-23
1606;Oliver Sousa;985.043.712-04;2000-08-30;762;4917.96;MG;2022-10-04
1607;Joana da Mota;084.327.561-80;2006-02-27;820;8083.24;RJ;2022-05-04
1608;Eduardo Ferreira;634.075.129-61;1978-03-20;708;7445.8;PR;2021-08-28
1609;Srta. Ana Clara Pereira;082.961.357-95;1984-07-16;421;2843.55;MG;2023-02-04
1610;Cecilia Gomes;584.370.129-88;1996-01-29;531;4969.48;MG;2023-11-13
1611;Ana Julia Araújo;874.396.021-96;1983-11-22;493;4701.5;SC;2023-05-07
1612;Nathan da Rocha;634.819.502-33;1973-10-22;784;6967.2;CE;2021-10-10
1613;Maria Flor Almeida;925.873.614-19;1965-06-05;654;4244.13;CE;2023-02-25
1614;Maria Luiza Machado;571.239.486-37;1969-02-25;518;5393.62;SC;2022-01-16
1615;Valentim das Neves;435.890.271-50;1967-06-08;713;5664.98;GO;2024-07-25
1616;Dr. Henrique Peixoto;589.742.160-94;1975-05-19;569;2526.19;PE;2024-11-21
1617;Oliver da Mata;721.369.805-21;1972-09-30;491;5839.42;MG;2024-02-11
1618;Pedro Miguel Costela;769.840.153-75;1996-03-01;466;3917.48;MG;2023-09-30
1619;Maria Vitória Machado;056.412.937-25;1980-11-05;740;4665.08;PR;2021-10-15
1620;Hellena Pereira;247.386.509-47;1962-07-23;642;6073.92;MG;2022-10-07
1621;Laura Viana;743.526.908-56;2002-12-02;621;7836.4;GO;2024-06-22
1622;Luiz Gustavo Cavalcanti;107.264.358-80;1991-09-26;419;4410.73;SP;2023-01-06
1623;Theodoro Nascimento;418.572.960-01;1992-09-19;599;5563.92;SP;2023-09-20
1624;Ana Vitória Cunha;732.815.046-71;1967-03-03;672;4642.84;MG;2022-02-04
1625;Theo Ribeiro;061.253.487-17;2006-01-10;647;3318.1;SC;2024-02-25
1626;Gustavo Henrique Fogaça;316.584.092-05;1959-01-10;692;5834.16;PE;2024-08-30
1627;Natália Ferreira;602.987.134-03;1963-11-15;696;6626.12;GO;2023-04-18
1628;Yuri Nogueira;867.540.321-62;1999-04-20;664;5460.09;GO;2023-05-02
1629;Bernardo Pacheco;810.653.729-30;1972-10-31;514;3399.78;GO;2023-09-28
1630;Alana Fonseca;423.107.569-70;1995-10-06;762;7532.34;MG;2021-06-19
1631;Aurora Casa Grande;581.074.623-35;1988-08-18;591;4774.0;CE;2021-03-05
1632;Gabriela Silva;102.976.548-02;2002-09-03;511;5260.76;RS;2022-08-22
1633;Maria Alice Farias;658.214.079-58;1962-12-09;699;7533.22;SP;2022-07-17
1634;Ana Julia Rios;418.930.657-66;1982-09-20;514;3733.99;RS;2024-01-07
1635;Fernando da Rosa;129.650.437-99;1970-02-02;647;5822.49;PR;2021-12-11
1636;Dra. Melina Machado;702.348.169-96;1996-08-21;594;3879.04;GO;2024-03-04
1637;Nathan Siqueira;820.731.469-96;2005-07-31;725;6521.14;GO;2024-01-31
1638;Dra. Rafaela da Conceição;835.960.241-70;1963-09-23;510;5435.44;PE;2021-08-20
1639;Isis Teixeira;276.548.301-90;1957-08-15;760;6214.3;CE;2021-08-22
1640;Nina Nogueira;746.398.102-96;1975-01-14;629;5586.06;PR;2024-01-18
1641;Mathias Farias;135.624.879-91;1993-09-07;516;4158.03;BA;2024-01-16
1642;Sr. Leonardo Fonseca;304.892.176-13;2006-01-15;361;3764.46;SP;2023-06-23
1643;Gael Henrique da Mota;185.496.037-75;1966-10-02;432;4959.42;PE;2022-03-24
1644;Sr. José Fonseca;361.579.840-66;1999-03-18;580;4428.33;SC;2021-07-29
1645;Srta. Eduarda Santos;127.938.546-46;1958-09-08;544;4063.96;RS;2022-09-02
1646;Lorenzo Pacheco;465.917.023-34;1998-12-16;790;3832.19;SP;2023-07-11
1647;Clara Costa;098.256.314-06;1964-03-02;773;6522.02;PR;2022-12-15
1648;Allana Novaes;685.021.794-11;1973-11-17;475;2724.69;RJ;2023-06-19
1649;Bruno Pimenta;652.983.017-03;1973-11-19;821;5622.49;RJ;2022-05-01
1650;Apollo Vargas;639.824.157-64;2006-06-24;481;4985.31;RS;2024-04-19
1651;Valentina Vasconcelos;724.901.583-41;1976-05-10;660;4342.07;BA;2024-12-26
1652;Dr. Yan da Paz;908.563.472-56;1963-11-07;645;4134.25;CE;2024-07-19
1653;Otávio Cardoso;420.785.931-41;1978-10-31;752;7077.37;SC;2021-12-06
1654;Kamilly Araújo;762.581.390-86;1992-08-11;683;5825.66;CE;2021-10-13
1655;Dr. Pedro Henrique Montenegro;461.573.092-61;1971-08-06;831;6647.69;RS;2022-02-28
1656;Caleb Costela;314.906.582-89;1999-12-17;478;4273.47;SP;2024-03-13
1657;Mariana da Cruz;186.052.347-17;1971-04-11;850;5785.24;BA;2023-12-27
1658;Caleb Almeida;728.915.403-79;1974-11-22;576;5024.45;PR;2024-05-07
1659;Sra. Maya Marques;345.782.901-23;2006-09-17;613;3921.7;PE;2021-12-11
1660;Pedro Lucas Camargo;379.486.051-93;1957-09-22;754;8352.04;BA;2024-12-12
1661;Renan Barbosa;730.826.419-03;2006-06-11;643;4239.93;PR;2022-08-16
1662;Luísa Freitas;673.419.528-73;1968-09-06;434;3729.98;CE;2022-07-02
1663;Oliver Cassiano;619.245.780-85;1995-09-21;752;6491.17;PE;2024-10-23
1664;Ravy Casa Grande;053.176.284-07;1979-09-28;619;4362.73;RJ;2021-10-05
1665;Jade Casa Grande;975.801.463-39;1958-03-04;488;4738.75;SC;2021-05-02
1666;Beatriz Rezende;157.490.623-25;1956-03-12;729;4286.27;PR;2024-09-05
1667;Marcos Vinicius Pereira;450.871.239-88;1978-01-04;810;7054.07;MG;2024-12-07
1668;João Novais;521.978.460-94;2001-08-24;787;4953.87;MG;2022-05-27
1669;Asafe Casa Grande;371.284.506-53;2007-12-09;456;3499.03;MG;2024-12-27
1670;Clarice da Mata;691.327.850-03;1990-12-02;680;7236.36;BA;2022-05-22
1671;Manuella Albuquerque;479.253.810-60;1962-05-28;704;5389.32;SC;2023-09-30
1672;Nina Pacheco;423.907.651-06;2006-03-08;496;5198.0;MG;2024-03-28
1673;Rael Cirino;935.806.471-48;1992-04-27;504;5660.47;PR;2024-07-09
1674;Maria Helena Barbosa;631.724.805-26;1994-06-02;585;6270.58;SC;2023-02-08
1675;Vitor Gabriel Farias;971.635.048-10;1975-03-01;701;5471.0;GO;2021-06-04
1676;Pedro Lucas Novaes;032.851.746-17;1979-09-09;557;4115.09;RJ;2023-04-06
1677;Ágatha Viana;627.094.153-99;1994-02-14;671;5445.16;PE;2022-07-24
1678;Davi Lucas Novaes;817.629.340-78;2001-04-10;548;4218.37;BA;2023-07-21
1679;João Gabriel Moura;627.308.954-00;2002-09-19;629;2903.27;GO;2022-11-02
1680;Sarah Borges;704.812.596-94;1963-10-12;674;4412.28;CE;2021-01-06
1681;Ísis Vieira;418.607.235-35;2008-03-14;481;2160.66;RJ;2023-07-28
1682;Pedro Henrique Casa Grande;765.983.021-02;1979-08-11;404;1876.55;BA;2021-05-10
1683;Ana Beatriz Nunes;728.916.043-69;2007-10-12;534;6225.26;PE;2023-03-26
1684;Erick Montenegro;105.328.769-03;1986-12-15;556;4625.75;RS;2023-05-30
1685;Antônio Fernandes;123.854.960-89;1965-10-10;668;5475.07;RS;2023-10-11
1686;Elisa Novais;904.157.236-80;1982-03-20;610;3684.71;PR;2022-10-24
1687;João Lucas da Paz;160.978.243-78;1990-11-05;794;8159.2;PR;2022-11-23
1688;Sra. Marcela Cassiano;612.594.870-67;1959-11-04;418;2319.97;PE;2024-03-29
1689;Isaac Sousa;465.197.832-00;1972-12-24;586;3723.46;MG;2024-03-05
1690;Benjamin Cavalcante;754.086.913-57;1959-06-28;680;4711.73;GO;2022-12-05
1691;Rhavi Gomes;297.580.614-02;2007-08-15;850;7990.55;SP;2021-04-05
1692;Ana Lívia da Rosa;286.193.450-60;1967-11-08;645;6186.99;RJ;2024-07-06
1693;Leandro Pinto;538.479.012-14;1977-09-09;752;5452.05;GO;2021-02-03
1694;Giovanna Rocha;619.047.283-40;1983-08-27;522;4254.14;RJ;2021-11-20
1695;Caleb Porto;824.657.391-82;1956-10-05;723;5923.06;GO;2023-07-24
1696;Dante Fernandes;947.103.582-14;1975-10-28;430;2637.18;SP;2023-05-27
1697;Ísis Casa Grande;076.529.418-49;1989-08-31;611;4812.33;RS;2024-11-11
1698;Olívia Cunha;954.320.781-04;1961-03-01;850;5414.01;MG;2024-08-24
1699;Dr. Matteo Rodrigues;635.207.849-47;2000-04-20;680;6929.11;PR;2021-11-22
1700;Luan Fogaça;538.140.627-44;1967-03-14;850;6395.6;PR;2021-07-11
1701;Sr. Miguel Pinto;501.396.728-77;1989-09-18;678;5993.76;BA;2022-05-28
1702;Ravi Guerra;035.412.976-70;1970-02-06;643;5045.15;RJ;2023-02-01
1703;Benjamim da Mota;048.926.317-87;1970-12-14;672;2843.75;MG;2021-04-17
1704;Isabela Brito;831.275.904-23;1958-07-24;701;5734.18;SC;2024-07-05
1705;Otávio Cunha;140.368.759-57;1983-04-05;593;6790.86;PR;2024-12-03
1706;Yago Sales;354.729.610-25;1976-04-30;539;3908.92;RS;2023-05-30
1707;Yasmin Peixoto;268.475.013-08;1968-02-09;850;5967.94;RJ;2024-12-12
1708;Olívia Camargo;506.723.498-92;1972-10-28;553;4276.97;RJ;2021-01-03
1709;Heloísa Abreu;720.498.651-20;1964-10-15;720;5967.8;RS;2023-09-04
1710;Ayla Garcia;683.945.071-66;2005-03-07;464;3179.83;RJ;2021-09-29
1711;Emilly Cavalcanti;514.683.920-42;1968-10-22;547;4298.78;CE;2022-04-09
1712;Agatha Farias;192.805.476-58;1976-04-14;671;5786.21;PE;2024-10-24
1713;Bento Camargo;907.521.438-32;1963-08-08;406;4311.94;GO;2021-01-20
1714;Sofia da Mata;173.204.598-41;1983-09-05;650;6584.53;SP;2024-11-25
1715;Joana da Paz;120.937.658-02;1992-01-25;673;6485.32;BA;2021-09-04
1716;Luiz Felipe da Conceição;580.372.491-23;2008-05-23;675;6746.23;SC;2024-11-22
1717;Sr. Liam Fernandes;721.340.596-99;1989-07-05;682;5358.08;MG;2023-09-06
1718;Helena Lima;103.264.897-03;1993-01-25;850;7689.04;RJ;2022-04-14
1719;Srta. Nina da Costa;274.589.310-60;1978-07-30;688;4227.7;SC;2021-07-02
1720;Asafe Sales;450.631.928-15;1986-02-16;465;4012.72;RJ;2021-07-31
1721;Juliana Garcia;435.786.291-46;2001-09-23;637;4481.88;BA;2023-01-23
1722;Isabel da Cunha;684.501.329-24;1977-08-31;636;6676.63;PR;2021-10-08
1723;Rael Melo;089.176.345-75;1999-08-23;703;4482.99;SC;2021-09-30
1724;Maria Isis Câmara;983.450.261-33;1957-07-06;606;4043.03;MG;2021-05-21
1725;Davi Miguel Rodrigues;095.186.723-77;1994-01-25;573;4170.38;PE;2024-02-28
1726;Josué da Conceição;814.256.307-07;1964-01-05;562;3240.86;SP;2024-06-03
1727;Gabriela Viana;458.973.216-55;1970-08-24;604;4271.39;MG;2023-06-21
1728;Rafaela Brito;632.971.850-40;1967-01-20;300;4452.97;BA;2022-03-13
1729;Dante Freitas;063.587.192-03;1989-12-27;750;5623.7;MG;2023-04-24
1730;Theo Silveira;761.208.539-95;2007-07-27;622;3804.35;CE;2024-11-07
1731;Emanuella Campos;205.763.498-10;1959-12-14;823;8481.29;GO;2022-03-21
1732;Pietra Porto;567.341.892-28;1991-05-04;638;6127.53;RJ;2021-07-25
1733;José Pedro Abreu;240.836.957-65;1975-08-05;641;3791.27;MG;2021-09-10
1734;Arthur Miguel Cavalcante;059.467.123-06;1996-11-02;570;4691.93;CE;2023-02-26
1735;Luísa Cassiano;746.381.259-64;1998-11-05;565;4301.35;BA;2023-05-30
1736;Samuel Pires;082.459.617-01;1980-06-13;609;4791.12;BA;2021-10-14
1737;Caio Casa Grande;152.897.364-09;1978-05-25;626;3947.39;RS;2022-07-22
1738;Mariah Pacheco;236.570.981-86;1980-09-12;533;2979.42;RJ;2022-05-24
1739;Dr. Rael Azevedo;268.795.041-67;1992-06-23;737;3790.35;PE;2024-05-15
1740;Cauê Sousa;972.650.841-01;2000-01-26;758;7450.35;CE;2024-05-29
1741;Davi Ramos;438.127.506-35;1957-01-01;583;2060.86;PR;2024-11-15
1742;Sophie Freitas;156.730.892-95;1992-01-08;576;4543.82;SP;2024-09-10
1743;João Pedro Martins;289.563.104-24;1995-05-10;498;3468.78;PR;2022-02-25
1744;Erick Lopes;456.728.130-62;1994-09-13;803;7088.93;PE;2024-05-27
1745;Esther Moura;904.187.356-20;2008-03-20;509;2474.4;PE;2022-01-22
1746;Srta. Ana Clara da Mota;124.803.956-42;1969-01-29;580;4426.54;SC;2022-08-29
1747;Dr. Alexandre das Neves;120.945.873-04;1974-01-07;679;4896.68;SP;2022-05-06
1748;Maria Sophia Campos;138.652.079-95;1955-08-19;681;7383.15;GO;2023-03-02
1749;Matteo Correia;367.429.185-19;1957-09-25;717;5687.91;RJ;2022-05-09
1750;Stephany Farias;970.682.154-67;1960-04-14;598;4427.33;GO;2024-07-30
1751;Cauã Moraes;256.170.983-30;1957-12-19;761;5460.69;CE;2021-05-26
1752;Cecília das Neves;319.026.875-40;1981-04-06;625;5051.2;PE;2021-01-25
1753;Dra. Ester Machado;417.063.952-99;1959-12-06;559;3099.53;BA;2022-10-11
1754;Sofia Abreu;137.495.286-91;1979-09-02;658;5203.0;MG;2023-03-04
1755;Dom Souza;047.852.619-94;1977-06-12;680;4906.4;CE;2023-05-12
1756;Antony Gomes;847.163.095-84;1959-01-14;766;5251.23;BA;2024-01-24
1757;Maria Luiza Castro;598.624.731-00;1965-07-14;825;4852.36;MG;2023-08-23
1758;Léo Lima;679.083.452-47;2005-10-31;672;5851.43;RJ;2021-02-04
1759;Carlos Eduardo Sousa;125.387.960-59;1983-10-08;524;4616.39;CE;2021-05-19
1760;Nicolas Brito;680.457.392-74;2004-07-13;773;3967.18;SP;2022-06-21
1761;Alexandre Cavalcanti;138.470.965-75;1963-08-24;680;2946.73;RS;2021-03-23
1762;Cecilia Sá;793.240.586-65;2003-01-25;504;5661.17;SP;2023-03-27
1763;Pedro Lima;471.368.205-53;1983-06-14;550;3226.12;PE;2022-08-10
1764;Benjamin Ferreira;801.495.273-14;2006-08-22;596;6835.91;PE;2023-05-01
1765;Sr. Théo Silveira;470.615.239-99;2001-12-24;400;2148.69;SC;2024-12-08
1766;Rafaela Silveira;094.235.786-83;1957-05-28;799;8249.7;SC;2021-06-18
1767;Ryan Porto;719.236.405-34;2007-10-24;607;3616.95;PE;2024-01-07
1768;Srta. Pietra Rocha;675.438.109-48;1973-07-10;850;8394.44;CE;2021-11-09
1769;Apollo Montenegro;503.764.918-84;1972-07-26;701;4795.6;PR;2021-06-21
1770;Agatha Pereira;057.813.492-60;1981-08-14;614;4751.64;PR;2021-06-11
1771;Noah Ferreira;679.234.081-22;1966-03-05;659;6723.0;PE;2022-02-21
1772;Esther Duarte;091.732.645-80;1985-09-19;725;4722.62;MG;2024-01-04
1773;Sr. Murilo Cassiano;980.152.437-50;1960-04-04;785;6593.13;BA;2023-03-12
1774;Emanuella Nascimento;098.234.675-10;1977-08-27;702;7082.54;CE;2024-07-23
1775;Yago Melo;674.325.018-07;2001-04-07;486;3852.17;RJ;2022-09-28
1776;Sr. Gael Henrique Vargas;208.736.459-10;1975-11-20;556;2880.14;SC;2022-05-04
1777;Helena Aparecida;479.850.136-01;1961-07-27;661;7799.56;SP;2022-05-16
1778;Bernardo Dias;270.546.891-94;2000-08-27;399;3159.72;RJ;2023-06-09
1779;Gabriel Freitas;570.412.398-88;1993-10-08;696;5691.08;RJ;2023-07-18
1780;Pedro Rezende;621.370.495-70;1957-02-25;606;3548.78;CE;2024-05-31
1781;José Macedo;975.234.180-23;1987-01-28;647;4419.24;SP;2022-09-26
1782;Davi Luiz Pinto;213.648.597-00;2001-03-29;357;4050.59;MG;2021-09-02
1783;Luara Carvalho;162.348.095-70;2000-04-13;735;5931.66;SP;2024-12-20
1784;Aurora Oliveira;320.954.716-52;2002-12-02;647;6250.32;MG;2024-12-07
1785;Renan Vasconcelos;147.629.835-19;1989-03-03;646;6072.02;SP;2021-12-02
1786;Lorena Almeida;607.891.352-21;1982-01-05;584;5983.98;GO;2022-12-12
1787;Maria Flor Dias;710.945.362-61;1958-06-15;658;5458.05;PE;2023-11-26
1788;Ana Júlia Siqueira;098.265.317-40;1983-11-16;467;4022.96;PR;2021-12-08
1789;Anthony Gabriel Almeida;296.384.510-33;1973-05-18;520;3521.72;BA;2021-09-17
1790;Srta. Cecília Almeida;735.206.189-40;1976-07-15;522;3109.77;PR;2021-08-30
1791;Ayla da Paz;596.721.038-59;1989-08-24;850;8131.34;SP;2022-11-18
1792;Mariah Pastor;013.842.796-87;1970-07-28;850;5577.1;SC;2022-07-12
1793;Dra. Ísis Moreira;680.975.423-74;1988-01-03;628;3730.49;PE;2021-05-11
1794;Natália Gomes;945.108.263-89;1998-10-04;536;3369.87;PR;2024-12-29
1795;Hellena Sá;068.492.175-85;2007-09-14;768;5747.77;CE;2024-07-09
1796;João Gabriel Cavalcante;214.537.908-88;1969-11-09;748;6588.12;RJ;2023-10-14
1797;Vitor Gabriel Sá;491.708.526-85;1997-06-03;850;5320.56;GO;2023-11-13
1798;Rael Rodrigues;381.520.697-95;1999-03-06;771;7314.44;BA;2021-04-24
1799;Ágatha Aragão;536.842.709-38;1972-06-04;503;5031.13;GO;2024-03-06
1800;Otto Moraes;097.468.231-40;1987-12-29;660;5052.52;MG;2023-01-24
1801;Dr. Joaquim Leão;608.154.972-02;1974-08-09;521;3448.89;MG;2022-06-07
1802;Maria Luísa Porto;312.649.785-37;1990-01-06;850;6800.68;RJ;2024-03-21
1803;Rafaela da Paz;672.430.859-38;1978-06-01;713;4913.1;RJ;2022-04-13
1804;Srta. Bárbara Fogaça;725.910.483-04;1958-04-24;526;5289.98;PE;2021-01-06
1805;Dr. Brayan da Cunha;950.268.174-67;2001-03-24;458;3248.79;SP;2021-01-26
1806;Mariana Rios;418.036.975-39;1982-07-20;624;5103.37;RS;2021-04-05
1807;Catarina Novais;205.784.139-14;1959-06-15;598;5179.82;GO;2023-01-16
1808;Dra. Ana Laura Almeida;804.796.521-20;1990-05-02;703;6358.64;SC;2021-11-04
1809;Srta. Eloah da Mota;720.983.451-60;1974-07-10;501;3723.84;MG;2021-03-14
1810;Srta. Brenda Leão;872.194.630-22;1968-07-24;763;6998.65;PE;2024-09-04
1811;Valentina Ramos;406.813.275-53;1996-12-13;455;3991.48;SC;2022-04-05
1812;Giovanna Abreu;749.018.632-31;2007-08-28;382;3102.93;BA;2022-05-24
1813;Srta. Lívia Moraes;926.840.135-51;1978-09-18;847;5828.11;SC;2022-10-18
1814;Maria Luísa Cavalcanti;529.378.146-46;1957-06-07;519;4916.03;PR;2021-06-09
1815;Luana Cunha;456.297.018-94;1992-11-19;434;2839.24;CE;2023-02-03
1816;Milena Brito;520.489.316-42;2001-02-04;691;4893.71;RJ;2023-10-26
1817;Pedro Lucas Barbosa;406.152.783-53;1972-09-15;591;5472.19;SP;2022-01-03
1818;Levi Cavalcanti;234.975.068-00;1985-03-17;670;5626.82;RS;2023-11-23
1819;Manuella Cirino;729.843.651-19;2000-11-28;579;5002.06;SP;2023-04-02
1820;Ana Júlia Castro;768.045.921-58;1981-01-31;605;5297.81;RJ;2023-08-11
1821;Marcela Rodrigues;235.940.678-74;1970-03-16;560;4297.43;PR;2022-09-29
1822;Gael Henrique Rodrigues;267.531.480-35;1997-07-05;501;3972.99;BA;2021-06-26
1823;Lorenzo Montenegro;724.930.568-92;1973-07-12;522;3061.95;PE;2023-07-25
1824;Sr. Benjamin da Rocha;317.589.064-48;1958-01-26;651;5420.74;SP;2023-01-26
1825;Srta. Maria Carvalho;986.502.371-77;1989-11-07;713;5272.87;RS;2022-08-21
1826;Maria Laura Oliveira;582.031.679-77;2006-05-29;668;5894.8;CE;2022-09-15
1827;Dra. Milena Casa Grande;829.063.514-15;1996-02-11;673;4558.35;CE;2022-05-12
1828;Thomas Santos;617.092.548-58;1994-06-14;637;5460.14;GO;2023-01-25
1829;Larissa Cirino;904.678.231-03;1990-10-23;620;2873.52;CE;2023-10-08
1830;Davi Luiz Moreira;125.648.097-58;2000-01-05;639;7324.53;RS;2024-01-25
1831;Natália Farias;195.723.864-09;1959-05-30;576;3879.92;RS;2021-11-05
1832;Sr. Pedro Lucas Macedo;902.416.538-51;1986-12-29;664;5624.38;SP;2023-04-20
1833;Gael Henrique Almeida;674.928.153-28;2008-05-16;763;4846.13;SP;2022-04-23
1834;Sr. José Pedro Castro;698.150.324-70;1967-02-18;707;6246.42;PE;2022-12-11
1835;Fernando Sá;309.615.287-02;1974-02-12;602;5154.69;SP;2022-11-18
1836;Maria Clara Sousa;085.346.971-75;1985-12-11;743;6816.32;SP;2024-09-08
1837;Vitor Hugo Duarte;038.421.769-96;1985-10-12;482;4676.16;SC;2022-09-22
1838;Matheus da Paz;427.195.836-00;1990-02-28;612;4968.87;RJ;2022-02-25
1839;Isis Novaes;576.039.812-12;1961-11-30;628;4873.76;PE;2022-05-03
1840;Beatriz Novaes;970.814.562-94;1999-02-01;763;6020.28;SC;2023-10-05
1841;Luiz Fernando Pimenta;947.230.156-80;2008-05-02;485;3486.47;SP;2021-10-19
1842;Helena Dias;520.867.413-08;1963-02-08;641;6357.21;PR;2021-07-10
1843;Dra. Milena Melo;563.840.279-92;1997-07-15;692;4685.46;SP;2022-04-20
1844;Kevin Silva;734.825.169-28;1997-05-29;850;7064.78;PE;2023-04-26
1845;Joaquim da Mota;281.306.457-26;2000-12-29;773;6032.29;BA;2023-07-28
1846;Emanuelly Montenegro;098.273.465-47;1974-10-05;684;6311.47;RJ;2024-04-04
1847;Gael Farias;385.794.016-66;2003-05-10;766;7185.37;RJ;2023-11-02
1848;Dra. Luara Pastor;247.389.561-91;1975-10-18;724;5476.91;MG;2024-07-29
1849;Luara Aragão;074.321.896-50;2003-02-14;551;4740.61;SC;2021-06-03
1850;Liam Gonçalves;324.165.908-98;1976-05-17;731;5625.28;CE;2024-03-08
1851;Gabrielly Gonçalves;450.167.298-67;1985-05-19;747;7428.62;SP;2023-06-10
1852;Dr. Igor das Neves;239.586.701-21;2001-08-07;510;3243.08;MG;2022-04-30
1853;Pietra Ramos;408.156.732-80;2002-05-26;603;5131.61;PR;2022-06-19
1854;Maya Rezende;129.835.647-46;1960-01-14;557;5808.2;BA;2023-03-16
1855;Théo Pastor;861.409.573-20;2003-09-22;670;5399.45;BA;2022-10-14
1856;Bryan Silveira;310.586.297-86;1963-03-21;447;2260.18;GO;2022-07-11
1857;Luiz Otávio Vasconcelos;902.318.745-88;1957-08-16;653;3091.4;RS;2021-06-02
1858;Dr. Gustavo Aparecida;362.487.109-96;1988-08-30;741;5769.85;RS;2021-10-06
1859;Cecília Câmara;961.473.250-43;1956-02-09;850;9107.92;CE;2021-08-12
1860;Nina Alves;810.374.529-41;1964-12-18;598;4677.66;MG;2021-08-05
1861;Rebeca Barros;850.619.423-70;1967-01-14;739;7615.17;MG;2023-07-10
1862;Maria Alice da Mota;437.281.690-13;2003-11-28;423;1597.62;GO;2022-10-06
1863;Augusto Monteiro;698.750.231-59;1962-02-23;545;4942.74;SC;2021-09-05
1864;Maria Flor Novais;463.250.179-43;1988-08-05;679;6501.77;PE;2023-01-04
1865;Melissa Abreu;482.159.637-73;1987-02-13;476;1491.86;RS;2023-07-15
1866;Ana Lívia Aragão;695.327.801-30;1998-12-26;722;4947.8;PR;2023-08-07
1867;Dr. Breno Sá;412.537.068-08;1964-01-01;377;3161.06;PR;2021-09-03
1868;Maria Sophia Alves;602.519.734-25;1982-09-11;715;5597.94;RJ;2021-11-19
1869;Isabel Farias;815.269.047-30;1966-03-08;565;4360.64;PR;2024-12-14
1870;Gabrielly Freitas;809.361.524-51;2007-06-04;575;3251.95;CE;2021-03-24
1871;Nicolas Marques;895.630.147-66;1998-05-11;534;4793.28;RS;2022-11-03
1872;João Lucas Siqueira;129.574.638-73;2007-07-18;658;5432.06;MG;2021-07-06
1873;Sophia Rezende;068.137.429-22;1959-01-30;500;3818.5;RS;2022-12-30
1874;Amanda da Rosa;691.537.824-37;1999-02-07;358;3042.48;SC;2023-11-18
1875;Dra. Luísa Vieira;910.234.876-40;1956-03-13;791;4853.87;SP;2024-10-18
1876;Sr. Benicio Abreu;536.209.148-42;1973-12-05;549;4721.11;PR;2022-06-17
1877;Davi Luiz Borges;930.571.862-03;1982-04-02;770;5711.78;MG;2021-03-05
1878;Sra. Cecília Pinto;973.528.046-92;1965-09-11;536;2319.08;SC;2023-07-16
1879;Apollo Ramos;159.036.842-89;1965-02-19;632;7098.08;PE;2024-02-01
1880;Maria Eduarda Viana;657.830.129-12;1958-08-29;653;5201.72;RS;2021-07-13
1881;Aurora Rios;917.602.845-30;1956-04-02;658;5252.91;GO;2021-07-28
1882;Benício Barbosa;315.284.096-98;2001-02-07;522;4999.28;MG;2021-09-06
1883;Isabella Garcia;749.206.851-49;1985-12-31;647;5193.61;SP;2021-05-07
1884;Kevin Duarte;761.032.859-68;1965-09-05;502;5319.51;RS;2021-09-25
1885;Leandro Rezende;062.754.389-83;1965-06-28;699;5039.08;RS;2023-04-01
1886;Lavínia das Neves;902.647.135-16;1987-02-13;740;5422.43;BA;2024-11-06
1887;Fernanda Costela;269.347.805-74;1973-11-27;526;3448.3;RJ;2024-04-07
1888;Bernardo Lopes;502.981.346-24;1995-01-04;407;3727.54;CE;2022-06-15
1889;Alexandre Siqueira;426.790.851-67;1975-04-18;400;1971.56;RJ;2021-02-14
1890;Dr. Luan Costela;960.154.273-61;2001-06-11;370;2873.93;RJ;2022-02-09
1891;Srta. Clarice Guerra;695.042.831-60;1966-11-29;601;4481.3;GO;2021-09-21
1892;Melissa Alves;425.370.186-80;1989-01-07;494;2779.77;RJ;2022-11-11
1893;Mariah Campos;186.547.329-46;2008-02-06;675;4849.45;RJ;2021-03-29
1894;Samuel Araújo;709.682.314-03;1987-05-28;657;4370.75;GO;2021-04-14
1895;Maria Laura Machado;593.864.102-06;1994-06-30;641;6431.28;MG;2024-03-21
1896;Noah Pires;041.728.356-35;1987-03-22;690;5107.59;SC;2023-03-20
1897;Isaac Novais;614.975.023-06;1990-12-02;650;4959.33;GO;2021-03-02
1898;Ana Carolina Albuquerque;745.281.906-30;1975-12-15;620;4634.39;SC;2024-10-31
1899;Isadora Souza;458.213.670-26;1995-12-22;600;5012.09;SC;2021-12-20
1900;Bento Rios;704.125.963-34;1958-05-05;500;2984.12;BA;2022-03-16
1901;Igor Garcia;523.810.647-53;1991-12-18;453;2023.73;MG;2022-07-18
1902;Luara Freitas;980.612.745-58;1968-01-19;473;3943.46;PR;2023-07-03
1903;Olivia Souza;263.519.840-33;1981-02-13;512;4609.61;MG;2021-03-12
1904;Anthony Gabriel Fogaça;246.750.831-53;2008-06-03;624;3023.5;CE;2024-06-22
1905;Hadassa da Mata;174.360.958-20;1970-07-16;698;6394.8;CE;2022-05-19
1906;Benjamin Vasconcelos;307.281.695-68;1990-04-10;500;4420.19;PR;2023-10-19
1907;Vitor Vasconcelos;891.053.724-88;1992-08-07;517;4233.67;SC;2024-02-02
1908;Mariana Viana;365.940.728-38;1958-09-03;468;1950.89;GO;2021-05-05
1909;Clara Moura;704.396.815-10;1967-03-27;574;4468.27;RJ;2022-07-27
1910;Pedro Henrique Cirino;163.495.780-66;1976-12-01;572;3391.97;SC;2021-10-09
1911;Srta. Alexia Garcia;278.645.139-64;2008-05-03;572;4845.29;SC;2022-02-13
1912;Benjamin da Mata;742.368.590-92;2005-09-25;614;5094.5;PE;2022-05-26
1913;Srta. Maya Correia;270.584.319-14;1967-03-16;539;5483.72;PE;2021-02-09
1914;Ana Vitória Sales;397.154.826-19;1989-07-14;478;4311.56;SC;2024-12-31
1915;Dr. Miguel Costela;598.640.723-74;1978-11-18;761;6568.91;BA;2023-09-10
1916;Raquel Borges;910.286.473-87;1998-11-16;595;4231.7;PE;2023-09-20
1917;João Lucas Viana;465.203.719-80;1971-01-22;744;4529.03;BA;2024-03-04
1918;Dr. André Andrade;589.361.274-46;1975-02-18;503;3626.44;PE;2022-10-21
1919;Dra. Maria da Rocha;061.953.847-39;1959-04-12;768;6523.77;SC;2022-07-08
1920;Evelyn Ramos;846.529.137-37;1981-03-03;503;3713.69;MG;2021-02-23
1921;Emanuelly Cassiano;784.612.539-73;1972-11-23;546;3658.21;BA;2024-05-07
1922;Ana Beatriz Costa;287.504.169-01;1957-04-20;737;4524.26;RS;2021-03-02
1923;Esther Gonçalves;314.685.207-17;1957-03-15;813;7332.23;PR;2021-04-30
1924;Benício Dias;178.942.036-96;2002-03-31;750;5537.06;GO;2023-12-21
1925;Dra. Lunna Casa Grande;175.692.348-55;1997-02-15;602;3382.85;BA;2024-04-11
1926;Ana Laura Moreira;934.107.562-99;1980-10-10;557;4949.65;RS;2021-11-23
1927;José Miguel Nascimento;679.351.240-43;1971-09-15;775;5092.84;RJ;2022-05-23
1928;Nathan Porto;417.368.905-57;1967-07-31;576;4456.7;RS;2022-06-30
1929;Brenda Aparecida;253.189.067-02;1958-01-20;452;4207.35;PE;2021-04-25
1930;Dr. Emanuel Freitas;957.246.301-25;1967-04-20;533;4068.61;RS;2024-03-25
1931;Gabrielly Campos;451.208.936-51;1964-07-20;565;3730.66;SC;2022-12-28
1932;Maria Vitória Moreira;107.632.495-99;1960-08-22;619;4736.39;MG;2021-12-27
1933;Gabriela Rios;364.715.098-39;1973-01-29;575;3871.54;RS;2024-04-28
1934;Antony da Rosa;253.169.874-46;2004-05-13;658;6917.62;BA;2024-11-29
1935;Lucas Gabriel Moura;371.248.609-03;1993-06-14;636;6084.12;BA;2024-04-26
1936;Sara da Cunha;763.894.205-10;2002-01-15;453;3781.76;SP;2024-12-11
1937;Evelyn Aragão;970.845.136-39;1965-05-03;488;2427.08;BA;2024-03-08
1938;Paulo Araújo;405.726.813-80;1990-08-25;531;5439.9;CE;2021-10-19
1939;Luiz Miguel Jesus;367.250.148-44;2005-07-01;734;6115.0;CE;2022-01-21
1940;Diego Fonseca;059.321.647-43;1997-11-19;436;3291.72;GO;2024-01-16
1941;Ana Júlia das Neves;648.791.205-02;1977-06-11;656;5423.54;PR;2021-12-26
1942;Maria Laura Sá;806.275.439-10;1989-06-12;398;2293.68;GO;2021-03-19
1943;Camila Abreu;497.208.356-56;1982-05-11;612;5432.29;RJ;2021-04-26
1944;Luiz Gustavo das Neves;678.914.320-31;1986-09-25;356;2685.88;RS;2024-05-17
1945;João Vitor Castro;206.714.398-04;1986-05-07;637;5945.61;RS;2021-02-10
1946;Vinicius Rodrigues;819.437.562-28;1985-02-02;703;6206.57;PE;2023-09-06
1947;João Felipe Borges;083.247.596-38;2001-08-23;524;2284.0;SP;2022-11-11
1948;Valentina da Rocha;315.470.982-79;1987-04-05;572;5577.63;CE;2022-02-17
1949;Maria Eduarda Moura;025.678.931-21;1985-06-24;787;7006.55;MG;2022-11-29
1950;Brayan da Rocha;624.139.058-98;1971-09-03;671;5747.64;MG;2022-10-25
1951;Stella Porto;329.574.068-29;1969-06-19;553;4293.94;SP;2021-02-14
1952;Luna Moura;261.874.593-00;1979-03-16;820;5617.44;MG;2024-04-16
1953;Daniel Novaes;378.124.569-19;1997-03-05;813;6181.97;MG;2021-08-16
1954;Luna Dias;709.846.352-38;2007-08-02;779;4825.18;PE;2023-01-18
1955;Fernando Ramos;948.752.301-41;1978-09-29;690;4783.23;RJ;2023-02-05
1956;Theo Novaes;135.876.492-19;1981-05-30;450;3818.53;SC;2024-04-15
1957;Lucca Lopes;624.359.810-15;1995-06-29;741;5083.06;RJ;2022-11-21
1958;João Gabriel Lima;538.067.192-68;1967-10-03;440;3428.16;PR;2022-10-23
1959;Brenda Vieira;580.421.937-50;1971-10-18;609;5420.32;MG;2021-11-19
1960;Nina Azevedo;684.172.053-90;1970-01-27;733;5804.58;SC;2024-08-02
1961;Dr. Mathias Garcia;083.759.164-39;2000-01-22;842;6960.23;GO;2024-08-22
1962;José Miguel Costela;976.138.405-57;1956-02-09;578;3012.43;BA;2021-12-23
1963;Bárbara Cassiano;340.615.829-33;1990-01-01;588;4367.61;PE;2024-11-21
1964;Maria Helena Castro;201.347.695-70;1985-10-22;735;6342.48;CE;2023-01-01
1965;Pedro Lucas Pereira;473.981.260-69;1972-01-09;478;3996.25;RS;2024-09-25
1966;Allana Fernandes;862.743.091-87;1993-05-21;700;7128.03;CE;2021-12-26
1967;Bianca Novais;806.125.493-05;1968-12-18;726;6568.85;SC;2022-09-21
1968;Juliana da Mota;057.326.149-07;1993-10-01;627;5404.31;PR;2021-09-18
1969;Henrique Castro;620.345.789-29;1984-12-16;769;4819.22;MG;2021-01-04
1970;Olívia Monteiro;195.630.847-48;1964-05-03;578;3851.43;CE;2023-03-13
1971;Vinícius Novais;602.758.391-68;1991-06-21;665;6550.22;CE;2021-03-08
1972;Alice Monteiro;573.694.180-57;1997-05-28;548;1993.7;MG;2024-05-18
1973;Sr. Theo da Mata;967.342.801-87;1983-05-31;570;5473.47;BA;2024-06-06
1974;Dra. Mariane Alves;675.843.912-73;1995-02-16;684;5900.19;RS;2024-08-02
1975;Sra. Luara Sampaio;754.893.016-00;1994-07-06;586;3408.97;CE;2021-08-02
1976;Thales Castro;346.205.719-70;1965-12-04;681;4613.72;GO;2021-10-16
1977;João Miguel Pimenta;491.862.307-78;1977-06-19;850;7370.51;BA;2021-06-09
1978;Dr. Gustavo Cunha;745.391.820-05;2001-11-23;550;3788.61;RS;2022-12-12
1979;Marcelo Cavalcanti;697.021.538-59;2006-01-29;608;4624.5;BA;2021-12-10
1980;Ana Carolina Novais;325.478.619-09;1997-07-16;754;6218.42;RJ;2024-12-22
1981;Clara das Neves;045.689.217-67;2005-12-10;532;6146.44;BA;2023-07-04
1982;Isadora Freitas;142.587.603-07;1982-09-02;625;5768.84;SP;2022-06-28
1983;Sara Sales;172.435.698-46;1976-03-11;547;4739.12;RS;2022-05-27
1984;Kaique Silva;813.476.529-73;1997-07-09;657;3366.35;RJ;2022-12-19
1985;Juan Machado;821.476.953-19;1987-04-23;850;8090.64;PR;2021-08-10
1986;Manuela Monteiro;794.652.813-28;1994-11-12;572;3473.73;SP;2021-04-09
1987;Henry Gabriel Barros;523.870.496-83;1964-02-28;661;5374.7;SC;2023-06-17
1988;Mariah Silveira;704.138.625-26;1983-06-10;662;5487.58;SC;2021-12-07
1989;Isadora Gomes;871.203.456-80;1965-01-11;680;6887.31;SC;2023-10-07
1990;Dr. Heitor Carvalho;670.458.321-17;1979-07-20;688;4454.34;SC;2022-12-21
1991;Henry Garcia;954.638.210-89;1994-06-01;783;7904.61;PE;2023-02-08
1992;Cauã Mendonça;287.130.964-78;1960-06-26;850;5676.51;RJ;2023-09-09
1993;Lucas Rocha;319.586.274-37;1960-03-09;649;3109.9;CE;2024-08-26
1994;Breno Lima;109.278.456-01;1983-12-29;686;4939.8;RS;2021-11-30
1995;Maria Cecília Ramos;149.607.235-99;1978-08-07;850;6025.39;GO;2021-05-31
1996;Srta. Olívia Barros;652.039.847-00;1982-08-15;417;2864.74;SP;2022-08-27
1997;José Moreira;382.910.754-41;1968-07-10;382;3807.1;SP;2022-10-15
1998;Maitê Silveira;354.016.827-35;1978-01-01;372;3004.46;PR;2021-08-03
1999;Ravi Rocha;521.983.704-41;1985-05-01;370;2639.7;RJ;2022-12-02
2000;Bryan Castro;035.417.289-14;1996-07-04;817;6896.65;MG;2023-02-08
2001;Melissa Martins;678.549.213-00;2005-10-02;516;4096.8;MG;2021-06-03
2002;Davi Luiz Pinto;069.237.845-65;2005-10-24;622;5448.63;PE;2021-07-10
2003;Davi Lucca Monteiro;390.147.562-16;2004-06-09;455;4232.57;BA;2024-05-01
2004;Letícia Porto;372.419.856-64;1955-12-19;300;1770.12;CE;2023-09-16
2005;Isabelly Alves;310.457.298-41;2001-11-16;561;5121.33;SP;2023-06-03
2006;Breno Novais;653.021.948-05;1962-05-27;622;3570.44;MG;2024-05-28
2007;Lívia Macedo;645.189.703-57;1993-08-01;501;4206.68;SC;2021-11-18
2008;Marcela Barros;710.358.492-32;1982-06-25;610;4300.88;SP;2021-07-27
2009;Mariane Correia;510.362.948-89;1991-08-05;562;5192.17;BA;2022-02-25
2010;Pedro Henrique Nascimento;196.423.087-03;1983-05-18;557;4367.91;RS;2023-04-19
2011;Henry Oliveira;745.319.806-20;1974-09-05;850;5376.32;PE;2024-01-12
2012;Rodrigo Azevedo;836.920.715-40;1990-08-19;397;3959.59;PR;2024-09-14
2013;Srta. Isabella Souza;871.594.362-37;2005-04-17;538;3985.76;PR;2022-09-02
2014;Rafael Fogaça;670.851.932-12;1994-07-17;526;3948.2;RS;2021-07-16
2015;Benjamin Nunes;178.903.462-04;1997-01-07;811;7290.13;SP;2023-03-16
2016;Ísis Carvalho;703.289.415-14;1966-12-01;723;4367.77;CE;2024-01-31
2017;Antonella Correia;241.598.076-58;1978-12-12;481;1008.92;GO;2021-11-11
2018;Matheus Fernandes;365.982.170-59;1989-08-31;522;5132.7;SP;2023-01-09
2019;Gabriel Câmara;326.405.981-98;1978-07-05;682;5234.49;SP;2023-05-26
2020;Fernando Cirino;981.736.452-64;1969-08-15;617;4247.11;RJ;2022-08-27
2021;Sr. Daniel Abreu;283.150.769-30;1976-02-18;644;5917.88;CE;2023-09-11
2022;Danilo Alves;124.053.698-42;1982-12-18;426;3707.65;RS;2021-07-18
2023;Cauã Carvalho;572.493.016-16;1968-02-22;731;5432.9;SP;2022-02-28
2024;Luiz Gustavo Silva;951.387.460-57;1973-12-20;704;8446.65;MG;2024-07-31
2025;Ana da Paz;756.014.893-00;1959-10-05;607;5249.31;PR;2021-06-17
2026;Srta. Elisa Alves;715.934.680-75;1964-06-22;531;4429.25;GO;2021-08-25
2027;Letícia Novais;576.814.029-85;1963-03-19;675;5594.84;PR;2023-03-26
2028;Ísis Guerra;176.825.490-76;1996-04-10;497;4182.36;GO;2023-09-29
2029;João Miguel da Luz;793.852.016-03;1976-11-21;795;6808.64;PR;2021-07-06
2030;Vinícius Pacheco;145.280.793-05;1956-10-24;735;5642.99;PE;2023-03-05
2031;Luara Câmara;347.128.056-17;2001-09-30;709;5951.27;MG;2023-01-30
2032;Valentina Dias;098.621.734-40;1985-08-13;505;4358.52;SC;2023-01-27
2033;Pietro Melo;597.162.408-30;1987-02-07;500;3367.12;MG;2023-07-02
2034;João Guilherme Borges;571.394.620-70;1968-11-26;642;5433.24;SP;2022-06-24
2035;Maria Alice Nunes;673.521.804-35;2002-01-11;477;4869.99;GO;2023-08-11
2036;Henry Gabriel Sá;735.049.821-79;1958-04-26;688;4799.27;PR;2022-04-09
2037;Dra. Beatriz Vieira;025.679.381-68;1990-06-03;435;3335.1;PR;2024-03-01
2038;Alexia Borges;089.632.157-68;1958-04-01;566;4641.14;SP;2021-11-06
2039;Eduardo Correia;806.157.439-00;1996-05-07;576;2600.54;RJ;2021-06-25
2040;Lorenzo Macedo;241.985.367-91;1982-12-11;573;4278.38;BA;2024-01-14
2041;Pedro Miguel Araújo;825.164.093-89;1990-08-25;696;4869.8;SC;2024-04-22
2042;Luiz Gustavo Pinto;573.496.120-52;1961-11-16;821;4656.36;RS;2024-02-08
2043;Vitória da Cruz;403.921.785-32;1970-12-15;777;5991.68;SP;2023-03-04
2044;Bárbara Castro;243.067.158-17;1970-01-13;723;5863.8;PE;2023-05-08
2045;Carlos Eduardo Sá;647.315.928-28;1973-11-02;756;5660.64;PE;2024-11-08
2046;Isadora Correia;048.527.361-62;1965-10-19;488;5324.5;GO;2024-03-18
2047;Caleb Camargo;304.762.815-71;1956-06-04;606;5069.56;RS;2023-09-03
2048;Daniel Pastor;709.831.256-86;1975-08-05;768;5112.04;PR;2021-06-11
2049;Léo Sousa;746.592.801-01;1972-09-12;691;4938.11;SC;2021-03-13
2050;Paulo da Paz;754.036.189-10;2006-10-19;604;4904.28;PE;2024-03-15
2051;Emanuella Ramos;758.104.236-71;1982-10-14;439;2733.16;PE;2024-03-16
2052;Cauê Castro;183.940.526-06;1991-05-15;782;7142.19;CE;2021-10-29
2053;Maria Helena Lima;580.794.132-23;1987-05-03;612;5139.12;RJ;2023-07-09
2054;Nathan das Neves;638.295.740-29;1968-09-24;584;6028.58;MG;2021-12-09
2055;Dra. Maya Rodrigues;376.502.819-30;1958-08-20;595;4991.84;RS;2022-01-30
2056;Marcos Vinicius Duarte;962.740.153-61;1985-09-23;757;5278.63;MG;2021-03-29
2057;Eduardo da Conceição;647.153.908-84;1978-08-24;807;4925.54;SC;2021-06-10
2058;Heitor Fogaça;319.825.604-60;1998-11-13;815;6147.32;SC;2022-02-18
2059;Ravi Lucca Vargas;045.783.219-32;1967-04-10;590;2829.99;MG;2024-05-03
2060;Isaque da Conceição;275.390.468-56;1970-12-08;565;3480.19;PR;2022-10-17
2061;Maria Eduarda Gonçalves;413.620.879-04;1999-01-11;547;4238.69;RJ;2021-06-28
2062;Rafael Gomes;396.057.148-84;1988-09-28;734;6079.6;SC;2024-02-14
2063;Kamilly da Rosa;394.158.726-91;1970-10-29;656;4152.48;SC;2024-02-05
2064;Dr. Enzo Gabriel Rocha;931.268.504-05;2007-08-26;514;5910.73;BA;2022-07-20
2065;Otto Caldeira;617.308.295-03;1996-09-17;531;5904.21;PE;2023-07-28
2066;Gustavo Henrique Aparecida;476.185.203-80;2004-04-05;590;4722.29;SP;2024-12-05
2067;Melina da Paz;958.162.047-85;2003-09-12;748;7255.89;CE;2024-04-18
2068;Sr. Raul da Luz;862.794.051-76;1983-03-10;606;4459.76;PE;2023-05-10
2069;Diego Rezende;243.681.570-44;1957-03-26;613;5241.96;RJ;2023-04-29
2070;Eduardo Nascimento;467.981.350-48;1959-07-01;726;5812.23;MG;2021-10-31
2071;Sr. Vitor Gabriel Ferreira;350.219.674-52;1993-02-22;694;7190.36;CE;2024-04-19
2072;Sara Gonçalves;091.352.784-04;1975-06-19;665;5631.65;CE;2021-07-25
2073;Maria Luiza Guerra;638.401.295-24;1997-11-01;437;865.27;RJ;2024-02-27
2074;Ana Lívia Moreira;018.745.369-10;2006-01-10;666;5233.18;RJ;2022-08-09
2075;Kevin Campos;547.360.218-53;1973-10-25;558;4707.53;PE;2022-12-06
2076;Maria Clara Mendes;897.165.342-64;1985-02-06;612;6023.78;SC;2022-06-25
2077;Murilo Guerra;980.567.324-38;1970-12-20;630;4293.08;SC;2024-09-03
2078;Henry Porto;892.513.764-09;1991-03-07;738;5686.87;GO;2024-03-17
2079;Léo Abreu;980.256.341-24;1976-12-08;683;4986.59;CE;2023-08-27
2080;Lucas Gabriel Cavalcante;842.130.967-69;1971-12-18;542;4420.17;SP;2021-12-19
2081;Vitor Hugo Sales;254.960.783-00;1973-10-03;621;5447.83;PR;2023-04-06
2082;Marcela da Rosa;241.806.597-94;1992-07-02;587;2859.64;MG;2024-06-20
2083;Laura Lima;602.817.953-12;1955-07-15;568;5337.82;CE;2024-10-26
2084;Arthur Gabriel Castro;471.823.095-05;2006-01-29;584;4425.62;SC;2021-03-21
2085;Natália Andrade;968.103.547-00;1994-11-06;738;5192.03;SC;2022-11-10
2086;Rafaela Costela;907.268.435-47;1996-06-20;434;3311.37;RS;2021-04-11
2087;Alana Cavalcanti;827.135.496-55;1972-12-03;561;3521.75;GO;2022-07-05
2088;Lucca da Costa;238.165.904-89;1993-01-18;598;5275.51;BA;2021-02-11
2089;Hellena Mendes;562.741.038-80;1990-02-24;618;5250.98;BA;2022-09-13
2090;Sr. Pedro Miguel Gonçalves;742.596.138-55;1977-06-16;837;6353.12;PR;2022-07-29
2091;Mirella Carvalho;320.854.167-80;1960-09-26;653;4714.79;GO;2024-11-26
2092;Luísa Marques;528.697.403-10;1968-05-05;518;3559.09;RJ;2022-04-12
2093;Benjamim Pimenta;276.598.130-21;1957-04-15;562;4855.48;MG;2022-09-08
2094;João Miguel Siqueira;783.105.264-07;1982-09-03;850;6083.96;GO;2022-10-20
2095;Davi Luiz Pires;926.307.458-56;1991-11-30;570;4496.88;PR;2023-05-04
2096;Catarina Brito;183.274.059-50;2006-01-27;667;5599.55;CE;2024-08-15
2097;Noah Sales;149.783.025-79;1974-12-14;774;3765.61;RJ;2022-01-20
2098;Srta. Daniela Guerra;368.479.012-50;2002-09-29;333;2168.12;GO;2022-03-09
2099;Juan Machado;473.091.265-99;1960-08-09;751;4442.35;SC;2023-09-20
2100;Maria Clara Pereira;230.861.745-44;2002-05-16;300;2971.18;PE;2023-02-05
2101;Sr. Luan Pacheco;513.984.627-64;1982-01-14;649;4101.79;SP;2023-11-22
2102;Antony Gonçalves;973.126.580-59;1972-01-10;501;3038.26;MG;2021-05-15
2103;Pedro Miguel Almeida;527.049.631-34;2005-08-08;633;4437.68;PR;2024-12-24
2104;Sofia Cavalcanti;815.064.297-85;1996-05-28;679;2577.37;PE;2023-04-07
2105;Sr. Lorenzo Azevedo;714.036.592-06;1988-10-10;517;3009.95;MG;2023-12-10
2106;Diogo Dias;359.427.601-52;1964-01-05;589;4173.95;CE;2021-03-01
2107;Heitor Brito;147.835.926-91;1964-11-09;715;3860.66;MG;2022-01-30
2108;André Farias;159.728.463-73;1985-07-06;625;5558.34;RS;2021-04-29
2109;Sr. Liam Pacheco;081.465.792-30;1999-12-26;842;6254.23;RS;2021-03-09
2110;Igor Moura;381.075.269-02;1968-11-09;658;3460.14;GO;2021-04-14
2111;Matheus Rocha;814.325.697-91;1964-12-02;332;3500.77;BA;2024-12-14
2112;Arthur Gabriel Souza;601.892.457-94;1959-01-04;619;6130.51;RS;2022-07-16
2113;Apollo Monteiro;678.543.029-10;1970-10-28;455;4159.9;BA;2023-08-09
2114;Bruno Martins;961.547.380-48;1959-07-02;844;7171.71;PE;2023-03-24
2115;Brayan da Conceição;926.370.481-31;1958-12-19;653;5232.56;RJ;2024-10-27
2116;Stephany Silva;684.037.195-66;1999-03-09;431;4803.57;SP;2022-05-11
2117;Dr. Yan Freitas;047.216.839-87;1957-11-01;546;4872.48;BA;2023-09-29
2118;Zoe Cassiano;953.820.164-70;1975-01-14;432;2276.54;CE;2023-07-03
2119;Murilo Vargas;621.387.495-09;1973-02-25;792;5988.7;MG;2023-08-30
2120;Dante Mendonça;384.105.962-70;1958-10-10;794;6273.77;CE;2024-02-04
2121;Sra. Emanuelly Freitas;081.697.523-02;1981-01-10;398;4076.07;BA;2022-12-07
2122;Anthony Novais;056.813.742-62;2001-03-30;549;5090.69;MG;2022-06-14
2123;Carolina Dias;718.043.965-75;1969-10-31;623;3440.88;RJ;2022-08-07
2124;Ana Vitória Sousa;614.095.783-48;1968-08-21;639;7308.22;SP;2023-03-03
2125;Brayan Moraes;471.069.832-50;2008-06-21;679;5374.48;SP;2021-11-30
2126;Dr. Lucca das Neves;203.869.147-96;1997-01-29;749;6202.67;CE;2022-03-15
2127;Theodoro Cassiano;519.834.620-98;1981-10-03;645;4068.37;RS;2024-08-18
2128;Srta. Maria Fernanda da Luz;437.290.518-14;1971-11-03;648;6219.44;RS;2024-10-19
2129;Rafael Mendes;859.036.247-74;2004-04-30;519;5576.5;RS;2022-07-06
2130;Miguel Barbosa;963.578.201-21;1963-01-07;608;3976.23;SC;2023-11-18
2131;Srta. Lunna Nogueira;506.934.782-92;2004-07-20;739;5625.21;SP;2024-10-29
2132;Dr. Liam Cunha;809.354.162-42;1990-01-08;711;5396.24;SP;2023-08-29
2133;Dra. Alana Sales;157.389.042-14;1973-05-08;612;5389.56;MG;2024-08-18
2134;Ana Luiza Moraes;642.901.873-31;1978-10-31;654;3236.47;MG;2024-05-16
2135;Luiz Miguel da Costa;357.684.029-00;1996-10-09;485;4809.41;SP;2022-04-04
2136;Gabriela Vargas;698.452.173-46;1961-02-10;604;4308.27;PR;2024-05-30
2137;Dra. Maya Casa Grande;528.963.740-00;1979-02-10;456;2568.26;PR;2024-12-30
2138;Maria Luísa Ribeiro;751.489.260-58;1998-12-18;377;2914.72;PR;2023-05-18
2139;Gustavo Henrique Santos;136.280.459-24;1967-06-11;548;3417.41;SC;2022-12-16
2140;Gustavo Cavalcante;529.017.864-30;1956-05-21;611;5251.97;GO;2022-06-01
2141;Zoe Cunha;462.130.798-31;1974-05-24;850;5288.12;RS;2023-08-14
2142;Maria Clara Nogueira;512.469.830-60;1992-01-01;759;7045.1;PR;2024-10-18
2143;Stephany Azevedo;160.975.824-20;1965-06-12;526;4411.24;PE;2024-07-01
2144;Hellena Campos;162.304.857-53;1961-08-13;565;4705.69;SC;2024-04-12
2145;Bryan Nogueira;623.785.490-83;1966-06-11;801;7013.61;RJ;2021-01-16
2146;Ana Carolina Carvalho;247.863.105-90;1982-07-02;681;5017.69;PE;2024-09-18
2147;Sr. Lucas Caldeira;406.723.591-70;1961-09-15;441;3319.53;BA;2024-02-24
2148;Maria Luiza Peixoto;980.253.614-89;2005-12-10;764;4584.83;CE;2024-06-01
2149;Luísa das Neves;394.128.605-60;1983-07-16;493;4070.27;PR;2022-09-04
2150;Pedro Lucas Rocha;932.854.601-05;1985-02-15;501;3215.48;RJ;2023-09-14
2151;Ana Lívia Ribeiro;830.415.629-60;1990-08-30;569;3186.38;RJ;2022-11-20
2152;Samuel Novaes;743.219.508-05;1995-11-29;503;4727.43;PR;2024-08-04
2153;Larissa Cavalcanti;023.781.465-07;1976-12-19;463;2106.13;BA;2022-07-22
2154;Francisco das Neves;169.430.785-93;1984-07-25;544;5083.96;PR;2024-09-05
2155;Maya Melo;507.168.923-59;1991-03-08;596;4303.42;PR;2022-01-21
2156;Anthony Gabriel Nascimento;362.859.471-55;1994-04-13;625;3254.29;MG;2023-11-26
2157;Melissa Caldeira;839.261.705-30;1964-08-02;679;5815.44;RS;2021-04-27
2158;Nicole Sousa;470.896.521-49;1965-03-04;570;5565.92;CE;2023-04-08
2159;Rodrigo Gomes;128.395.064-24;1959-12-31;484;4999.91;BA;2024-10-26
2160;Maria Luiza Aparecida;438.762.950-92;1992-04-17;638;4767.45;MG;2021-02-22
2161;Allana Carvalho;457.213.860-53;1986-08-02;617;4828.74;GO;2022-08-29
2162;Maria Júlia Lopes;945.712.360-34;2005-10-21;766;5051.32;PR;2023-05-08
2163;Caio Porto;304.527.189-88;1975-07-05;528;5260.3;SC;2023-03-07
2164;Dra. Ana Clara Sá;207.153.694-07;1995-09-16;548;5284.53;SP;2024-04-09
2165;Evelyn Leão;150.948.763-84;1972-01-29;823;6182.2;CE;2022-01-24
2166;Aurora Nunes;243.657.918-00;1957-11-02;701;4454.31;BA;2024-12-31
2167;Oliver Casa Grande;206.847.513-80;1998-03-31;710;5879.42;RS;2024-11-06
2168;Luiz Gustavo Cunha;489.263.705-00;2001-02-15;676;4762.43;PE;2024-07-31
2169;Marina Sampaio;315.794.082-14;1969-07-30;420;3863.25;GO;2024-10-07
2170;Thomas Lima;876.945.210-58;1966-01-08;372;2658.65;BA;2023-11-05
2171;Guilherme da Cruz;920.715.346-70;1984-07-31;732;6047.9;PR;2021-12-15
2172;Benjamin Ramos;028.397.465-65;1998-09-26;850;7825.11;PE;2022-01-06
2173;Caio Campos;937.025.416-16;1965-04-22;541;4355.31;PR;2021-07-19
2174;Isabelly da Paz;805.367.294-92;2006-11-27;614;3329.82;GO;2021-09-20
2175;Ana Julia Azevedo;648.912.035-60;1989-02-04;507;3495.24;PR;2024-02-19
2176;Dr. Erick Viana;823.950.641-06;1958-05-14;375;3047.49;MG;2024-10-24
2177;Sra. Mariah Cavalcante;176.809.324-50;2005-12-07;590;3047.11;BA;2024-09-02
2178;Davi Lucca Guerra;721.359.806-68;1962-08-19;668;6059.87;RJ;2022-04-01
2179;Isaac Aparecida;094.517.362-80;1965-02-20;647;4851.93;BA;2022-04-03
2180;Mirella Rocha;035.487.192-79;1989-08-06;690;6200.22;PR;2023-05-12
2181;Leandro Gonçalves;790.286.413-78;1994-05-08;656;4423.39;BA;2023-02-01
2182;Mariah da Cruz;075.264.198-02;1973-12-25;653;6419.48;PR;2024-04-14
2183;Alexandre Albuquerque;395.061.784-10;1969-05-18;548;6481.94;PR;2023-08-08
2184;Lucas Gabriel Martins;439.856.210-98;1960-04-10;556;4480.41;RJ;2023-08-22
2185;Isadora Oliveira;037.548.912-60;1983-01-15;539;4535.27;SP;2024-07-23
2186;Dr. Caleb Novaes;415.287.960-20;1992-03-11;410;2733.96;CE;2024-04-03
2187;Antony Sampaio;230.964.781-04;2004-06-09;488;4039.34;CE;2021-05-26
2188;Vitor Gabriel da Costa;618.570.924-49;2004-03-22;739;6558.01;GO;2022-02-03
2189;Letícia Novais;401.586.293-70;1974-01-16;335;4722.07;PE;2021-09-03
2190;Hellena Sales;925.610.378-86;1967-06-03;655;4463.5;SC;2023-12-22
2191;Luiz Otávio Moreira;643.792.510-80;1965-09-03;638;5280.19;PR;2023-04-27
2192;Antônio Viana;180.539.472-04;1976-06-22;539;4509.92;SP;2021-11-05
2193;Noah Albuquerque;801.593.642-05;1959-10-13;547;3971.64;MG;2022-02-15
2194;Sr. Diogo da Costa;407.861.325-07;1962-03-21;537;2863.33;BA;2023-04-19
2195;Levi Aparecida;284.615.390-60;1989-12-16;637;5681.3;CE;2023-07-27
2196;Mateus Ramos;182.390.647-87;1994-08-21;681;6267.93;MG;2022-10-10
2197;Raul Brito;657.149.208-30;2008-01-21;658;4731.27;MG;2021-06-15
2198;Ester Moreira;531.026.984-33;1992-07-21;720;4402.48;GO;2022-11-13
2199;Felipe Vargas;452.670.839-92;1997-02-26;511;3123.8;MG;2022-10-04
2200;João Fonseca;985.164.307-66;1998-12-09;749;6934.79;SP;2021-01-10
2201;Vitória Campos;581.392.740-97;1979-08-10;678;6495.93;GO;2022-07-15
2202;Thomas Vargas;782.156.903-86;1986-05-05;514;4460.6;RS;2021-12-12
2203;Alexia Novaes;452.037.819-23;2005-10-29;604;5678.88;CE;2021-11-21
2204;Maria Eduarda Viana;243.185.709-32;2003-04-16;606;4463.06;GO;2021-06-30
2205;Sr. Renan Souza;051.726.834-53;2007-02-06;684;6348.17;MG;2024-06-12
2206;Fernando Barbosa;042.716.395-16;2000-04-14;539;4250.92;SC;2024-07-21
2207;Sr. Benicio Silva;360.145.829-24;1998-04-15;492;1437.94;SC;2023-04-07
2208;Dr. Benjamim Andrade;076.541.892-49;2006-07-15;644;5760.91;SC;2023-09-05
2209;Lívia Ferreira;897.621.504-49;1999-03-04;651;3258.44;SC;2021-01-10
2210;Renan Duarte;261.534.978-37;2007-09-29;577;2397.65;SP;2023-12-30
2211;Srta. Cecília Cassiano;739.051.624-07;1988-08-08;784;5185.95;RS;2023-02-04
2212;Mariane Mendonça;467.825.391-28;1988-05-28;770;7105.87;SP;2022-10-22
2213;Arthur Casa Grande;042.678.195-30;1957-11-12;511;2955.22;PE;2022-01-26
2214;Letícia Rocha;834.905.672-00;1988-01-21;662;4451.68;SP;2024-10-17
2215;Srta. Maria Isis Cavalcanti;187.260.359-95;2003-07-30;632;4573.17;SP;2024-07-07
2216;Ravy Leão;529.647.018-49;1977-07-16;406;1017.53;RS;2022-04-09
2217;Ana Carolina Fonseca;905.437.862-00;1958-01-21;647;4614.44;BA;2022-10-02
2218;Nicole Sá;142.973.506-61;1994-04-08;553;5119.86;MG;2021-07-30
2219;Lucas Sales;538.914.760-00;1961-01-11;760;5807.46;SC;2023-10-28
2220;Luan Costela;782.316.940-13;1999-02-17;579;5132.14;CE;2022-09-19
2221;Eduarda Garcia;357.921.804-23;1976-07-18;457;3879.15;MG;2021-05-14
2222;Emanuelly Caldeira;953.128.760-03;1999-08-13;686;6168.23;SP;2022-09-03
2223;Sr. Anthony Aragão;496.852.731-46;1999-10-17;387;2334.64;PR;2023-07-23
2224;Nicole da Cruz;827.356.194-19;1959-04-09;514;4211.89;PE;2024-05-06
2225;Arthur Miguel da Paz;780.351.294-14;1986-06-20;677;6912.71;PE;2022-11-23
2226;Sabrina Nunes;136.098.425-98;2006-04-15;560;3982.43;SC;2024-11-07
2227;Alexia da Cruz;521.039.786-68;1981-03-10;757;6352.58;MG;2022-12-03
2228;João Gabriel Almeida;173.985.426-82;1965-09-25;772;6464.73;GO;2023-01-06
2229;Dra. Maria Eduarda Gomes;830.567.149-66;2000-07-28;481;2514.87;RS;2021-12-04
2230;Eloá Dias;098.635.742-10;2006-07-14;433;4126.05;SC;2021-02-09
2231;Srta. Ágatha Borges;956.783.014-20;1961-04-15;762;7945.36;RS;2022-04-05
2232;Bárbara Silva;189.602.437-87;1989-09-06;721;6930.84;MG;2022-03-09
2233;Dra. Camila Gomes;674.189.305-93;2001-05-27;550;3243.58;SP;2024-04-22
2234;Breno Azevedo;210.645.738-35;1956-07-10;722;6193.68;PE;2021-12-13
2235;Augusto Novais;675.824.301-07;1970-09-02;632;5443.37;RJ;2023-01-21
2236;Letícia da Paz;061.728.594-20;1996-05-06;658;6547.82;SP;2023-02-08
2237;João Gabriel Ribeiro;412.386.750-26;1964-11-02;775;6744.22;PR;2024-01-01
2238;Sr. Carlos Eduardo Andrade;570.621.943-52;1980-07-19;721;6282.06;CE;2021-04-10
2239;Mariane Pastor;570.319.642-61;1984-02-13;564;5268.56;CE;2021-04-09
2240;Ana Beatriz Mendes;780.631.524-17;2003-04-08;452;4669.89;RJ;2024-08-31
2241;Sra. Elisa Sales;601.935.728-77;1982-08-14;476;4093.8;SP;2021-04-09
2242;Maysa da Luz;134.765.280-90;1960-04-08;518;4697.39;RJ;2023-05-04
2243;Maria Helena Macedo;207.834.951-88;1998-11-07;615;3325.24;GO;2023-02-18
2244;Carolina da Costa;284.356.179-55;1960-02-11;670;4782.08;RJ;2024-01-26
2245;José Pedro Fernandes;289.567.034-00;1958-04-21;725;5801.33;PR;2023-08-30
2246;Benício da Rocha;560.742.193-70;1985-05-08;667;4378.43;MG;2022-02-25
2247;Sabrina Novaes;465.012.893-51;2003-03-19;549;3933.36;SP;2022-09-09
2248;Antônio Aparecida;968.532.047-00;1970-08-03;722;7453.38;SC;2024-09-17
2249;Bruno da Costa;096.127.538-30;2005-12-25;523;5260.85;RJ;2024-09-18
2250;Mathias Mendonça;987.142.603-87;1975-06-17;359;1677.81;PE;2022-07-07
2251;Emanuella da Luz;639.728.540-56;1976-05-20;504;2679.49;CE;2024-05-25
2252;Enzo Gabriel da Rosa;067.192.835-02;1995-04-24;429;3845.0;MG;2023-05-08
2253;Ravi da Cunha;370.618.495-84;1992-07-11;594;5131.41;RJ;2023-11-14
2254;Isabella Rios;725.316.048-71;2003-09-11;702;5881.62;CE;2021-08-30
2255;Ana Vitória Casa Grande;413.658.792-91;2001-05-14;698;5514.47;PR;2021-08-22
2256;Dom Cassiano;502.461.397-06;1984-11-11;477;4873.81;RJ;2023-10-17
2257;Benjamim Marques;041.793.526-99;2002-04-26;549;3456.4;RS;2024-06-01
2258;Dr. Pedro Henrique Carvalho;832.564.109-60;1976-02-29;598;3871.19;RS;2022-06-23
2259;Maria Isis da Paz;073.628.495-83;1959-06-08;569;4896.05;PE;2022-02-18
2260;Marcelo Marques;259.871.630-21;1970-04-29;661;4390.17;BA;2024-12-11
2261;Maria Cecília Vargas;275.894.601-76;1959-04-16;561;5562.33;SC;2022-08-28
2262;Rafaela Guerra;241.538.790-88;1958-05-19;679;7507.07;MG;2021-03-22
2263;Oliver Santos;254.789.630-38;1957-04-25;761;7232.29;PE;2023-10-14
2264;Ryan Pereira;315.089.746-75;1986-02-15;453;4387.86;RS;2024-11-10
2265;Agatha Casa Grande;247.836.195-73;1984-05-27;613;4353.02;GO;2022-11-09
2266;Sr. Davi Luiz Aparecida;692.485.017-02;1973-09-19;640;6065.21;RS;2021-01-06
2267;Vitor Gabriel da Cruz;061.854.237-07;1976-06-08;680;4561.53;SP;2024-10-07
2268;Nina Cunha;581.724.639-28;2000-08-19;709;5034.41;RJ;2021-08-15
2269;Antonella Barros;604.319.872-03;1960-03-18;646;4864.65;CE;2024-10-02
2270;Théo Casa Grande;341.608.975-84;1979-11-28;593;5510.24;GO;2021-11-02
2271;Laura Novaes;495.170.382-32;1992-06-01;495;5905.2;RJ;2023-11-14
2272;Srta. Gabrielly Câmara;051.672.983-77;1967-02-27;401;2610.33;RJ;2021-07-27
2273;Leandro Gomes;862.104.359-98;1963-05-21;664;5896.31;PR;2024-08-12
2274;Dra. Rafaela Peixoto;234.670.159-99;1988-08-21;607;4798.61;RS;2023-07-25
2275;Isis da Mata;107.862.435-62;2003-09-04;669;5120.93;PR;2022-06-25
2276;Yasmin Santos;481.039.625-89;2004-11-02;787;7135.35;GO;2021-04-13
2277;Luiz Felipe Vargas;035.864.129-24;1966-04-15;724;4825.84;RJ;2021-12-24
2278;Mateus da Paz;837.201.694-13;1989-12-13;610;4579.53;SP;2022-08-19
2279;Luísa Cirino;489.016.352-24;1984-06-26;499;4352.16;BA;2024-10-18
2280;Nicolas Nogueira;375.982.461-73;1962-09-24;555;5095.4;BA;2023-05-23
2281;Benicio Monteiro;607.431.985-57;1969-11-24;491;5647.04;RJ;2021-07-14
2282;Laís Borges;279.430.518-23;1995-08-27;512;4315.3;SP;2021-01-20
2283;Alícia Nascimento;297.546.801-67;1967-07-10;715;5149.36;MG;2024-09-20
2284;André Fogaça;069.385.247-00;1976-01-14;722;4546.82;MG;2022-11-05
2285;Kaique Novais;395.180.672-95;1962-01-10;794;6366.15;BA;2023-06-16
2286;Lorenzo Lopes;384.069.157-57;1960-11-26;548;4084.82;CE;2022-07-04
2287;Ágatha Mendonça;238.697.140-69;1971-02-19;717;5151.54;RJ;2023-02-03
2288;Emanuella Moura;084.596.317-10;2006-05-25;530;4018.46;BA;2022-01-10
2289;Juan Silva;561.347.820-17;1999-03-04;478;5644.54;RJ;2023-04-01
2290;Lorena Azevedo;625.081.749-20;1978-11-24;552;5247.62;SC;2023-07-24
2291;Maria Luiza da Cunha;568.379.201-03;1958-08-07;645;4175.47;PR;2023-03-01
2292;André Sousa;875.426.193-73;1986-08-09;619;5736.0;GO;2023-05-14
2293;Srta. Lavínia Dias;325.498.601-60;1983-12-22;597;5969.11;MG;2021-08-20
2294;Dr. Josué Pastor;165.239.480-05;1959-02-14;742;6854.91;MG;2024-11-26
2295;Aurora Rocha;609.253.184-42;1989-02-07;564;3432.16;SP;2021-11-23
2296;Emanuelly Casa Grande;103.495.786-48;1981-03-09;546;4564.24;RJ;2023-05-03
2297;Marcos Vinicius Campos;086.935.147-84;1981-05-05;685;3308.43;CE;2023-09-16
2298;Paulo Cavalcante;029.813.546-98;1960-04-27;619;5110.09;CE;2024-10-21
2299;Enrico Rodrigues;860.519.437-57;1975-07-07;586;5979.27;GO;2022-01-07
2300;Mariah Melo;397.168.045-39;1962-08-07;670;6670.19;CE;2023-02-17
2301;Mariana Camargo;197.264.805-58;1976-04-24;594;5689.48;BA;2024-06-06
2302;Dr. Asafe Cassiano;305.481.627-35;1996-10-07;816;7839.69;SP;2024-11-02
2303;Cauã Pacheco;895.670.214-49;1971-04-03;488;3650.32;MG;2023-09-17
2304;Helena Cirino;410.693.875-84;1957-03-23;578;5113.25;GO;2021-08-20
2305;Leonardo Peixoto;750.143.628-26;2001-02-10;702;4777.11;SC;2023-06-22
2306;Heitor Brito;790.658.413-93;1989-10-20;628;3004.07;SP;2021-05-10
2307;Srta. Ana Cecília Rios;092.137.465-80;2002-02-16;793;5831.63;PR;2024-09-03
2308;Eloá Araújo;359.072.841-88;2002-06-13;626;4698.35;BA;2021-01-26
2309;Isabela Jesus;853.719.064-01;1969-05-24;757;3218.49;PE;2024-03-26
2310;Lucas Gabriel Sampaio;263.478.109-13;1991-06-01;618;4838.18;CE;2022-04-04
2311;Dr. Paulo Peixoto;475.206.183-07;1979-07-12;565;6246.23;BA;2023-11-30
2312;Valentim Cardoso;812.036.579-86;2004-06-11;513;4875.8;PE;2024-11-10
2313;Clarice Ramos;153.248.079-23;1962-12-06;662;6557.52;CE;2021-07-15
2314;Raul Mendes;198.523.467-09;1981-06-01;539;3579.03;SC;2024-09-17
2315;Isabelly da Luz;594.780.126-49;1996-10-27;751;6433.32;RS;2023-09-14
2316;José Miguel Mendes;763.028.419-50;1970-08-15;434;2932.69;BA;2024-09-21
2317;Danilo Câmara;673.128.405-07;2003-03-18;666;6165.76;SC;2021-11-01
2318;Kamilly Araújo;046.813.759-93;1990-09-01;538;1389.74;PE;2024-06-09
2319;Luiza Cunha;325.794.160-99;1999-03-07;682;4235.68;SP;2021-01-24
2320;Maria Luiza Monteiro;628.397.540-29;1970-10-21;377;800.0;MG;2023-11-02
2321;Diego da Cruz;641.237.809-03;1984-04-16;717;5864.62;GO;2023-10-13
2322;Lara Brito;471.953.082-60;1990-04-27;592;6125.02;MG;2021-06-03
2323;Mariana Pastor;507.139.264-06;1985-01-26;696;7184.3;GO;2022-10-19
2324;Luiz Gustavo Lopes;825.630.941-51;1956-02-08;452;3581.45;RS;2022-11-09
2325;Davi Luiz das Neves;746.198.325-37;2001-01-12;425;3170.62;PR;2021-04-14
2326;Felipe Sá;756.314.982-19;1967-07-29;590;5346.61;PE;2022-04-02
2327;Ana Sophia Macedo;128.307.954-23;1998-07-03;625;5623.41;PE;2024-08-10
2328;Emilly Abreu;207.951.834-88;1970-03-09;704;7786.93;SC;2023-04-06
2329;Maria Julia Camargo;409.765.821-20;2005-06-02;582;3714.98;RS;2021-06-11
2330;Alice Vargas;158.362.974-28;1986-08-16;649;4389.72;GO;2023-06-29
2331;Isaac Martins;741.269.830-31;1969-05-04;797;6092.78;CE;2023-07-07
2332;Felipe Montenegro;526.743.109-52;1961-02-25;552;3944.68;RJ;2023-10-18
2333;Sr. Erick Andrade;798.452.061-58;2005-03-27;706;5490.25;GO;2022-10-10
2334;Olivia Vieira;269.071.483-31;1984-06-22;542;6001.35;RJ;2023-10-16
2335;Samuel Mendonça;417.309.568-66;2007-08-30;517;4171.57;SP;2021-07-30
2336;Srta. Ana Laura Silva;169.754.382-00;1973-11-24;698;3952.66;SC;2023-04-25
2337;Clara Nunes;645.821.709-94;1998-08-04;677;4360.89;SP;2024-02-16
2338;Emanuella Albuquerque;846.107.532-35;2001-05-18;718;4781.35;PE;2021-01-01
2339;Luiz Fernando Borges;172.468.953-37;1978-12-16;703;6729.83;RJ;2024-05-22
2340;Sra. Isabella Andrade;905.817.324-05;1987-06-06;723;6035.32;CE;2024-07-29
2341;Lorenzo da Paz;589.346.721-37;1984-02-27;592;4159.58;PR;2023-11-08
2342;Diogo das Neves;354.071.268-26;1959-09-16;796;5668.5;PE;2022-02-28
2343;Dra. Maria Sophia Mendes;382.091.465-05;1969-09-04;495;4625.37;GO;2022-11-30
2344;Emanuel Siqueira;459.608.237-56;2003-06-26;524;3241.94;BA;2021-04-22
2345;Srta. Sarah Sampaio;027.194.835-32;2005-06-23;446;3085.09;RS;2023-07-20
2346;Arthur Gabriel Cavalcanti;897.405.163-00;1989-12-27;610;5123.09;BA;2024-02-22
2347;Isis Silva;240.638.791-78;1972-09-21;734;6398.9;CE;2024-05-13
2348;Luiz Fernando Andrade;643.905.871-10;1961-09-14;597;4577.8;GO;2024-09-07
2349;Lunna Leão;492.875.361-55;1955-10-02;681;6720.57;BA;2023-07-16
2350;Rodrigo Casa Grande;570.132.986-03;1960-05-01;635;4610.87;RJ;2021-07-19
2351;Theo Siqueira;271.360.954-25;1959-12-29;500;2554.79;RS;2021-01-05
2352;Maria Eduarda Pimenta;907.824.361-96;1974-09-16;699;6169.98;BA;2022-12-29
2353;Allana Moraes;749.218.056-01;1979-07-27;689;5383.34;PR;2024-01-27
2354;Aylla Costa;340.165.927-80;1998-05-07;788;5819.88;PE;2023-02-05
2355;Dr. Theo Camargo;368.075.429-92;1996-12-25;734;5833.26;RJ;2021-04-04
2356;Dom da Paz;347.925.601-52;1965-05-11;546;4960.53;MG;2023-10-06
2357;Ayla Nogueira;985.260.734-00;1968-09-22;669;5708.97;MG;2023-04-19
2358;Ian Ribeiro;492.708.651-85;1956-06-30;629;4994.11;RJ;2022-06-05
2359;Davi Luiz Leão;584.369.207-83;1983-08-19;850;7984.26;CE;2022-02-06
2360;Ravi Lucca Vasconcelos;684.573.920-00;2001-10-19;706;5759.8;RS;2021-09-05
2361;Evelyn Albuquerque;503.826.917-68;1964-06-10;740;6437.99;SC;2022-03-18
2362;Emilly Marques;751.846.029-76;1969-04-02;623;4680.44;GO;2022-01-26
2363;Enzo Viana;905.672.843-10;1996-07-24;610;1709.57;BA;2021-08-09
2364;Aylla Caldeira;026.937.548-10;2002-12-05;645;4671.52;SC;2021-04-06
2365;Dra. Maysa Farias;475.931.280-32;1990-01-05;811;6507.34;CE;2021-09-10
2366;Cecilia Gomes;651.723.489-64;2008-04-22;477;3766.12;GO;2023-07-26
2367;Natália Aragão;963.421.705-25;1991-05-17;494;4425.41;CE;2023-10-30
2368;Matheus Nascimento;506.328.174-53;1957-05-25;654;6189.84;MG;2023-10-19
2369;Yasmin da Conceição;051.372.984-41;1987-06-09;525;4234.01;SP;2023-12-23
2370;Liz Nunes;740.561.892-85;1961-11-28;456;4349.49;SP;2024-02-08
2371;Maria Marques;059.168.274-58;1986-08-18;682;5951.81;SC;2024-04-13
2372;Ayla da Rocha;083.715.246-17;1986-03-14;620;5374.77;GO;2023-11-08
2373;Emilly Duarte;431.857.069-00;1955-09-17;812;6210.91;MG;2024-11-17
2374;Julia Pereira;320.698.471-87;1970-07-24;636;4001.87;CE;2021-12-22
2375;Kaique da Luz;032.641.789-31;2004-08-04;515;4217.81;MG;2021-08-01
2376;Isabela Marques;624.930.871-78;1960-08-30;752;5759.72;SC;2024-09-08
2377;Lucas Carvalho;459.268.301-33;1995-09-05;591;4321.11;CE;2024-05-26
2378;João Vitor Farias;456.830.791-01;1965-11-14;555;4734.97;BA;2023-10-30
2379;Luiz Fernando Gonçalves;965.840.123-60;1968-03-12;440;4800.94;SC;2023-05-08
2380;Melina Araújo;952.760.381-12;1960-07-02;540;5041.9;CE;2024-11-19
2381;Sr. Daniel Câmara;625.031.748-17;1973-01-26;467;4404.84;RS;2022-07-15
2382;Dr. Paulo Machado;184.623.079-96;1993-02-23;700;5984.2;SC;2022-12-04
2383;Ágatha Melo;357.069.142-06;1994-01-26;500;4249.55;PR;2023-07-17
2384;Isaque Aparecida;791.240.658-11;1987-04-25;478;3571.24;MG;2021-10-10
2385;Ana Sophia Rios;501.496.238-60;1961-06-19;743;6740.7;SC;2024-05-18
2386;Giovanna Montenegro;937.261.840-31;1998-05-29;621;3993.19;PE;2022-09-05
2387;Kevin Correia;593.287.641-73;1963-01-27;697;5595.38;PE;2022-10-05
2388;Maria Fernanda Caldeira;517.028.934-05;1993-06-17;341;3510.63;PE;2024-07-19
2389;Matheus Pacheco;972.063.584-38;1962-06-29;617;6138.45;RS;2022-02-16
2390;Camila Rodrigues;728.534.091-04;1980-09-19;488;800.0;RS;2024-07-02
2391;Thales Marques;450.283.691-51;1973-09-09;653;5515.56;PR;2024-11-07
2392;Sra. Gabriela Marques;938.106.254-42;1982-05-20;417;2357.5;BA;2024-10-09
2393;Lunna da Cruz;364.271.509-52;1988-08-14;850;6494.39;MG;2024-12-25
2394;Dante Moreira;027.168.934-03;1958-07-27;707;5005.34;MG;2023-10-29
2395;Davi Luiz Garcia;267.401.385-08;1976-02-13;369;2781.74;PE;2024-11-22
2396;Davi Guerra;580.671.243-53;1959-02-16;588;4304.12;BA;2024-12-25
2397;Stella Pimenta;493.765.120-06;1958-03-06;606;5112.27;RJ;2022-12-23
2398;Isabela Brito;351.862.704-07;1983-12-27;601;3543.99;PE;2023-09-11
2399;Dr. Isaque Leão;047.925.163-07;1972-08-24;678;3474.63;CE;2024-03-14
2400;Danilo Sá;507.914.863-20;1955-07-22;373;3723.18;SC;2024-10-12
2401;Sra. Laura Oliveira;986.751.230-86;1963-11-25;680;5382.6;PE;2022-08-09
2402;João Lucas Vasconcelos;480.725.931-88;1979-11-17;452;2908.09;SC;2021-01-27
2403;Sofia Moura;795.602.831-03;2000-02-17;588;3108.11;PE;2021-08-07
2404;Srta. Laís Macedo;892.653.401-42;1974-06-17;531;4900.33;SP;2023-02-20
2405;Sr. Arthur Barbosa;032.149.568-33;1981-06-16;791;5908.57;MG;2021-04-19
2406;Stephany Teixeira;386.724.195-37;1956-03-31;710;3765.94;SP;2022-02-14
2407;Manuela Duarte;719.832.450-97;2000-10-01;699;4788.05;PR;2021-11-26
2408;Vitor Rodrigues;801.674.592-01;1959-11-24;656;5000.25;PR;2024-10-31
2409;Francisco Cirino;312.796.085-95;1990-05-16;778;5349.56;PR;2021-10-27
2410;Eduarda Carvalho;490.136.285-24;1964-03-22;695;5280.49;SP;2024-11-15
2411;Eduarda Azevedo;861.709.523-77;1959-04-26;601;4624.15;PR;2022-02-22
2412;Ryan Casa Grande;512.839.406-98;1975-09-23;518;4129.9;PE;2021-03-08
2413;Yuri Fogaça;795.826.310-40;1976-01-04;612;5137.24;BA;2023-07-16
2414;Maria Alice Andrade;961.732.084-31;1989-04-25;630;5837.99;RJ;2024-06-15
2415;Alexia Dias;821.950.674-11;2000-03-06;730;4789.38;PE;2022-04-05
2416;Pietro Martins;045.296.731-70;1998-03-03;724;4605.66;PE;2023-03-08
2417;Isaque Borges;725.419.806-20;1963-05-15;690;6139.74;RS;2023-11-13
2418;Ana Vitória Siqueira;724.583.160-26;1967-11-20;390;3212.98;PR;2024-11-20
2419;Heloisa Pereira;182.409.356-05;1959-06-30;563;3745.23;SP;2023-02-21
2420;Maria Flor Sá;618.573.490-75;1986-01-13;782;5602.32;SC;2023-05-04
2421;Pedro Miguel Costela;608.523.174-17;2004-04-14;523;4259.69;BA;2024-02-05
2422;Lorenzo Lopes;645.082.793-92;1985-10-11;702;5474.35;SP;2021-01-27
2423;Luiz Miguel Pereira;342.809.617-78;1956-07-08;759;6602.98;PR;2022-02-20
2424;Noah da Cunha;701.432.958-88;1989-01-12;358;2334.53;CE;2023-06-27
2425;Milena Rios;026.457.193-25;1995-04-15;552;4895.36;RS;2024-07-21
2426;Guilherme Jesus;420.651.978-11;1985-07-22;305;4989.01;BA;2024-04-20
2427;Lara Oliveira;452.701.863-90;2002-10-27;683;5612.88;PE;2024-05-20
2428;Mariane da Cruz;019.648.375-10;1989-10-17;761;8431.65;RS;2022-02-01
2429;Sr. Benjamim Nogueira;480.759.612-85;2003-02-18;724;6740.81;PR;2023-07-09
2430;Yuri Costa;768.321.594-55;2005-02-09;635;4938.47;MG;2024-10-30
2431;Antony Peixoto;805.941.326-06;1961-08-17;562;3669.89;RJ;2022-01-18
2432;Dr. Pedro Henrique da Rosa;413.092.786-87;2006-01-03;537;2945.44;MG;2023-11-19
2433;João Gabriel Vargas;073.624.591-06;2001-12-17;610;3195.33;RJ;2023-02-12
2434;João Lucas Mendonça;325.479.086-38;1975-12-15;642;5099.67;SP;2023-05-28
2435;Alice Lima;627.134.590-52;2001-02-03;637;4573.87;PR;2024-02-14
2436;João Gabriel Andrade;085.247.631-08;1993-12-19;850;8160.12;PR;2021-09-24
2437;Heitor Sampaio;471.825.036-62;1968-01-31;470;3992.87;MG;2024-04-11
2438;Larissa Porto;614.097.528-01;1981-04-15;547;3361.52;PR;2021-01-12
2439;Beatriz Mendonça;465.120.379-52;1975-08-02;459;4104.22;BA;2023-08-14
2440;Vitória Vasconcelos;071.685.329-95;1967-02-05;538;5271.83;MG;2021-03-23
2441;Eduardo Novaes;586.230.491-60;2007-09-20;739;7285.91;MG;2022-10-23
2442;Maria Laura Cardoso;703.294.681-03;1981-12-01;517;4611.37;CE;2021-04-15
2443;João Miguel da Conceição;736.428.015-44;1989-03-04;695;5085.82;CE;2024-09-17
2444;Dante Oliveira;957.643.021-61;1964-01-03;527;5825.52;PR;2023-10-02
2445;Lívia Ribeiro;871.624.590-30;1984-02-29;647;5811.97;CE;2024-02-01
2446;Sr. Vinícius Pires;465.712.938-46;2006-07-27;521;2948.72;BA;2021-05-30
2447;Ayla Aparecida;590.426.173-06;2001-03-02;551;4283.98;BA;2023-12-13
2448;Leonardo Pinto;634.012.597-25;1967-06-10;492;3926.16;RS;2022-01-12
2449;Natália Vasconcelos;803.659.412-98;1964-07-03;417;2215.95;PE;2021-05-20
2450;Danilo Cardoso;064.375.289-74;1972-12-14;700;6203.79;PE;2021-11-23
2451;Dr. Rhavi Silva;194.603.287-50;2004-05-22;572;3558.24;SC;2024-01-18
2452;Nicolas Moreira;468.215.907-02;1985-08-23;496;3594.73;PE;2023-04-07
2453;Pedro Lucas Rezende;821.306.457-71;1983-03-21;697;6504.25;RJ;2022-12-17
2454;Diogo Ferreira;625.309.784-92;1972-11-01;560;3326.51;RS;2022-03-13
2455;Ana Vitória Abreu;185.742.609-67;1988-07-20;652;4392.47;BA;2022-11-10
2456;Luiza Camargo;548.201.673-08;2000-07-13;557;5781.28;BA;2022-08-25
2457;Laura Macedo;826.350.194-60;1956-10-26;719;5909.97;RS;2024-06-20
2458;Caroline Viana;056.423.719-16;1986-06-24;467;3947.4;PE;2023-08-31
2459;Heitor Monteiro;813.790.625-86;2005-05-05;747;5600.37;PE;2024-08-22
2460;Otávio da Conceição;397.251.604-52;1966-05-09;782;7548.75;SP;2021-08-23
2461;Rebeca das Neves;103.259.867-03;1978-09-27;819;6857.24;BA;2023-07-02
2462;Maria Alice Ribeiro;514.823.960-33;1975-04-25;690;6934.19;RS;2024-08-08
2463;Srta. Ágatha Teixeira;617.085.342-53;1994-08-03;673;4882.77;CE;2024-06-26
2464;Laura Novais;395.716.248-37;2005-11-09;566;4766.55;RS;2021-03-23
2465;Hellena Fogaça;316.297.584-00;1956-01-29;465;3576.74;BA;2023-02-21
2466;Brayan Brito;469.312.075-80;1959-03-08;751;3816.75;RJ;2023-03-02
2467;Lara Abreu;527.643.810-26;1998-09-20;804;7554.37;PR;2024-01-12
2468;Milena Garcia;625.430.719-70;1980-01-11;564;5055.39;PR;2021-02-20
2469;Sofia Rezende;248.967.305-00;1992-04-25;620;6189.99;PE;2023-02-07
2470;Maya Melo;721.854.693-55;1976-10-29;737;4495.93;PE;2023-11-08
2471;Dr. Théo Silveira;249.610.738-22;1981-05-19;690;5314.37;GO;2023-09-24
2472;Noah Macedo;187.639.502-86;1973-08-20;629;4303.83;SP;2022-08-31
2473;Joana Correia;407.519.683-66;1988-03-03;829;7672.06;RS;2022-10-19
2474;Vinícius Gomes;564.289.317-37;1962-05-23;531;2913.39;PE;2021-06-18
2475;Sara Freitas;621.740.398-69;1961-06-06;573;5018.5;RJ;2021-12-09
2476;Mathias Silva;951.408.763-10;1992-04-12;648;6437.13;PE;2023-12-29
2477;Maya Almeida;578.013.264-07;1974-08-23;714;6681.57;SP;2024-07-07
2478;Maria Sophia da Costa;452.013.679-25;1988-01-25;659;3882.7;RJ;2022-03-08
2479;Diogo Novaes;146.735.809-66;1995-09-02;596;5828.09;RS;2024-11-04
2480;Melina da Paz;495.268.071-11;2004-08-05;613;5407.09;SC;2021-08-01
2481;Sra. Ana Beatriz Fernandes;139.642.058-42;1964-03-01;581;3618.19;RS;2024-01-07
2482;Enzo Gabriel Pires;341.980.765-10;1989-09-15;605;5149.05;SC;2024-08-17
2483;Bernardo Campos;245.863.709-47;1992-09-24;541;4092.29;RJ;2024-11-06
2484;Ana Cecília Fogaça;908.364.527-47;1957-10-23;507;5175.24;MG;2021-02-18
2485;Enzo Gabriel Sampaio;786.501.392-21;1965-09-05;584;6124.76;GO;2022-11-11
2486;Juan Fogaça;075.921.364-06;1972-10-29;803;6342.95;SP;2021-06-29
2487;Brayan Vargas;594.086.721-94;2001-07-29;498;1898.1;RJ;2021-04-22
2488;Maya Câmara;178.953.406-20;1975-11-01;443;2170.17;MG;2022-05-31
2489;Sr. Noah Lopes;503.246.198-98;1971-05-10;785;6395.82;PE;2021-05-25
2490;Srta. Larissa Araújo;874.563.219-73;1993-12-27;666;3107.58;CE;2022-04-12
2491;Noah da Cunha;106.327.984-40;1959-10-29;476;4695.08;PR;2023-04-15
2492;Caroline Mendes;746.908.513-01;1972-09-04;654;5084.79;SC;2023-07-13
2493;Alícia Marques;213.694.758-37;1976-09-14;687;7131.8;SC;2023-06-06
2494;João Guilherme Cirino;375.821.490-41;1970-08-01;593;4813.37;BA;2021-02-04
2495;Daniel Leão;815.346.297-00;1966-11-14;643;7536.11;SC;2024-10-10
2496;Benicio Sousa;569.378.014-75;1976-12-01;368;3627.22;RJ;2024-01-01
2497;Marcos Vinicius Oliveira;416.328.957-73;1960-08-05;606;5414.77;SP;2024-08-06
2498;Melissa Costa;092.146.573-43;1967-03-10;541;4279.03;CE;2021-05-10
2499;Anna Liz Dias;128.057.964-11;1976-11-15;705;8752.91;CE;2021-04-04
2500;Pedro Vargas;269.354.871-37;1956-01-13;716;4879.93;RJ;2023-01-03
2501;Luísa Machado;748.610.935-20;1966-02-03;569;4098.59;PE;2021-08-06
2502;Otto Cunha;710.284.935-41;1965-07-06;404;2901.91;PR;2024-11-05
2503;Carolina Melo;076.832.459-92;2003-04-09;707;4381.77;PR;2024-05-27
2504;Vitor Gabriel Casa Grande;731.498.256-28;1989-11-07;745;6447.77;RJ;2022-07-31
2505;Cecília Mendonça;295.086.743-00;1968-04-17;531;4106.47;GO;2023-02-21
2506;Elisa Araújo;379.508.146-75;1971-10-07;811;7221.55;SC;2024-09-15
2507;Alexandre Moreira;018.945.632-98;1978-04-22;621;4730.32;SP;2023-08-29
2508;Marcos Vinicius Novais;873.092.564-92;1971-03-24;629;4520.24;MG;2023-12-29
2509;Dra. Rafaela da Conceição;964.381.207-31;1956-07-11;367;4978.18;RS;2021-10-07
2510;Dra. Ana Julia Correia;490.168.732-87;1963-10-08;638;5502.15;SC;2024-01-23
2511;Dom Viana;684.053.917-20;1996-03-06;613;4168.88;PR;2024-07-22
2512;Joana Santos;129.507.648-94;1987-12-02;597;3176.61;MG;2022-09-03
2513;Joaquim Sousa;958.140.376-01;2001-02-08;850;5565.49;BA;2021-01-23
2514;Dra. Ana Carolina Gonçalves;591.267.438-09;2000-03-01;496;3527.74;PE;2024-02-11
2515;Emanuel Pimenta;345.691.780-57;1970-12-08;774;6206.51;MG;2021-09-10
2516;Rael Mendonça;169.825.340-06;1964-08-01;471;5022.34;SP;2021-01-11
2517;Vinícius Azevedo;052.934.718-05;1991-02-10;707;6194.43;CE;2024-05-06
2518;Dr. João Felipe Camargo;285.309.146-51;1992-07-20;705;8034.36;SC;2024-01-06
2519;Evelyn Viana;612.794.538-00;1994-11-25;850;6113.28;PE;2021-06-24
2520;Manuela Azevedo;938.756.402-92;1993-01-02;814;6895.17;PR;2022-03-07
2521;José Miguel Garcia;263.089.174-78;1958-03-23;679;3739.73;BA;2022-03-10
2522;Diego Vargas;728.945.306-92;1958-08-03;599;3979.18;SC;2024-08-15
2523;Olivia Borges;205.938.741-88;1966-01-04;719;6823.08;PE;2021-10-19
2524;Léo das Neves;760.128.395-02;2003-12-25;371;2945.97;MG;2022-01-12
2525;Luana Silveira;302.197.864-96;1976-10-25;754;5845.32;RS;2024-06-17
2526;Sabrina Almeida;870.513.629-68;1981-04-10;707;6007.17;PR;2022-02-02
2527;João Guilherme Nogueira;569.847.120-76;1971-08-05;660;5008.69;RJ;2022-01-07
2528;Benjamim Gomes;085.719.462-30;1985-12-09;474;2670.47;CE;2021-04-22
2529;Bella da Cunha;517.380.624-90;1983-02-28;705;5659.46;PE;2023-08-03
2530;Alana Barros;189.325.740-14;1970-07-28;603;4400.11;PE;2021-05-30
2531;Davi da Rocha;584.062.179-01;1972-02-07;583;5710.91;PR;2024-10-07
2532;Antonella Alves;368.459.027-47;1968-08-30;579;3290.94;RJ;2022-05-29
2533;João Martins;625.083.147-90;1965-11-25;709;5467.12;RJ;2022-02-09
2534;Davi Lucca Barbosa;809.436.271-50;1959-03-30;623;6591.58;CE;2023-09-25
2535;Théo Viana;519.408.762-49;1975-11-22;617;5225.18;BA;2023-01-02
2536;Sabrina Freitas;948.026.153-70;2004-04-14;478;3604.33;MG;2024-10-06
2537;Murilo Duarte;973.185.240-97;1991-11-09;693;3988.63;RS;2021-07-24
2538;Dra. Luiza Cavalcanti;542.873.601-17;1984-04-11;644;5252.79;PR;2024-06-22
2539;Isabela Nunes;170.623.549-61;1975-06-16;624;6029.16;RJ;2022-02-01
2540;Liz Azevedo;293.561.740-16;1981-07-05;660;6758.07;BA;2023-09-23
2541;Thales Leão;416.230.897-78;1985-08-04;500;4135.92;GO;2022-11-04
2542;Dra. Ana Julia Gonçalves;071.832.694-69;1972-01-27;630;3970.75;CE;2024-09-12
2543;Laís Barbosa;756.394.280-74;1967-11-13;734;8196.67;PR;2024-11-21
2544;Miguel Novaes;324.507.861-71;1959-09-25;617;5441.02;CE;2021-11-09
2545;Alexandre Gonçalves;165.487.239-37;1995-06-04;630;4326.42;CE;2024-03-06
2546;Davi Luiz Barros;704.568.913-66;2007-11-16;401;2502.23;BA;2022-10-10
2547;Lorenzo Ribeiro;628.950.473-83;2005-02-13;452;5320.1;SC;2021-12-12
2548;Daniela Cardoso;397.286.015-30;1987-09-13;606;4502.08;SP;2022-10-04
2549;Rebeca Mendonça;918.026.735-12;1996-06-22;726;4686.25;RS;2022-03-30
2550;Luan Montenegro;543.179.068-48;1992-07-08;527;4284.07;SC;2022-07-21
2551;Evelyn Peixoto;958.647.320-10;1972-09-28;743;6445.69;BA;2021-10-03
2552;Lara Marques;870.124.639-96;1961-06-06;649;5270.12;BA;2023-09-10
2553;Isabela Marques;683.420.571-35;1989-11-11;668;5545.65;GO;2023-07-02
2554;Isabel Fernandes;479.062.138-31;2002-10-22;496;4014.08;BA;2022-09-18
2555;Ágatha Casa Grande;638.052.174-71;1985-10-13;491;4009.08;GO;2024-02-04
2556;Olivia Duarte;367.250.894-29;1991-02-06;562;7035.38;RJ;2021-12-26
2557;Dra. Maria Vitória Casa Grande;132.790.658-95;1996-10-01;615;3515.76;CE;2021-06-17
2558;Joaquim da Mota;709.452.683-00;1969-04-24;603;5343.36;PR;2021-10-14
2559;Mirella Oliveira;396.075.128-12;1962-04-24;820;5970.55;PE;2022-02-07
2560;Maria Isis Monteiro;913.456.208-70;1964-09-19;430;4256.84;PR;2024-07-07
2561;Luigi Gomes;495.713.026-43;2003-09-11;454;3195.84;RJ;2021-06-04
2562;Léo Pacheco;205.614.973-70;1970-11-03;589;4642.37;SP;2023-11-05
2563;Heitor Abreu;352.697.048-38;1992-12-19;702;4932.37;SP;2024-04-06
2564;Daniel Oliveira;720.519.846-11;1969-03-14;587;4681.73;CE;2023-04-10
2565;Henry Marques;019.754.268-94;1982-03-03;637;5193.83;CE;2022-03-12
2566;Emanuella Vargas;302.178.956-03;1970-09-23;672;6219.84;SP;2024-02-04
2567;Benício Pacheco;047.592.638-29;1988-09-18;667;5789.59;PR;2024-01-19
2568;Luigi Pimenta;379.154.260-52;1995-11-06;430;3490.23;PE;2023-08-25
2569;Sra. Bianca Gomes;371.684.295-82;1998-01-03;677;6144.94;MG;2023-01-20
2570;Valentina Sousa;460.931.258-15;1989-02-03;536;3628.96;SC;2022-04-03
2571;Sra. Ana Vitória Mendes;308.524.961-33;1976-01-07;551;4944.41;CE;2022-08-19
2572;Eloá Rios;206.734.891-40;1961-09-04;744;5544.54;MG;2023-08-10
2573;Srta. Maria Clara Ramos;906.724.158-01;1964-10-21;728;5947.48;PE;2023-11-12
2574;Levi da Luz;940.817.635-93;1962-11-25;605;4628.62;RJ;2023-03-24
2575;Dr. Luiz Miguel Peixoto;021.354.876-35;1957-09-08;709;5997.58;BA;2023-10-26
2576;Juan Novais;174.256.893-91;2006-04-14;850;5947.78;SP;2024-09-19
2577;Henry Gabriel Nogueira;502.831.764-07;1996-05-22;682;4926.8;RS;2024-06-11
2578;Rodrigo Carvalho;938.162.754-19;1992-01-16;515;4109.13;MG;2023-11-19
2579;Bruna da Conceição;250.937.164-99;2008-02-10;636;8006.17;MG;2023-07-03
2580;Dr. Kevin Oliveira;139.468.205-06;1988-10-22;597;3645.82;MG;2022-01-02
2581;Srta. Daniela Araújo;780.941.352-04;1965-03-31;652;3141.36;CE;2024-03-04
2582;Sra. Luiza Leão;715.980.324-88;1987-10-12;608;4880.03;MG;2023-09-18
2583;Maria Cecília Santos;124.739.056-06;2007-02-11;715;6693.62;BA;2021-03-24
2584;Sra. Mirella Cavalcanti;712.098.654-67;1963-06-30;559;4321.39;RS;2023-09-26
2585;Julia Fernandes;481.739.560-57;1975-08-02;528;3095.94;RS;2021-05-09
2586;Sra. Marina Siqueira;416.073.985-75;1976-05-27;657;3982.41;PR;2023-01-27
2587;Ana Vitória Almeida;163.987.452-64;1996-06-04;570;3564.83;RS;2021-03-29
2588;Maria Julia Sousa;364.821.759-37;1962-04-07;685;7281.43;RS;2023-11-27
2589;Daniel Mendonça;798.463.051-84;1977-04-08;463;1850.98;BA;2023-03-06
2590;Dr. Luiz Gustavo Brito;295.314.678-46;1979-06-26;605;4855.7;GO;2023-07-21
2591;Gabrielly Monteiro;042.673.951-52;1990-05-09;646;4721.68;SP;2021-03-23
2592;Brayan Souza;243.867.190-40;1960-09-05;595;5127.51;BA;2021-07-31
2593;Gabriel Fogaça;610.835.947-10;2005-03-07;744;3996.95;PE;2024-07-21
2594;Luiz Otávio da Mota;408.596.173-00;1986-02-27;575;4813.81;PR;2022-06-24
2595;Noah Guerra;709.516.243-34;1958-06-10;509;5803.17;CE;2024-01-20
2596;Ravi Aparecida;093.482.516-51;1991-05-10;543;4302.71;CE;2021-12-23
2597;Lorena Freitas;965.807.134-10;1992-02-20;686;4896.72;SC;2024-08-31
2598;Ian Rezende;160.745.289-85;1992-12-13;398;2755.35;SC;2023-01-19
2599;João Vitor Brito;380.496.572-56;1963-01-19;743;5607.1;CE;2024-08-31
2600;Levi Siqueira;926.031.584-06;1971-04-08;518;5069.67;RJ;2023-11-25
2601;Kaique Campos;492.763.801-40;1985-12-23;580;4129.84;PR;2023-02-10
2602;Maria Flor Nunes;956.147.830-75;1995-01-08;637;5866.75;RS;2023-11-24
2603;Calebe Sales;309.275.418-23;1988-03-30;850;7627.24;SC;2022-12-24
2604;Maria Liz Oliveira;473.160.859-75;1989-06-28;759;5566.03;BA;2023-09-25
2605;Maria Luiza Freitas;465.078.391-75;2003-10-04;496;4030.33;GO;2024-05-22
2606;Erick Silveira;483.620.159-42;2007-10-19;632;3977.49;SP;2023-10-25
2607;Dra. Ana Liz Ferreira;629.417.053-25;1997-10-26;598;5183.32;MG;2023-06-20
2608;Alana Albuquerque;905.731.284-05;1959-03-12;663;5808.29;MG;2022-04-17
2609;Benicio Ferreira;267.803.419-40;1972-05-04;654;4724.99;RJ;2023-11-20
2610;Sr. Benício Gomes;653.290.187-30;1985-11-24;558;3265.05;PR;2022-03-10
2611;Rael Pires;078.362.491-31;1982-03-16;834;6685.45;MG;2022-01-18
2612;Marcelo das Neves;738.065.214-17;2004-06-18;593;3815.21;MG;2023-01-12
2613;Clara Silveira;308.615.724-08;1965-02-13;850;5726.67;CE;2021-08-31
2614;Dr. Léo Leão;638.297.014-03;1993-09-27;568;4959.84;RS;2023-04-30
2615;Dra. Rebeca Campos;149.853.026-51;1960-02-15;692;6493.93;BA;2021-08-21
2616;José Miguel Pereira;263.519.087-95;1975-05-12;836;7194.16;GO;2024-10-14
2617;Davi Lucca Lima;768.512.049-67;1986-03-29;493;3687.05;GO;2023-09-09
2618;Laura Aparecida;612.394.087-22;2002-12-21;656;7316.23;RS;2024-04-24
2619;Juan Jesus;408.932.167-04;1962-09-07;452;4818.58;MG;2024-08-18
2620;Lucca Cirino;435.269.017-16;1971-10-20;641;5965.83;SC;2021-02-15
2621;Eduarda Viana;236.874.590-47;1968-12-29;607;4013.57;RS;2021-03-30
2622;Ana Laura Almeida;079.835.214-05;2001-06-15;710;6334.43;MG;2024-03-20
2623;Valentina Correia;405.813.267-17;1987-02-15;736;5874.7;CE;2021-11-26
2624;Helena Gomes;780.435.962-47;1988-11-13;548;2825.21;MG;2024-07-13
2625;Stella Araújo;369.724.810-31;1971-10-20;718;6167.89;PE;2021-03-22
2626;Cauê Camargo;608.357.294-00;1982-11-06;504;3493.43;CE;2021-10-28
2627;Ryan da Rosa;284.153.076-08;1968-02-07;563;3021.02;SP;2021-12-07
2628;Mateus Melo;745.390.218-50;1997-09-05;521;3034.17;PR;2022-01-04
2629;Eloah Cavalcanti;259.437.618-37;1991-03-06;570;3821.3;PE;2023-04-11
2630;Dra. Nicole Marques;328.506.419-60;1999-07-10;424;5414.59;CE;2024-02-29
2631;Anthony Gabriel Sampaio;018.924.375-97;1977-01-07;770;5380.98;SP;2024-09-17
2632;Dr. Marcos Vinicius Almeida;194.025.873-14;1960-09-12;652;5633.47;PR;2021-06-25
2633;Sara Garcia;125.307.694-43;1973-08-16;762;5277.39;RS;2023-07-09
2634;Ayla Campos;052.694.731-43;1975-08-19;751;5460.09;CE;2023-08-24
2635;Diego Lopes;740.958.263-47;1998-09-30;459;4396.14;GO;2021-12-16
2636;Isis Sá;832.570.416-08;1964-08-06;774;8779.91;RS;2023-04-22
2637;Maya Ramos;956.743.082-92;2004-07-22;476;4506.92;CE;2021-10-20
2638;João Miguel Vasconcelos;347.958.602-38;1961-10-10;570;5343.36;CE;2022-01-08
2639;Laís Sales;853.192.764-19;1992-12-29;443;2281.23;CE;2024-09-12
2640;Heloisa Pinto;567.293.814-00;1975-09-17;526;4286.96;PE;2022-06-26
2641;Maria Isis Correia;910.647.352-07;2000-09-01;543;5003.05;MG;2024-11-05
2642;Dr. Luiz Otávio Ferreira;157.963.048-01;1958-04-09;743;6543.58;BA;2023-07-18
2643;Diogo Fernandes;649.381.702-13;1983-07-21;814;6927.83;CE;2024-04-24
2644;Caroline Moraes;624.301.579-34;1997-03-02;473;5147.38;RJ;2022-04-16
2645;Sr. Diogo Farias;140.798.526-49;1990-07-15;547;5286.42;SC;2023-03-01
2646;Benicio Andrade;834.629.051-98;1982-03-17;808;6920.69;MG;2021-08-11
2647;Hellena Lopes;943.168.750-00;1978-08-01;440;2601.79;SP;2022-02-19
2648;Théo Pimenta;036.951.478-57;1965-11-22;778;6054.88;PE;2023-10-30
2649;Srta. Olívia Brito;054.389.716-84;1987-10-14;629;5790.82;SC;2021-11-03
2650;Aurora Farias;721.309.648-69;1957-04-29;703;5902.8;CE;2021-07-17
2651;Dante Pacheco;478.320.516-71;2003-12-28;594;4439.33;MG;2023-09-02
2652;João Miguel Oliveira;593.276.018-40;1989-12-30;722;6329.57;CE;2024-05-13
2653;Maysa da Conceição;231.498.056-51;1975-07-28;589;5794.11;SP;2023-12-25
2654;João Miguel Santos;978.645.012-49;1968-05-15;604;3980.34;PE;2021-08-29
2655;Dr. Thomas Fernandes;135.069.724-99;1963-09-07;528;3245.26;RJ;2023-09-15
2656;Henrique Abreu;691.038.524-15;1997-04-13;587;5929.72;MG;2024-05-20
2657;Benício Siqueira;358.746.129-55;1967-05-10;523;4372.48;PE;2021-01-03
2658;Srta. Brenda Martins;049.526.178-58;1971-04-30;541;4067.69;SC;2023-12-06
2659;Thiago Moreira;520.719.348-14;1974-05-30;438;3283.46;SC;2023-01-29
2660;Henry Gabriel Carvalho;716.539.802-30;1981-10-19;596;5308.29;SP;2024-11-29
2661;Isabela Moraes;684.730.921-04;2000-10-18;646;3969.61;PE;2023-05-29
2662;Sr. Felipe Vieira;061.375.294-52;1978-09-19;750;6210.3;RS;2023-09-15
2663;Gabriel Ferreira;478.013.926-04;1992-12-11;643;5134.82;SC;2022-12-19
2664;Melina Moreira;548.912.360-51;1960-12-12;557;4673.8;CE;2024-11-27
2665;Dr. Valentim Mendonça;817.534.960-39;2002-04-11;677;3669.1;CE;2021-07-20
2666;Isaque Machado;862.193.754-91;1992-12-06;555;4185.05;SC;2021-10-02
2667;Sabrina Guerra;938.416.702-96;1974-03-02;650;6393.31;PR;2023-09-05
2668;Ana Carolina Azevedo;529.078.316-40;1971-08-03;527;3718.04;RS;2021-06-21
2669;Liam Ribeiro;327.164.509-43;2005-03-17;558;3662.47;PR;2024-05-10
2670;Murilo Machado;834.956.217-09;1968-08-26;578;5394.8;PE;2023-04-17
2671;Dra. Ana Beatriz Nunes;562.908.713-40;1972-12-09;493;4371.81;PR;2022-01-23
2672;Dom Vasconcelos;039.657.412-25;1976-08-27;415;2758.66;SP;2024-12-23
2673;Joana Pimenta;462.307.598-29;1993-09-08;580;6314.86;SP;2024-03-29
2674;Sra. Ana Julia Martins;540.217.896-85;1992-02-03;587;2494.76;PE;2021-08-30
2675;Josué Ribeiro;860.921.754-01;1962-08-24;380;3074.03;PE;2021-01-15
2676;Vitória Vasconcelos;580.632.749-38;1995-09-05;693;5919.46;SC;2024-09-02
2677;Brayan da Costa;864.923.157-82;1983-05-03;640;6282.26;RS;2024-11-09
2678;Daniel Câmara;361.507.928-03;2002-03-13;555;5334.91;BA;2023-04-18
2679;Allana Oliveira;598.310.672-40;2002-03-20;424;2487.05;BA;2021-08-07
2680;Nicolas da Rocha;508.742.639-56;1989-07-13;403;2949.15;MG;2023-05-23
2681;Zoe Garcia;084.593.176-84;1971-01-16;614;5026.1;CE;2022-06-04
2682;Maria Luiza Jesus;394.780.215-32;1997-12-09;627;4088.45;PR;2024-01-03
2683;Stella Casa Grande;053.219.746-16;1982-08-24;597;3278.55;SC;2024-03-02
2684;Maria Liz Dias;367.081.529-59;1988-12-08;783;5960.37;BA;2024-06-07
2685;Yago Vargas;307.981.624-22;1978-08-31;561;6076.94;PR;2024-10-25
2686;Ana Liz Câmara;783.546.209-56;1984-11-01;470;2634.41;SC;2022-02-22
2687;Maysa Pacheco;897.052.143-79;1964-05-11;488;3836.13;SC;2024-02-05
2688;Benjamim Alves;830.594.716-57;1998-02-22;671;6107.68;PE;2023-09-16
2689;Theodoro Camargo;501.273.846-26;2008-03-13;850;4550.57;MG;2023-01-29
2690;Olívia Lopes;391.506.748-20;1969-01-15;693;4986.87;PE;2024-02-11
2691;Dr. Josué Sá;381.749.256-19;1979-09-14;549;3772.23;GO;2022-06-04
2692;Vicente Freitas;513.624.709-61;1978-02-26;510;5764.52;PR;2024-03-29
2693;Maria Eduarda Novaes;518.469.327-00;1990-04-07;721;5791.2;BA;2024-12-15
2694;Thales Pimenta;380.972.651-68;1981-12-24;782;4743.47;SC;2021-10-10
2695;Emilly Vargas;057.143.892-04;1955-08-28;460;1502.03;RJ;2022-04-16
2696;Maria Julia Garcia;481.723.690-69;2000-02-16;536;4449.7;GO;2024-12-03
2697;Alexia da Luz;459.213.076-61;1977-07-23;632;5205.34;MG;2021-07-25
2698;Nicolas Abreu;167.435.982-91;1986-05-14;450;4403.15;RS;2023-11-08
2699;Maria Liz Santos;340.682.751-90;2000-02-18;648;5917.05;SC;2022-11-25
2700;Srta. Rafaela Andrade;780.134.529-05;2000-10-12;392;3447.49;PE;2024-06-11
2701;Emilly das Neves;592.834.710-32;1960-08-02;477;3418.68;SP;2021-11-26
2702;Kamilly da Rosa;698.473.152-64;1992-05-28;684;5563.09;SC;2024-07-26
2703;Sara Jesus;576.423.109-43;1984-09-30;517;4142.27;SP;2021-07-06
2704;João Guilherme Casa Grande;456.809.372-47;1997-03-21;436;4638.27;MG;2023-08-24
2705;Luna Garcia;043.179.586-00;1990-11-02;595;5878.55;CE;2023-06-11
2706;Maria Helena Nunes;571.926.083-86;1990-12-05;556;3924.42;RJ;2021-05-12
2707;Mathias Novaes;954.802.763-10;1965-10-21;528;5100.17;PR;2022-03-31
2708;Nathan Nogueira;509.361.748-20;1980-07-08;534;4916.6;BA;2021-06-13
2709;Ágatha Barbosa;678.903.215-03;1967-10-11;574;2616.04;CE;2021-03-19
2710;Dra. Juliana Ribeiro;831.672.095-77;1997-03-04;551;3228.89;SC;2023-04-01
2711;Ana Luiza Dias;352.790.648-74;2005-09-24;624;3801.59;CE;2024-09-05
2712;Juan Costela;216.358.904-89;1999-01-01;731;5756.92;PE;2022-08-10
2713;Mariane Porto;634.519.287-28;2000-10-20;598;5439.89;CE;2021-04-28
2714;Srta. Luara Dias;807.263.951-02;1966-05-14;735;5859.9;MG;2024-08-04
2715;Sarah Cardoso;073.921.564-70;1990-06-04;527;2442.03;GO;2023-06-19
2716;Calebe Mendonça;085.942.317-41;1964-08-14;537;3678.79;SP;2022-02-18
2717;Ana Julia Lopes;098.472.513-04;1958-04-23;632;4710.85;PE;2022-08-09
2718;Jade Araújo;129.034.568-60;1958-11-03;702;5003.02;RS;2021-03-10
2719;Davi Miguel Fonseca;284.369.517-19;1965-12-01;613;6087.99;CE;2023-11-12
2720;Vitor Brito;290.451.873-88;1965-10-16;661;5227.96;PE;2024-12-01
2721;Davi Lucas Brito;823.145.976-64;1989-12-23;547;3742.77;RS;2024-06-13
2722;Marcela Cunha;569.043.128-15;2005-07-09;517;3594.99;MG;2024-10-12
2723;Maria Laura Pereira;814.235.076-90;1970-02-16;710;5458.11;SP;2023-01-07
2724;Gabriel Rocha;431.697.280-40;1986-06-29;458;5432.17;RS;2024-09-03
2725;Leonardo Cavalcante;843.062.719-78;1991-01-16;658;3857.06;SP;2021-11-19
2726;Cauê Moraes;402.395.816-60;1972-04-02;566;4638.89;RJ;2022-07-20
2727;Nicole Barros;136.725.409-43;1996-03-03;824;5483.89;SC;2022-12-25
2728;Pietro Correia;934.827.601-87;1984-02-19;737;7295.49;SC;2023-04-11
2729;Marina Aragão;348.261.790-22;2004-04-17;544;4074.49;CE;2022-02-15
2730;João Felipe Câmara;347.209.185-14;1974-07-02;495;3756.54;PE;2021-02-01
2731;Pietro Freitas;612.587.409-58;1982-06-06;615;5579.65;RJ;2021-07-04
2732;Helena Pacheco;875.019.324-41;1962-04-13;750;5251.9;PE;2022-08-06
2733;Dra. Antonella Rezende;952.168.047-49;1961-10-09;383;3042.76;PE;2024-04-08
2734;Ravi Monteiro;795.024.681-20;1997-03-16;655;5489.42;BA;2022-12-13
2735;Bruno Farias;139.867.254-82;1964-11-04;580;4764.75;PR;2022-04-09
2736;Sr. Alexandre da Cruz;293.670.458-83;1971-04-17;801;6789.73;CE;2022-02-03
2737;Davi Lucca Cassiano;462.098.537-65;1963-12-08;575;4099.8;GO;2023-04-08
2738;João Vitor Cavalcante;170.948.625-20;1985-12-20;599;6428.74;CE;2021-01-10
2739;Olívia Cavalcanti;640.178.259-58;1993-10-13;598;4764.21;PR;2021-12-25
2740;Srta. Sophie Peixoto;309.628.514-42;2006-05-18;562;5594.98;SC;2023-11-03
2741;Luan Nogueira;798.453.106-48;2006-09-08;850;7250.61;RJ;2024-02-19
2742;Sr. Enzo Gabriel Sampaio;670.358.219-02;1979-04-27;629;5068.78;RJ;2023-10-28
2743;Anthony Gabriel Jesus;346.107.285-08;1984-10-21;333;3409.15;PR;2022-11-28
2744;Vicente Novais;147.085.962-94;2001-06-12;636;5516.34;RJ;2023-11-18
2745;Sr. Antony Borges;630.294.157-16;1961-10-18;534;3887.54;PR;2024-01-07
2746;Benicio Casa Grande;901.362.578-95;1973-02-24;570;5581.62;CE;2022-05-28
2747;Larissa Freitas;463.798.152-28;1977-07-17;574;6674.66;GO;2023-02-12
2748;Sra. Milena Novais;953.671.804-93;2007-11-16;671;4092.32;CE;2023-09-18
2749;Fernanda Ribeiro;361.405.928-60;1959-09-14;604;4180.32;RS;2022-11-27
2750;Vitor Gabriel Aparecida;261.049.857-85;1978-05-27;356;4447.47;GO;2024-10-27
2751;Ana Cecília Sales;157.283.964-37;2008-04-04;704;6165.21;GO;2024-04-16
2752;Sr. Yan Machado;293.674.815-19;1992-05-29;639;3729.98;SP;2023-09-15
2753;Maria da Paz;271.860.593-68;1979-02-02;561;5329.78;RJ;2022-06-13
2754;Dra. Ana Vitória Cavalcante;135.467.289-55;1959-12-06;493;1412.23;RJ;2023-02-23
2755;Sabrina Costa;154.807.623-62;1980-03-10;592;4594.24;RS;2024-10-18
2756;Ryan da Conceição;810.632.945-33;2005-09-28;636;5816.52;RS;2022-10-09
2757;Dr. Yago Peixoto;760.315.284-44;1984-06-30;696;5826.77;SC;2022-12-25
2758;Mariane Souza;093.726.485-74;1971-04-07;763;4585.03;PE;2024-01-03
2759;Maria Flor Siqueira;549.712.683-91;2003-10-17;680;6066.54;SP;2024-12-06
2760;Léo Leão;218.309.674-87;1967-09-02;471;2265.13;PR;2022-05-24
2761;Otto Pinto;203.189.574-50;1986-05-17;530;3578.46;PR;2021-07-10
2762;Vicente Costela;471.039.526-80;1959-08-08;710;5065.46;SC;2024-10-11
2763;Bruna Dias;647.025.391-16;1958-04-16;517;3524.37;BA;2021-06-05
2764;Srta. Melissa Ramos;294.305.786-00;1967-04-02;754;6045.04;PE;2022-01-01
2765;Dra. Cecilia Castro;297.685.301-03;1963-11-28;598;4673.99;GO;2022-10-05
2766;Gael Henrique Vargas;345.206.981-89;1996-11-18;775;5450.83;BA;2022-03-24
2767;Juliana Porto;251.638.047-07;1955-08-22;777;6426.5;CE;2022-07-06
2768;Ana Beatriz Cardoso;467.801.953-75;1961-01-08;600;7300.9;MG;2024-10-31
2769;Sofia Duarte;654.302.987-00;1965-03-15;493;3590.31;RS;2023-10-19
2770;Sr. Vitor Vieira;174.096.835-20;1994-07-01;472;4728.46;RS;2022-04-26
2771;Maria Helena Melo;317.409.826-22;1970-11-26;822;8245.92;RS;2022-06-28
2772;Renan Gonçalves;573.498.102-88;1978-01-31;766;5930.38;RS;2022-04-15
2773;Marcos Vinicius da Conceição;549.360.782-47;1997-01-07;576;2936.83;RS;2022-05-27
2774;José Pedro Azevedo;293.684.057-00;1985-02-05;850;7268.98;CE;2022-12-31
2775;Yasmin Nascimento;168.249.503-51;1980-03-19;560;5808.06;MG;2021-08-07
2776;Maria Isis Souza;849.617.502-20;1970-12-07;503;4430.62;RJ;2021-06-10
2777;Sr. Cauê Fogaça;932.065.148-51;1961-04-23;599;5430.68;GO;2024-06-11
2778;Noah Teixeira;214.980.657-67;1979-01-29;612;3445.07;SP;2024-01-14
2779;Sra. Sofia Campos;432.986.701-03;1956-05-17;629;6080.86;SP;2023-09-15
2780;Davi Lucas da Costa;539.718.024-60;2002-05-04;616;5703.12;BA;2024-06-25
2781;Amanda Ribeiro;724.695.813-46;1970-01-20;494;3925.74;BA;2023-10-06
2782;Laís Aparecida;307.256.419-16;1975-05-25;545;5106.98;CE;2022-07-17
2783;Pietro Costela;870.361.549-93;2001-04-22;623;5674.07;GO;2022-01-10
2784;Thomas Sousa;936.271.058-77;1994-01-11;750;6691.62;PE;2022-07-28
2785;Olívia Peixoto;041.738.952-32;1996-07-31;652;4217.79;SC;2022-03-31
2786;Luiz Gustavo Moraes;176.984.305-10;1969-04-03;619;4418.91;CE;2021-09-20
2787;Alexia Campos;438.950.217-41;2002-05-21;578;4249.47;SP;2023-12-13
2788;Hadassa Rios;701.982.563-02;1990-01-03;502;2058.66;SC;2023-09-07
2789;Beatriz Mendonça;431.597.280-05;1980-11-01;539;4505.38;PE;2021-03-08
2790;Otávio Martins;618.274.359-09;1960-10-23;458;3679.68;PE;2022-12-13
2791;Dom da Cruz;298.106.543-24;2003-11-07;848;7807.06;SC;2024-11-06
2792;Ana Laura Guerra;340.689.571-93;2001-12-31;817;6927.13;MG;2023-07-26
2793;Maitê Nascimento;914.256.087-01;1965-05-27;760;5356.04;RJ;2024-12-01
2794;Ana Sophia Dias;389.625.417-00;1976-11-12;542;1596.86;PE;2023-08-01
2795;Anthony Leão;876.415.203-08;1984-05-28;762;7636.32;BA;2024-11-12
2796;Marcela Ferreira;254.983.671-55;1973-04-10;553;4170.05;SP;2021-01-25
2797;José Mendonça;423.819.760-78;1986-04-28;529;4614.65;RS;2023-02-17
2798;Levi Costela;015.294.876-76;1960-04-27;754;4289.23;CE;2021-07-26
2799;Danilo Ramos;834.129.567-91;1976-10-29;669;5075.33;BA;2023-01-11
2800;Clara Montenegro;146.508.379-01;1991-11-26;633;5522.99;CE;2022-06-16
2801;Maya Lima;285.690.473-47;1973-06-16;597;4672.41;MG;2024-01-29
2802;Rhavi Câmara;752.803.649-83;2007-03-30;594;5722.32;PR;2022-05-01
2803;Mariane Ribeiro;589.362.071-21;1961-08-07;670;5580.58;PR;2023-08-24
2804;Oliver Garcia;685.329.471-82;1992-03-22;467;3357.42;CE;2022-12-04
2805;Ana Luiza Cunha;586.412.973-91;1992-01-26;727;5853.7;BA;2022-01-12
2806;Ana Beatriz da Cunha;847.315.962-46;1982-09-13;699;7358.51;GO;2023-05-19
2807;Calebe Ferreira;208.537.694-00;2003-02-24;744;6045.16;RS;2023-05-09
2808;Maria Eduarda Camargo;465.912.378-28;2004-07-30;558;1910.45;BA;2023-01-18
2809;Allana Nunes;741.853.692-55;1979-04-17;599;4465.99;SC;2022-07-27
2810;Dra. Nina Araújo;025.739.618-77;2002-07-30;666;5174.09;GO;2022-01-04
2811;Srta. Luana Montenegro;264.107.938-04;1981-01-18;581;2868.6;CE;2021-09-26
2812;Dra. Sofia Cunha;132.904.587-41;1990-09-10;507;4532.65;CE;2024-11-05
2813;Srta. Ana Lívia Correia;347.651.029-80;1990-03-31;825;6502.47;RS;2021-07-24
2814;Srta. Hellena Teixeira;810.527.694-11;2004-11-08;659;6224.48;PR;2022-04-28
2815;Caleb Camargo;358.469.207-56;1958-06-25;522;4542.81;PE;2023-06-05
2816;Eduardo Monteiro;827.540.631-53;1977-12-05;531;5112.82;SC;2022-02-06
2817;Fernanda Azevedo;917.036.482-69;1990-12-17;638;5402.45;MG;2021-11-03
2818;Heloisa Rios;187.530.694-39;2001-01-17;526;4915.03;GO;2021-01-20
2819;Maria Helena Porto;503.769.842-10;1958-07-18;850;5792.09;MG;2023-05-14
2820;Sofia Fogaça;539.471.680-39;1965-05-13;579;4863.61;GO;2021-10-03
2821;Agatha Oliveira;278.564.019-58;2004-03-21;714;5152.45;PE;2023-12-30
2822;Srta. Maria Julia Rezende;907.158.462-30;1963-06-26;300;3759.19;BA;2023-09-24
2823;Maria Laura Albuquerque;542.167.038-44;2004-03-19;711;3945.05;PR;2022-05-29
2824;Pedro Henrique Melo;960.253.487-74;2007-05-19;547;5944.18;PE;2024-03-08
2825;Srta. Milena Cunha;364.809.125-51;1999-03-11;793;7282.64;SP;2023-03-27
2826;Samuel Guerra;835.920.671-68;1964-12-05;598;4866.99;RJ;2024-11-15
2827;Sabrina Leão;751.049.286-67;1993-02-05;604;5960.24;MG;2021-05-03
2828;Dr. Cauã Cavalcanti;873.506.941-48;1967-06-15;514;3306.2;RS;2022-06-05
2829;Dr. João da Mata;367.241.980-03;2004-06-20;741;5883.64;GO;2024-07-13
2830;Felipe Alves;758.360.412-53;1982-07-24;785;5608.49;RJ;2023-07-11
2831;Alexandre Siqueira;941.756.382-37;2005-08-22;613;3981.59;BA;2022-06-17
2832;Sr. Bento Ramos;967.201.438-40;1999-04-09;620;3481.45;BA;2023-01-08
2833;Benicio Monteiro;104.897.253-41;1965-06-29;561;3051.75;PE;2024-02-16
2834;Marcos Vinicius Caldeira;786.253.149-37;2004-03-05;703;6340.59;PR;2022-12-06
2835;Mirella Cardoso;972.614.350-07;1998-08-21;412;4629.89;SP;2023-04-24
2836;Erick Mendes;385.461.092-06;1988-09-22;850;6846.01;RJ;2022-12-21
2837;Maria Alice Peixoto;710.246.893-87;1960-12-02;543;7168.33;CE;2022-02-12
2838;Dr. Raul das Neves;492.705.831-04;2002-04-07;461;3708.11;CE;2024-03-25
2839;Dr. Enzo Nogueira;104.298.763-78;1999-09-04;641;6473.15;PE;2021-12-24
2840;Danilo Cassiano;731.926.854-09;2003-12-18;663;4805.37;PR;2022-12-29
2841;Sr. Joaquim Carvalho;351.294.670-43;2005-03-25;505;3698.18;BA;2024-10-10
2842;Pedro Henrique Aragão;173.942.605-34;1988-09-14;499;4039.83;PE;2023-09-26
2843;Helena da Cruz;489.206.351-70;2005-12-27;552;2921.96;GO;2021-06-10
2844;Giovanna Pereira;150.682.947-30;1977-02-24;770;5662.33;SC;2024-06-10
2845;Murilo Oliveira;867.249.053-38;2003-08-14;467;3567.74;PR;2023-08-08
2846;Larissa Ferreira;164.537.802-08;1966-06-04;628;3277.53;MG;2021-12-10
2847;Stella da Mota;532.046.918-70;1974-08-04;659;4224.84;BA;2023-05-14
2848;Ana Sophia Machado;104.975.283-04;1992-04-01;825;7123.96;CE;2024-03-16
2849;Sabrina Santos;803.745.691-93;1995-09-28;572;3830.83;SC;2021-05-27
2850;Lívia Abreu;601.287.359-02;1982-04-26;607;5468.79;RJ;2021-11-28
2851;Eloá Moura;104.237.596-80;1996-09-11;616;4710.84;BA;2022-04-13
2852;Dra. Heloisa Viana;354.921.076-07;1996-05-30;627;4412.14;BA;2022-10-11
2853;Dr. Mathias Fogaça;857.931.640-57;1964-11-20;578;2538.21;PR;2024-12-25
2854;Benjamin Aparecida;619.875.340-93;1992-06-23;736;6186.8;PR;2024-05-24
2855;Melissa Rodrigues;543.021.768-90;1988-11-22;527;6114.73;SC;2022-07-10
2856;Erick Sousa;685.942.170-30;1975-06-29;630;4003.86;GO;2023-01-14
2857;Luiz Felipe Cirino;427.356.198-00;1976-11-21;722;6174.05;CE;2023-12-03
2858;Juliana Cardoso;572.368.149-46;1979-07-01;667;4910.24;GO;2023-04-28
2859;Dr. Arthur Sampaio;657.140.932-16;1985-06-14;674;5130.24;MG;2022-01-12
2860;Heloísa Cassiano;526.184.307-35;1961-09-03;686;3583.06;SP;2021-09-14
2861;Thiago da Cunha;398.146.702-78;1971-04-15;567;6258.16;RS;2024-09-17
2862;Pietro Lima;485.796.231-46;1989-11-06;527;3612.16;PR;2024-12-06
2863;Manuela Pereira;801.936.542-70;1961-05-24;566;3313.19;RJ;2022-03-08
2864;Léo Barros;712.854.630-80;1959-04-27;355;2609.41;MG;2023-03-25
2865;Rafael Aparecida;325.169.047-70;1993-02-15;636;5035.49;RJ;2021-07-15
2866;Asafe Martins;691.087.354-84;1985-12-22;602;4859.04;RJ;2023-08-28
2867;Sra. Kamilly Brito;980.751.243-32;1970-07-23;742;5745.55;PE;2021-04-21
2868;Laura Borges;916.048.725-94;1971-01-05;551;4126.87;SP;2023-03-25
2869;Rael Vasconcelos;310.952.784-79;2000-01-11;689;6924.03;PE;2021-06-20
2870;Alexia Gomes;148.062.579-58;1977-01-28;544;4450.93;RJ;2022-06-22
2871;Eloá Rezende;481.053.796-00;1969-09-30;660;4287.42;CE;2021-11-15
2872;Benjamim Castro;738.420.165-90;1995-04-19;622;3510.33;RJ;2024-09-03
2873;Mateus Pacheco;796.034.825-10;1988-12-25;407;3622.75;SC;2022-09-26
2874;Dr. Cauê Vasconcelos;935.124.768-64;1955-07-14;573;4786.28;RS;2022-05-22
2875;Raul Vieira;283.450.169-60;1983-06-26;617;3959.6;PR;2023-06-27
2876;Liz Gonçalves;425.368.109-33;1960-07-01;614;3678.9;MG;2021-09-26
2877;Benjamin Correia;972.160.853-02;2007-07-16;786;4932.03;PE;2021-12-16
2878;Stephany Martins;381.492.076-78;1957-03-16;596;3725.73;SP;2021-03-13
2879;Emanuelly Pimenta;613.240.587-90;1980-08-10;688;5172.57;BA;2022-10-29
2880;Emanuella Cassiano;678.235.019-02;2007-06-30;557;5309.2;GO;2023-08-15
2881;Maria Julia Câmara;938.065.217-86;2006-08-15;623;5500.64;PE;2022-07-12
2882;Ana Vitória Garcia;207.543.961-34;1971-03-24;502;2611.18;PE;2023-07-01
2883;Dr. Arthur Farias;841.962.507-85;1995-09-24;632;4737.15;MG;2024-11-29
2884;Maria Liz Macedo;167.293.084-78;2005-02-28;695;5480.09;PE;2021-12-29
2885;Stella Santos;370.264.815-17;1991-08-18;644;3528.62;CE;2024-05-08
2886;Mathias Pimenta;134.560.987-66;1972-06-30;846;6603.76;GO;2024-07-16
2887;Vinícius Mendonça;140.923.658-70;2004-02-28;703;4787.91;CE;2023-06-10
2888;Luigi Novais;569.204.381-51;1964-11-06;656;3945.16;PE;2024-08-03
2889;Luna da Conceição;630.491.825-98;1955-12-05;674;5036.03;PE;2022-09-27
2890;Isabella Ramos;836.951.072-86;1962-11-11;623;5681.97;BA;2023-09-14
2891;Isabelly Dias;819.305.627-21;1955-12-15;472;3091.51;PE;2022-04-11
2892;Isabela Guerra;164.380.259-33;1997-08-16;674;7490.22;RJ;2023-06-24
2893;Erick Vasconcelos;715.439.280-05;1967-03-13;603;5415.14;PR;2023-01-20
2894;Eduardo Nogueira;012.579.638-21;1974-10-30;607;6798.25;SC;2022-06-17
2895;Lorenzo Marques;762.459.801-94;1994-06-15;410;3374.62;MG;2022-09-14
2896;Maria Luísa Caldeira;269.017.534-70;1961-04-16;424;885.43;SP;2021-01-01
2897;Sr. Gustavo Henrique Novais;604.215.837-62;1979-11-09;655;5379.5;PE;2021-10-07
2898;Daniel Guerra;126.830.754-80;1973-12-10;585;4573.81;BA;2022-08-11
2899;Bernardo Pimenta;902.417.836-31;1965-05-31;850;6541.82;GO;2024-01-01
2900;Olivia Fonseca;306.245.871-26;1978-01-13;681;4798.64;SP;2024-11-09
2901;Heloísa Aragão;382.504.967-10;1965-03-13;655;5001.77;GO;2023-09-05
2902;Aylla da Mota;849.250.637-74;1962-01-10;570;6378.9;PR;2021-01-19
2903;Luana Pinto;891.045.723-60;2006-01-02;761;6224.75;SC;2022-08-23
2904;Olívia da Cruz;532.146.987-37;1960-04-29;343;2382.99;CE;2022-04-19
2905;Erick Machado;347.190.286-40;2008-03-05;850;6569.34;SP;2024-01-28
2906;Maria Eduarda Fernandes;938.461.057-75;1972-02-14;752;7457.94;BA;2022-01-22
2907;Dra. Cecília Monteiro;920.584.731-32;1973-06-03;646;4326.18;SC;2024-02-23
2908;Luísa da Mota;067.923.154-43;1981-08-09;327;3300.16;SC;2023-03-20
2909;Hadassa Pinto;416.328.795-73;1994-04-26;522;4352.15;RS;2021-12-01
2910;Sara Pires;496.178.032-40;1999-06-29;470;3494.76;SC;2023-02-14
2911;Sra. Hadassa Ribeiro;820.579.413-88;1962-11-18;624;5260.59;RS;2022-06-23
2912;Yan Ferreira;501.267.839-77;1999-08-08;486;5084.91;RJ;2023-05-15
2913;Mariana Pimenta;471.936.280-03;2000-11-11;548;2709.53;RS;2023-11-25
2914;Pietra Borges;258.046.973-74;1991-03-29;606;4882.38;CE;2024-11-22
2915;Esther Teixeira;628.197.043-87;1993-01-27;639;6474.13;PR;2022-08-07
2916;Dr. João Pastor;839.654.217-19;1997-03-23;591;4608.38;PE;2022-07-05
2917;Benício Castro;123.765.890-02;1981-01-30;487;4716.55;SC;2022-01-21
2918;Srta. Sabrina Correia;109.527.634-43;1973-04-18;642;4715.97;RJ;2022-01-09
2919;Ana Clara Cunha;950.134.267-07;1992-06-30;391;4572.41;MG;2022-08-17
2920;Maria Liz Rodrigues;918.756.230-86;1986-07-20;472;3184.72;RJ;2024-07-28
2921;Dra. Sophie da Cruz;458.912.670-20;1992-12-12;663;4107.44;GO;2024-06-19
2922;Maya Freitas;043.126.587-90;1988-12-20;440;1396.05;GO;2022-07-12
2923;Srta. Ana Júlia da Cunha;048.265.397-38;1965-06-14;706;5102.81;CE;2023-10-05
2924;Miguel Rodrigues;486.159.072-85;1959-02-06;850;5805.64;RS;2022-10-19
2925;Maysa Lima;904.358.126-70;1991-08-11;509;3506.61;SP;2021-11-08
2926;João Gabriel Farias;659.041.287-11;1991-10-12;649;4721.8;SP;2024-01-01
2927;Paulo Mendonça;138.540.926-60;1979-09-09;693;4565.41;SP;2022-01-16
2928;Heloisa Nunes;148.629.705-67;1961-10-18;454;1833.79;RJ;2022-08-01
2929;Matheus Lima;230.481.576-62;1965-05-18;353;2305.93;PR;2021-09-14
2930;Srta. Joana Vargas;163.850.924-70;1989-06-07;583;4032.56;GO;2021-01-17
2931;Mariah Marques;438.156.092-24;1958-11-09;769;7380.03;RS;2021-07-04
2932;Maria Flor Pereira;785.049.621-30;1961-10-20;579;2838.08;MG;2021-01-31
2933;Sr. Noah das Neves;176.823.904-50;1982-04-09;551;3808.18;GO;2022-03-21
2934;Emanuella Almeida;436.158.720-53;1956-10-20;541;3630.28;BA;2023-05-11
2935;Sr. Vitor Gomes;564.218.370-26;1965-11-25;541;3941.46;PR;2023-10-18
2936;Liam Melo;025.736.981-30;1978-01-09;543;4552.32;BA;2023-08-08
2937;Maria Vitória Lopes;068.914.573-00;1972-11-13;663;4393.35;SP;2022-11-08
2938;Helena Fernandes;620.384.719-40;1990-06-05;772;5195.94;RJ;2021-10-27
2939;João Miguel Moreira;305.719.286-68;1989-05-29;425;3780.78;SP;2022-06-30
2940;Zoe Pinto;856.241.093-42;1962-11-24;521;4489.29;SC;2021-05-27
2941;Theodoro Andrade;316.049.852-24;2004-04-19;331;4040.46;PE;2023-08-21
2942;Srta. Cecilia Moura;083.627.519-59;1986-01-13;700;4099.52;MG;2022-01-29
2943;Dr. Thiago Souza;615.423.870-35;2007-03-27;442;5208.27;PR;2023-02-21
2944;Dra. Eloá da Mota;534.068.719-84;1998-05-10;531;3413.82;SP;2021-09-07
2945;Miguel Machado;190.367.528-68;1962-06-08;348;2433.22;RS;2023-02-28
2946;Dra. Maitê Lima;841.360.572-53;1964-05-18;592;5451.49;GO;2022-05-22
2947;Brayan Marques;271.864.053-71;1970-05-29;452;2095.71;SP;2022-02-12
2948;Sr. Francisco das Neves;291.604.835-98;2005-12-10;674;6398.73;GO;2021-07-12
2949;Vitória da Cruz;905.643.218-42;1962-07-18;431;4529.51;PE;2024-09-25
2950;Sr. Dante Rodrigues;983.076.245-92;1971-12-10;624;6083.81;RS;2023-08-27
2951;Aurora Castro;495.207.386-65;1967-06-17;611;2365.72;SC;2024-10-27
2952;Amanda Moreira;079.854.312-41;1969-11-05;601;5868.14;PR;2022-10-24
2953;Manuella Albuquerque;429.017.568-67;1985-12-20;512;3708.04;MG;2024-07-12
2954;Hellena Nogueira;436.157.089-20;1966-12-02;598;1884.49;SP;2024-01-31
2955;Dr. Gustavo Henrique da Mata;148.372.690-87;1967-04-10;820;5658.62;PE;2021-09-08
2956;Dom Vasconcelos;672.034.895-74;1970-10-06;680;5353.3;PR;2023-09-13
2957;Sra. Esther Dias;173.286.405-53;2006-12-18;770;6566.06;PR;2022-02-11
2958;Maitê Souza;657.429.081-30;1985-04-08;591;3834.48;BA;2021-04-17
2959;Sra. Ayla Brito;487.032.695-74;1964-02-29;715;3846.56;RS;2021-08-20
2960;Theodoro Caldeira;317.904.286-96;1986-07-01;697;4476.96;RS;2024-07-20
2961;Ester Novaes;802.756.934-65;1977-02-21;770;6321.3;SC;2022-10-27
2962;Ravi Lucca Cirino;145.630.789-48;1965-09-14;697;5657.99;SP;2021-12-09
2963;Sra. Ana Luiza Gonçalves;416.093.285-15;1958-06-16;409;2411.27;PR;2024-04-12
2964;Sr. Cauê Cavalcanti;489.620.317-87;1965-01-29;700;5766.66;RJ;2023-03-22
2965;Sofia Melo;273.145.690-61;1992-04-12;761;6491.27;RS;2021-01-19
2966;Daniela Macedo;531.402.786-08;1960-01-01;503;3227.94;SP;2024-04-05
2967;Davi Lucca Fogaça;618.375.920-12;1999-08-01;632;2741.96;GO;2024-11-10
2968;Rafael Lima;573.698.201-30;2008-02-25;820;7001.75;CE;2021-11-14
2969;Ravi Vasconcelos;741.358.096-93;1955-10-27;767;4555.4;BA;2021-07-03
2970;Miguel da Mata;762.590.834-83;2003-09-10;769;8383.5;RS;2021-11-19
2971;Maria Vitória Casa Grande;953.846.107-00;1960-12-22;461;4459.4;GO;2021-07-07
2972;Kevin Lima;792.058.631-30;1957-05-19;620;3415.57;CE;2022-11-25
2973;Maria Júlia Cavalcanti;982.054.631-15;1959-10-27;679;6265.6;SP;2021-05-03
2974;Sr. Enrico Caldeira;682.435.710-35;1963-06-13;547;5541.92;BA;2024-08-13
2975;Fernanda Pereira;527.014.396-80;1982-07-13;419;1857.24;MG;2024-12-07
2976;Gustavo Cardoso;045.168.372-26;1995-07-26;636;5113.39;PE;2021-08-08
2977;Sr. Marcelo Borges;814.639.520-15;1963-08-26;534;5081.59;MG;2023-09-27
2978;Murilo Farias;639.508.724-00;1977-02-06;683;6322.14;RS;2022-10-11
2979;Sarah Rocha;248.693.570-38;2000-01-09;605;5442.58;PE;2024-08-13
2980;Luiz Gustavo Cavalcante;641.329.580-51;1983-10-27;566;6581.82;BA;2023-06-18
2981;Danilo da Mata;840.371.596-00;1965-01-07;522;6281.3;RS;2021-02-13
2982;Liam Cardoso;643.957.082-00;1995-03-08;624;3616.49;SC;2023-01-04
2983;Mariah da Paz;827.059.316-86;1972-08-18;784;6397.9;MG;2022-05-29
2984;João Pedro Campos;234.961.570-70;1984-09-15;722;6999.86;SP;2023-09-21
2985;Dr. Francisco Monteiro;674.035.921-07;2001-02-14;660;4687.76;GO;2024-02-19
2986;Rafael Pires;917.364.085-93;2001-04-23;737;5896.76;PR;2024-01-17
2987;Olivia Lima;523.091.648-60;1979-01-12;702;3462.27;GO;2022-01-24
2988;Sr. Leandro Sousa;547.120.968-02;2001-02-24;673;4745.41;CE;2022-01-18
2989;Fernando Farias;709.216.385-40;1991-10-23;818;7167.09;PE;2022-12-14
2990;Amanda Barbosa;372.164.950-80;1997-02-19;648;5670.31;BA;2023-08-18
2991;Gustavo Fogaça;204.569.831-98;1997-08-05;500;5623.26;PR;2024-05-11
2992;Ana Júlia Macedo;208.914.763-69;2007-04-21;850;7192.91;PE;2021-11-25
2993;Noah Andrade;490.268.175-76;1971-12-23;810;5910.85;RJ;2023-12-24
2994;Dr. Diogo da Mota;540.719.368-00;1975-03-07;524;4232.92;MG;2023-07-10
2995;Anthony Gabriel Marques;609.247.315-16;1983-05-29;672;4982.01;PR;2022-06-24
2996;Oliver Abreu;035.681.274-07;2003-10-23;684;5778.39;PE;2023-01-22
2997;Yuri Camargo;950.271.864-01;2008-01-17;500;4518.79;GO;2021-01-02
2998;Fernanda Rezende;461.375.820-35;1995-08-21;723;5955.47;PE;2023-02-16
2999;Dr. Joaquim da Rosa;547.089.632-38;1993-11-12;758;4846.6;MG;2021-02-08
3000;Brenda Leão;069.852.734-83;1960-04-19;676;4237.72;CE;2023-01-16
3001;Antonella Duarte;617.845.309-48;2001-07-17;486;3257.07;CE;2022-05-05
3002;Stephany Rocha;914.085.623-24;1977-11-05;506;3500.0;BA;2021-05-10
3003;Sr. Pedro Miguel Gomes;560.472.918-30;2002-02-28;594;5589.15;PE;2023-03-05
3004;Melina Gomes;284.597.136-28;1966-04-13;581;3062.37;RS;2023-12-10
3005;Bryan Teixeira;320.641.987-50;1996-05-01;756;5210.91;GO;2024-02-04
3006;Otávio Vasconcelos;590.638.412-05;1969-04-26;612;5342.54;MG;2024-06-09
3007;Asafe Porto;139.867.524-55;1989-08-11;643;6238.18;PR;2022-10-23
3008;Ana Lívia Rocha;624.198.507-85;1990-11-03;677;4554.69;SC;2024-08-05
3009;Carlos Eduardo Melo;561.402.783-17;1970-08-12;850;6994.33;BA;2021-08-15
3010;Sra. Ana Luiza Abreu;723.459.106-07;1965-09-13;602;5779.93;RJ;2023-12-08
3011;Alexandre Ramos;032.194.865-33;1974-09-30;649;5591.23;RJ;2021-03-31
3012;Maria Vitória Machado;148.502.736-53;1961-12-22;850;6524.88;MG;2022-01-01
3013;Helena Leão;709.184.256-11;1969-10-23;581;4764.58;SP;2022-02-18
3014;Maria Alice Aragão;056.913.872-86;2001-05-29;748;4477.47;RJ;2023-09-22
3015;Mariane Pires;238.719.405-50;1974-04-11;384;2484.88;RS;2021-07-22
3016;Evelyn Almeida;412.697.580-20;1997-05-02;423;2959.17;SP;2024-03-15
3017;Léo Abreu;073.526.814-26;2000-07-04;680;4549.25;SC;2024-09-09
3018;Ana Moreira;968.452.017-49;2003-02-24;448;3653.34;GO;2023-12-13
3019;Dr. Josué Pacheco;653.071.289-59;2007-03-08;723;4089.03;CE;2024-12-07
3020;Luiz Gustavo Machado;749.126.853-64;1964-01-14;718;6561.31;CE;2022-06-09
3021;Natália Fonseca;672.489.310-04;1959-11-29;734;7090.48;SP;2023-01-21
3022;Srta. Isabella Pastor;742.869.053-65;1961-01-28;850;6443.91;RS;2024-05-25
3023;Julia Machado;571.826.094-01;1968-02-15;633;4647.56;RJ;2021-01-27
3024;Rafael Porto;163.547.820-08;1991-01-21;620;6492.87;RS;2024-09-04
3025;Sr. Rael Fonseca;891.062.753-03;1969-04-28;458;2802.95;GO;2021-06-13
3026;Sra. Helena Siqueira;285.631.940-89;2000-04-20;785;7300.04;GO;2024-08-01
3027;Levi Nascimento;207.145.839-79;1967-08-18;576;5462.4;SP;2023-01-10
3028;Sra. Lorena Nogueira;629.305.817-86;1996-04-05;660;6780.27;PE;2023-05-02
3029;Theo Guerra;356.097.482-83;2005-10-20;628;6049.63;BA;2024-12-21
3030;Melina da Paz;316.402.975-61;1961-10-05;850;7398.1;SP;2024-06-17
3031;Marcos Vinicius da Paz;368.409.172-31;1991-12-16;625;5722.45;PR;2023-12-20
3032;Luiz Fernando da Rosa;340.127.685-90;1984-12-28;576;6995.97;SP;2021-05-25
3033;Mariane Freitas;938.270.456-65;1998-10-04;641;4855.07;PR;2021-06-09
3034;Levi da Luz;360.951.827-86;1966-06-01;519;5249.22;RS;2023-11-30
3035;Sarah Machado;859.147.062-11;1964-03-16;724;5294.65;RJ;2021-07-27
3036;Maria Eduarda Cavalcanti;584.136.970-93;1964-05-09;689;4003.44;RS;2023-12-25
3037;Hellena Ferreira;590.724.613-80;1997-11-28;642;5588.76;SC;2022-01-24
3038;Erick da Mota;730.925.618-21;2006-08-09;824;5821.18;RS;2023-12-14
3039;Alice Castro;806.543.719-20;2000-09-10;466;2832.57;RS;2024-03-13
3040;Sophie Costela;439.025.671-80;1976-03-13;459;5008.66;MG;2024-02-18
3041;Mariah Ferreira;986.175.204-85;1993-05-17;805;6760.22;PE;2023-05-01
3042;Eduarda Barbosa;935.824.071-79;1978-05-14;766;6261.96;RJ;2024-07-31
3043;Miguel Abreu;502.763.481-17;1991-08-11;608;4530.96;CE;2023-01-04
3044;Dra. Ísis Barros;497.581.236-37;1987-03-20;582;3108.2;GO;2024-12-09
3045;Sra. Zoe Cunha;890.524.713-04;1987-11-05;651;5167.67;SC;2021-08-02
3046;Juan da Rocha;274.635.809-38;1981-11-08;709;5765.52;MG;2022-01-05
3047;Helena Guerra;716.942.830-03;1982-04-27;600;3928.81;PE;2023-04-03
3048;Miguel Leão;316.509.472-16;1975-04-07;628;5762.24;PE;2022-11-23
3049;Olivia da Cunha;954.263.078-65;1973-02-12;482;3943.47;MG;2023-12-30
3050;Vitor Hugo Jesus;826.540.713-08;1994-01-19;647;4457.94;CE;2023-06-27
3051;Elisa Porto;351.908.674-39;1991-08-03;549;4622.61;BA;2022-10-08
3052;Dr. Pedro Miguel Monteiro;853.092.476-29;1984-03-18;483;4213.92;PE;2022-10-27
3053;Leandro Rezende;635.041.829-89;1997-12-17;512;5158.85;BA;2023-04-25
3054;Alexandre das Neves;953.246.071-34;1979-02-27;850;5939.24;SC;2022-10-25
3055;Thales Farias;451.930.826-70;1961-09-01;684;4745.26;CE;2022-05-08
3056;Sra. Elisa Santos;267.983.450-00;2000-06-10;744;4686.74;CE;2024-01-23
3057;Sr. Thales Costa;973.485.102-05;1984-06-17;677;4543.01;RS;2023-02-08
3058;Sr. Lucas Novaes;589.243.167-37;1978-07-16;595;3728.97;PE;2022-06-05
3059;Enzo Barros;931.864.572-46;1971-11-30;718;4907.02;BA;2023-07-16
3060;Raquel da Rocha;326.107.598-86;2006-08-30;686;5143.9;GO;2023-03-25
3061;Melina Silveira;156.897.340-39;1979-01-17;606;4995.76;SP;2021-03-12
3062;Anthony Mendonça;975.604.823-92;1968-09-26;528;4434.37;PR;2024-05-05
3063;Allana Fernandes;351.286.970-02;1965-12-30;803;5645.91;SP;2023-11-27
3064;Luiz Gustavo da Cunha;428.750.136-53;1992-03-19;760;7578.1;MG;2022-09-11
3065;Dra. Manuella da Mota;490.316.278-87;1970-12-13;522;2720.95;SP;2022-09-08
3066;Dra. Manuella Peixoto;029.758.346-83;1958-07-14;656;4700.59;RS;2022-03-16
3067;Alexia Borges;296.571.830-30;1955-09-21;844;6786.81;BA;2021-02-14
3068;Sr. Noah da Rosa;310.287.649-87;1958-04-24;523;3036.84;PR;2024-02-08
3069;Gabrielly Campos;761.534.908-75;1984-12-27;750;5428.82;PE;2024-02-14
3070;Caroline Nunes;948.017.526-67;1995-07-02;625;5955.8;CE;2024-03-16
3071;Emanuel Oliveira;809.152.376-95;1976-05-31;561;4442.07;MG;2021-07-13
3072;Allana Cavalcanti;304.196.582-89;1980-01-26;618;5627.32;SP;2023-08-01
3073;Pedro Cavalcanti;609.187.534-57;1984-10-19;690;5299.89;BA;2021-11-16
3074;Sr. Benjamin Cavalcanti;157.246.308-26;1976-06-29;627;4644.22;MG;2022-06-27
3075;Ryan Peixoto;208.791.354-41;1974-07-02;442;3793.6;BA;2024-04-07
3076;Gabrielly Ferreira;431.285.790-32;1978-03-20;847;5892.28;RS;2022-04-23
3077;Dr. Erick Câmara;957.806.421-76;1972-05-25;527;3345.27;PR;2022-09-08
3078;Dr. Cauê Caldeira;173.092.654-16;1980-01-10;706;6096.49;RJ;2024-03-14
3079;Nicole Castro;674.532.890-92;2001-02-03;600;3881.98;SC;2024-03-11
3080;José Pedro da Mota;574.891.306-20;2007-10-25;631;3483.38;RS;2021-06-08
3081;Milena Cirino;267.845.130-53;1969-12-07;637;5967.52;BA;2023-09-16
3082;Sophie Ramos;423.695.718-37;1958-02-14;469;2219.48;MG;2023-09-27
3083;Nathan Cavalcante;986.023.415-98;1984-04-27;809;5860.24;CE;2021-07-15
3084;Lavínia Sousa;431.560.792-43;1963-09-12;756;5894.0;CE;2024-08-08
3085;Sofia Leão;108.527.963-40;1979-04-12;600;5238.41;PR;2021-03-18
3086;Maitê Souza;798.631.452-46;1990-12-19;513;4236.5;CE;2023-02-21
3087;Larissa Barbosa;498.750.361-10;2004-01-27;574;3271.51;RJ;2021-04-25
3088;Fernando Dias;815.260.947-11;1988-04-21;660;5016.69;BA;2022-12-14
3089;Dra. Luana Cardoso;319.068.425-15;1964-11-25;601;3597.84;SC;2023-05-04
3090;Yuri Fonseca;950.471.238-04;1963-08-31;810;7356.71;RJ;2022-04-10
3091;Theo Moreira;792.458.163-46;1957-06-17;735;5574.56;CE;2021-01-24
3092;Sofia da Paz;024.869.715-30;1983-10-15;412;5248.92;SC;2021-04-21
3093;Ravi Caldeira;897.256.314-55;2004-09-30;612;4147.2;PR;2023-12-10
3094;Melina Barbosa;809.432.715-41;1978-02-17;670;6527.12;SP;2022-10-16
3095;Enzo Ramos;413.925.760-16;1991-12-06;617;6214.58;PE;2024-03-02
3096;Oliver Rocha;937.842.015-04;2003-11-20;749;4915.62;MG;2022-11-01
3097;Ana Julia Carvalho;754.913.820-60;1965-02-02;539;5269.54;PE;2024-11-30
3098;Rafael Sampaio;394.105.826-60;1975-05-31;300;2250.54;RS;2021-11-10
3099;Carolina Freitas;908.734.612-31;1979-01-10;448;3107.45;SP;2024-10-11
3100;Kamilly Guerra;732.891.065-86;1998-01-10;584;4313.76;SC;2023-07-02
3101;Bento Garcia;268.093.517-95;2007-03-31;553;3326.86;CE;2024-03-24
3102;Renan Ferreira;864.295.170-20;2008-03-13;850;8667.46;PE;2021-07-04
3103;Melissa Ribeiro;052.936.187-68;1958-12-05;480;5422.12;RS;2023-06-04
3104;Srta. Ana Carolina Moraes;157.098.426-30;1986-02-17;572;4705.19;PR;2023-03-19
3105;Benício Campos;314.759.602-80;1973-04-21;612;4236.25;MG;2021-09-28
3106;Henry Ramos;176.458.209-85;1981-03-07;738;6029.89;BA;2021-06-19
3107;Ísis Martins;364.850.729-00;1957-07-17;562;3191.41;GO;2024-03-16
3108;Kamilly Araújo;238.715.496-73;1984-07-13;512;2454.62;SP;2024-01-28
3109;Thomas Aragão;154.280.639-98;1995-06-12;621;3771.33;SC;2022-06-22
3110;Paulo Duarte;428.670.315-08;1993-12-24;588;6074.1;RJ;2023-03-28
3111;Hadassa da Conceição;076.314.592-07;1970-11-02;763;6071.72;PE;2023-06-09
3112;Thales Moraes;453.092.678-83;2001-09-22;609;6751.87;MG;2021-10-04
3113;Maysa Vasconcelos;871.345.096-48;2007-12-17;682;5128.19;GO;2024-02-20
3114;Henry Garcia;327.864.091-87;1961-07-21;448;3977.87;RS;2023-09-27
3115;Sra. Beatriz Moura;851.497.203-05;1968-10-17;719;5120.35;SC;2024-08-28
3116;Yasmin Rios;587.942.613-00;2003-01-26;654;4868.43;CE;2022-02-06
3117;Bernardo Garcia;802.439.615-70;1976-06-03;597;2288.18;PE;2024-06-15
3118;Heloísa Jesus;985.073.612-77;1957-12-16;593;5713.37;PE;2022-05-20
3119;Gael Henrique Borges;234.516.987-73;1989-09-05;544;4404.53;RS;2021-05-27
3120;Calebe Farias;836.025.147-90;1974-07-17;529;4592.44;PR;2023-05-31
3121;Benicio Fonseca;104.578.263-71;1976-10-25;594;3812.76;BA;2024-11-03
3122;José Costa;245.976.108-20;1993-04-17;779;7160.93;CE;2021-07-03
3123;Nicolas da Rocha;284.503.167-07;1988-10-13;547;4873.79;RJ;2024-10-07
3124;Calebe das Neves;031.548.796-84;1993-06-09;684;6114.3;SC;2023-05-18
3125;Emanuelly Câmara;120.735.498-88;1957-06-17;416;4334.61;BA;2022-12-15
3126;Henrique Carvalho;981.524.076-58;1973-01-07;551;4050.17;RS;2022-10-19
3127;Ágatha Silva;065.431.872-71;1964-06-11;850;7101.87;BA;2024-05-01
3128;Dra. Luísa Martins;956.843.027-00;2003-12-05;573;2378.71;SP;2022-09-17
3129;Maria Luiza Souza;971.245.603-06;1969-01-04;786;4942.79;MG;2022-12-18
3130;Emanuel Barbosa;104.576.932-07;1994-03-23;499;3660.65;CE;2023-06-25
3131;Augusto Nascimento;501.628.943-33;1957-05-10;789;7085.24;CE;2021-10-26
3132;Dr. Ravi Lucca das Neves;569.830.472-65;1995-07-28;601;5116.29;GO;2021-04-02
3133;Enzo Gabriel Montenegro;659.187.420-85;1955-07-08;547;4515.65;RS;2022-02-13
3134;Yuri Silva;728.501.963-12;1980-05-12;628;5992.77;BA;2021-11-16
3135;Liz Carvalho;837.564.912-00;1974-03-15;736;6381.98;RJ;2021-08-19
3136;Sr. Murilo Dias;291.750.384-04;1990-11-01;576;5349.82;SP;2022-05-13
3137;Cauã Fonseca;563.172.840-08;2001-05-12;608;3782.09;CE;2021-10-30
3138;Nicolas Carvalho;360.974.125-25;1988-01-25;571;4652.53;PR;2021-01-29
3139;Lorenzo Silveira;541.302.678-17;1968-11-21;729;5648.47;BA;2024-11-21
3140;Sra. Melina Porto;025.914.837-79;1975-07-16;474;3848.74;RJ;2022-09-17
3141;Otto Pacheco;859.630.741-93;1972-04-09;633;5249.84;GO;2023-08-23
3142;Sra. Maria Eduarda Cirino;982.364.157-91;1997-12-05;730;6858.92;SP;2022-11-11
3143;Augusto Cunha;358.162.940-24;1966-07-07;548;3767.86;RS;2024-01-07
3144;Srta. Bella Azevedo;703.895.621-30;1963-04-04;495;4658.82;RS;2022-02-22
3145;Luiz Fernando Marques;691.704.253-61;1988-06-25;793;6028.92;PE;2023-12-08
3146;Pietro Sá;819.743.562-64;1959-03-31;591;6194.78;PR;2024-01-29
3147;Emanuella Ramos;056.381.472-17;1982-05-21;680;5876.24;GO;2024-06-29
3148;Arthur Gabriel Almeida;369.850.721-86;1969-07-08;477;4494.73;MG;2024-11-24
3149;Ana Cecília Gonçalves;421.896.537-46;1972-02-17;508;2929.98;SP;2023-02-11
3150;Pietra da Rocha;728.036.941-31;1994-11-02;578;4038.21;CE;2024-09-20
3151;Vitor Pacheco;831.946.752-73;1989-03-21;593;3303.02;PE;2021-03-31
3152;Ana Lívia Abreu;681.753.490-93;1981-03-05;735;7007.69;PR;2021-12-15
3153;Eduarda Silva;536.721.498-37;1983-03-20;386;4066.46;SP;2022-08-05
3154;Brenda Pires;095.623.741-06;2007-02-21;522;5032.98;RS;2024-11-27
3155;João Oliveira;216.975.430-06;1989-02-04;611;4916.78;CE;2022-07-10
3156;Aylla Brito;091.754.268-11;1964-04-14;597;5988.13;SP;2023-08-11
3157;José Miguel Castro;456.209.731-07;1990-08-27;471;4375.84;SP;2021-05-17
3158;Dra. Valentina Andrade;047.529.368-10;1965-03-07;752;6732.34;SC;2024-09-14
3159;Isaque Farias;894.271.036-04;1985-01-12;850;6271.05;PR;2024-09-19
3160;Maria Clara Barros;163.784.905-20;1990-05-04;734;5765.91;BA;2021-08-09
3161;Srta. Luana Peixoto;809.674.351-10;1964-08-17;768;6136.31;SP;2022-08-23
3162;Maria Helena da Luz;136.905.742-34;1960-10-18;573;5890.07;SC;2022-04-19
3163;Bryan Sampaio;476.501.329-43;1961-04-14;561;3075.27;SC;2023-11-08
3164;Henrique Brito;428.716.903-40;1965-01-18;557;5075.03;RJ;2022-10-09
3165;Ana Clara Sales;372.541.906-06;2003-01-25;787;6407.13;GO;2024-05-07
3166;Alexandre da Rosa;253.807.914-41;1988-05-06;778;4865.83;PE;2021-06-30
3167;Luana Dias;623.509.871-59;1964-05-13;566;4239.42;MG;2022-02-12
3168;Agatha Gonçalves;924.350.681-15;1975-10-16;606;4932.09;PE;2023-07-27
3169;Zoe Aparecida;586.021.749-85;1979-04-18;702;5171.19;PE;2024-12-30
3170;Luigi Farias;751.649.082-20;2004-08-21;636;5042.88;SP;2021-03-23
3171;Maria Sophia Nogueira;628.415.930-70;2007-10-13;508;3950.33;RS;2023-12-21
3172;Benício Barros;230.569.871-21;2003-01-26;602;4650.92;PR;2022-11-15
3173;Evelyn Campos;152.876.349-19;2001-05-08;623;5059.67;GO;2023-03-17
3174;Caleb Melo;259.674.031-16;1961-05-04;568;5816.71;MG;2021-02-07
3175;Laís Brito;374.268.159-19;1973-06-30;479;3111.03;BA;2024-11-02
3176;Luiz Miguel Martins;274.938.105-32;1990-11-05;850;5762.01;BA;2022-12-29
3177;Gustavo Macedo;041.685.729-94;1994-04-05;457;4390.48;PR;2022-04-29
3178;Fernando Aragão;019.586.743-20;2003-02-21;370;2724.73;PE;2022-07-19
3179;Anthony Gabriel Gomes;321.645.798-28;2000-07-23;850;5255.06;SP;2024-07-05
3180;Dr. Vitor Hugo Cirino;319.650.827-77;1958-11-20;382;1556.82;PR;2023-03-04
3181;Davi Lucas Caldeira;302.759.841-41;2000-06-05;727;6940.78;SP;2024-02-11
3182;Luiz Henrique Peixoto;619.480.532-33;2005-04-04;558;5147.21;PR;2022-04-07
3183;Gael Moraes;964.502.381-51;1963-12-11;786;8075.35;MG;2022-12-01
3184;Beatriz Correia;201.834.967-87;1962-08-09;590;2418.53;SC;2024-09-07
3185;Ana Lívia Lopes;109.435.287-04;1969-12-27;521;3741.2;MG;2021-06-29
3186;Davi Lucca Fonseca;267.908.453-56;1987-09-15;588;4516.14;SC;2023-12-03
3187;Lunna Novais;458.763.201-53;1973-05-12;754;7306.43;CE;2024-07-05
3188;João Felipe Moreira;546.039.178-48;1960-07-14;599;5890.48;RS;2023-05-05
3189;Lunna Pastor;704.628.391-50;1986-11-16;662;5360.51;RS;2024-03-19
3190;Lara Mendes;215.784.930-05;1986-09-04;728;5896.25;MG;2023-05-24
3191;Felipe Rios;015.786.349-20;1966-11-18;850;5361.59;PR;2024-05-24
3192;Théo da Cruz;591.273.064-61;1960-09-12;558;4337.48;BA;2023-07-09
3193;Agatha Moura;875.462.193-37;2002-07-03;672;6643.96;PE;2021-09-27
3194;Rafaela Teixeira;529.634.701-34;2008-03-28;617;3513.77;RS;2024-08-29
3195;Enzo Borges;435.290.167-99;1975-08-26;721;6522.96;MG;2024-04-04
3196;Dante das Neves;621.047.598-11;1986-02-09;386;3084.2;PE;2024-11-01
3197;Camila Correia;924.756.018-76;1999-01-02;429;2767.35;RS;2021-10-10
3198;Kaique Correia;102.685.934-42;1990-07-10;511;4897.26;PR;2024-11-11
3199;Isadora Siqueira;234.059.761-70;1982-12-19;634;3786.41;PE;2021-10-04
3200;Alice Moraes;125.607.983-95;2002-01-05;725;4366.19;SC;2021-10-25
3201;Pedro Miguel Fernandes;825.436.097-92;1969-12-02;659;4457.99;CE;2021-11-20
3202;Juan Pacheco;324.569.871-28;1994-06-20;576;5112.27;BA;2021-05-19
3203;Yan Camargo;391.047.685-66;1969-12-30;682;6792.97;PE;2023-12-28
3204;Ester Cunha;936.420.758-00;2005-04-05;610;5186.45;RJ;2022-01-13
3205;Rafaela Fonseca;496.703.812-31;1999-07-31;567;4717.99;BA;2021-10-26
3206;Benício da Mata;270.165.834-90;1987-07-25;672;5277.69;SP;2022-10-15
3207;Vitor Gabriel Sales;809.162.437-96;2007-08-21;403;3555.47;SC;2023-04-23
3208;Cecilia Gonçalves;458.930.617-48;1973-05-02;663;4623.83;PR;2023-06-27
3209;José da Costa;713.269.540-16;1983-11-18;465;5195.88;PR;2021-11-08
3210;Bruno Viana;596.204.138-06;1984-05-05;678;5194.92;RS;2021-08-07
3211;Emanuel Ramos;064.517.923-06;1956-05-23;483;3042.19;MG;2022-01-14
3212;Matteo Abreu;365.024.917-07;1972-02-22;776;6345.66;SP;2024-06-07
3213;Melissa Lima;935.864.207-65;2005-07-04;553;4933.69;CE;2022-07-01
3214;Sophie Pinto;394.786.102-87;2005-07-14;522;5676.84;CE;2024-03-07
3215;Maria Isis Pastor;174.385.902-32;1991-02-17;782;5789.43;CE;2022-04-18
3216;Dra. Vitória Montenegro;759.130.862-95;1988-09-06;544;1733.87;CE;2022-04-21
3217;Letícia Correia;923.178.056-59;1963-08-03;442;2196.53;RS;2024-11-08
3218;Ravy Pinto;928.156.037-21;2001-01-12;636;4761.77;SP;2023-01-06
3219;Sr. Gael Henrique da Costa;678.924.301-13;1976-07-18;458;3382.84;RJ;2024-11-10
3220;Ana Luiza Montenegro;849.230.175-97;1961-09-25;680;5967.84;GO;2021-10-02
3221;Sophia Macedo;472.196.580-01;1974-12-08;392;3007.74;PE;2024-05-23
3222;Kevin Jesus;479.658.021-20;1961-11-20;453;4525.73;GO;2024-12-29
3223;Maria Júlia da Cunha;073.295.684-65;1991-11-01;714;4813.97;BA;2022-01-12
3224;Bella Porto;105.689.723-68;1995-07-05;528;3762.73;SC;2023-10-04
3225;Maria Júlia Mendonça;362.495.187-46;1991-01-24;349;3127.97;GO;2021-10-09
3226;Juan Pereira;751.623.049-99;1988-09-15;587;5666.18;MG;2022-01-31
3227;Vinicius da Mata;954.603.827-00;1992-12-01;488;3284.88;RS;2021-03-08
3228;Ana Júlia Fonseca;539.706.421-16;1959-07-21;439;2507.71;SC;2021-01-31
3229;Davi Miguel Azevedo;291.047.368-69;2003-06-13;478;4819.97;PR;2023-04-26
3230;Caio da Luz;312.486.507-35;1969-07-14;536;4412.18;RS;2024-10-06
3231;Sra. Gabriela Albuquerque;361.275.890-02;2003-08-18;574;3322.53;RS;2022-02-23
3232;Ryan Ribeiro;578.496.231-00;1997-10-13;599;5391.1;RJ;2021-12-29
3233;Ana Laura das Neves;463.270.589-65;1986-02-11;475;4609.11;GO;2024-06-17
3234;Sr. Vinicius da Luz;405.723.691-07;2004-04-22;518;3661.02;GO;2024-11-09
3235;Srta. Maria Flor Garcia;847.253.196-19;1992-01-16;683;4800.56;BA;2023-07-27
3236;Ana Lívia Rios;715.804.923-04;1986-04-02;624;4677.31;RS;2023-05-26
3237;Larissa Novais;329.147.580-14;2007-10-18;635;2699.26;SC;2021-03-27
3238;Sr. João Pedro Costa;461.853.702-71;1986-11-25;400;3815.97;CE;2023-02-19
3239;André Nogueira;972.501.846-01;1960-12-30;744;5041.51;BA;2023-03-19
3240;Felipe Siqueira;654.279.013-61;1981-12-20;590;5014.72;CE;2024-03-17
3241;Maria Eduarda Pinto;967.132.540-80;1963-10-03;703;3596.32;CE;2024-01-04
3242;Melina Guerra;017.423.698-04;1977-02-11;513;3771.42;PE;2024-08-06
3243;Lara Viana;367.514.809-20;1969-10-06;704;8130.43;SP;2023-12-03
3244;Bento Campos;564.709.183-01;1990-09-01;592;3329.02;RJ;2023-07-14
3245;Erick da Paz;680.457.132-08;2007-07-18;668;6665.0;GO;2021-03-28
3246;Valentina Alves;540.967.312-34;2002-03-12;632;4149.35;RS;2023-11-29
3247;Larissa Lima;783.902.564-10;1968-01-24;734;6535.55;PE;2023-03-22
3248;Joaquim Porto;294.180.753-50;1987-10-20;496;4349.43;SP;2024-02-17
3249;Maria Helena Almeida;108.649.572-11;1959-02-19;739;7093.89;SC;2023-11-24
3250;Yuri Cunha;075.498.263-74;1967-10-31;612;4537.92;SP;2022-01-24
3251;Emilly Fogaça;538.192.706-12;1966-04-20;767;4925.84;PR;2023-06-20
3252;Yan Nunes;170.586.429-58;1995-03-02;672;4005.97;SC;2022-09-16
3253;Rodrigo Lima;167.920.438-69;1971-04-26;747;5717.95;PR;2023-08-03
3254;Eduardo Freitas;802.417.956-30;2001-03-17;772;6667.41;MG;2023-05-16
3255;Sr. Pedro Henrique Aragão;935.086.274-38;1985-11-22;473;5208.63;PR;2024-06-09
3256;Ana Laura Martins;862.503.417-90;2007-06-27;806;7330.29;SP;2024-11-14
3257;Pietra Novaes;738.596.412-55;1988-04-27;528;3917.99;PE;2021-10-19
3258;Dr. Diego Lopes;938.725.614-64;1985-11-02;637;4392.29;GO;2024-08-16
3259;Maria Fernanda Cirino;420.981.357-50;1968-05-31;823;6728.33;GO;2021-07-05
3260;Levi Rezende;713.204.965-80;2008-03-08;300;2739.36;PE;2021-08-20
3261;Francisco Fogaça;498.275.601-58;1998-05-25;578;4549.07;MG;2024-04-13
3262;Mirella Pastor;239.056.487-92;1968-03-19;575;5407.05;PE;2021-10-05
3263;Juan Viana;879.231.506-21;1990-12-07;754;6315.05;SC;2023-04-27
3264;Bárbara Nascimento;218.634.570-62;1960-08-17;579;4590.66;BA;2023-07-13
3265;Dr. Gustavo Henrique Pacheco;071.845.392-14;1961-08-21;622;4173.57;SP;2022-01-02
3266;Diogo Costela;814.526.370-08;2000-04-18;689;5972.04;GO;2024-04-23
3267;Bento Jesus;423.785.906-10;1961-10-13;804;7687.35;RS;2023-07-21
3268;Dr. Davi Sales;483.172.056-90;2004-01-10;537;5116.3;RJ;2022-05-28
3269;Benjamin Moura;156.287.034-35;1964-12-12;505;4735.93;BA;2024-11-17
3270;Brayan Macedo;146.703.958-66;1994-09-02;558;3440.75;MG;2021-09-11
3271;Dra. Clarice da Conceição;693.218.450-89;2001-05-08;653;2549.43;RJ;2021-08-22
3272;Giovanna Camargo;872.039.541-88;1967-12-21;409;3094.51;GO;2024-07-22
3273;Kamilly Porto;104.586.379-39;1957-10-31;629;4662.68;BA;2021-06-24
3274;Gabrielly Novaes;234.591.706-70;1988-09-03;430;2622.11;PE;2024-12-19
3275;Vicente Sampaio;481.925.603-33;1965-04-16;666;5909.78;SC;2023-11-14
3276;Luísa Araújo;641.705.823-90;1984-08-30;618;6100.83;CE;2021-11-24
3277;Guilherme Viana;531.687.940-66;1986-10-22;667;4588.54;SC;2024-02-02
3278;Maria Julia Santos;437.150.862-62;1963-04-18;586;3285.13;SC;2021-03-31
3279;Isis Caldeira;560.142.398-98;1973-05-19;607;5968.1;MG;2022-11-18
3280;Caleb Vasconcelos;981.053.427-23;1960-06-06;702;7018.01;CE;2024-09-12
3281;Dr. Benício Jesus;765.480.139-48;1978-08-28;583;6010.1;MG;2021-11-29
3282;Maria Cecília Duarte;146.927.380-22;1980-01-25;596;6239.59;MG;2022-01-02
3283;Srta. Liz Cavalcante;129.675.308-59;2001-09-18;617;5643.23;SP;2023-05-10
3284;Vinícius da Rosa;279.685.143-55;1982-09-28;797;6182.57;PR;2022-09-26
3285;Bernardo Carvalho;294.703.185-79;1958-02-24;646;6456.86;GO;2022-08-15
3286;Davi Costa;305.729.146-52;1965-08-30;604;3511.11;MG;2021-08-29
3287;Maitê da Luz;514.723.069-61;1955-11-20;850;6330.24;MG;2022-02-20
3288;Asafe da Mota;605.431.872-17;1958-07-26;639;6268.01;SP;2024-06-29
3289;Ian Mendes;379.085.421-23;2003-09-27;546;3360.13;PR;2021-01-26
3290;Maria Alice Novais;521.849.736-37;1957-01-16;650;3406.92;GO;2023-10-17
3291;Gabriel Melo;738.492.615-73;1981-11-09;585;4925.04;GO;2024-01-19
3292;Pedro Miguel da Luz;076.541.389-20;1961-04-07;587;3152.55;SP;2024-05-30
3293;Heloísa Moreira;102.895.436-06;1992-03-16;811;6591.54;GO;2022-05-03
3294;Luiz Miguel Barbosa;142.537.089-60;1985-04-27;791;6067.96;RS;2024-04-20
3295;Sr. Luiz Felipe Vargas;801.237.546-07;1997-03-19;514;4381.18;GO;2023-07-19
3296;Rafaela Cunha;256.071.849-94;1997-04-07;594;3574.24;SC;2023-06-24
3297;Ana Carolina Cavalcanti;013.276.954-99;1987-02-03;796;5745.73;RJ;2024-05-16
3298;Clarice Teixeira;605.829.713-30;1968-11-14;399;4520.17;CE;2021-01-14
3299;João Teixeira;547.296.018-58;1997-08-11;559;3864.18;RS;2024-01-26
3300;Dra. Ester Vargas;468.217.935-73;1984-02-26;408;5004.94;PR;2024-06-23
3301;Calebe Barros;731.952.680-86;2003-10-18;465;3778.45;PE;2022-03-02
3302;Ana Clara Aragão;589.263.741-73;1977-04-22;729;6253.72;SP;2022-01-14
3303;André Costela;268.413.590-89;1989-06-30;612;3194.33;MG;2021-04-23
3304;Vitor Fernandes;786.149.320-22;1965-04-05;522;4363.8;BA;2021-03-17
3305;Manuella Dias;124.639.587-82;1998-12-23;525;4403.36;MG;2021-03-08
3306;João Gabriel Caldeira;826.941.507-30;1962-10-22;701;6570.5;CE;2024-05-20
3307;Otto Pacheco;196.837.240-78;1958-08-21;472;5972.65;PR;2022-11-10
3308;Natália Nogueira;137.924.685-73;1985-03-17;712;5694.29;RJ;2021-04-11
3309;Daniel Castro;140.672.539-07;1958-07-08;750;8365.41;RJ;2023-05-04
3310;Isadora Vasconcelos;170.395.486-66;1967-11-28;447;3350.74;MG;2021-11-27
3311;Alexia Cunha;194.826.350-51;1981-03-12;334;2864.65;PR;2024-06-05
3312;Luiz Henrique Vasconcelos;931.476.085-57;1991-03-13;663;5264.84;CE;2024-03-18
3313;Eloá Souza;347.862.905-56;1960-12-02;541;2278.49;PE;2021-12-30
3314;Léo Nogueira;416.570.239-07;1960-06-16;664;6767.43;GO;2024-03-31
3315;José Miguel Martins;549.362.708-65;1990-06-07;549;4832.06;BA;2021-03-15
3316;Manuella Porto;382.640.915-98;1999-02-12;431;3905.21;RJ;2022-09-05
3317;Sophia Novaes;321.847.065-07;1967-09-17;572;3813.58;BA;2023-01-25
3318;Fernando Novais;839.654.027-65;1970-03-29;528;3830.39;SC;2021-05-19
3319;Léo Alves;826.931.745-46;1986-09-09;665;4007.84;SC;2024-02-02
3320;Mathias Nogueira;863.704.259-74;1991-09-07;572;4534.53;RJ;2022-08-23
3321;Vitor Gabriel Peixoto;106.253.748-35;1970-02-18;488;5700.67;GO;2021-10-03
3322;Paulo da Paz;580.376.142-71;2003-08-14;517;3466.56;RJ;2024-11-23
3323;Sra. Hellena Novais;026.785.314-90;1983-04-19;502;5814.48;PR;2022-11-06
3324;Erick Moraes;540.672.913-61;1979-10-20;686;4551.41;PE;2023-04-28
3325;Maria Sophia Gomes;326.749.150-99;1982-04-15;752;6216.7;PE;2022-03-06
3326;Dr. Paulo Caldeira;287.910.456-49;2003-07-04;650;4855.52;RS;2024-06-07
3327;Mirella da Rosa;940.561.273-52;1972-10-27;530;4577.77;SP;2021-08-12
3328;Srta. Natália da Paz;482.693.107-78;1972-11-23;554;6248.76;CE;2024-07-12
3329;Matteo Souza;802.154.763-44;2006-10-10;467;5272.16;PE;2021-06-29
3330;Apollo da Costa;651.498.037-66;1972-12-21;606;5147.09;GO;2024-11-11
3331;Léo Sampaio;690.741.832-04;1993-02-10;719;5121.75;CE;2024-12-18
3332;Mariah Sousa;960.534.187-57;1961-04-16;723;3076.46;PR;2023-05-25
3333;Benjamin Ribeiro;219.364.087-40;1990-02-03;533;3339.94;CE;2022-10-11
3334;Dr. Pedro Miguel Cunha;584.316.079-39;1999-01-10;469;3537.05;PR;2023-12-13
3335;Sra. Luiza Dias;290.416.583-51;1981-05-25;666;6030.66;CE;2024-06-30
3336;Dr. Henrique Câmara;726.910.834-03;1992-12-07;648;4518.31;BA;2021-09-23
3337;Sr. Gustavo Henrique Vargas;478.916.230-31;2003-02-01;664;5436.29;CE;2024-02-27
3338;Maria Sophia Mendonça;176.058.429-02;1981-07-07;732;6632.94;GO;2023-12-01
3339;Pietro Nogueira;518.279.463-00;2003-04-04;623;4086.75;GO;2023-10-06
3340;Yago da Rosa;861.543.902-89;1977-03-23;541;3778.21;MG;2024-06-02
3341;Davi Lucca Camargo;451.389.706-66;1985-10-29;582;4924.05;RS;2024-12-22
3342;João Felipe Teixeira;136.954.728-55;1984-01-30;705;5588.88;PR;2022-02-01
3343;Isabel Barbosa;923.768.401-04;1978-08-05;621;5111.31;SP;2021-08-31
3344;João Gabriel Cirino;340.821.659-24;1992-05-25;558;3538.61;SP;2023-08-11
3345;Sr. Leonardo Carvalho;714.659.308-84;1958-11-23;409;2576.85;RJ;2022-03-01
3346;Dra. Ana Beatriz Mendonça;864.392.150-51;1993-01-21;676;4705.09;CE;2023-04-30
3347;Bella Albuquerque;270.351.649-52;1962-03-09;591;5194.43;SC;2021-04-04
3348;Brayan da Rocha;180.293.754-41;1967-06-05;682;4376.47;BA;2022-12-18
3349;Davi Miguel Oliveira;793.624.850-10;1995-02-09;739;7039.35;PE;2024-07-29
3350;Sophia Ribeiro;062.175.839-68;1972-04-14;484;3048.16;RS;2021-01-24
3351;Maria Isis Moraes;029.681.753-86;1975-11-10;762;5949.15;RS;2024-11-14
3352;Maria Laura Ribeiro;526.807.419-94;1957-09-07;353;1424.32;PR;2022-06-06
3353;Marcelo Marques;536.490.817-84;1985-12-14;590;3556.96;RJ;2022-09-23
3354;Oliver Araújo;265.840.913-33;1963-07-10;570;4592.4;PR;2023-11-04
3355;Miguel Almeida;129.604.753-99;2002-12-04;795;6069.55;PE;2022-10-26
3356;Bella Mendes;102.498.653-51;1972-02-14;748;7412.76;SP;2021-08-22
3357;Daniel Santos;032.561.897-68;2004-02-10;792;6620.75;BA;2022-12-01
3358;Milena da Mota;394.208.167-96;1963-10-02;384;3532.82;SC;2024-03-11
3359;Leonardo Abreu;907.456.281-76;1985-06-14;745;5878.93;CE;2021-03-01
3360;Antônio Alves;247.015.396-43;1980-04-01;829;7491.83;MG;2022-02-02
3361;Mariane da Cunha;927.154.380-79;1963-02-10;688;6590.38;BA;2022-11-24
3362;Luna Fernandes;295.678.310-68;2005-08-20;660;2787.19;GO;2023-08-30
3363;Helena Garcia;467.815.029-30;1999-08-25;560;5677.17;SP;2024-08-15
3364;Manuela Brito;741.938.526-28;1997-12-18;523;3960.53;MG;2023-09-14
3365;Luiz Otávio Vasconcelos;456.381.207-26;2001-07-14;494;5735.92;MG;2024-07-08
3366;Alana Mendes;953.241.608-06;1958-11-10;821;5684.13;GO;2024-01-05
3367;Kamilly Novaes;829.301.456-33;1959-06-30;637;4415.51;BA;2023-08-06
3368;Srta. Marina Mendonça;624.731.580-53;1965-02-08;693;6053.68;SC;2021-04-25
3369;Pedro Nascimento;590.371.486-20;1971-10-13;717;6067.92;PE;2022-09-06
3370;Larissa Guerra;910.763.854-00;1993-02-14;850;5772.08;CE;2024-10-20
3371;Dra. Lunna Melo;589.201.637-40;1968-02-10;414;2918.91;BA;2024-02-12
3372;Elisa Moura;029.437.618-69;1971-03-24;431;1955.54;PE;2021-02-08
3373;Benjamim Farias;498.261.035-51;1960-01-18;499;3069.81;RS;2024-03-28
3374;Zoe Monteiro;725.436.980-00;1958-07-17;505;4558.22;BA;2022-12-26
3375;Valentina da Cruz;025.463.179-70;1973-11-13;559;4292.49;RJ;2021-11-02
3376;Sra. Lavínia Pereira;675.930.412-80;1959-08-15;727;5049.68;PR;2021-03-05
3377;Laís Rezende;742.390.168-78;1968-08-18;588;5069.76;BA;2023-02-08
3378;Gael Almeida;367.591.082-21;1980-05-09;387;800.0;PE;2021-12-06
3379;Maria Luísa Costa;108.596.247-49;1962-06-07;661;5780.01;CE;2024-05-25
3380;Hadassa Silva;285.610.349-98;1956-04-06;850;6958.09;SC;2022-01-19
3381;Sra. Liz Ferreira;048.293.516-24;1994-11-15;718;5548.53;CE;2021-08-28
3382;Joana Novais;217.584.930-97;1997-04-05;655;6907.26;PR;2024-12-15
3383;Srta. Rebeca Fonseca;649.280.753-74;1960-12-23;365;3333.62;BA;2024-12-24
3384;Benjamim Moura;154.906.278-67;2005-01-10;850;7082.03;SP;2022-07-11
3385;Gabriela Ramos;460.715.938-75;2003-07-14;818;5914.79;SC;2021-06-27
3386;Isabel Rios;219.473.865-73;1962-05-19;616;4961.52;GO;2022-05-02
3387;Sr. Anthony Gabriel Azevedo;650.193.487-75;1979-11-07;353;1655.82;BA;2023-07-15
3388;Gael Caldeira;197.358.640-10;1979-09-13;488;4726.07;PR;2022-03-19
3389;Mariana Silva;576.394.210-80;2007-08-02;724;6116.04;PE;2022-09-12
3390;Josué Camargo;732.598.410-32;2001-03-02;718;5579.85;MG;2021-08-18
3391;Stephany da Conceição;316.250.749-99;1973-01-02;764;6120.79;BA;2021-03-18
3392;Esther Viana;827.314.960-96;1970-09-18;626;4742.41;RS;2021-07-09
3393;Theo Machado;637.490.185-10;1977-01-16;702;5194.8;GO;2023-11-03
3394;Dr. Luiz Fernando Rodrigues;329.764.150-99;1983-04-29;737;4763.85;SP;2023-09-16
3395;Maria Liz da Paz;568.190.234-05;1974-03-07;488;4591.43;PE;2021-11-12
3396;Sr. Rafael Lima;274.031.598-88;1992-07-18;609;4418.11;RS;2022-11-28
3397;Erick Melo;352.019.784-79;1957-09-23;726;5200.74;GO;2023-12-09
3398;Sra. Olivia Freitas;845.702.693-38;2008-03-20;595;6159.23;PR;2022-11-02
3399;Théo Câmara;651.243.097-25;2003-02-20;804;8004.4;MG;2021-07-21
3400;Fernando Jesus;307.985.621-02;1981-01-10;586;5918.7;PE;2024-10-17
3401;Laura Lima;710.598.236-59;2007-12-04;506;3141.1;MG;2022-02-25
3402;Ana Carolina Azevedo;428.561.039-60;1982-07-19;337;4368.87;SP;2023-07-30
3403;Catarina da Rosa;086.397.521-68;1981-03-20;516;4001.47;SC;2023-12-06
3404;Ana Almeida;370.529.468-74;1963-07-22;510;4775.17;RJ;2021-01-09
3405;Isabella Rodrigues;758.903.461-48;1955-10-10;574;3287.18;PR;2021-04-01
3406;Yago Viana;643.275.981-19;1975-06-24;672;3942.27;CE;2021-06-28
3407;Emanuella Abreu;871.925.640-01;1995-12-26;519;2045.11;BA;2023-08-15
3408;Levi Nunes;798.504.612-76;1971-01-05;449;3770.53;SP;2021-07-31
3409;Luiz Miguel Marques;076.391.425-80;2001-10-09;384;1590.85;PE;2024-09-11
3410;Sr. Enzo Gabriel Cunha;075.189.624-11;1965-01-17;619;4408.39;PR;2021-02-16
3411;Dra. Melissa Pereira;675.804.319-39;2007-10-02;850;8633.9;CE;2022-10-02
3412;Dr. Ravi Santos;854.632.079-92;1990-12-06;515;4677.14;RS;2022-10-20
3413;Dra. Eduarda Cavalcanti;509.281.643-06;2002-09-28;709;5074.52;RS;2022-01-30
3414;Dra. Olívia Casa Grande;083.259.146-70;1998-09-02;440;3507.7;PR;2022-07-21
3415;Joana Oliveira;127.038.954-88;1965-08-18;599;4356.24;PE;2022-10-16
3416;Ana Júlia Santos;108.657.923-21;1993-06-10;673;4633.27;GO;2024-10-06
3417;José Miguel Campos;650.231.974-25;1994-09-18;481;3957.08;RJ;2022-07-13
3418;Isabelly Porto;548.039.627-74;1976-03-13;666;4151.36;MG;2021-11-19
3419;Sr. Apollo Pastor;351.980.426-33;1982-01-26;731;4077.52;PR;2021-08-23
3420;Dra. Isabela da Costa;329.064.187-22;1984-09-18;550;4141.99;SP;2024-06-29
3421;Yasmin Lima;428.051.367-80;1985-02-10;543;3778.94;PE;2023-11-19
3422;Amanda Alves;962.501.748-85;1988-08-23;844;5901.12;RJ;2022-02-28
3423;Luiz Felipe Gomes;542.379.160-06;1998-03-04;850;7237.13;PE;2022-12-19
3424;Dr. Leonardo Freitas;214.703.685-44;1986-06-16;631;5524.24;PE;2022-10-15
3425;Larissa Rios;081.695.432-15;2007-06-07;850;5806.41;PR;2021-10-17
3426;Laís Silveira;957.361.248-82;1978-07-03;485;3125.13;PR;2024-03-21
3427;Juan Carvalho;046.532.981-06;2007-11-12;623;3258.23;RS;2021-12-17
3428;Antonella Gomes;054.318.692-05;1981-10-07;622;6669.55;RJ;2022-09-30
3429;Mateus Peixoto;109.675.248-49;2005-01-27;638;4811.31;CE;2022-11-25
3430;Natália Farias;394.501.826-98;1966-01-09;545;5258.51;PE;2023-06-28
3431;Gabriela Leão;716.950.432-43;1957-11-14;520;6006.4;SP;2021-09-24
3432;Laura Fogaça;794.138.256-37;1996-10-28;850;7056.75;SP;2023-08-23
3433;Mariah Almeida;819.432.065-89;1984-03-06;618;5974.66;SP;2021-08-05
3434;Murilo Garcia;426.718.953-64;1966-03-12;751;5202.01;SC;2021-04-21
3435;Maria Luiza das Neves;537.094.826-74;1995-11-30;556;3125.65;RJ;2023-05-24
3436;Antonella Pastor;528.637.490-56;2003-07-30;669;6018.63;SC;2022-01-02
3437;Diogo Guerra;493.068.172-31;1980-04-04;458;3208.8;CE;2024-04-28
3438;Elisa Nascimento;798.352.416-19;2002-08-16;458;2765.2;GO;2024-06-16
3439;Clarice Duarte;421.598.703-23;2007-09-21;686;4754.52;BA;2022-10-02
3440;Alícia Andrade;158.290.347-60;1961-09-27;583;3036.69;BA;2022-02-10
3441;Fernanda Siqueira;041.256.839-05;1983-08-05;642;5091.73;PE;2021-06-10
3442;Theodoro Pimenta;126.473.098-50;1974-06-07;532;4066.99;GO;2024-03-08
3443;Helena Garcia;568.723.104-80;1995-11-28;641;4313.13;MG;2021-07-10
3444;Dra. Melissa Caldeira;968.357.042-92;2006-11-27;442;5341.57;GO;2021-07-19
3445;Luiz Miguel Casa Grande;192.437.856-64;1986-04-23;544;4255.24;GO;2022-09-28
3446;Sra. Juliana Fogaça;736.821.495-46;1975-05-29;741;9457.06;GO;2023-08-22
3447;Maria Clara da Rosa;078.462.539-56;1999-12-26;470;4209.83;RS;2022-04-04
3448;Luísa Pastor;407.293.165-99;1978-11-11;535;3741.21;MG;2024-06-17
3449;Bruno Costa;752.604.189-30;1990-09-14;533;3138.35;PR;2023-01-15
3450;Ana Luiza da Rosa;834.025.917-23;1980-08-05;615;3445.5;SC;2022-01-11
3451;Arthur Gabriel Cassiano;089.421.357-14;1974-09-20;733;5919.0;BA;2022-10-28
3452;Guilherme Sampaio;913.602.584-42;2006-12-23;670;4893.81;GO;2023-09-26
3453;Hellena Gomes;215.976.380-21;1993-04-19;575;4887.56;SP;2021-05-14
3454;Apollo Caldeira;126.753.980-12;1990-05-13;480;3482.01;GO;2021-08-20
3455;Olívia Costa;953.680.271-68;2007-06-22;516;3237.43;BA;2023-09-08
3456;João Guilherme Porto;261.798.054-58;1992-07-03;366;4267.33;GO;2021-12-16
3457;Antony Machado;079.538.241-32;1967-11-03;537;5459.38;PR;2022-12-15
3458;Rafael Silveira;856.410.927-11;1959-11-22;748;4698.0;CE;2024-03-22
3459;Sr. Lucas Cirino;931.078.254-41;1996-06-07;489;6472.5;MG;2023-11-07
3460;Luísa Pastor;157.240.938-04;1992-11-18;830;6608.48;RJ;2023-04-11
3461;Maya Teixeira;281.376.450-71;1980-04-27;650;4569.15;RJ;2022-10-30
3462;Fernanda Peixoto;175.089.326-68;1998-05-21;671;4650.82;PE;2024-08-23
3463;Larissa Porto;501.278.439-14;1986-06-13;376;1686.44;RJ;2022-09-11
3464;Luiz Henrique Sousa;486.539.710-84;2007-08-08;622;3844.93;PE;2023-08-03
3465;Sr. Renan Alves;790.362.845-38;1955-12-21;611;3813.34;SC;2024-04-24
3466;Anna Liz da Paz;753.468.210-07;1961-05-06;526;5061.17;SC;2022-05-04
3467;Sara Cardoso;945.027.381-23;1971-07-24;649;5182.34;CE;2022-05-15
3468;Theo Sousa;750.231.496-25;1971-06-24;725;6280.61;PE;2021-11-22
3469;Sr. Matheus da Mata;421.963.057-07;1972-06-25;793;5884.14;GO;2023-02-26
3470;Ana Carolina Dias;567.184.309-00;1980-08-19;568;3242.89;RJ;2022-11-29
3471;Daniela Freitas;650.873.914-00;2007-11-17;568;5508.77;RS;2024-11-22
3472;Mateus Vieira;459.236.781-28;1993-04-07;775;7160.31;CE;2023-06-02
3473;Maria Eduarda Vasconcelos;937.086.452-00;1984-02-07;404;4315.15;SC;2024-03-07
3474;Ravi Lucca Barbosa;142.508.369-24;2002-08-13;399;4090.12;BA;2024-01-21
3475;Caio Pastor;783.540.962-38;2006-02-27;575;5302.53;RS;2021-12-21
3476;Felipe Porto;489.316.527-55;2005-08-25;460;4851.17;RJ;2024-12-28
3477;Miguel Costa;215.684.930-70;2005-11-07;444;2883.55;CE;2023-09-24
3478;Maria Cecília Martins;516.728.930-03;1965-01-03;500;2245.72;RJ;2024-04-27
3479;Marcelo Vargas;539.804.762-00;1964-07-22;631;6854.09;CE;2023-08-07
3480;Alexia Freitas;509.873.412-60;1965-11-22;850;6897.16;BA;2024-02-11
3481;Zoe Mendes;379.086.542-74;1967-03-07;754;6264.09;RJ;2023-07-01
3482;Maria Julia Andrade;805.216.974-76;1986-10-07;679;5089.85;MG;2022-09-23
3483;Valentina Silveira;910.268.473-03;1987-11-16;643;5681.48;SC;2021-05-23
3484;Joaquim Monteiro;742.591.368-28;1978-01-18;550;4322.51;CE;2021-08-11
3485;Dr. João Pedro Moura;892.473.601-96;1993-01-23;612;5722.4;CE;2023-02-16
3486;Dra. Ágatha Pereira;957.403.268-00;1987-06-10;492;3884.46;BA;2023-10-10
3487;Vicente Mendonça;910.786.425-67;1984-04-04;849;7956.06;SP;2021-07-05
3488;Levi Almeida;460.197.382-13;1963-08-17;781;6272.43;RS;2021-10-12
3489;Caio Machado;438.217.950-50;1962-08-20;658;6266.24;CE;2024-07-26
3490;João Macedo;906.741.238-40;1973-09-08;807;4504.4;SP;2021-10-28
3491;Rafael Moreira;584.061.237-53;1994-12-22;462;5005.44;MG;2023-07-17
3492;João Felipe Aparecida;679.158.430-01;1980-03-04;586;4016.28;PE;2022-08-20
3493;Daniel Melo;875.439.261-64;2005-02-05;469;3196.98;SC;2024-06-14
3494;Asafe Pinto;015.864.923-06;1986-12-26;451;5699.09;CE;2023-07-05
3495;Isabel Abreu;148.906.327-78;1998-10-21;617;4878.05;RS;2022-02-26
3496;Nina Lopes;901.357.826-86;2003-08-19;690;6482.35;BA;2022-09-06
3497;Ana Oliveira;471.628.935-46;1987-11-14;733;6937.62;CE;2024-10-23
3498;Larissa Guerra;829.457.603-47;1994-11-25;544;4054.13;PR;2023-06-10
3499;Maria Isis Lopes;028.397.154-14;1983-06-06;712;5168.61;BA;2021-07-02
3500;Raul Lima;539.728.461-00;1984-12-04;619;5350.76;CE;2021-01-17
3501;Rhavi da Cunha;981.470.325-79;1974-07-04;714;3934.32;CE;2023-11-12
3502;Ester Borges;074.892.136-22;1998-12-25;705;5406.28;SC;2021-09-19
3503;Dr. Lucca Pastor;048.721.356-44;1989-10-21;704;6408.93;PR;2021-05-08
3504;Léo Nunes;382.094.761-22;1978-01-25;812;7849.45;BA;2024-01-30
3505;Enrico Câmara;820.946.537-65;1965-06-28;781;7691.67;SP;2021-01-02
3506;Ana Luiza da Paz;514.260.987-58;1983-05-02;654;5264.19;PE;2023-01-06
3507;Maria Alice Barros;236.415.809-51;2005-02-20;724;6524.08;RJ;2022-08-01
3508;Gael Henrique Novaes;127.036.859-12;2003-06-01;582;5060.82;SP;2022-04-27
3509;Melissa Cunha;794.630.185-57;1974-04-09;615;4066.07;SC;2024-12-09
3510;Liam Alves;369.872.504-56;1970-05-21;774;6247.2;CE;2023-03-19
3511;Julia Pires;860.947.532-83;1999-01-01;850;5174.51;BA;2024-12-28
3512;Maria Luiza Moraes;746.103.259-34;1975-02-27;553;4456.64;SC;2023-04-12
3513;Marcela Pereira;819.734.620-87;1975-05-11;756;6447.47;SC;2023-06-11
3514;Rael Cavalcanti;371.852.094-04;1993-08-10;657;4128.74;PE;2022-03-09
3515;Antonella Souza;491.057.682-76;1999-12-09;481;4170.5;MG;2023-08-31
3516;Vitor Gabriel Cirino;736.581.429-28;1966-03-12;456;3116.12;MG;2022-01-21
3517;Brayan Vasconcelos;280.694.173-31;1971-01-04;680;4457.68;PE;2023-02-27
3518;Lavínia Nascimento;029.651.843-33;1973-09-07;812;7719.94;BA;2023-05-05
3519;Leonardo Ribeiro;864.209.531-89;1986-08-02;431;2515.63;MG;2022-08-14
3520;Dra. Raquel Farias;764.892.013-13;2004-05-01;345;1977.41;MG;2021-10-03
3521;Ana Julia Borges;264.570.913-34;1965-06-14;711;5274.11;SP;2021-05-27
3522;Srta. Hadassa Silva;275.193.086-77;1990-10-14;675;3877.67;SP;2021-10-22
3523;Caroline Vieira;749.580.126-30;1967-05-31;715;5164.89;GO;2024-09-09
3524;Melina Pinto;213.985.764-09;2000-03-30;621;4875.13;SC;2021-10-06
3525;Guilherme Aragão;409.682.375-92;2001-08-10;467;2582.92;RJ;2021-10-09
3526;Pedro Monteiro;921.645.873-91;1997-06-11;736;6286.99;SC;2023-07-23
3527;Ayla Freitas;648.957.312-19;2004-09-20;746;6292.66;CE;2023-05-22
3528;Gael Pacheco;685.902.437-29;2005-02-17;637;3369.99;CE;2022-01-04
3529;Elisa Fonseca;684.573.092-00;1977-04-19;587;4668.62;GO;2023-11-10
3530;Josué Leão;408.169.532-60;2008-06-03;850;7486.96;SC;2024-02-05
3531;Ravi Lucca Silveira;927.045.163-16;1957-05-12;804;7029.54;GO;2023-02-27
3532;Luiz Felipe Melo;175.640.938-20;2000-10-17;534;4389.12;BA;2022-04-08
3533;Ana Carolina Peixoto;567.190.284-30;1980-08-16;648;4244.84;MG;2023-05-20
3534;Lunna Carvalho;145.872.906-02;2008-01-28;573;4378.23;CE;2021-01-16
3535;Camila Correia;752.369.081-59;1996-10-01;812;4415.26;CE;2023-10-18
3536;Antonella Costa;508.724.136-08;1961-09-29;764;5175.2;RS;2024-12-29
3537;Nina Moraes;056.413.279-99;2001-05-19;455;4819.94;PE;2022-07-06
3538;Anthony Araújo;247.650.938-83;2007-04-29;707;6910.52;SC;2024-01-24
3539;Esther Porto;469.137.250-43;1973-01-16;716;7787.85;CE;2023-01-22
3540;Ravi da Rosa;872.153.690-21;1970-03-01;687;5339.52;SP;2021-03-19
3541;Luiz Otávio Azevedo;401.265.389-05;2006-09-01;661;6531.47;CE;2023-09-17
3542;Antonella Duarte;348.607.219-69;1963-12-11;526;3556.11;BA;2021-08-20
3543;Heloisa Pereira;579.108.432-32;1965-01-07;582;2551.42;CE;2023-09-14
3544;Benjamin Casa Grande;094.752.361-80;1989-02-15;636;3201.87;RJ;2021-10-18
3545;Rhavi Castro;276.183.950-12;1999-03-26;626;5873.29;PE;2022-07-27
3546;Valentim Jesus;124.985.073-88;1968-02-16;562;6173.12;GO;2023-11-25
3547;Henrique Leão;362.145.709-70;1970-08-26;444;4743.26;RJ;2023-12-08
3548;Stella Souza;076.958.132-30;1968-01-22;701;3891.97;CE;2021-07-01
3549;Luiz Otávio Lopes;285.390.467-92;1966-01-20;850;6736.25;RS;2023-08-26
3550;Juan Pimenta;397.254.681-55;1983-11-09;514;2704.91;RJ;2024-11-01
3551;Hellena Ramos;642.805.973-83;1983-09-19;593;4616.59;PE;2024-04-02
3552;Yago Caldeira;063.248.759-38;1997-09-03;632;4758.2;PR;2024-06-09
3553;Jade Almeida;231.658.974-09;2007-03-08;695;5172.37;SP;2022-12-05
3554;Dr. Leandro Leão;920.751.348-04;1964-01-20;387;2946.64;PE;2021-01-23
3555;Maria Julia Rios;690.354.278-74;1965-12-01;335;3033.77;GO;2023-07-19
3556;Evelyn da Cunha;341.708.562-44;2002-10-12;502;4179.36;PE;2023-08-19
3557;Arthur Miguel Caldeira;089.421.675-94;1980-08-16;777;5267.25;CE;2022-11-10
3558;Sara Monteiro;846.517.093-20;1967-05-03;747;5542.61;SC;2022-12-24
3559;João Guilherme Moraes;762.831.950-59;1996-03-28;830;6274.85;PR;2022-08-16
3560;Ísis da Mata;174.385.960-01;1956-02-28;519;4839.24;MG;2021-03-14
3561;Aylla Casa Grande;967.280.451-20;1965-08-02;567;3694.55;CE;2022-09-15
3562;Alexia Lopes;598.143.076-10;1989-08-15;562;4451.39;CE;2022-06-18
3563;Ana Vitória Sá;865.710.934-48;1966-11-21;781;4313.91;SP;2024-07-12
3564;Guilherme Casa Grande;893.401.267-69;1964-04-13;622;5600.9;GO;2024-03-30
3565;Pietro Macedo;298.014.753-23;1993-10-11;643;6453.87;MG;2024-03-19
3566;Yasmin Moreira;796.308.145-01;1964-01-08;611;4703.45;SP;2024-09-06
3567;Maria Luiza Mendes;681.354.720-80;1990-10-30;691;5627.31;PR;2024-07-02
3568;Dra. Maria Helena Machado;572.910.683-12;1964-05-15;573;5100.14;SP;2022-08-11
3569;Alícia Rocha;807.532.461-71;1965-03-20;541;3716.82;GO;2021-06-18
3570;Melissa Macedo;816.349.275-91;1964-06-08;556;5801.07;MG;2023-11-02
3571;Olívia Nascimento;412.607.953-06;1986-10-24;300;2795.6;RJ;2022-07-24
3572;Sr. Bento Santos;804.927.613-96;1958-02-01;624;3311.13;PR;2021-09-29
3573;Josué Guerra;349.650.278-92;1999-11-08;657;5731.75;CE;2022-07-30
3574;Levi Martins;705.143.689-93;1971-05-24;690;2868.17;PR;2022-06-11
3575;Cauã Sales;567.298.031-77;1992-07-13;783;5526.26;SP;2021-08-17
3576;Lucas Gabriel da Cunha;352.897.640-38;1959-08-25;702;6357.07;CE;2021-12-24
3577;João Felipe Moura;167.450.283-44;1977-04-28;514;4772.46;CE;2021-11-06
3578;Fernanda Guerra;826.704.391-87;2004-12-20;573;2512.62;GO;2023-01-28
3579;Luan Nunes;593.486.072-00;2004-10-01;760;5304.96;MG;2022-06-20
3580;Anthony Monteiro;263.587.901-02;1985-12-16;517;3732.93;RS;2023-09-21
3581;Lucca Vasconcelos;804.257.193-32;2007-06-17;652;5158.73;MG;2023-12-17
3582;Leonardo Viana;268.750.943-47;1971-02-24;685;4140.51;SP;2022-12-04
3583;Ana Clara Abreu;702.946.183-50;2004-01-12;530;4124.0;RJ;2021-10-25
3584;Ester Nunes;924.318.065-70;1995-03-28;847;6662.19;CE;2021-11-12
3585;Nathan Gonçalves;170.985.632-77;1982-07-25;750;6038.56;GO;2023-04-26
3586;Ísis Rios;308.512.946-42;1994-05-24;561;4241.28;SC;2022-05-03
3587;Pietro Cassiano;349.087.261-40;1957-09-13;599;5395.65;GO;2024-07-29
3588;Daniela Ferreira;297.856.103-30;1959-11-18;784;6631.68;MG;2022-03-08
3589;Maria Laura da Conceição;873.604.912-31;2006-12-18;762;5131.21;CE;2022-12-08
3590;Rhavi Almeida;129.673.584-28;1988-11-10;570;3835.7;SP;2024-08-08
3591;Laura Peixoto;570.948.213-79;1972-09-23;657;4897.04;PR;2021-08-26
3592;Dra. Ana Sophia Fernandes;168.294.357-73;1966-04-07;707;4725.0;SP;2021-12-10
3593;Gustavo Ferreira;196.425.803-06;1962-05-20;625;5686.86;GO;2023-03-28
3594;Dra. Maria Sophia Castro;826.915.043-60;1999-08-01;372;5097.63;GO;2022-09-10
3595;Dra. Zoe Lima;706.291.583-12;1958-09-27;586;2662.96;GO;2023-12-27
3596;Asafe Freitas;405.628.371-08;1990-12-04;638;5137.44;RS;2023-02-17
3597;Rafael Câmara;738.061.425-80;1967-06-21;610;5871.19;SC;2023-08-30
3598;Clarice Farias;683.409.257-92;1973-10-13;709;5969.88;PR;2021-10-25
3599;Aylla Vasconcelos;168.237.409-22;1998-01-29;674;5287.64;PE;2023-06-10
3600;Sr. Dom Albuquerque;362.704.185-26;1958-02-01;833;5184.8;SP;2022-08-15
3601;Maria Liz Brito;817.453.096-75;2005-07-23;636;5153.02;GO;2023-02-22
3602;Laura Jesus;154.039.762-99;1995-04-21;717;4892.15;BA;2023-12-22
3603;Sara Lopes;203.614.879-40;1958-11-13;410;3436.82;SP;2021-07-19
3604;João Vitor Teixeira;709.324.158-14;1998-02-26;653;6713.6;PE;2024-07-29
3605;João Pedro Cunha;074.296.158-30;1997-07-21;467;4890.69;BA;2023-06-04
3606;Joaquim Camargo;392.074.586-83;1990-03-18;850;6422.24;CE;2024-08-28
3607;Yan Ferreira;827.096.453-00;1971-01-29;465;3313.03;PR;2022-11-18
3608;Caleb Viana;109.856.342-51;1986-05-08;621;5531.79;PR;2022-07-01
3609;Dra. Sara Farias;957.831.602-02;1985-11-20;549;5947.2;RJ;2022-06-07
3610;Ágatha Porto;964.750.128-58;1997-03-13;486;2148.79;CE;2023-03-13
3611;Maria Cecília Brito;126.947.385-91;2004-05-27;752;3741.38;GO;2024-10-14
3612;Aurora Pires;740.135.829-88;1982-04-20;595;7877.68;RS;2024-10-08
3613;Samuel Borges;310.852.946-33;1966-09-09;618;3823.23;CE;2022-02-04
3614;Josué da Rocha;386.420.759-29;1975-02-18;613;4853.2;PE;2022-11-23
3615;Ísis Fonseca;149.063.825-33;1987-07-29;639;5774.26;MG;2022-10-04
3616;Marcelo Viana;201.345.986-60;1963-12-25;495;5647.55;PE;2021-01-22
3617;Augusto Silva;569.718.302-02;1993-07-17;649;5918.79;SP;2021-05-20
3618;Maria Clara Monteiro;904.865.372-00;1995-08-29;544;5638.38;SP;2023-04-23
3619;Augusto Sá;840.715.296-01;1961-12-05;589;4989.55;RJ;2023-12-12
3620;Léo Cardoso;670.284.531-62;2006-11-18;508;3067.07;RJ;2024-11-04
3621;Yasmin Peixoto;390.542.617-06;1969-10-31;702;5172.39;GO;2022-12-21
3622;Dr. Vinícius da Conceição;387.140.562-08;1982-08-25;517;3492.82;RS;2022-08-04
3623;Antônio Andrade;407.891.362-87;1969-05-08;703;4994.96;PR;2022-01-31
3624;Zoe Rocha;694.507.821-30;1968-06-04;605;4855.03;SP;2021-02-18
3625;André Leão;473.205.816-71;1966-01-21;389;1640.87;CE;2021-07-08
3626;Melina Barbosa;912.736.540-99;1992-03-07;660;4542.97;SP;2024-05-01
3627;Bento Sousa;534.072.896-00;1993-10-23;746;6934.81;RS;2024-05-12
3628;Sra. Giovanna Rodrigues;236.845.017-35;2003-01-30;706;7467.77;RJ;2024-12-21
3629;Sr. Thiago Nogueira;036.928.157-86;1979-04-17;610;5528.88;RJ;2021-06-26
3630;Alana Montenegro;273.951.608-86;1962-12-05;549;6844.37;CE;2021-09-24
3631;Sra. Julia Moraes;430.762.518-80;1993-09-10;850;6811.88;SC;2024-09-06
3632;Srta. Giovanna Nunes;178.530.426-71;1974-08-10;666;6687.3;CE;2022-01-14
3633;Isabelly Moreira;206.938.514-06;1969-10-06;602;4159.38;RJ;2024-11-25
3634;Benjamim Vasconcelos;087.359.614-57;1963-09-14;724;5870.44;MG;2022-06-03
3635;Maria Clara Correia;730.816.542-62;1982-03-20;641;4293.73;PR;2023-08-15
3636;Luana Caldeira;514.768.309-75;1956-05-03;413;3540.14;RJ;2024-08-01
3637;Nathan Azevedo;729.405.813-04;2004-07-06;728;5598.19;GO;2022-07-21
3638;Stephany da Conceição;642.518.093-51;2005-01-20;792;5632.08;SC;2024-11-18
3639;Thiago Cavalcante;489.362.075-47;1972-10-29;493;3876.77;BA;2022-06-12
3640;Josué Pires;015.238.967-95;1959-01-29;610;5649.97;MG;2021-06-01
3641;Isabelly Moraes;734.890.516-10;1956-12-09;527;5584.09;PR;2021-05-08
3642;Thiago Marques;890.251.467-67;1964-08-17;850;6760.86;SC;2023-03-07
3643;Ravi Almeida;854.062.137-17;1989-09-11;769;5095.5;BA;2021-05-04
3644;Sra. Alice Gomes;902.841.576-94;1967-07-08;749;7039.28;PR;2022-06-27
3645;Davi Lucca Vargas;798.263.405-29;2002-07-16;723;5768.44;MG;2023-06-22
3646;Yasmin Silva;250.169.738-30;1981-10-19;300;1758.27;RJ;2023-10-05
3647;Srta. Stephany Aragão;937.258.610-21;1975-02-27;544;3373.75;RS;2024-06-03
3648;Maria Julia Fernandes;461.092.578-85;2001-11-07;634;4653.04;SC;2022-01-01
3649;Ana Carolina Santos;508.967.134-66;2000-02-08;521;3109.2;GO;2021-08-11
3650;Enzo Gabriel Leão;910.263.457-07;1970-08-14;534;5393.5;MG;2024-01-13
3651;Luísa Pimenta;079.645.132-06;2004-09-19;540;3805.06;SC;2022-03-24
3652;Júlia Pires;460.327.185-90;1984-09-08;565;4858.99;CE;2024-08-10
3653;Emanuella Correia;408.219.675-76;1970-11-17;674;2347.34;RJ;2023-06-24
3654;Cecília Pimenta;783.625.910-21;1996-11-25;742;7372.37;PR;2021-07-31
3655;Kevin Viana;672.593.481-19;1971-09-04;493;2971.7;SP;2021-05-30
3656;Esther Albuquerque;063.192.574-07;1993-07-08;565;3764.0;RJ;2024-03-16
3657;Sra. Carolina Santos;136.574.289-09;1982-03-03;646;3221.47;PR;2023-07-03
3658;Eloah Ribeiro;801.293.457-41;2000-06-15;485;5419.2;SP;2023-10-17
3659;Ana Beatriz Sales;180.749.563-93;1962-10-15;508;5307.43;MG;2024-08-30
3660;Caroline Viana;089.156.372-59;2001-02-04;662;3486.73;SP;2021-03-19
3661;João Felipe Pires;681.079.253-86;1973-08-19;696;5450.33;SC;2022-06-30
3662;Sra. Mariah Costela;931.247.056-61;1976-12-22;565;4764.96;MG;2024-12-04
3663;Brayan Araújo;645.297.301-07;1986-12-07;676;6115.59;BA;2023-03-13
3664;Lorena Camargo;491.302.758-14;1990-02-04;761;6496.14;CE;2021-01-08
3665;Francisco Camargo;834.972.165-00;1958-01-09;454;3158.35;PE;2024-12-20
3666;Maria Clara Aparecida;839.274.160-96;1993-03-11;850;7524.49;GO;2023-09-07
3667;Davi Luiz da Mata;048.671.395-48;1985-01-08;850;8195.43;SC;2023-04-08
3668;Lucca Pacheco;768.359.241-28;1959-08-22;649;5493.41;RJ;2024-01-12
3669;Pedro Miguel Porto;075.894.123-41;1979-04-21;615;3182.2;RS;2021-01-07
3670;Maria Cecília Teixeira;127.960.485-94;1990-10-24;622;6186.67;SC;2024-11-12
3671;Agatha Dias;023.978.145-79;2000-11-06;548;4795.95;GO;2021-09-06
3672;Stella Rezende;731.259.860-95;1957-10-27;722;4866.32;CE;2024-01-02
3673;Lorenzo Melo;530.287.691-40;1986-11-10;565;3502.09;BA;2022-11-14
3674;Bruno Nascimento;417.365.280-17;1994-08-05;521;2880.39;PR;2023-04-01
3675;Dra. Eduarda da Paz;864.253.910-06;1997-08-21;511;5507.46;SP;2024-07-18
3676;Sr. Miguel Macedo;054.279.613-99;1994-01-08;510;4206.46;RJ;2023-01-19
3677;Maria Julia Leão;793.185.460-84;1996-09-05;559;5650.87;PE;2022-11-28
3678;Ana Vargas;275.694.183-28;1965-11-22;777;7080.07;RJ;2023-07-31
3679;Ana Beatriz Pimenta;765.942.801-20;1984-08-28;656;5016.94;PR;2024-08-19
3680;Davi Monteiro;109.486.725-01;1985-07-12;476;5751.53;RS;2021-12-28
3681;Maria Julia da Rosa;796.542.013-99;1969-11-15;528;4887.65;PE;2021-03-22
3682;Dr. Nicolas Casa Grande;194.306.852-60;1986-09-28;747;5420.72;SC;2024-09-15
3683;Dr. Diogo Teixeira;418.025.376-35;1993-06-01;744;6716.21;RS;2022-09-05
3684;Nina da Cunha;203.617.895-21;1996-07-23;827;6146.65;SC;2021-08-07
3685;Maria Laura Cardoso;016.782.543-71;1985-11-04;465;3214.51;BA;2023-09-24
3686;Ana Vitória Vargas;089.516.273-30;1967-09-30;645;5218.21;RJ;2024-07-19
3687;Arthur Vieira;963.401.857-20;1956-05-31;572;2666.8;GO;2022-01-24
3688;André Câmara;953.280.746-29;1981-08-24;676;7380.34;MG;2021-03-15
3689;Larissa Nogueira;082.691.543-42;1966-01-05;675;6009.14;RS;2021-02-21
3690;Ravi Barbosa;689.321.074-40;1977-08-29;688;5901.05;CE;2022-05-04
3691;Dra. Ester Moura;658.947.230-00;1997-06-03;731;6243.37;GO;2023-03-08
3692;Nicole Nascimento;652.718.094-20;1988-06-06;582;3860.01;RJ;2024-01-13
3693;Luiz Gustavo Viana;937.251.864-64;1968-10-06;590;5034.13;PR;2023-10-21
3694;Isadora Sales;918.275.306-77;1993-01-12;582;4970.34;PE;2023-07-10
3695;Sr. Davi Luiz Barros;362.758.419-82;1985-09-12;672;6209.18;SP;2021-03-17
3696;Thiago da Rosa;487.061.259-30;1971-03-14;773;6262.01;BA;2021-04-25
3697;Ana Beatriz Fernandes;372.610.549-25;1981-11-15;463;3358.9;BA;2021-03-29
3698;Bella Casa Grande;492.531.780-60;1998-11-10;625;3164.23;SC;2021-08-31
3699;Emanuelly Pinto;934.612.058-42;1998-05-13;786;6430.38;RS;2024-09-01
3700;João Pedro Porto;063.721.945-70;1992-05-16;665;6685.53;PE;2023-07-28
3701;Ester Costela;430.692.751-25;1990-11-11;544;4926.04;PE;2021-11-02
3702;Ágatha Santos;361.750.928-21;1966-04-22;606;4663.91;CE;2022-04-23
3703;Samuel Borges;236.548.970-29;1998-07-19;527;5881.6;RJ;2021-03-17
3704;Eloá Pires;098.546.132-24;1989-02-07;574;5291.46;MG;2023-09-29
3705;Gustavo Henrique Duarte;168.374.950-20;1985-08-20;394;4331.99;SP;2023-08-24
3706;Fernanda Siqueira;631.408.572-17;1967-06-26;746;6065.43;CE;2021-04-04
3707;Sr. Rael Camargo;804.723.591-50;1992-06-25;592;5136.0;RS;2024-12-07
3708;Dra. Olívia Peixoto;480.123.975-79;2002-08-04;850;5036.76;MG;2021-01-30
3709;Josué Abreu;923.745.806-10;1957-09-14;713;4792.38;MG;2024-07-19
3710;Sabrina das Neves;615.430.897-39;1987-07-27;617;4688.12;SP;2022-09-22
3711;Igor Garcia;610.253.978-86;1970-01-23;568;4533.53;RJ;2023-07-24
3712;José Miguel da Mata;381.245.760-17;1994-10-26;483;4893.18;CE;2021-12-16
3713;Pietra Jesus;408.172.653-17;1972-11-10;404;3771.76;CE;2021-05-11
3714;Josué Duarte;850.269.431-60;1967-12-14;580;3469.08;RJ;2021-08-22
3715;João Vitor Ramos;732.109.856-77;1999-01-05;644;3595.05;GO;2024-05-03
3716;Sra. Pietra Ferreira;064.375.218-80;1984-05-16;624;3569.12;CE;2022-03-28
3717;Dr. Nicolas Peixoto;897.024.563-47;1968-02-26;675;4475.64;RJ;2022-02-20
3718;Dra. Maria Helena Rocha;879.152.036-30;1988-04-11;565;4813.95;SC;2022-11-22
3719;Dante Montenegro;803.942.675-83;1989-05-12;527;4158.04;SC;2022-10-27
3720;Vinícius Leão;152.683.704-80;1989-09-07;438;4134.88;RJ;2024-11-02
3721;Aylla Mendonça;574.860.931-20;1971-10-23;831;9440.21;CE;2024-01-23
3722;Esther das Neves;954.721.386-55;1978-10-13;630;5828.2;MG;2022-10-21
3723;Brenda Duarte;015.874.962-67;1970-01-18;406;4750.73;RS;2021-04-04
3724;Laís Aparecida;814.526.097-30;1999-07-15;713;5220.07;CE;2021-12-22
3725;Maria Campos;689.712.453-28;1959-04-24;768;5889.52;BA;2021-05-10
3726;João Pedro Rocha;523.916.807-59;1971-10-27;565;4995.33;RJ;2022-07-15
3727;Luiz Miguel Cunha;961.352.840-70;1993-12-21;492;4957.62;MG;2023-05-01
3728;Yago Mendonça;239.504.768-65;1977-01-16;493;2893.95;MG;2024-11-27
3729;Dra. Ana Cecília Costa;240.617.539-16;1962-08-08;510;4839.5;BA;2024-02-08
3730;Valentina da Cunha;524.076.189-20;1973-01-02;545;3012.0;MG;2023-06-18
3731;Igor Vargas;295.701.386-02;1966-01-16;547;4343.96;RS;2024-04-06
3732;Sr. Josué da Costa;910.432.857-41;2001-04-07;478;2672.32;SP;2021-10-01
3733;Dr. Rodrigo Fernandes;346.129.807-78;1999-06-20;850;5939.43;RJ;2024-07-18
3734;Maria Júlia Freitas;791.025.843-79;1988-11-15;581;4280.76;CE;2023-02-10
3735;Zoe Martins;078.456.139-75;1967-08-02;569;5173.35;MG;2021-02-02
3736;Ian Montenegro;901.548.237-32;1981-07-05;733;5558.05;GO;2021-06-15
3737;Rhavi Marques;096.372.485-10;1973-12-11;471;5042.44;SP;2021-01-15
3738;Dra. Julia Freitas;513.804.976-39;1985-03-31;608;6594.32;MG;2021-07-02
3739;Kamilly Mendonça;326.150.978-30;1967-07-25;350;2995.4;CE;2022-08-05
3740;Kevin Novaes;347.916.205-34;1987-03-26;850;6446.74;SC;2024-11-21
3741;Brenda Cirino;824.375.609-47;1990-09-23;592;5031.51;GO;2024-11-18
3742;Carlos Eduardo Nogueira;129.534.870-50;1968-01-25;552;4103.93;MG;2022-02-27
3743;Sophie da Costa;286.713.549-46;2006-04-30;579;4004.58;MG;2024-08-03
3744;Rafael Moraes;937.154.028-14;2003-08-23;767;6597.08;PR;2023-12-08
3745;Ester da Paz;367.842.091-50;1959-02-22;650;6008.57;GO;2023-04-24
3746;Sabrina Ramos;287.165.394-19;1982-11-25;588;3929.8;RS;2021-12-24
3747;Sophia Oliveira;164.980.375-39;1959-05-12;547;4377.78;CE;2024-11-17
3748;Vitor da Conceição;907.823.641-87;2008-02-10;492;3435.74;SP;2024-05-06
3749;Sra. Luna Gonçalves;268.174.053-35;1969-01-07;558;6588.56;MG;2023-10-21
3750;Maria Flor Costela;475.319.068-48;1965-03-30;300;2220.38;CE;2021-06-30
3751;Júlia Vargas;284.675.139-00;1984-12-21;827;6737.84;PR;2022-12-14
3752;Sr. José Pedro Dias;063.294.158-89;1974-03-29;710;5779.83;SC;2021-01-10
3753;Kamilly da Mata;307.694.582-38;1973-06-22;539;2070.08;PE;2022-04-28
3754;Maria Luísa Freitas;486.031.572-35;1980-05-02;644;4376.39;RS;2021-08-29
3755;Luiz Fernando Nogueira;452.910.786-85;1995-01-12;523;3685.01;PE;2021-07-15
3756;Benjamim Mendonça;716.083.245-08;1981-04-29;829;9036.84;CE;2023-01-12
3757;Sr. Diogo Martins;205.187.493-04;1999-09-08;646;4703.23;PE;2023-11-06
3758;Srta. Sophie Pastor;463.098.517-48;1975-12-12;478;4292.54;RS;2023-08-09
3759;Maria Cecília Aparecida;108.397.465-39;1975-01-29;833;6416.66;RS;2022-07-21
3760;Kaique da Rocha;793.180.465-10;2001-07-19;334;3342.05;SP;2022-02-01
3761;Ana Laura Souza;218.079.365-03;2006-09-01;738;4318.15;RJ;2021-11-02
3762;Hellena Gonçalves;534.768.209-47;1994-05-16;641;5579.23;GO;2023-10-16
3763;Dante Carvalho;269.105.873-59;1986-08-25;611;4097.23;MG;2021-11-24
3764;Emilly Melo;795.061.482-01;1959-03-11;741;5524.62;SP;2021-04-21
3765;Sabrina Andrade;743.650.982-92;1985-08-11;441;1478.53;BA;2022-08-07
3766;Isabela Aragão;043.927.158-41;1955-07-18;771;6784.66;RS;2023-06-10
3767;José Miguel Oliveira;713.592.468-19;1988-06-20;630;4599.73;PR;2022-11-16
3768;Rodrigo Novaes;587.160.329-77;1989-02-05;556;3372.26;CE;2023-07-18
3769;Brenda Pinto;132.456.987-55;1987-12-22;568;2423.91;SP;2021-08-02
3770;Carlos Eduardo Borges;107.568.243-62;1973-05-02;531;3937.06;SP;2024-01-06
3771;Lucas Gabriel da Rosa;527.846.190-01;2000-06-27;693;5504.07;MG;2021-11-20
3772;Liam Barros;410.372.856-62;1988-12-08;715;7069.14;SP;2023-09-21
3773;Matteo Viana;340.697.581-00;2007-06-06;746;6438.51;PE;2021-08-26
3774;Rhavi Moraes;712.960.843-96;2001-02-20;621;3987.21;RJ;2022-04-27
3775;Diego Peixoto;642.870.195-20;1978-02-26;708;7343.75;GO;2024-04-28
3776;Maysa da Cunha;382.146.059-89;1958-05-23;661;7205.26;CE;2022-10-30
3777;Giovanna Caldeira;473.192.580-05;1979-04-09;436;2333.84;SC;2022-02-12
3778;Rafael Moraes;193.648.025-51;1995-02-09;722;6040.29;BA;2022-04-17
3779;Kamilly da Cruz;502.647.398-92;1998-12-02;777;6200.53;RJ;2022-10-30
3780;Julia Gonçalves;735.140.962-52;2005-01-01;515;3906.41;RS;2021-07-20
3781;Valentina da Mota;175.240.368-17;1988-03-04;436;2359.41;RS;2023-04-25
3782;Maria Laura Rocha;406.158.237-26;1966-09-07;736;6760.79;RS;2023-02-09
3783;Sr. Apollo Sousa;142.650.739-99;1979-05-25;663;3582.92;RS;2021-05-31
3784;Henry Sampaio;058.296.413-05;1987-10-17;576;3383.0;GO;2024-04-13
3785;Bianca Monteiro;053.619.872-12;2004-03-09;761;5504.28;GO;2021-04-22
3786;Dra. Olívia Rodrigues;697.150.384-84;1991-05-11;489;3941.8;SC;2021-10-24
3787;Nina Melo;865.271.490-85;1996-08-23;543;5827.74;RS;2024-06-02
3788;Olivia Marques;137.892.406-13;1990-01-26;531;2848.77;GO;2021-12-31
3789;Júlia Melo;054.789.126-11;1992-03-30;361;2857.21;SC;2023-02-04
3790;Dra. Joana Leão;023.571.948-04;1962-10-31;552;2987.1;MG;2023-07-27
3791;Davi Lucas Melo;913.068.274-69;2007-09-28;762;6763.25;RS;2024-07-18
3792;Yasmin Castro;503.786.192-68;1982-11-17;616;6292.33;BA;2022-07-07
3793;Beatriz Correia;274.503.619-06;1979-11-10;699;4769.14;RS;2022-11-19
3794;Luana Sá;263.805.197-77;1962-02-26;495;4777.98;MG;2021-03-07
3795;Dr. Vinícius Sá;561.327.849-00;1987-11-23;667;5505.75;CE;2021-05-03
3796;Cauã Lima;958.267.130-03;1969-06-01;518;4751.95;PR;2021-10-07
3797;Marcela Dias;274.583.690-00;1990-08-09;529;4130.01;RJ;2023-08-12
3798;Sr. Lucas Rodrigues;402.186.579-94;1958-09-10;793;5683.17;GO;2023-05-07
3799;Bruno da Mota;124.056.938-60;1992-01-25;431;2395.45;MG;2022-12-05
3800;Maria Flor Barbosa;973.852.041-04;1980-08-22;739;6166.73;RS;2022-08-28
3801;Rhavi Vieira;368.701.952-77;1989-02-27;604;4322.91;CE;2021-11-18
3802;Sophie Camargo;895.420.137-79;1966-02-24;678;4574.9;CE;2021-12-15
3803;Luara Oliveira;706.142.985-20;1979-12-18;656;4516.75;CE;2024-02-07
3804;Brayan Teixeira;801.342.659-98;1957-09-22;512;3458.51;RS;2021-06-27
3805;Sr. Calebe Machado;082.596.147-58;1977-10-04;574;4543.17;SC;2023-12-05
3806;Brayan da Rocha;196.723.504-06;1984-12-30;648;1495.63;GO;2022-03-20
3807;Daniel Oliveira;297.634.081-13;1983-06-21;523;3792.43;CE;2023-08-28
3808;Gustavo Henrique Borges;978.512.034-14;1963-02-17;800;5320.0;GO;2022-07-26
3809;Maria Dias;861.479.203-40;1975-07-30;639;6607.03;SP;2023-05-27
3810;Mirella Pires;387.926.140-78;1970-03-12;462;4089.98;RS;2022-05-23
3811;Clarice Leão;239.601.578-86;1979-01-13;523;3679.37;BA;2023-06-09
3812;Benjamim Cirino;736.092.814-13;1973-06-19;523;3452.14;CE;2022-04-01
3813;Yasmin Sampaio;401.286.795-49;1991-06-18;850;7644.46;CE;2021-11-02
3814;Stephany Machado;973.165.042-34;1966-04-19;752;6507.99;CE;2021-01-11
3815;Aurora Pimenta;435.869.710-01;1976-06-29;427;3810.96;SC;2021-04-01
3816;Maria Júlia Vasconcelos;642.015.783-80;1993-04-18;748;5130.6;SP;2023-08-22
3817;Sr. Luiz Gustavo Borges;953.401.762-07;1983-06-04;735;6584.34;PE;2021-03-10
3818;Letícia Teixeira;165.472.908-67;1969-05-30;842;6318.22;SC;2023-12-24
3819;Maria Campos;259.648.013-15;1969-10-18;488;3542.37;SC;2023-09-09
3820;Anna Liz Albuquerque;824.061.753-08;1956-05-23;792;4507.59;RJ;2023-07-16
3821;Stella Fogaça;830.726.941-50;1971-12-15;371;3057.4;GO;2022-05-08
3822;Ana Laura Barbosa;064.938.125-42;1973-03-16;566;4535.73;RJ;2024-02-18
3823;Matheus Sampaio;821.905.374-79;1964-03-12;733;5311.43;SP;2024-11-20
3824;Maria Luiza Farias;165.492.738-46;2004-04-15;395;5204.48;SC;2022-03-23
3825;Marcos Vinicius Casa Grande;752.803.496-74;1958-04-03;500;2940.96;MG;2023-01-05
3826;Isadora Casa Grande;276.185.034-35;1987-09-08;752;5631.51;PR;2022-05-05
3827;Clarice Moraes;956.801.347-48;1972-11-05;612;5378.79;RJ;2021-02-02
3828;Dr. João Guilherme da Cruz;295.180.347-88;1975-08-31;750;5666.54;GO;2024-10-02
3829;Dra. Sara Casa Grande;039.176.542-61;1973-10-02;802;4280.2;PR;2021-11-28
3830;Maria Helena Moraes;295.017.468-01;2002-03-19;711;4848.47;GO;2024-03-14
3831;Luiz Otávio Vargas;936.807.412-78;2003-02-09;784;6414.04;CE;2021-02-19
3832;Júlia Fonseca;635.042.189-24;1957-02-26;539;4974.84;GO;2023-08-08
3833;Cauã Carvalho;904.153.726-07;1974-10-19;727;6457.89;MG;2024-12-11
3834;Kaique Cavalcanti;603.957.124-16;1975-01-30;496;3483.98;SC;2022-01-14
3835;Ana Laura Azevedo;324.981.057-60;1985-05-06;619;4910.74;BA;2024-07-07
3836;João Felipe Pinto;436.170.529-16;1989-05-26;709;3657.1;GO;2024-12-12
3837;Davi Pacheco;032.496.571-07;1994-06-22;660;4990.02;SP;2024-07-08
3838;Dra. Esther Casa Grande;728.450.693-83;1972-06-22;519;3409.51;RJ;2023-02-28
3839;Sr. Enzo Gabriel Martins;068.342.795-47;1961-05-25;594;1150.91;BA;2023-12-24
3840;Ana Clara Caldeira;704.638.592-00;2002-12-11;535;3404.19;SP;2022-08-31
3841;Sofia Melo;041.937.865-01;1955-11-26;683;4658.47;SC;2022-07-07
3842;Lunna Guerra;086.159.372-30;1987-03-22;594;6294.28;CE;2024-01-16
3843;Bianca Lopes;712.943.680-87;1975-08-13;739;6814.27;CE;2022-03-01
3844;Diogo Nascimento;463.725.908-83;2000-11-02;560;5023.03;RJ;2024-06-24
3845;Dr. Marcelo Andrade;857.439.210-32;1985-02-13;591;4531.91;BA;2021-04-23
3846;Benjamim Monteiro;621.059.374-70;1980-09-14;669;4755.01;PE;2024-10-13
3847;Isabel Novais;986.150.374-93;1958-01-30;799;6231.87;BA;2021-04-16
3848;Pietro da Costa;169.275.380-03;1958-04-06;694;7007.6;RJ;2023-02-24
3849;Sr. Ravi Camargo;385.421.907-50;1978-07-14;743;4535.08;BA;2023-08-12
3850;Sra. Isabel Lopes;746.590.321-16;1962-05-01;673;6234.72;CE;2021-03-25
3851;Larissa da Mata;376.851.420-07;2005-06-19;727;4702.71;BA;2023-01-21
3852;Augusto Cirino;413.957.862-91;1995-08-12;541;5322.56;MG;2024-08-20
3853;Sr. Eduardo Alves;693.871.250-68;1997-11-27;528;3924.3;PE;2024-12-14
3854;João Guilherme da Rosa;871.436.502-26;1994-09-27;809;6424.2;RJ;2024-02-23
3855;Anna Liz Cavalcanti;679.430.582-83;1966-10-26;532;3378.38;RS;2021-10-11
3856;Sr. Benjamin Moura;926.054.813-60;1972-05-27;659;3938.85;BA;2022-05-04
3857;Srta. Maitê da Costa;862.310.754-35;1967-03-31;590;5053.23;PE;2021-08-21
3858;Dr. Asafe Moura;539.274.806-65;1971-07-21;775;6867.55;GO;2024-04-03
3859;Clara Monteiro;135.704.926-99;1977-10-09;534;5450.42;RS;2022-04-07
3860;Sra. Marina da Mota;157.846.230-44;1978-01-25;584;3436.3;BA;2022-12-24
3861;Dr. Heitor Abreu;184.396.572-00;1961-04-08;599;6230.17;PR;2023-10-29
3862;Isis Gonçalves;159.607.843-00;1958-12-31;639;5124.52;SC;2022-07-22
3863;Maria Fernanda Novais;235.608.179-86;1964-10-17;816;5096.65;SP;2021-05-10
3864;Dra. Emilly Ramos;529.618.437-82;1994-05-02;465;2104.15;BA;2022-12-09
3865;Maria Fernanda da Paz;864.059.213-60;1956-08-20;664;5478.49;GO;2023-09-23
3866;Clarice Guerra;931.746.582-09;1976-04-01;805;6683.48;PE;2023-12-15
3867;Rafaela Silveira;981.526.347-19;1980-05-11;571;4569.79;RJ;2023-08-21
3868;Rafael Mendonça;156.378.942-64;2008-04-22;634;3400.24;PE;2024-10-21
3869;Ester Rezende;916.450.287-20;1992-10-02;850;7319.87;PE;2022-08-22
3870;Dante Marques;641.258.937-64;1987-01-03;645;5775.16;GO;2024-06-25
3871;Anthony Gabriel Freitas;187.305.264-26;1995-04-12;705;5499.45;BA;2024-10-10
3872;Danilo Casa Grande;985.607.412-67;1963-12-11;544;4951.45;RJ;2022-01-21
3873;Srta. Kamilly Cavalcante;384.296.170-78;1959-07-26;666;4518.11;GO;2021-06-28
3874;Luiz Miguel Montenegro;703.281.964-87;1971-11-26;790;6613.35;RJ;2023-03-12
3875;Sr. Lucca Martins;673.854.029-92;1988-08-13;707;7047.92;MG;2022-08-14
3876;Sabrina Fogaça;176.948.052-85;1991-01-04;622;5292.95;RJ;2021-08-12
3877;Liam da Mata;196.708.354-10;1982-05-21;717;5011.14;MG;2022-07-20
3878;Daniel Campos;846.930.172-13;2001-08-24;626;5133.55;RJ;2024-11-28
3879;Ian Ramos;509.684.132-42;1979-12-30;505;6357.64;MG;2023-10-14
3880;Gustavo Henrique Pereira;793.805.146-20;1994-09-05;451;2309.9;MG;2022-02-23
3881;Otávio Jesus;302.645.197-52;1979-12-30;777;6929.27;PE;2024-07-08
3882;Maria Clara Souza;719.256.843-00;1981-03-03;496;4575.29;SP;2022-08-24
3883;Sr. Benjamin Marques;045.718.396-93;1994-06-28;796;6337.74;SC;2024-10-29
3884;Benício Castro;127.960.485-94;1982-12-15;850;5075.94;PE;2021-09-28
3885;Maria Clara Rocha;532.749.860-38;1999-11-21;703;6790.53;GO;2022-12-12
3886;Nicolas Abreu;203.978.146-31;1962-07-12;726;5603.64;SC;2023-06-29
3887;Carlos Eduardo Peixoto;973.608.514-75;1981-05-05;585;5124.15;SP;2022-08-21
3888;Liam Novaes;051.346.297-06;1965-07-25;717;6338.47;RS;2021-05-09
3889;Joana Ribeiro;561.398.240-60;1998-09-27;744;4933.13;SP;2022-04-21
3890;Cauê Nogueira;062.951.847-58;1967-12-28;592;3795.98;PE;2024-08-13
3891;Thomas Oliveira;507.938.421-23;1984-07-20;573;5599.22;BA;2023-04-24
3892;Caio Pereira;978.512.604-85;1972-07-09;632;7662.86;CE;2022-12-04
3893;Melina Cunha;048.359.672-83;1964-03-27;643;5203.69;BA;2023-09-23
3894;Thales Sampaio;864.170.539-20;2005-08-16;632;4418.19;CE;2024-09-25
3895;Vitor Gabriel Pinto;857.431.296-73;1991-07-01;613;6031.79;PE;2024-01-29
3896;Sr. Otto Mendes;802.791.364-04;1970-06-29;633;4270.54;GO;2023-07-27
3897;Gustavo Alves;026.419.358-05;1978-12-11;508;3613.8;PR;2024-03-07
3898;Sra. Maria Laura Farias;498.530.726-29;1962-01-04;628;6217.59;MG;2022-09-20
3899;Nina Duarte;729.354.861-37;1977-04-15;459;3352.17;MG;2022-06-17
3900;Matteo Rios;967.142.305-16;1964-05-02;637;3262.29;RS;2023-09-19
3901;Brayan Vieira;083.952.416-15;1986-10-11;519;3472.11;BA;2022-08-14
3902;Levi Macedo;086.419.537-01;1990-11-20;524;4383.89;SP;2021-10-31
3903;Stella Cunha;037.956.421-16;1999-11-08;600;4244.71;BA;2022-08-06
3904;Pietro da Paz;357.648.129-09;1999-03-14;671;7091.07;GO;2021-12-07
3905;Kevin Rodrigues;147.369.528-73;1970-10-11;816;4605.23;CE;2021-11-26
3906;Vinícius Jesus;249.760.853-92;1983-11-07;689;5333.98;PE;2022-08-08
3907;Dr. Davi Melo;327.951.806-77;1967-12-08;638;4705.72;MG;2021-12-26
3908;Amanda Garcia;219.057.468-49;2002-09-04;634;5223.41;MG;2021-11-27
3909;Dra. Olivia Cardoso;036.815.479-39;1991-03-19;550;3503.63;RS;2021-08-28
3910;Luna da Luz;653.701.892-77;1959-05-10;566;4762.26;SP;2022-10-11
3911;Henry Gonçalves;230.854.916-51;1963-08-11;691;6381.35;CE;2021-09-17
3912;André Dias;904.527.618-67;1971-01-05;560;4763.84;GO;2022-06-18
3913;Luana Azevedo;087.513.694-00;1959-04-23;735;7045.59;BA;2022-01-13
3914;Enrico Pimenta;465.389.021-89;2005-09-06;612;4675.07;RS;2024-02-26
3915;Sofia Viana;145.368.907-93;1980-05-15;642;3986.29;SP;2024-09-25
3916;Olivia Araújo;738.164.520-35;1984-07-09;596;5512.59;BA;2022-12-06
3917;Henry Santos;985.647.023-47;1971-12-29;697;5305.73;MG;2023-02-03
3918;Lucas Vargas;532.764.108-26;1972-09-10;646;4343.35;GO;2024-01-11
3919;Maria Julia Mendonça;235.819.740-88;1968-11-17;704;5554.18;MG;2023-12-29
3920;Gabriela Marques;827.619.340-40;1982-11-28;586;4326.28;PR;2021-09-06
3921;Maria Clara da Mota;759.321.680-21;1989-10-16;612;4448.12;SP;2023-04-09
3922;Mirella Viana;640.179.825-49;1984-04-02;698;5188.72;GO;2021-10-25
3923;Maria Júlia Ferreira;571.243.069-06;1986-11-02;811;7953.21;GO;2022-10-18
3924;Carolina Almeida;594.608.271-01;2001-06-04;513;4173.7;MG;2021-01-09
3925;Srta. Lavínia Silveira;358.709.462-47;1999-06-15;541;4001.35;PE;2023-11-06
3926;Sra. Vitória Cavalcante;103.759.624-25;1965-04-08;850;6492.43;BA;2024-08-18
3927;Dr. Theo Vargas;072.854.139-41;1978-11-21;663;5845.32;PR;2023-08-29
3928;Maria Julia da Conceição;154.267.983-46;1984-12-01;499;3136.9;PR;2024-03-20
3929;José Pedro Machado;643.789.250-10;1966-06-10;475;2914.03;MG;2024-03-03
3930;Ísis Nascimento;018.972.354-88;1955-12-10;300;2944.58;GO;2022-11-25
3931;Vitória Gomes;284.136.950-15;1993-12-02;850;6947.82;RJ;2023-09-08
3932;Nicole Viana;675.942.031-43;1984-04-28;450;2957.22;SP;2021-10-13
3933;Dra. Ana Clara Brito;018.962.735-21;1959-03-01;564;3494.42;PE;2021-08-28
3934;Maria Isis Jesus;283.106.795-21;1968-03-13;723;6594.26;PR;2021-02-20
3935;Nicolas Barbosa;012.596.734-99;1990-02-25;481;4573.08;SC;2024-06-18
3936;Sra. Alice Pimenta;465.183.927-46;1961-07-24;803;8326.56;RS;2023-07-03
3937;Bianca Melo;394.567.120-52;2008-02-04;850;5898.01;BA;2021-07-09
3938;Ana Lívia Abreu;578.493.012-50;1979-09-09;850;6445.79;BA;2021-04-23
3939;Sophia Duarte;396.570.824-47;2001-12-03;548;4711.07;CE;2024-08-06
3940;Lara Moura;735.964.802-56;2001-09-11;550;4799.04;RS;2024-04-09
3941;Sr. Matheus Azevedo;279.640.385-83;1980-09-22;461;3449.25;PE;2022-03-31
3942;Dra. Ágatha Jesus;730.914.562-34;1958-05-28;774;6134.94;PR;2022-02-05
3943;Vinicius Pereira;378.519.642-37;1975-02-05;636;5563.26;SP;2021-06-21
3944;Nicolas Almeida;295.407.816-20;2006-09-01;760;4424.78;PE;2023-07-02
3945;Maria Alice Pinto;086.123.597-59;1960-02-05;690;5251.86;RJ;2023-11-15
3946;Isabella Vargas;340.615.987-75;1997-02-26;639;6171.95;SC;2022-02-03
3947;Ana Clara Nogueira;632.017.854-07;1980-10-29;476;2795.36;GO;2022-10-13
3948;Sr. Daniel Guerra;785.249.306-83;1964-03-30;387;2546.84;CE;2024-05-24
3949;Natália Barros;461.807.239-31;1991-03-13;779;6111.41;PE;2021-04-25
3950;Leonardo Sampaio;935.218.467-09;1981-01-12;459;3186.32;BA;2023-03-26
3951;Léo da Mota;478.612.593-82;1979-03-26;441;2402.81;MG;2023-05-26
3952;Ana Liz Correia;568.417.290-30;1994-06-26;666;4154.13;BA;2023-03-02
3953;Srta. Manuella Pires;248.607.913-04;1968-08-28;753;5952.88;BA;2021-01-25
3954;Laís Nogueira;083.762.459-29;1963-02-19;630;4761.63;PR;2022-12-08
3955;Sr. Anthony Pereira;964.283.051-51;2002-11-19;712;6479.16;BA;2022-09-23
3956;Dra. Bárbara Brito;241.978.053-14;2007-06-30;660;5844.79;GO;2024-02-23
3957;Aurora Peixoto;820.541.936-15;1996-08-12;594;5294.2;RJ;2022-03-18
3958;Zoe Correia;128.509.734-32;2000-01-22;579;4634.23;GO;2023-05-02
3959;Sr. Dom Montenegro;785.041.932-41;1968-06-19;587;4238.78;GO;2022-08-15
3960;Gustavo Rodrigues;761.254.039-80;1960-07-10;537;4763.69;MG;2023-05-19
3961;Rafaela Cavalcanti;314.728.906-04;1983-11-09;777;7387.1;SC;2021-10-13
3962;Dr. Yago Rodrigues;149.582.730-50;1977-05-23;469;5041.2;CE;2024-05-09
3963;Ana Lívia Correia;125.769.834-64;1958-12-25;581;5248.73;RJ;2021-10-22
3964;Benjamin Caldeira;280.536.174-17;1961-08-07;511;4229.98;RS;2022-09-14
3965;Luiz Henrique Campos;486.527.193-73;1962-01-09;657;3771.4;GO;2023-12-12
3966;Pedro Lucas Mendes;805.276.391-68;1991-08-23;692;6881.94;BA;2021-05-16
3967;Anthony Leão;702.841.956-85;2005-09-13;599;6152.17;CE;2023-02-09
3968;Maria Julia Barros;024.387.651-35;1981-11-07;597;5625.58;RJ;2021-01-14
3969;Dr. Pedro Henrique da Costa;846.720.935-65;1995-09-26;353;5242.78;SC;2024-08-01
3970;Emilly Souza;409.768.312-87;1973-08-13;799;6107.37;PR;2023-04-29
3971;Sophie Oliveira;127.469.053-61;1981-07-19;383;3352.03;MG;2024-02-13
3972;Pietra Moreira;753.289.016-30;1998-01-26;446;4012.85;GO;2024-12-25
3973;Melina Machado;839.421.567-09;1994-08-09;669;4410.6;CE;2021-10-08
3974;Eloá Abreu;012.759.684-49;1960-09-25;754;6837.57;RS;2022-01-16
3975;Dr. João Lucas Azevedo;150.279.486-11;1994-02-09;737;5904.86;SC;2022-08-16
3976;Felipe Aragão;280.196.345-33;2005-11-20;450;4577.87;PE;2023-10-02
3977;Dra. Gabrielly Souza;231.650.987-86;1973-08-30;587;3306.22;SP;2022-09-11
3978;Anthony Sá;765.198.024-76;1973-08-26;782;8355.41;CE;2022-09-15
3979;Stephany Caldeira;051.642.973-61;2004-04-17;615;7079.12;GO;2024-02-20
3980;Maria Cecília Pinto;052.893.164-42;1981-11-19;630;4659.54;GO;2022-04-05
3981;Isabelly Novais;697.105.842-94;1955-07-18;544;5989.08;SP;2021-01-06
3982;Bárbara Nogueira;139.854.672-00;1979-11-03;526;4943.27;MG;2022-06-22
3983;Mariana Aparecida;652.438.970-00;1975-06-19;552;3955.69;PR;2024-08-04
3984;Sr. Liam da Luz;732.091.865-02;2000-10-26;743;5563.96;GO;2021-09-12
3985;Manuela Macedo;065.873.294-38;1981-12-08;571;5700.8;PR;2023-05-05
3986;Aylla Borges;706.218.943-03;1975-10-12;811;7132.69;MG;2023-10-05
3987;Isabel Machado;041.387.265-35;1960-09-26;541;3817.39;RS;2021-02-28
3988;Leonardo Sousa;927.603.148-04;1959-12-24;629;5352.93;RJ;2022-07-22
3989;Esther Novaes;306.942.815-06;1990-07-28;501;4731.04;GO;2021-05-17
3990;Mariana Andrade;078.512.469-11;1999-10-13;630;3324.29;CE;2023-01-11
3991;José Pedro Melo;327.504.618-71;1961-08-24;508;3559.87;CE;2023-09-12
3992;Liz Rodrigues;314.526.789-28;1963-09-03;611;6777.28;CE;2023-06-13
3993;Cecilia da Paz;451.967.302-06;1980-08-25;648;4343.23;PR;2024-07-10
3994;Eduarda Campos;763.094.582-56;1970-10-15;646;4815.91;GO;2024-11-22
3995;João Guilherme Moreira;504.792.316-99;1965-03-24;658;5844.57;RJ;2023-02-04
3996;Davi Luiz Pimenta;167.982.453-82;1973-06-26;765;6095.71;PE;2024-03-24
3997;Renan Aparecida;081.265.439-06;1965-02-01;816;7436.02;SP;2022-06-16
3998;Srta. Maria Flor Moreira;547.390.621-43;1984-02-04;535;6489.86;MG;2024-04-06
3999;Camila Camargo;861.430.295-98;1996-05-03;659;4436.88;SP;2021-10-27
4000;Ana Garcia;120.847.659-94;1997-03-16;818;8621.78;BA;2023-08-03
4001;Otávio Rodrigues;267.048.193-04;1958-12-09;616;4424.35;MG;2023-01-02
4002;Anna Liz Nogueira;507.619.283-59;1987-08-22;599;5506.73;MG;2021-04-19
4003;Pietro Vieira;863.509.247-38;1986-04-13;773;6754.49;PR;2023-01-10
4004;Luigi Siqueira;106.753.428-80;1980-03-09;632;6554.01;SC;2024-07-27
4005;Dr. Augusto Duarte;850.347.296-10;1973-05-12;582;5686.92;BA;2021-04-10
4006;Pedro Henrique Mendes;150.972.468-02;1995-09-13;585;5111.02;PR;2022-08-21
4007;José Gomes;370.926.851-68;1986-11-30;606;4792.15;PE;2024-08-01
4008;Sr. Miguel Cunha;243.685.709-10;2006-02-28;574;5936.85;RJ;2023-11-19
4009;Sr. Oliver Barros;520.961.374-70;1989-07-14;532;3515.77;RS;2024-07-10
4010;Mirella Barbosa;908.465.732-29;1974-05-12;850;7777.85;MG;2021-07-13
4011;Kamilly Farias;230.817.695-40;1975-09-14;333;2098.74;CE;2021-12-09
4012;Pietro Monteiro;685.703.429-00;1986-11-12;402;2265.31;PE;2022-10-23
4013;Olivia Fernandes;243.957.806-10;1960-07-14;300;2263.01;BA;2024-11-03
4014;Diogo Mendonça;367.892.140-03;1959-10-25;482;3915.91;PR;2022-07-10
4015;Sr. Daniel Rios;021.956.734-43;1986-12-10;424;3474.91;BA;2021-07-16
4016;Ravi Campos;725.194.038-88;1971-10-21;570;6061.95;PE;2024-04-02
4017;Anna Liz da Cruz;801.265.374-53;1980-10-08;789;7097.35;BA;2021-10-22
4018;Srta. Melissa Gomes;402.381.579-97;1998-12-23;580;6625.38;SP;2021-10-08
4019;Ravi Lucca Marques;640.953.718-20;1971-11-15;433;2060.44;PE;2022-07-31
4020;Gabrielly Sales;238.065.174-44;1977-05-03;609;7126.04;BA;2023-09-21
4021;Maria Laura Almeida;705.249.631-34;1988-08-18;595;4576.75;SC;2022-11-28
4022;Agatha Castro;129.384.576-00;1955-08-28;446;4513.93;MG;2021-07-29
4023;Valentim Albuquerque;385.079.261-77;1992-12-21;734;6661.08;RS;2021-11-13
4024;Sra. Valentina da Conceição;123.968.045-70;1963-01-16;544;3645.29;PE;2022-03-29
4025;Josué Pinto;837.256.140-08;1969-03-21;464;3795.87;RS;2024-02-19
4026;João Gabriel Gomes;985.712.463-19;1965-10-14;490;2742.58;CE;2024-11-13
4027;Dr. Gael Henrique da Luz;514.728.963-19;2007-04-20;569;4062.84;PE;2023-12-26
4028;Liz Pires;938.016.275-86;1973-03-18;555;4906.44;PE;2024-12-09
4029;Dra. Maria Dias;543.918.726-09;2000-06-14;629;4743.84;RJ;2023-05-05
4030;Augusto Pereira;149.058.627-01;1974-11-18;641;4136.47;GO;2021-06-06
4031;Juliana Melo;382.109.746-96;1999-02-04;632;5206.6;RJ;2021-09-26
4032;Renan Lima;763.508.941-20;1998-10-14;439;4507.69;SP;2023-09-10
4033;Maitê Moreira;076.452.318-07;2000-01-27;514;4202.31;BA;2022-10-01
4034;Srta. Carolina da Mata;962.185.074-67;1970-02-01;759;6997.68;BA;2021-10-12
4035;Erick Pastor;321.096.547-16;1987-05-04;624;4629.5;GO;2024-05-08
4036;Leandro Mendonça;956.143.702-34;1992-09-06;733;6538.69;PE;2022-12-02
4037;Sr. Pedro Lucas Siqueira;645.913.082-51;1990-07-26;545;3565.11;MG;2024-12-24
4038;Alícia Barbosa;352.410.796-61;1983-12-20;371;3122.03;PR;2021-02-28
4039;Maria Flor Fonseca;753.210.498-23;1991-12-15;610;6016.19;RJ;2022-04-01
4040;Ana Laura Oliveira;692.507.438-74;1995-03-27;663;6638.23;MG;2024-11-22
4041;Benjamin Mendonça;794.520.168-76;1987-06-03;536;5426.15;MG;2024-11-10
4042;Matheus Macedo;318.604.927-03;1960-03-09;556;5225.6;RS;2022-09-22
4043;João Vitor Pires;019.238.657-30;2004-09-18;444;3787.14;MG;2022-03-06
4044;Esther Freitas;572.801.439-97;1975-07-17;381;2780.86;MG;2021-06-10
4045;Luiz Gustavo Castro;318.402.796-13;1978-03-10;672;4855.03;SC;2024-11-15
4046;Antônio Nunes;905.374.128-32;1995-08-20;493;4790.12;RJ;2021-06-09
4047;Sra. Mirella Porto;854.170.962-02;1996-01-19;607;4366.43;SP;2023-09-19
4048;Levi Melo;597.064.218-58;1988-12-08;625;7636.67;SC;2021-03-29
4049;Levi Rios;750.642.138-08;1984-03-07;758;7226.57;RS;2021-08-09
4050;Daniela Cavalcante;614.327.908-03;2005-02-11;672;5542.49;SP;2024-09-13
4051;Gabriela Alves;317.685.492-73;1992-09-25;332;1977.02;PE;2024-04-29
4052;Theodoro Gomes;705.964.283-83;1993-11-26;562;2621.11;SP;2023-08-19
4053;Luiz Gustavo Farias;543.819.067-48;1966-06-14;481;1867.16;RJ;2022-06-03
4054;Evelyn Rodrigues;193.405.278-79;1964-03-26;615;5738.77;SP;2021-05-16
4055;Ana Júlia Rezende;167.428.590-67;1977-06-08;752;6430.78;PR;2024-09-29
4056;Sr. Antônio Cassiano;286.574.903-74;2002-12-27;504;2099.93;SP;2021-07-17
4057;Diego Duarte;236.109.875-02;1977-10-21;409;2003.02;RJ;2024-05-17
4058;Rael Carvalho;389.701.246-40;1960-08-27;513;3944.25;RS;2024-04-18
4059;Dra. Antonella Gomes;570.469.238-92;2003-01-04;498;4322.98;RS;2022-01-14
4060;Vitória Viana;283.751.906-59;1987-08-09;592;4746.55;BA;2021-03-01
4061;Mariane Lima;098.571.243-05;1983-12-03;756;4867.77;RJ;2021-10-26
4062;Luana Marques;479.586.130-75;1994-05-27;670;5346.03;PR;2024-04-02
4063;Bento da Paz;216.453.970-25;1997-06-03;579;5517.26;BA;2022-12-23
4064;Felipe Martins;413.609.278-40;1982-05-18;725;4853.51;MG;2023-10-23
4065;Maria Julia Camargo;542.768.931-19;1981-09-12;598;5065.21;CE;2022-05-11
4066;Dra. Lavínia Pacheco;678.930.524-65;1964-06-01;587;5281.02;PE;2024-03-13
4067;Dr. João Pires;560.392.187-03;1983-01-15;653;7056.56;RJ;2021-07-22
4068;Pietra Moraes;762.831.095-86;1970-07-18;436;3365.56;CE;2021-01-29
4069;Anthony da Cunha;782.501.649-11;1969-10-06;510;4684.11;PE;2022-03-21
4070;Luara Santos;364.980.752-10;1967-06-27;425;3746.31;RS;2022-08-01
4071;Pedro Miguel Gonçalves;075.913.426-06;1989-08-03;544;3617.84;MG;2024-01-06
4072;Antonella das Neves;921.376.850-86;1988-09-20;446;3102.92;SP;2021-07-22
4073;Evelyn Câmara;476.039.258-00;2001-05-22;750;5974.81;RS;2023-10-30
4074;Juliana Câmara;752.469.810-02;1971-06-18;695;7224.64;GO;2023-01-21
4075;Sr. Vinicius Lopes;362.918.570-30;2004-11-23;651;4649.2;CE;2022-01-15
4076;Heloisa Garcia;261.934.085-33;1957-09-30;676;4863.7;GO;2024-10-11
4077;Luiz Henrique Azevedo;362.954.718-46;1981-02-09;559;2952.11;RJ;2022-01-06
4078;Júlia Novaes;817.692.345-19;1999-09-06;731;5462.0;BA;2023-02-17
4079;Otto Fogaça;924.306.587-47;1959-11-27;641;4092.04;SC;2022-03-15
4080;Vitor Aragão;176.059.283-86;1998-02-17;672;4614.06;PE;2022-04-12
4081;Ana Clara Santos;578.140.236-53;1976-04-27;602;5693.83;SC;2021-08-20
4082;Lunna Moura;435.091.726-80;1968-08-16;714;5689.97;BA;2021-09-11
4083;Arthur Cunha;681.923.745-64;2006-10-16;407;6248.81;GO;2021-08-14
4084;Alícia Moura;497.381.602-78;1982-05-06;829;7354.67;PE;2021-10-06
4085;Luiz Henrique Santos;059.718.263-95;1967-07-24;529;4118.41;GO;2023-01-10
4086;Maria Julia da Mata;042.513.869-06;2007-07-16;554;5695.86;PR;2024-02-16
4087;Dr. Enrico Martins;609.132.754-25;1980-08-05;651;4423.84;SP;2021-06-18
4088;Mariah Araújo;592.481.670-20;1968-02-14;563;5625.19;BA;2023-10-09
4089;Ana Laura Siqueira;915.463.728-73;1969-01-09;812;8024.33;RJ;2023-02-28
4090;Clara Almeida;946.071.283-50;1962-12-15;710;5427.38;PR;2023-07-25
4091;Sr. Alexandre Novais;549.320.681-15;1972-11-07;300;2697.16;CE;2022-10-01
4092;Catarina Peixoto;603.592.174-43;1978-05-17;619;5091.98;GO;2022-04-08
4093;Renan das Neves;091.342.658-05;1995-05-30;626;3681.74;PE;2023-04-15
4094;Rael Porto;586.409.127-85;1996-09-08;686;6120.22;PR;2023-05-27
4095;Laura Lima;463.921.508-89;1999-02-12;701;6554.58;RS;2021-05-23
4096;Mariah da Paz;978.605.342-74;1988-06-30;692;5125.97;GO;2024-10-22
4097;Vitor Camargo;138.579.402-04;2003-12-30;611;4979.12;BA;2022-01-03
4098;Enrico Lopes;023.178.954-88;2000-04-03;632;6054.22;SP;2024-10-12
4099;Luiz Miguel Lopes;126.049.583-33;1964-04-06;697;7653.34;GO;2024-10-08
4100;Sr. Luan Marques;910.746.382-04;1955-10-07;850;6879.65;RJ;2023-03-23
4101;Mariana Duarte;807.613.254-17;2000-03-15;300;3636.83;GO;2023-12-07
4102;Asafe Ribeiro;023.786.495-92;1957-08-24;555;3638.52;RJ;2021-09-02
4103;Milena Vasconcelos;180.725.346-53;1979-10-30;572;4129.36;MG;2023-03-20
4104;Alexandre Melo;730.461.598-20;1995-03-11;693;3984.56;SC;2024-11-24
4105;Srta. Manuela Ribeiro;915.276.038-30;1966-04-13;490;4263.16;CE;2021-07-28
4106;Manuella Rocha;394.805.672-29;1956-05-24;694;6193.54;MG;2021-05-13
4107;Zoe Pires;453.709.162-25;1995-05-06;525;3221.73;BA;2022-02-12
4108;Lunna Novais;698.015.237-86;2000-04-07;559;4711.87;BA;2022-02-15
4109;Bento Albuquerque;421.687.053-80;2001-02-21;798;4336.56;CE;2023-04-08
4110;Kevin Macedo;912.485.360-70;1957-11-10;593;3411.32;RJ;2022-04-22
4111;Juan Pacheco;840.967.325-83;1986-11-28;421;4334.96;SC;2023-10-20
4112;Evelyn Carvalho;537.289.061-40;2005-05-13;685;5929.43;PR;2024-04-06
4113;Isadora Pacheco;283.407.916-13;1973-06-08;730;5360.28;CE;2022-07-14
4114;Alícia da Mota;940.851.627-30;1983-04-24;568;6729.73;SC;2022-12-31
4115;Dr. João Barros;752.093.816-68;2000-04-18;590;5455.13;GO;2024-09-27
4116;Kamilly Vieira;239.710.458-04;1965-07-03;620;3111.74;CE;2023-04-09
4117;Ana Sophia Oliveira;486.193.572-55;1974-08-26;374;2413.02;GO;2023-11-14
4118;Anthony Pastor;492.580.736-65;1966-02-24;746;6756.29;PR;2021-10-29
4119;Caio Pimenta;706.148.295-85;1971-11-08;729;4844.95;GO;2021-08-10
4120;João Guilherme Barros;680.214.539-15;1960-09-09;813;5539.11;RJ;2022-05-29
4121;Sra. Ana Luiza Viana;856.127.304-62;1994-09-14;645;5149.65;GO;2023-10-16
4122;Lara das Neves;504.976.328-29;1994-08-03;599;6130.59;RS;2024-07-10
4123;Pedro Miguel Pereira;635.147.029-34;1967-01-15;535;2930.39;MG;2021-03-02
4124;Dra. Sarah Vieira;487.351.269-73;1994-12-10;622;4576.17;RJ;2021-04-19
4125;Dra. Stella das Neves;875.249.136-64;1961-03-14;850;7476.51;RJ;2023-10-18
4126;Oliver Nogueira;135.790.462-25;1989-01-28;570;3503.89;SP;2022-01-02
4127;Isabel Leão;082.791.653-12;1997-04-27;394;2126.78;SC;2024-05-23
4128;Emilly Nunes;089.374.615-01;1988-03-17;633;6491.33;BA;2021-11-09
4129;Benício Rodrigues;539.247.168-46;1997-09-12;754;6261.09;PR;2024-06-27
4130;Ester Pastor;473.625.910-80;2000-11-28;581;4916.81;CE;2021-07-17
4131;Sr. Enzo Gabriel Ramos;127.038.964-50;2002-12-29;557;6174.36;RJ;2024-09-15
4132;Dr. Mateus Moura;275.486.310-90;1982-04-03;597;4689.66;PE;2023-10-06
4133;Srta. Liz Sá;541.936.870-66;1970-01-09;354;2636.57;GO;2022-02-18
4134;Maria Isis Fernandes;103.876.254-53;1986-07-05;720;4692.28;PR;2024-09-17
4135;Lívia Pacheco;987.152.436-64;1956-08-29;529;5024.71;GO;2023-10-02
4136;Natália Pimenta;695.420.731-43;1988-04-24;442;4593.8;PE;2022-06-20
4137;Maria Julia da Mota;074.921.385-04;1969-03-02;556;4059.43;PE;2022-12-05
4138;Laura Azevedo;821.965.370-12;1962-03-04;485;4258.05;PE;2024-01-25
4139;Srta. Maria Sophia Aparecida;301.695.748-57;1988-09-09;850;7581.5;SP;2021-03-06
4140;Davi Lucca Almeida;978.043.652-92;1969-03-21;516;5263.62;SC;2021-09-01
4141;Luiz Henrique Costela;873.926.104-22;1982-04-03;581;6022.48;SC;2023-07-11
4142;Srta. Agatha Abreu;076.182.349-22;1997-10-12;716;2784.86;BA;2023-02-10
4143;Srta. Maria Julia Vasconcelos;185.236.074-71;1972-05-10;499;4936.39;GO;2023-07-31
4144;Emanuelly Brito;198.735.602-03;1995-07-09;638;4080.24;SP;2021-03-09
4145;Maya Marques;025.376.984-10;1977-01-02;543;2437.76;MG;2024-02-15
4146;Vitor Gabriel Cassiano;396.487.021-87;1989-07-01;609;7082.69;PR;2024-12-17
4147;Bernardo da Cunha;046.915.238-98;1978-06-26;716;7918.42;MG;2023-10-04
4148;Dra. Heloisa Duarte;071.392.845-04;1957-04-24;725;6827.48;SC;2021-10-03
4149;Lucca Ferreira;924.018.735-97;1981-07-14;850;7177.26;PR;2023-03-08
4150;Léo da Cunha;849.071.562-94;1956-01-18;597;5808.66;GO;2021-08-13
4151;Caleb da Cunha;583.260.714-71;2005-01-08;794;5872.04;CE;2024-10-14
4152;Benicio Cardoso;653.471.082-07;1959-03-14;533;4402.86;GO;2024-09-13
4153;Gustavo Pereira;539.862.417-28;2000-12-15;719;6550.09;PE;2024-11-04
4154;Dom Azevedo;306.271.495-61;1962-01-27;449;5503.61;PE;2024-03-17
4155;Sophie Lopes;367.908.542-74;1972-06-07;543;4078.94;GO;2023-09-02
4156;Sr. Enrico Santos;531.087.426-71;1987-06-26;511;6786.33;PE;2021-11-17
4157;Henry Gabriel Cunha;135.627.804-35;1997-11-26;649;4341.02;PE;2021-04-25
4158;Vicente Freitas;250.347.196-06;1984-02-27;723;6553.14;SC;2022-06-24
4159;Bianca Silveira;198.264.705-11;1985-10-07;597;5616.61;GO;2024-04-25
4160;Ana Júlia da Rocha;928.160.573-21;2002-09-07;520;3667.08;SC;2024-06-17
4161;Stella Ferreira;241.536.807-53;2000-11-18;378;1700.05;BA;2022-08-06
4162;Dra. Caroline Pacheco;159.078.634-39;2005-02-27;836;8329.43;BA;2021-05-06
4163;Brayan Costa;684.150.937-48;1980-02-13;627;6678.93;SP;2024-04-24
4164;Srta. Pietra Fogaça;127.493.805-88;1955-10-11;600;4556.59;SP;2021-09-20
4165;Ana Laura Rios;361.247.058-26;1976-05-15;626;4883.08;BA;2022-12-16
4166;Dra. Sarah Souza;281.905.674-11;1974-03-29;594;5895.4;CE;2021-02-25
4167;Lara Barros;409.271.586-20;1979-07-01;638;5816.48;BA;2023-02-19
4168;Levi Araújo;523.804.617-08;1984-03-21;743;6332.19;RJ;2023-05-27
4169;João Lucas Camargo;937.648.025-29;1982-04-06;503;2671.13;BA;2023-01-02
4170;Sara da Costa;081.269.457-02;2001-06-10;637;4924.74;SC;2022-12-21
4171;Yan Sampaio;195.346.208-15;1955-09-19;630;5023.95;SP;2024-09-16
4172;Dr. Bento Monteiro;587.160.392-03;1984-12-10;850;5469.77;RS;2022-05-23
4173;Yasmin Brito;716.894.530-01;1990-07-14;381;3380.38;RS;2024-08-20
4174;Rafaela Pires;530.428.691-05;1995-02-20;574;4908.07;PR;2024-04-28
4175;Bruna Aragão;291.056.348-06;1964-05-20;690;6804.1;RJ;2024-11-10
4176;Caio da Rocha;820.135.697-77;1956-08-10;439;2955.28;RJ;2022-09-17
4177;Alana Camargo;235.680.147-26;1998-08-11;671;6138.46;RJ;2022-11-23
4178;Igor Garcia;241.739.685-82;1968-07-04;850;7755.7;MG;2021-02-10
4179;João Pedro Caldeira;854.937.260-92;2003-01-26;613;4013.56;PE;2022-10-30
4180;Nina da Rocha;450.721.693-16;1982-05-25;552;3823.3;SP;2023-08-02
4181;José Pedro Fogaça;523.489.106-24;1992-07-15;698;5841.0;SC;2024-03-09
4182;Theodoro Gomes;236.089.451-05;1987-06-13;461;3252.1;PE;2023-05-13
4183;Bruno Monteiro;498.362.150-42;1966-11-29;725;6151.66;PR;2021-02-11
4184;Caio Monteiro;912.605.438-89;2007-02-02;688;5886.92;GO;2024-04-19
4185;João Gabriel Pimenta;190.627.834-22;1990-12-19;815;6756.04;SP;2022-10-11
4186;Isaque Borges;392.560.847-83;2005-05-27;573;3668.24;SC;2024-03-14
4187;Guilherme Moreira;586.402.791-01;1971-10-13;649;2751.3;SC;2022-10-23
4188;Guilherme Garcia;719.435.086-66;1986-09-14;597;4570.16;CE;2021-07-20
4189;Pedro Henrique Campos;350.612.794-25;1973-12-01;456;2719.73;GO;2021-07-24
4190;Maitê Gonçalves;683.972.104-31;1989-02-25;717;5966.71;RS;2022-11-20
4191;Kamilly Caldeira;196.428.075-30;1992-01-10;632;5362.35;GO;2023-10-27
4192;Beatriz Machado;254.173.098-50;1999-12-14;631;6290.86;BA;2021-12-08
4193;Daniela Macedo;752.403.196-34;1998-03-27;634;3613.79;CE;2022-09-06
4194;Luan Caldeira;243.017.986-50;1996-04-23;815;6890.34;BA;2023-06-12
4195;Ana Liz Moreira;238.170.469-87;1976-02-19;549;3138.6;RS;2023-10-15
4196;Vitória Oliveira;076.358.129-12;1958-06-26;667;5218.83;RJ;2024-01-03
4197;Rebeca Barbosa;790.218.435-79;1985-12-19;808;6118.09;RS;2022-08-12
4198;Maria Nascimento;326.105.784-07;1981-11-30;519;5047.8;PR;2021-04-08
4199;João Miguel Farias;769.403.152-25;1986-03-24;731;6016.65;PR;2024-03-20
4200;Maria Júlia Freitas;893.145.726-09;1990-10-30;701;5570.31;SC;2022-04-08
4201;Breno Silveira;397.854.206-47;1961-07-03;648;6348.99;CE;2021-07-08
4202;Ana Oliveira;095.826.374-47;1976-02-25;695;5390.73;CE;2021-07-14
4203;Dr. Vinícius da Conceição;734.851.602-53;1981-10-20;782;3891.14;CE;2022-11-21
4204;Maria Isis Almeida;463.197.825-28;1970-07-27;850;5094.04;PR;2021-05-18
4205;Bella Novaes;748.362.051-07;1966-05-21;544;4311.08;CE;2023-12-24
4206;Maria Alice Sousa;153.426.079-06;1963-07-01;602;5822.41;GO;2023-05-25
4207;Beatriz Cunha;629.735.018-30;1999-01-25;493;4204.77;RS;2022-12-13
4208;Sarah Novaes;632.859.701-03;1962-09-17;550;4695.14;RJ;2024-08-27
4209;Enzo Gabriel Marques;695.720.384-00;1993-08-03;612;4988.94;PR;2023-10-31
4210;Vitor Rocha;173.092.568-59;2003-11-21;554;3921.94;PR;2023-06-06
4211;Sara Peixoto;158.306.794-93;1998-08-16;654;6175.72;PE;2022-10-04
4212;Levi Moreira;297.560.384-38;1996-10-20;548;3515.23;RS;2023-04-29
4213;Dom Mendes;129.536.078-03;1962-07-21;693;5511.5;SC;2022-05-30
4214;Eduardo Jesus;429.135.806-70;1980-12-11;719;4846.2;CE;2023-11-22
4215;Dr. Erick Azevedo;243.087.561-62;1974-08-13;406;2715.0;GO;2024-10-07
4216;Gael Novais;691.520.384-24;1987-04-24;528;4145.21;PE;2022-01-05
4217;Luana Gomes;085.163.274-26;1974-10-26;543;5085.02;SP;2024-07-09
4218;Ravi Fonseca;106.894.275-49;1994-01-05;585;4830.47;PE;2022-01-18
4219;Felipe Novaes;135.679.208-12;1993-11-17;638;5298.96;CE;2023-10-20
4220;Yasmin Almeida;164.870.923-04;1988-03-23;617;5446.6;RS;2024-09-15
4221;Apollo Aparecida;023.954.617-25;1992-04-17;524;5591.42;GO;2022-07-03
4222;João Lucas Peixoto;361.980.745-01;1975-08-09;591;3416.45;PE;2024-06-12
4223;Ísis Garcia;830.627.495-47;2005-04-19;642;4284.82;SC;2024-03-05
4224;Cauê Barros;170.286.934-22;1974-10-25;699;7801.61;SP;2023-12-06
4225;Alícia Nunes;964.721.803-69;1955-12-09;525;4532.37;RS;2023-01-17
4226;Asafe Costela;481.029.763-22;1986-11-09;409;3725.91;GO;2021-10-30
4227;Levi Santos;062.739.145-16;1987-12-23;513;3479.17;RS;2021-11-05
4228;Maria Andrade;743.916.280-31;2008-03-27;487;4628.15;PR;2023-06-11
4229;Augusto Siqueira;456.189.730-57;1964-12-15;740;5943.39;SC;2022-10-15
4230;Milena Azevedo;417.029.863-22;1996-10-18;516;5717.52;RJ;2024-07-22
4231;Davi Luiz Abreu;871.269.350-21;1980-05-07;529;2069.97;RS;2023-04-25
4232;Pedro Lucas Costela;619.857.023-12;1978-12-23;675;4295.23;PR;2022-08-11
4233;João Miguel Siqueira;567.309.824-38;1963-09-16;738;5522.86;MG;2022-06-10
4234;Dra. Luna Viana;196.430.258-70;1997-02-11;692;6937.5;CE;2022-04-29
4235;Erick Siqueira;015.674.893-20;1996-02-21;474;3226.06;SC;2022-05-04
4236;Matheus Rezende;637.458.209-83;1990-10-12;610;6417.55;RJ;2021-11-04
4237;Davi Lucas Caldeira;152.346.089-05;2001-05-02;540;3725.5;RS;2021-02-26
4238;Asafe da Luz;567.321.948-28;1977-01-27;677;4838.77;RS;2022-09-28
4239;Rebeca Cunha;549.670.328-00;1955-12-20;638;3552.46;GO;2023-09-22
4240;Beatriz Pires;314.695.278-55;2003-10-04;850;5452.29;PE;2023-06-13
4241;Sr. Bruno Rios;230.869.471-87;1992-10-01;581;4615.52;SC;2024-08-17
4242;Vitor Gabriel Melo;847.196.325-64;2004-10-30;849;5467.15;SP;2022-02-18
4243;Liam Castro;950.628.431-89;1988-06-12;850;7557.18;MG;2022-07-13
4244;Cecília Moraes;476.928.301-69;1961-06-30;670;4375.37;MG;2021-03-01
4245;Heitor da Rocha;267.035.184-08;1984-09-29;688;4780.51;PR;2022-07-23
4246;Zoe Fernandes;751.029.643-99;1978-12-15;771;5196.94;PE;2021-12-27
4247;Dr. Renan Ribeiro;206.785.431-35;1999-07-27;606;4292.73;SP;2023-09-23
4248;Calebe Sousa;697.328.150-86;1991-03-25;501;4749.32;SP;2021-04-24
4249;João Felipe Garcia;629.450.718-94;1993-10-07;684;6681.01;RJ;2022-10-05
4250;Leonardo Mendes;157.246.893-91;1992-09-30;406;4312.17;CE;2022-09-03
4251;Isadora Araújo;359.270.184-32;1990-02-15;850;6348.36;RJ;2023-04-14
4252;Maria Luísa Castro;879.653.021-95;1988-05-29;847;6512.84;BA;2024-10-07
4253;Dr. Arthur Fernandes;970.143.658-00;1991-08-21;455;3334.37;RJ;2023-03-24
4254;Rodrigo Gomes;302.581.479-97;1967-01-11;745;5121.82;MG;2022-04-29
4255;Daniela da Mata;190.623.485-05;2006-01-31;547;4969.54;RJ;2024-03-15
4256;Isabel Nascimento;108.325.974-14;1974-02-03;620;5544.62;PE;2021-09-05
4257;Maria Clara da Conceição;396.751.802-77;1961-04-23;648;5663.63;PE;2024-09-22
4258;Théo Rocha;058.129.463-70;1988-03-03;568;4775.73;CE;2023-12-12
4259;Eloá da Conceição;591.682.307-02;1995-08-14;508;5352.43;PR;2023-10-14
4260;Sra. Bárbara Castro;019.735.862-40;1992-07-02;543;5472.85;RJ;2022-05-03
4261;Marcela Pires;129.685.743-37;2002-01-21;591;4930.0;CE;2021-09-08
4262;Lorena Teixeira;349.806.275-10;1995-07-29;560;3464.0;BA;2022-11-06
4263;Larissa Fogaça;769.508.432-83;1966-10-31;410;2224.68;CE;2023-03-10
4264;Joana Machado;236.184.079-04;1997-05-26;581;4859.88;RS;2023-05-17
4265;Benicio Borges;802.945.137-79;1984-11-28;741;5482.24;RS;2021-10-23
4266;Bernardo Viana;976.385.204-83;1958-11-04;514;2669.29;RJ;2021-12-25
4267;Kamilly Montenegro;639.148.527-55;1981-05-19;677;6799.19;RS;2022-07-17
4268;Olivia Vieira;068.914.725-20;1993-12-25;771;6877.93;GO;2023-04-17
4269;Eduarda Mendonça;059.738.614-57;1959-05-07;696;7265.62;PR;2024-04-22
4270;Mateus Viana;402.695.731-43;1988-10-20;659;5918.13;SP;2023-10-02
4271;Luna Pereira;462.715.893-91;2003-10-19;581;3285.96;PE;2023-02-07
4272;Nathan da Mata;093.218.745-50;1996-01-06;537;4286.84;RJ;2022-10-11
4273;Dra. Pietra Ribeiro;730.152.896-59;1986-01-02;627;6942.29;PE;2023-05-18
4274;Dr. Breno Araújo;369.172.405-16;1960-04-30;629;6210.84;GO;2024-10-30
4275;Sr. Isaque Machado;452.790.618-67;2008-06-25;567;4224.32;RS;2022-07-23
4276;Maria Luísa Sampaio;597.381.624-91;1984-06-17;460;2937.67;MG;2023-01-14
4277;Ana Cecília Ribeiro;350.694.172-07;1984-02-29;683;5471.56;GO;2023-01-24
4278;Sra. Clarice Albuquerque;264.170.895-76;1991-01-04;733;6045.25;PR;2021-02-13
4279;Luigi Sousa;510.624.783-71;1983-12-18;577;6764.3;CE;2021-03-13
4280;Laís Camargo;852.419.706-49;1980-06-14;608;6027.0;SP;2024-11-15
4281;Manuella Carvalho;026.475.891-94;1967-01-15;571;5277.6;RS;2022-06-03
4282;Manuela Costa;703.186.549-20;1963-02-25;731;6056.49;PE;2023-02-27
4283;Bianca Costa;650.917.423-52;2006-10-03;337;2714.25;PR;2024-08-01
4284;Erick Silva;058.693.412-05;1978-11-09;767;6663.48;BA;2024-11-04
4285;Marcos Vinicius Borges;560.782.314-80;1989-10-15;673;3661.74;RJ;2024-01-01
4286;Maria Alice Pires;938.560.247-00;1979-02-24;533;4675.36;RS;2023-06-26
4287;Mariane Novaes;940.638.517-10;1996-10-19;669;6566.67;SC;2021-01-17
4288;Hadassa Gonçalves;187.246.359-28;1959-07-04;602;5221.82;SC;2022-06-08
4289;Kevin da Costa;573.916.028-68;1976-09-28;621;3981.06;PR;2021-07-04
4290;Joaquim Pereira;428.630.971-13;1968-04-05;349;3223.01;RS;2022-09-02
4291;Rael Moraes;670.943.581-48;1976-10-10;640;4501.82;RS;2021-11-25
4292;Benjamin Cardoso;465.908.271-76;1999-12-18;425;4029.74;GO;2024-07-17
4293;Sr. Bruno Melo;072.594.618-02;1959-11-20;588;5260.87;BA;2024-08-12
4294;Lucas Pastor;543.819.276-64;1984-05-01;843;4602.57;SC;2021-03-11
4295;Benício Duarte;597.146.032-34;1998-05-28;536;4078.62;PR;2021-06-14
4296;Ravi Lucca Ferreira;794.682.351-73;1963-12-12;794;4715.6;GO;2023-08-23
4297;Brenda Almeida;647.135.920-99;1986-07-30;850;6935.86;SC;2022-11-13
4298;Ana Luiza da Rosa;678.459.120-85;1976-01-25;608;4665.94;SC;2021-07-25
4299;Enzo Costa;140.976.835-00;1998-05-05;567;5584.12;MG;2024-12-01
4300;Arthur Viana;479.035.621-34;1996-03-04;491;4273.41;PR;2023-11-03
4301;Eduardo Moura;890.516.724-11;1994-01-15;573;3821.87;RJ;2022-12-22
4302;Isaque da Rosa;984.203.567-00;1969-05-24;850;7219.05;SC;2024-05-18
4303;Srta. Maria Cecília Pastor;198.357.042-79;1955-08-15;693;6681.78;PE;2022-11-01
4304;Vitor Gabriel Azevedo;089.724.631-40;1966-04-05;449;5344.29;GO;2024-11-24
4305;Cecilia Sampaio;861.579.320-40;1974-04-09;318;1775.23;SP;2021-04-17
4306;Lorena Andrade;397.021.485-88;1989-09-05;564;5093.72;MG;2024-07-14
4307;Pietra Cirino;375.948.160-48;1991-03-20;646;5001.19;GO;2024-08-05
4308;Pietra Novais;149.537.860-84;2002-02-16;618;3965.98;MG;2021-01-07
4309;Sophia Silva;836.914.720-87;2002-03-04;440;4246.51;SC;2022-02-14
4310;Ana Cecília das Neves;836.750.921-86;2008-01-30;703;7208.49;PR;2022-10-05
4311;Davi Luiz Correia;456.702.931-34;1986-02-19;525;4892.82;CE;2021-06-18
4312;Oliver Azevedo;872.104.369-87;1972-07-06;585;5870.47;RJ;2021-11-20
4313;Heloisa Pinto;481.095.673-39;1996-05-30;742;6147.21;RS;2023-11-24
4314;Olivia Cavalcanti;215.637.894-00;1990-11-26;579;5592.93;MG;2024-05-01
4315;Brenda Leão;854.619.230-89;1966-06-20;697;4891.56;SC;2022-10-17
4316;Giovanna Moura;594.031.872-04;1996-07-28;460;3391.47;GO;2023-09-07
4317;Caio da Rocha;380.756.219-21;2005-11-13;801;7554.49;MG;2022-06-18
4318;Emanuelly Cavalcanti;384.521.096-60;2003-07-25;486;2720.24;MG;2024-11-08
4319;Ravi Lucca Barbosa;754.206.389-83;1998-02-15;772;5040.36;CE;2022-11-02
4320;Mariana Silveira;279.386.510-95;1990-09-16;681;4831.93;PR;2022-02-11
4321;Igor Campos;839.652.714-82;1981-11-03;814;5741.58;RJ;2023-04-29
4322;Allana Monteiro;603.928.541-98;2006-09-05;757;6240.86;BA;2022-01-08
4323;Heloísa Caldeira;230.749.158-97;1974-05-29;650;3229.69;SC;2023-02-12
4324;Eduarda Rocha;310.954.876-39;2007-03-08;355;2619.43;CE;2022-04-05
4325;Kaique Martins;370.926.581-95;1994-04-17;649;4066.8;SP;2021-02-17
4326;Henry Moura;067.318.295-95;1983-10-25;489;4473.47;PE;2024-08-18
4327;Larissa Aparecida;165.947.803-01;1992-03-19;687;5358.26;CE;2024-07-07
4328;Lívia da Rocha;406.723.198-96;1957-09-12;713;4529.8;RS;2021-07-02
4329;Ravi Rodrigues;893.670.542-38;1992-07-15;577;6263.88;GO;2022-02-11
4330;Davi Luiz Sampaio;486.190.253-33;1971-06-21;628;5150.31;PR;2024-12-07
4331;Felipe Santos;126.304.598-70;1999-08-22;850;5400.66;MG;2021-04-12
4332;Gael Henrique Macedo;743.095.618-10;1966-11-30;715;7383.99;SC;2024-06-19
4333;Calebe Nascimento;901.825.467-30;1968-03-30;581;5507.63;SC;2024-05-14
4334;Aylla Cavalcanti;762.415.809-49;1991-03-14;502;3329.27;PR;2021-11-02
4335;Antônio da Costa;126.439.780-13;1962-12-15;666;6126.57;RJ;2023-01-24
4336;Lucas Gabriel Silveira;735.126.849-55;1978-08-11;754;7601.63;MG;2024-03-07
4337;Ester Melo;871.402.569-85;1974-12-17;611;6081.61;RJ;2021-01-29
4338;Dra. Lunna Machado;207.843.156-71;1999-07-09;578;5526.09;PE;2023-06-11
4339;Ryan Brito;169.725.804-20;1979-02-27;644;5597.68;GO;2024-10-11
4340;Sabrina Porto;912.457.638-73;1996-09-24;670;3755.29;GO;2021-08-31
4341;Luiz Felipe Duarte;852.049.617-20;1996-12-13;485;3982.54;RS;2022-02-21
4342;Apollo Rodrigues;382.156.704-07;1997-03-27;417;4167.21;RS;2022-06-30
4343;Dr. Kevin Cirino;576.980.142-58;1992-12-30;724;6119.17;PR;2023-10-10
4344;Sophie Araújo;418.372.590-97;1962-06-13;485;5260.14;SC;2021-09-24
4345;Sra. Ana da Rocha;324.506.197-80;1955-10-17;850;6947.08;SC;2022-02-28
4346;Sr. Gael Henrique Pires;346.907.851-39;1993-01-20;681;5649.74;CE;2022-03-18
4347;Rhavi Sousa;932.104.576-70;1969-10-26;683;5344.44;PR;2024-10-18
4348;Sr. Yan da Conceição;692.340.517-34;1957-02-01;615;5825.72;RS;2023-05-07
4349;Sophia Barros;028.915.764-11;2004-04-07;850;5399.93;MG;2023-04-17
4350;Beatriz Marques;107.426.593-99;1960-01-10;607;3675.54;MG;2021-02-28
4351;Dr. Josué Duarte;106.584.792-02;1968-09-04;811;5900.26;PR;2022-06-21
4352;Lucas Gabriel Garcia;305.182.964-15;1983-06-11;446;4206.19;RS;2024-06-19
4353;Matheus Lopes;341.798.026-78;1965-08-04;829;7295.6;GO;2022-05-24
4354;João Felipe Rocha;918.570.243-97;2001-11-21;644;5561.14;BA;2024-04-08
4355;João Gabriel Dias;098.216.735-03;1984-04-06;789;5437.8;GO;2021-06-25
4356;Thales Pereira;457.180.693-01;1956-11-18;606;4395.31;SP;2023-08-19
4357;Dr. Gael Borges;805.726.341-53;1989-10-11;479;3503.62;MG;2022-10-25
4358;Levi da Cruz;387.169.045-75;2005-07-24;752;6582.6;SC;2024-11-07
4359;Rael Gomes;483.750.296-29;1965-06-07;697;5722.48;RS;2024-12-31
4360;Srta. Melina Almeida;720.385.614-35;1984-06-25;682;4655.41;SC;2024-12-21
4361;Gabrielly Mendes;957.230.184-50;1981-02-04;582;4848.0;SC;2024-05-08
4362;Maria Flor Leão;487.902.165-20;2001-08-26;653;5544.19;PR;2021-05-30
4363;Srta. Helena Montenegro;516.043.897-10;1994-11-22;603;4446.58;RJ;2024-02-15
4364;Sara Albuquerque;486.701.329-31;1991-11-29;850;7706.79;SP;2021-04-17
4365;Henry Gabriel Viana;621.879.340-04;2007-03-22;669;5118.79;BA;2022-04-26
4366;Lara Moreira;523.890.641-24;1963-07-24;565;4389.2;GO;2022-12-27
4367;Lavínia Correia;984.250.317-88;1998-03-18;655;3359.56;CE;2024-10-05
4368;Sra. Maria Vitória Cassiano;948.157.630-20;1990-07-17;431;2811.12;CE;2024-12-24
4369;Rodrigo da Paz;063.592.841-89;1997-07-15;644;4912.73;SP;2021-01-11
4370;Ana Cecília Aparecida;983.067.415-01;1986-12-16;797;4893.6;PR;2023-10-31
4371;Isaac Farias;129.085.674-58;1987-11-30;529;5752.09;CE;2023-02-20
4372;Esther Rocha;423.619.750-25;1987-03-19;635;5964.84;PR;2023-03-20
4373;Heitor Fonseca;716.498.052-76;1970-02-18;850;6106.2;BA;2021-09-28
4374;Brayan Guerra;074.592.138-88;1989-12-13;608;4591.57;PE;2021-03-26
4375;Lorena Andrade;734.261.059-34;1992-02-09;385;2769.6;CE;2022-01-03
4376;Davi Lucca Costa;741.503.892-41;1968-11-17;725;6340.59;PR;2021-12-14
4377;Emilly da Rosa;965.301.247-99;1975-01-28;694;5176.49;PE;2023-10-07
4378;Igor Ramos;419.376.852-09;1982-02-11;541;5597.26;BA;2023-08-17
4379;Yuri Alves;186.420.975-58;1970-08-01;560;4774.08;MG;2021-07-03
4380;Clara Vieira;756.832.014-62;1981-02-21;639;6573.72;BA;2024-12-25
4381;Léo das Neves;796.813.245-28;1994-07-09;736;4592.74;PE;2023-06-06
4382;Mariana Moura;967.532.410-43;1980-11-29;477;4394.91;MG;2022-06-18
4383;Juliana Cassiano;716.240.589-49;1977-07-12;612;4440.83;RJ;2022-10-04
4384;Alexia Araújo;189.265.034-70;1994-07-18;741;6115.46;SP;2021-09-19
4385;Luan Lopes;843.912.057-50;1966-01-02;626;5787.83;GO;2022-07-30
4386;Milena Cavalcante;583.942.701-23;2006-04-15;574;6160.52;BA;2023-05-31
4387;Caio Abreu;104.689.572-94;1972-11-19;525;4856.93;PR;2022-06-24
4388;Dr. Vicente Sousa;872.091.346-03;1982-06-15;792;4958.7;CE;2022-06-25
4389;Dra. Gabrielly Moura;759.632.104-61;1994-04-07;578;5766.21;PE;2022-10-04
4390;Maria Vitória da Mota;607.845.932-56;1990-03-04;758;5892.5;SC;2021-12-04
4391;Lucas Cassiano;206.139.578-30;1999-12-25;531;5203.94;BA;2023-10-04
4392;Benicio Santos;461.308.527-62;1996-01-21;762;4931.34;MG;2024-02-13
4393;Dr. Luiz Fernando Ferreira;150.296.483-05;1977-05-25;475;4025.26;GO;2021-04-19
4394;Lunna Sousa;431.528.760-17;2006-12-22;695;5260.93;RS;2021-11-01
4395;Stella Ribeiro;106.425.978-20;1976-01-22;701;4897.86;SP;2022-04-16
4396;Antonella da Costa;156.290.783-21;1977-06-17;366;2504.1;MG;2021-03-15
4397;Bryan Teixeira;092.786.134-87;1996-07-15;627;4740.16;GO;2022-06-17
4398;Dra. Heloisa Duarte;180.239.645-42;1985-04-17;480;2024.35;MG;2024-12-16
4399;Srta. Maria Helena Sá;710.253.469-80;1986-04-06;558;5361.66;GO;2023-06-13
4400;Luiz Henrique Ramos;634.895.172-37;1993-04-04;770;7347.71;RJ;2023-10-11
4401;Ana Júlia Farias;470.369.218-03;2001-05-23;522;3022.29;SP;2023-06-24
4402;Sophie Gonçalves;147.523.690-52;1976-12-13;679;6067.1;BA;2024-12-23
4403;Otto Castro;379.058.264-65;1974-09-25;668;3329.94;PE;2023-09-21
4404;Heitor Fogaça;541.893.607-75;1994-04-26;515;4090.31;GO;2023-10-07
4405;Davi Lucca Nogueira;849.162.703-04;1956-11-26;678;6191.31;RJ;2021-10-31
4406;Natália Cirino;163.527.904-61;1964-01-24;637;5426.78;RJ;2022-12-17
4407;Anna Liz da Rosa;467.958.203-00;2002-02-03;630;5725.62;RJ;2022-02-22
4408;Ana Julia Borges;490.683.251-24;1961-02-25;657;5321.74;PR;2022-01-05
4409;Vitor Gabriel da Rosa;729.356.804-56;2001-06-29;587;4777.29;MG;2023-11-08
4410;Aurora Ramos;698.375.102-77;1988-03-14;678;5691.48;PR;2024-02-28
4411;Dr. Luiz Gustavo da Mota;410.398.527-50;1978-08-22;665;6662.72;CE;2022-03-11
4412;Marcelo Santos;748.510.926-01;2005-05-29;651;4559.0;CE;2021-01-09
4413;Luan Sampaio;631.047.895-84;2006-09-19;726;4441.8;PE;2024-03-14
4414;Mariane Costela;324.189.076-78;1987-03-30;490;4255.85;MG;2023-05-03
4415;Emanuella Vasconcelos;842.617.095-11;1990-07-13;681;4202.95;RJ;2022-05-20
4416;Sra. Sophie Correia;278.054.369-83;1993-07-30;574;3985.92;GO;2024-10-18
4417;Luiz Fernando Farias;287.430.516-26;1968-03-20;561;5431.6;RJ;2022-11-05
4418;Gabriel Freitas;423.608.157-17;1988-09-09;704;5612.88;SP;2022-08-06
4419;Julia Alves;596.270.148-85;1980-01-20;554;3082.35;RJ;2023-03-19
4420;Liz Peixoto;268.037.549-10;1966-10-06;790;6912.11;BA;2024-04-24
4421;Clara Almeida;401.389.627-31;1990-10-01;535;4999.6;RJ;2022-10-25
4422;Sra. Lorena Rezende;439.586.021-42;2001-09-14;611;4600.89;MG;2021-03-01
4423;Dante Moura;318.057.642-17;1959-03-20;672;4634.5;RJ;2023-08-01
4424;José Costa;843.572.096-92;2005-12-05;578;4745.46;GO;2023-07-19
4425;Arthur Gabriel da Conceição;285.704.639-10;1987-03-22;560;5149.09;PR;2024-05-01
4426;Nicolas Montenegro;275.684.391-19;1966-11-08;844;5997.7;SP;2022-11-06
4427;José Pedro Dias;632.789.540-92;2006-10-14;420;1358.26;SP;2024-09-05
4428;Dr. Renan Novaes;274.936.018-87;1975-03-03;601;4144.84;CE;2023-07-17
4429;Srta. Maria Fernanda Araújo;526.431.978-28;2000-11-01;644;5284.6;BA;2024-03-11
4430;Valentim Gomes;431.075.698-01;1997-09-12;427;1601.12;MG;2022-03-09
4431;Sara Vargas;623.709.541-16;1984-01-10;655;5375.43;SP;2024-08-11
4432;Eduarda da Luz;520.817.463-44;1990-05-31;568;2886.86;PR;2022-10-24
4433;Sarah Almeida;691.087.253-30;1957-07-07;676;6679.9;SP;2021-05-25
4434;Maria Clara Pastor;590.468.137-20;1996-12-26;653;4376.53;PE;2024-05-18
4435;Pedro Pastor;097.245.813-14;1957-03-24;625;3633.89;SC;2021-07-09
4436;Lucas Gabriel Barros;132.859.647-82;2001-09-11;746;6049.84;SC;2022-06-07
4437;Marcela Ribeiro;569.048.137-84;1996-06-01;407;2955.33;MG;2022-05-07
4438;Srta. Carolina da Luz;961.247.538-55;1981-01-15;675;5066.95;SC;2021-07-02
4439;Anthony Gabriel Albuquerque;739.425.608-10;1978-07-29;586;3463.6;SP;2022-03-03
4440;Ester Duarte;815.672.934-09;1972-01-21;687;4847.53;MG;2023-03-07
4441;José Pedro Mendonça;629.054.178-11;1984-08-08;361;2516.74;SC;2022-08-07
4442;Dr. Rael Peixoto;032.765.981-59;1963-10-22;737;5509.07;MG;2021-09-04
4443;Milena Santos;934.056.287-92;1961-03-25;828;7052.97;PR;2023-10-03
4444;Ana Luiza Siqueira;702.631.859-40;1993-03-10;660;5151.6;SC;2022-09-28
4445;Dra. Alexia Cassiano;630.529.841-60;1960-08-30;611;4624.58;CE;2021-09-26
4446;Benjamin Porto;954.837.621-00;1971-02-22;583;5194.87;BA;2024-09-24
4447;Hadassa Gonçalves;512.769.084-58;1998-08-24;507;2980.11;RJ;2023-01-23
4448;José Pedro Mendes;715.048.692-49;1982-10-15;485;5925.65;PE;2022-02-14
4449;Juliana Barros;987.216.530-03;1964-01-11;683;5768.49;GO;2023-07-02
4450;Josué Pimenta;149.583.072-14;2007-05-05;493;4567.34;SC;2023-09-03
4451;Gael Henrique Caldeira;104.386.795-39;1980-07-09;606;5062.17;PR;2024-02-28
4452;Alice Martins;896.431.250-33;1970-01-22;502;4176.27;CE;2023-05-17
4453;Marcela Cavalcanti;468.509.237-65;1967-12-12;569;3786.39;RJ;2023-05-16
4454;Yuri Albuquerque;138.462.075-35;1990-07-14;708;4126.29;BA;2024-06-11
4455;Ayla Mendes;215.867.493-82;1985-09-05;687;6180.49;MG;2023-06-09
4456;Sophie Sales;013.675.849-57;1965-06-23;514;3291.67;SC;2021-07-10
4457;Felipe Lopes;564.103.278-62;1983-02-03;593;5026.04;SP;2023-11-18
4458;Maria Clara Dias;034.625.897-92;1995-03-17;601;5241.56;BA;2023-08-08
4459;Ravi Cavalcanti;409.567.823-29;2000-05-14;831;6140.28;RS;2024-08-19
4460;Thales Souza;130.758.962-68;2008-02-07;414;4137.92;MG;2023-10-12
4461;Guilherme Lopes;287.930.564-00;1979-06-04;821;6960.77;PE;2024-07-13
4462;Davi Lucas Souza;697.214.583-09;1979-03-01;489;3788.11;PE;2021-06-21
4463;Carlos Eduardo Nunes;720.649.538-92;1994-04-13;485;4522.86;PR;2023-08-17
4464;Brayan Silva;635.941.802-98;1966-04-18;457;3355.87;SC;2021-06-12
4465;Anthony Gabriel Alves;027.861.539-21;1970-09-23;499;4118.82;GO;2022-09-08
4466;Catarina Oliveira;863.271.409-04;2000-06-20;576;4784.76;MG;2021-09-19
4467;Maria Flor da Costa;845.712.603-26;1986-02-08;622;3989.34;PR;2022-05-25
4468;Léo Moraes;320.475.968-74;1975-01-06;695;5511.23;PE;2023-05-26
4469;Bruna Camargo;329.865.740-92;1971-07-31;501;6248.93;PR;2024-03-10
4470;Ian Carvalho;348.079.516-10;2003-06-07;677;5262.74;SP;2024-02-03
4471;Daniel Casa Grande;189.076.524-49;1982-05-25;789;8153.82;RJ;2021-04-03
4472;Sra. Raquel Moura;743.129.586-37;1993-03-07;602;5163.4;PE;2021-08-09
4473;Camila Moraes;746.320.891-50;1986-11-03;501;3860.81;PE;2023-05-21
4474;Evelyn das Neves;015.648.927-94;1959-04-25;596;4952.83;SC;2021-07-13
4475;Srta. Isabela da Mata;328.904.561-70;1965-07-31;659;5831.83;GO;2024-09-15
4476;Ana Laura Oliveira;516.983.247-82;1969-11-22;648;3973.26;CE;2022-06-03
4477;Clarice da Costa;958.472.310-32;1999-06-26;507;3509.59;BA;2022-06-06
4478;Catarina da Cunha;326.071.495-25;1993-06-01;586;5738.77;CE;2021-06-17
4479;Dr. Vinicius Borges;128.965.437-91;1979-03-17;480;3482.58;PE;2021-02-03
4480;Ana Júlia Silveira;019.645.732-70;1971-04-21;734;5572.12;RJ;2024-09-16
4481;Allana Ferreira;847.352.901-41;1988-08-31;675;5260.46;GO;2022-01-03
4482;Kamilly da Conceição;391.807.524-97;2006-11-26;650;4971.53;MG;2023-03-16
4483;Murilo Aragão;603.927.485-92;1991-05-20;700;4054.94;SP;2021-06-20
4484;Benicio Gomes;631.054.829-89;1956-03-29;576;4904.57;SC;2024-12-13
4485;Dr. Luan Souza;827.503.946-00;1968-05-31;684;6964.95;PR;2022-10-05
4486;Pedro Miguel Pastor;390.478.265-74;1978-12-29;573;6063.48;CE;2023-07-21
4487;Isadora Casa Grande;536.497.081-75;1990-06-08;540;5648.65;GO;2024-07-01
4488;Sr. Francisco Costela;231.784.569-37;1977-01-04;718;4830.54;PR;2022-12-01
4489;Dr. Brayan Vasconcelos;150.489.762-58;1975-05-01;656;5196.76;MG;2022-03-09
4490;Sr. Pedro Miguel da Conceição;798.250.136-21;1999-01-26;695;5336.73;MG;2021-06-10
4491;Antonella Pimenta;806.371.524-17;1999-11-19;583;6033.09;CE;2022-06-16
4492;Dr. Theodoro da Rosa;145.302.987-79;1977-09-03;608;5690.42;RJ;2023-06-08
4493;Ana Carolina Fernandes;605.341.792-07;1988-04-16;592;6402.66;PE;2021-02-06
4494;Sarah Pires;417.269.385-73;1963-04-16;538;3689.86;SP;2023-03-20
4495;Bento Guerra;019.526.437-16;1958-11-29;802;5971.05;RJ;2021-01-28
4496;Alice Freitas;184.579.263-73;2006-04-23;812;7387.84;MG;2024-09-05
4497;Dra. Julia Casa Grande;435.160.879-00;1989-05-10;601;2994.71;GO;2023-08-01
4498;Dr. Henrique das Neves;435.179.806-84;1983-04-13;617;5037.63;SC;2024-09-09
4499;Daniel Martins;765.403.891-75;1982-02-02;760;7668.45;CE;2023-09-24
4500;Bryan Ferreira;470.569.132-61;1991-05-13;537;5097.18;PR;2024-06-20
4501;Bruna Barbosa;983.057.126-21;2003-03-14;711;6761.41;CE;2023-01-09
4502;Lucas Gabriel Pires;519.402.876-85;2006-09-05;679;3489.5;SC;2022-09-12
4503;Vicente Fernandes;034.518.926-42;1991-02-27;601;3652.29;RJ;2021-09-14
4504;Carlos Eduardo da Paz;815.349.062-15;1984-01-29;595;5740.0;MG;2021-01-29
4505;Mariah da Cunha;617.354.980-84;1989-06-13;656;6396.09;RS;2021-08-18
4506;Dr. Diego Casa Grande;716.852.940-49;1998-06-03;661;3989.67;SP;2024-11-26
4507;Vitor Hugo Sampaio;915.074.863-75;2003-07-24;317;2684.81;RS;2021-02-24
4508;Hellena Pereira;098.352.476-92;1996-09-09;594;3775.05;RS;2023-09-13
4509;João Gabriel Silveira;357.109.428-04;1995-06-11;415;2585.26;MG;2024-08-23
4510;Valentim Farias;354.267.981-09;2007-02-19;596;5433.88;RS;2023-06-12
4511;Vitor Costa;047.612.938-96;1981-01-23;642;6744.07;PE;2022-01-26
4512;Sr. Pedro Lucas Cardoso;451.293.786-28;1961-12-22;495;4841.06;RJ;2022-09-09
4513;Olívia Jesus;048.132.795-97;1978-05-31;625;5694.67;GO;2021-10-31
4514;Dra. Maria Vitória Abreu;206.149.587-76;1955-10-30;567;5607.68;GO;2023-05-15
4515;Sra. Maria Luísa Pimenta;912.530.476-34;1992-02-28;655;4560.56;SP;2021-08-27
4516;Lucas Gomes;279.504.813-23;1978-01-03;618;4704.44;MG;2021-11-09
4517;Srta. Isabelly Marques;603.582.914-70;1998-08-24;678;4244.22;GO;2023-09-21
4518;Rafael Ramos;164.853.720-08;2004-11-26;616;5323.31;GO;2021-02-10
4519;Alana Rodrigues;864.951.230-51;1984-12-18;623;6330.94;GO;2024-04-13
4520;Davi Miguel Costela;609.721.845-11;1991-11-11;712;5688.52;RS;2022-02-17
4521;Oliver Pimenta;910.723.486-40;1968-08-18;646;5463.67;PR;2024-03-12
4522;Dr. Henry Sales;168.942.735-37;1965-05-31;668;3518.34;SC;2021-04-15
4523;Bryan Lima;760.152.439-61;1971-08-15;583;3179.56;BA;2021-01-17
4524;Ana Clara Melo;379.805.124-05;1965-06-13;773;6123.15;RJ;2024-07-15
4525;Ana Vitória Mendes;543.967.028-92;1968-02-20;596;5664.8;SC;2023-05-02
4526;Caleb Gomes;036.812.754-08;1993-04-16;670;4231.37;GO;2024-03-31
4527;Sarah Melo;213.486.905-42;1961-12-05;611;4552.83;CE;2024-02-10
4528;Eloá Nascimento;397.618.540-00;1978-08-07;410;2589.72;PR;2021-03-17
4529;Milena Silveira;189.074.362-31;1993-09-17;597;4661.05;GO;2023-03-30
4530;Rhavi da Luz;915.630.248-70;1955-09-24;442;4687.67;GO;2023-11-18
4531;Enrico Camargo;476.032.819-03;1979-06-16;607;4893.55;CE;2024-06-06
4532;Ana Júlia da Conceição;718.320.654-80;1992-03-16;668;4555.92;GO;2022-04-20
4533;Théo Costela;620.941.837-69;2006-04-25;674;5024.93;SP;2023-12-18
4534;Bruna Vieira;128.470.953-14;1967-03-12;512;4669.45;SP;2023-05-15
4535;João Pedro da Cruz;620.138.459-60;1988-10-05;799;7116.83;CE;2022-10-09
4536;Maria Helena Câmara;418.093.276-87;1971-06-23;730;5319.37;PE;2021-05-11
4537;Srta. Alícia da Luz;965.204.387-74;1962-10-14;428;4914.14;PR;2024-08-20
4538;Thomas Pacheco;586.172.309-59;1977-02-28;850;8342.81;SC;2023-08-28
4539;Letícia Rodrigues;058.194.627-85;1961-11-01;579;3477.37;RJ;2023-10-11
4540;Manuela Aparecida;179.360.485-10;1994-04-03;492;2252.27;CE;2024-08-16
4541;Dr. Henry Gabriel Sales;329.748.650-38;1957-05-09;607;6461.68;BA;2023-07-08
4542;Antônio Cavalcanti;701.953.628-02;1974-10-17;603;5126.32;SC;2021-02-12
4543;Lucas Gabriel Barros;961.753.840-75;2007-01-09;785;5875.9;MG;2022-08-13
4544;José Miguel Cunha;506.819.374-75;2000-07-03;850;8792.09;RS;2023-08-20
4545;Rodrigo Novaes;740.165.238-26;1969-01-06;604;4254.47;BA;2023-06-17
4546;Sra. Jade Siqueira;315.469.827-28;2002-07-26;703;5276.48;RS;2023-11-06
4547;Alexandre Cirino;754.218.306-08;1999-01-18;481;5129.24;RS;2024-04-18
4548;Juan Gomes;803.472.965-56;1996-11-02;765;6275.51;BA;2024-05-18
4549;Sra. Maria Vitória Moura;142.590.673-70;1990-07-20;468;2514.47;GO;2021-09-26
4550;Sofia Mendes;658.927.104-67;2003-09-29;632;4556.13;PR;2024-12-27
4551;Théo Cunha;128.695.047-30;2000-01-27;579;5653.96;SC;2023-05-04
4552;Guilherme Costa;054.281.973-23;1977-11-30;707;7034.14;BA;2023-08-26
4553;Lucas Gabriel Sales;382.045.761-53;1994-06-20;501;3664.81;MG;2024-06-27
4554;Stella Câmara;382.615.470-35;2002-04-30;711;6136.08;RS;2022-08-02
4555;Antonella Caldeira;764.280.951-49;1990-12-02;803;6844.54;RJ;2024-09-28
4556;João Pereira;285.937.410-88;1970-12-18;841;7268.02;GO;2021-09-22
4557;Joana Peixoto;602.795.483-38;1957-10-06;747;5652.49;MG;2022-02-13
4558;Henry Marques;823.609.741-22;1959-07-11;621;5878.94;MG;2024-05-25
4559;José Pedro Araújo;897.624.053-74;1990-11-01;813;7233.24;GO;2021-07-26
4560;Maria Luísa Oliveira;120.897.436-03;1987-01-24;610;6257.34;SC;2023-10-09
4561;Lucas Gabriel Jesus;374.695.801-66;1974-05-26;356;1425.77;PR;2022-04-26
4562;Alexandre Siqueira;341.627.809-78;1967-08-11;701;5622.11;RS;2024-02-15
4563;Valentim Pimenta;015.647.938-93;1965-02-20;692;5600.41;SP;2021-02-07
4564;Maria Alice Pacheco;142.875.639-64;2006-05-14;688;4689.6;BA;2022-06-19
4565;Elisa Oliveira;726.193.540-99;1987-04-13;688;6498.41;BA;2024-10-18
4566;Dra. Juliana Campos;903.481.725-32;1973-04-07;766;8141.55;MG;2021-12-24
4567;Srta. Nina Abreu;659.174.230-16;1991-08-26;649;5465.91;PE;2021-03-07
4568;Bento Souza;678.043.125-71;1958-07-12;437;2964.59;RJ;2022-11-23
4569;Isabela Lima;503.297.618-03;1977-04-02;596;5818.32;SC;2021-08-22
4570;Dr. Alexandre Campos;382.496.517-82;1985-02-25;546;5164.34;CE;2022-04-10
4571;Bernardo da Paz;591.603.428-89;1965-10-05;619;4774.83;RJ;2024-02-25
4572;Laís da Rocha;763.490.851-75;2003-12-15;649;4800.84;RS;2023-09-24
4573;Enzo Gabriel Farias;398.064.127-96;2006-10-20;568;2839.21;PR;2022-11-28
4574;Bruna Campos;725.463.981-64;1971-06-29;590;4240.03;BA;2021-04-06
4575;Leonardo Cavalcante;238.569.417-46;1986-02-18;558;4880.87;PE;2022-07-02
4576;Carlos Eduardo Fonseca;539.871.046-00;1956-10-15;699;5824.19;MG;2024-11-14
4577;Rafaela Cardoso;250.381.796-30;1972-12-03;739;6487.56;PE;2024-05-22
4578;Ágatha Peixoto;978.361.502-59;1965-05-12;584;4209.14;RJ;2024-12-17
4579;Pietra Araújo;405.869.127-11;1992-11-03;657;5829.77;SP;2023-06-16
4580;Ana Beatriz da Cunha;083.796.512-86;1988-09-25;787;7487.17;GO;2021-08-16
4581;Luan Costa;841.573.206-62;1971-08-11;555;4337.99;RJ;2024-06-04
4582;Mariane Silva;406.975.832-10;1973-02-08;700;6668.0;CE;2021-07-28
4583;Stephany Montenegro;365.091.784-00;1958-09-16;732;5792.12;PE;2021-03-27
4584;Murilo Peixoto;039.187.624-40;1970-11-14;469;2753.06;PE;2021-08-04
4585;Levi Azevedo;438.257.609-10;1987-03-28;652;5558.23;MG;2024-07-14
4586;Maria Julia Teixeira;802.594.637-10;1988-02-27;488;3948.57;RJ;2022-02-25
4587;João da Luz;245.891.067-01;1984-01-04;695;4408.77;BA;2021-11-18
4588;Caio Moraes;349.608.527-47;2002-11-21;752;5638.47;PR;2024-12-21
4589;Letícia Cassiano;632.794.015-34;1982-10-01;770;5626.55;GO;2023-11-03
4590;Sr. Isaque da Conceição;645.738.902-38;1963-02-09;496;3509.86;GO;2021-07-23
4591;Sophia Martins;207.651.948-30;1963-06-16;608;4475.52;MG;2024-08-18
4592;Alice Sousa;396.750.482-47;1990-05-30;594;5085.97;BA;2022-11-17
4593;Isis Freitas;368.952.107-68;1995-03-07;599;4725.89;MG;2021-09-09
4594;Raquel Souza;947.263.501-61;1996-10-25;414;3703.7;RS;2023-06-19
4595;Vinicius Cardoso;912.067.845-20;1998-06-06;609;6482.29;SC;2021-01-14
4596;Luigi Sales;167.340.298-40;1971-10-04;507;2247.7;RS;2023-08-29
4597;Laura Brito;947.013.586-57;2004-03-12;694;5898.53;BA;2022-08-11
4598;Dra. Ayla Novaes;758.610.329-12;1998-02-23;498;2454.25;PE;2021-12-17
4599;Sra. Ágatha Moraes;816.459.023-15;1985-01-18;804;7846.11;RJ;2022-06-29
4600;João Felipe Novaes;589.236.407-00;1971-05-07;321;2109.78;BA;2023-04-30
4601;Vinícius Macedo;721.459.380-79;2000-12-02;819;6075.94;BA;2024-07-13
4602;Ester Nascimento;906.574.321-99;1988-05-06;561;4205.24;RS;2021-11-07
4603;Cauê da Mata;482.706.139-40;1985-07-28;485;2175.22;PE;2023-05-14
4604;Vicente Jesus;031.278.956-40;1983-11-04;746;4125.06;RS;2021-10-10
4605;Kevin Peixoto;920.164.873-13;2000-01-30;649;6078.58;SC;2023-04-27
4606;Ágatha Moreira;340.657.891-84;1975-06-25;445;2635.73;SC;2023-07-29
4607;Sophia Pinto;396.102.875-30;1959-06-13;765;6652.89;PE;2024-10-29
4608;Ana Gonçalves;860.149.325-42;1970-07-04;545;5562.25;BA;2021-03-02
4609;Augusto Machado;534.076.918-66;1986-09-21;764;6381.05;GO;2021-10-26
4610;Helena Melo;705.236.498-00;2001-07-22;511;3674.55;SP;2023-11-26
4611;Agatha Teixeira;407.569.813-01;1977-09-23;654;5043.41;RJ;2021-06-23
4612;João Gabriel Silveira;658.347.219-82;1962-01-04;732;4326.23;BA;2022-10-07
4613;Francisco Rios;412.605.839-70;1987-12-02;440;3700.87;SC;2021-12-03
4614;Sr. Erick Ferreira;493.205.678-83;1976-05-01;561;3860.95;SC;2021-05-06
4615;Gabrielly Brito;630.952.487-92;1979-11-23;407;3275.55;SC;2021-03-17
4616;Sr. Davi Lucca Fogaça;064.913.825-24;1963-09-03;613;5557.48;MG;2024-03-22
4617;Rodrigo Rios;756.021.934-99;1996-03-09;628;4891.4;SP;2024-07-17
4618;Heloisa Barros;593.407.681-75;1990-05-25;761;4775.53;PE;2022-08-29
4619;Dr. Vitor da Rocha;095.432.867-10;1984-11-10;684;3800.85;SC;2023-04-04
4620;Alícia Silva;031.287.594-05;1963-06-24;519;2939.34;PE;2022-09-16
4621;Rebeca Moreira;721.604.583-17;2003-03-14;713;5638.59;BA;2022-12-06
4622;Lucas Gabriel Azevedo;890.173.265-30;1970-03-26;618;3837.27;SP;2022-07-27
4623;Milena Carvalho;057.934.682-00;1960-12-20;584;3908.53;PE;2024-06-04
4624;Milena Caldeira;548.320.679-74;2000-08-27;666;4336.91;MG;2024-12-05
4625;Rafael da Paz;850.149.326-06;1981-12-17;779;4556.42;SC;2023-07-03
4626;Erick Moreira;027.934.865-74;1982-09-05;523;5861.2;RS;2024-01-20
4627;Antonella Garcia;928.765.013-68;1965-02-17;567;3221.12;CE;2024-06-20
4628;Fernanda Gomes;750.146.832-07;1968-03-04;646;4692.61;GO;2024-11-29
4629;Henrique Vargas;714.056.923-16;1996-06-22;519;3056.13;BA;2024-08-21
4630;João Vitor Cavalcanti;842.916.503-70;1991-08-03;850;6548.45;SC;2022-02-09
4631;Melissa da Conceição;035.298.647-65;1978-04-18;388;4597.71;PR;2021-06-22
4632;Felipe Vieira;942.085.173-79;1980-01-10;693;4777.53;SP;2024-01-06
4633;Sara Silva;672.853.041-07;1964-09-18;508;4737.47;BA;2023-03-10
4634;Sra. Ágatha Novaes;498.605.123-70;2002-12-19;590;2794.02;MG;2023-12-02
4635;Noah Fernandes;512.608.497-67;2007-05-23;834;6238.01;PE;2022-08-05
4636;Lucca Mendes;362.175.840-26;1983-01-13;799;7670.43;RS;2021-07-10
4637;Liam Correia;716.349.850-01;1999-09-24;499;5025.19;PE;2024-02-05
4638;João Miguel Nogueira;251.037.948-88;1986-05-18;541;2461.3;PR;2023-12-04
4639;Augusto Cassiano;037.452.168-90;1960-12-16;569;4949.64;BA;2024-07-25
4640;Rafaela Cardoso;942.318.567-37;1970-07-10;564;4204.95;MG;2021-02-17
4641;Daniela Nunes;574.130.269-61;1998-09-13;757;6162.49;SP;2024-01-11
4642;Sra. Evelyn Guerra;278.351.409-50;1963-11-25;518;4846.03;CE;2022-06-14
4643;Maria Vitória Freitas;680.172.395-21;1968-04-23;643;2622.4;RS;2022-09-15
4644;Lucas Moraes;413.907.625-99;1990-03-21;671;5759.83;SC;2023-11-01
4645;Bruno Ribeiro;274.061.395-43;1959-08-06;622;5867.7;RJ;2021-05-03
4646;Nicole Teixeira;793.640.851-75;1967-04-29;539;4648.5;BA;2022-06-16
4647;Catarina Santos;195.682.307-77;1961-01-09;431;3855.09;PE;2022-12-27
4648;Nathan da Paz;829.157.643-28;1989-10-04;850;5805.14;RJ;2021-04-08
4649;Juan Montenegro;069.835.741-84;1993-08-04;528;3513.98;RJ;2023-07-09
4650;Davi Miguel da Paz;763.518.029-03;1983-10-31;635;4016.96;PR;2024-03-18
4651;Melina Moreira;190.632.784-03;2000-08-31;670;6206.84;SP;2023-07-18
4652;Rodrigo da Mata;483.625.701-80;1979-02-14;684;3703.58;BA;2022-04-29
4653;Cecília Almeida;109.473.268-04;1972-02-25;739;6849.37;CE;2024-03-04
4654;Lorenzo Lopes;645.739.810-39;1973-11-11;719;6124.84;PE;2024-05-04
4655;Dr. Apollo Mendes;579.412.368-00;1985-09-02;646;6200.39;RS;2022-12-19
4656;Srta. Vitória da Cruz;783.249.065-92;1958-01-29;850;5846.96;PR;2022-08-06
4657;Alice Moura;786.432.509-29;1962-02-16;749;5905.78;CE;2024-10-09
4658;Gael da Conceição;491.256.037-52;1976-04-07;604;3295.47;MG;2023-02-13
4659;Luiz Henrique Campos;697.813.250-03;1974-06-28;585;3682.74;PE;2022-05-23
4660;Maria Flor Cavalcante;528.679.104-20;2006-10-28;564;3413.81;RJ;2022-11-03
4661;Juan Pires;697.842.153-73;1998-04-25;566;4121.89;PE;2024-04-07
4662;Valentina Costa;028.347.619-22;1995-10-11;631;3433.25;RS;2023-01-10
4663;Bryan Campos;472.508.691-67;1989-04-16;446;3929.91;GO;2021-07-20
4664;Joana da Rocha;486.310.297-69;1986-10-13;524;5266.53;MG;2024-12-28
4665;Pedro Barros;870.465.931-75;1996-03-04;647;5782.76;SC;2023-04-24
4666;Maria Eduarda Freitas;603.258.197-77;1972-02-27;789;6002.29;RJ;2021-07-08
4667;Dra. Antonella Campos;623.890.715-03;1992-06-17;551;5279.7;SP;2023-05-21
4668;Diego Monteiro;592.704.186-85;1993-09-18;681;5260.67;MG;2023-09-03
4669;Ana Lívia da Paz;652.487.903-10;1990-12-07;786;6075.76;RS;2023-07-03
4670;Srta. Sarah da Cunha;091.587.362-12;1982-05-31;623;5005.22;RJ;2023-01-27
4671;Vitor Hugo Vieira;384.029.617-03;1972-05-06;507;4133.59;PE;2023-04-05
4672;Sr. Dom Borges;364.289.510-70;1966-09-19;787;6740.97;CE;2024-02-19
4673;Matheus Alves;396.084.712-22;1974-01-24;623;4822.23;PE;2023-03-20
4674;Matteo Silva;158.026.394-15;1963-11-26;659;6021.77;PR;2024-04-11
4675;Olívia Novais;596.748.203-29;2005-11-30;693;5212.14;GO;2024-07-27
4676;João Vitor Casa Grande;081.926.345-15;1984-09-21;658;5743.94;SC;2023-06-21
4677;Marcela Casa Grande;920.365.147-07;1982-05-20;499;4160.23;GO;2023-05-04
4678;Maria Julia Cunha;312.507.684-62;1961-05-13;360;3362.53;MG;2021-10-23
4679;Srta. Nina Aragão;472.138.596-09;1994-10-09;699;6339.55;PE;2021-09-18
4680;Renan Santos;305.289.746-29;1977-03-17;572;4885.05;GO;2024-12-27
4681;Dra. Eloá Cavalcante;583.649.120-89;1999-12-18;790;7733.77;GO;2021-09-22
4682;Maria Alice Macedo;568.032.174-26;1972-02-26;616;5067.32;PE;2023-12-20
4683;Apollo Casa Grande;957.316.280-68;1977-01-08;753;4523.2;RJ;2024-11-23
4684;Raul Nascimento;012.837.495-05;1968-10-22;581;5983.57;RS;2023-07-22
4685;Luiz Fernando da Cruz;753.918.206-77;1987-03-19;737;6265.26;GO;2021-03-08
4686;João Vitor Santos;028.413.657-35;1957-07-05;439;3462.09;MG;2024-02-19
4687;Leonardo Almeida;196.524.803-98;1966-03-08;549;4723.04;BA;2021-09-01
4688;Sra. Hadassa Almeida;173.654.980-48;1960-08-03;522;3150.28;CE;2023-04-17
4689;Augusto da Rosa;714.859.302-60;1961-09-29;372;4197.8;RJ;2021-09-05
4690;Letícia Freitas;325.917.684-55;1985-08-16;572;4733.15;BA;2024-03-16
4691;Leonardo Gonçalves;128.730.549-05;1970-12-29;619;3884.57;PR;2021-03-24
4692;Sr. Cauã Novais;697.083.521-95;1955-09-15;468;2738.68;PE;2021-11-10
4693;Dr. Anthony Gabriel Cardoso;958.217.436-64;1982-11-09;533;4630.61;RJ;2023-01-31
4694;Vitor Cunha;079.135.468-75;1971-07-19;524;5938.49;PR;2023-02-06
4695;Dr. Gabriel Almeida;472.093.861-22;1994-05-31;743;6752.36;PR;2022-08-26
4696;Heloisa Câmara;485.913.027-88;1957-02-17;605;6354.28;GO;2021-02-27
4697;Isaac Rocha;210.463.975-16;2006-07-07;593;4712.74;MG;2021-10-19
4698;Rafaela Abreu;256.908.473-56;1957-11-15;640;5821.82;CE;2023-05-14
4699;Gustavo Pastor;348.012.756-80;1966-03-04;696;5092.87;SP;2022-09-17
4700;Luiz Fernando Cavalcante;069.148.253-51;2006-01-05;556;5087.9;PR;2022-03-18
4701;Júlia Lopes;301.452.869-24;2006-07-02;705;5246.65;MG;2023-09-29
4702;Ravi Machado;714.286.935-64;1979-06-09;429;3224.68;SP;2021-09-08
4703;Isaac Farias;215.076.894-11;1967-04-09;694;7357.42;PE;2022-12-16
4704;Sr. Anthony Abreu;764.208.139-13;1993-03-18;476;3381.43;RJ;2021-04-02
4705;Felipe Moura;230.895.147-88;1997-05-04;573;5939.81;SC;2023-09-13
4706;Lívia Rios;462.973.051-61;1996-04-22;615;4012.67;CE;2022-09-27
4707;Sophie Ribeiro;460.275.318-35;1971-12-20;687;5091.36;CE;2023-07-16
4708;Dra. Ana Júlia da Cruz;086.493.157-39;1996-09-19;473;2891.23;BA;2023-02-12
4709;Dr. Lucca da Cunha;097.684.512-11;1985-12-28;828;7008.21;GO;2024-05-25
4710;Maya Abreu;498.650.273-56;1964-04-21;632;4806.11;MG;2021-10-11
4711;Murilo Brito;863.027.194-96;1971-11-27;655;5520.24;PE;2024-07-27
4712;Dr. Liam Sampaio;571.964.203-06;1988-12-08;655;5354.85;GO;2023-07-11
4713;Daniel Pereira;205.843.916-33;1984-02-05;724;5815.1;GO;2021-11-02
4714;Isabella Sousa;705.698.421-58;1958-12-04;502;3403.58;BA;2021-07-02
4715;Sarah Duarte;740.632.891-50;1979-12-05;382;5082.82;CE;2024-09-22
4716;Maria Isis Aparecida;190.674.352-52;1971-03-29;723;4953.93;CE;2023-04-19
4717;Bryan Câmara;318.249.605-06;1957-03-14;586;4051.12;SC;2022-04-22
4718;Vicente Dias;382.501.794-04;1963-03-01;805;5020.12;SC;2022-11-26
4719;Noah Pinto;758.296.103-02;1999-12-28;633;4955.47;PE;2021-04-04
4720;Catarina Câmara;350.862.974-00;1967-06-14;719;5647.99;GO;2022-07-23
4721;Luigi Albuquerque;748.123.569-46;1967-02-24;409;3020.88;RJ;2021-12-06
4722;Gabrielly Novaes;592.064.837-65;1974-01-06;503;4103.58;SP;2024-03-17
4723;Rafaela Camargo;625.071.938-59;1985-10-03;792;4596.57;PR;2024-02-24
4724;Felipe Cavalcanti;857.432.190-79;1984-06-03;523;3631.31;RJ;2024-08-11
4725;Igor Cassiano;159.206.837-59;1989-06-11;574;5332.13;PE;2021-06-24
4726;Yuri Dias;652.431.097-70;1962-10-09;599;5207.8;RS;2024-06-21
4727;Dr. Benjamim da Paz;238.591.740-88;1968-08-27;544;4581.92;PE;2024-03-27
4728;Emanuella Aparecida;942.185.307-50;1982-01-22;713;4971.7;SP;2024-03-13
4729;Luiz Gustavo Montenegro;142.750.689-20;1979-10-06;713;5756.37;PE;2022-01-23
4730;Sofia Aparecida;059.341.876-00;1974-10-10;745;5758.58;GO;2023-10-27
4731;Mariah Fogaça;651.798.320-12;1964-08-05;665;5279.39;SP;2021-09-04
4732;Léo da Cruz;146.283.507-44;1994-01-10;608;5122.93;PE;2022-01-04
4733;Sr. Léo Brito;736.491.820-50;2000-02-16;684;4222.44;SP;2022-07-18
4734;Joana Moreira;720.146.893-69;1961-02-24;792;4476.34;RS;2022-05-18
4735;Sr. Pedro Barros;601.274.598-20;2000-10-22;537;4201.73;CE;2023-06-29
4736;Sr. João das Neves;074.539.682-83;1979-07-17;669;6928.17;RJ;2023-12-29
4737;Danilo Câmara;618.492.350-15;1986-07-06;397;2668.31;CE;2022-10-19
4738;Vicente Lima;124.609.853-98;1971-01-04;364;2943.62;SC;2024-04-21
4739;Catarina Sá;561.372.890-95;2000-09-11;652;6806.8;SP;2023-10-04
4740;Vinicius Costela;024.987.361-31;1977-12-17;634;6116.03;SP;2022-11-28
4741;Sr. Guilherme Nunes;795.426.308-83;1970-04-13;690;5084.75;SC;2022-01-05
4742;João Felipe Sá;957.308.126-12;1990-01-21;450;3875.0;SC;2021-02-19
4743;Dr. Lucas Viana;901.523.478-79;1990-03-13;440;4815.21;PE;2022-10-12
4744;Daniela Nascimento;349.681.507-84;1999-02-25;600;5995.18;SC;2022-06-11
4745;Manuela Nunes;726.350.891-59;1971-02-17;562;4764.85;RJ;2021-08-23
4746;Nathan Macedo;907.426.531-61;1984-11-01;645;5114.96;RJ;2024-01-15
4747;Pedro Henrique Sampaio;205.346.897-10;1970-09-25;568;4936.46;MG;2022-08-08
4748;Breno Santos;163.950.478-84;1984-06-15;508;2854.56;MG;2022-01-10
4749;Srta. Isabela Ferreira;217.356.940-61;1999-04-30;769;6879.17;PR;2021-07-03
4750;Maria Cavalcanti;076.829.534-38;1993-09-04;627;6681.14;MG;2022-09-21
4751;Vinícius Pereira;053.941.827-79;2006-03-14;587;6018.7;SC;2024-10-21
4752;Maitê Teixeira;498.561.230-89;1965-11-10;641;4103.25;MG;2021-05-01
4753;Sr. Bryan Oliveira;482.165.037-17;2008-05-02;841;7718.71;CE;2022-10-29
4754;Gabrielly Martins;632.891.475-09;2000-02-23;605;5567.17;MG;2021-02-25
4755;Olivia Gomes;143.675.928-55;1956-11-24;571;5397.15;SP;2022-09-03
4756;Catarina Pereira;637.421.908-22;2000-11-26;333;1644.2;SC;2021-07-22
4757;Stephany Porto;412.935.706-99;1957-04-01;737;5646.34;BA;2021-10-19
4758;Sr. Luiz Henrique Carvalho;974.526.130-07;1963-03-28;644;3805.21;SC;2022-10-26
4759;Dra. Juliana da Mota;597.614.028-94;1968-01-13;841;7918.53;PR;2023-02-09
4760;Maysa Farias;465.091.823-51;1957-04-15;595;4355.3;RJ;2021-04-17
4761;Guilherme Martins;305.278.914-79;1984-04-03;743;7926.47;RS;2022-05-06
4762;Isaac Vargas;485.931.706-84;1991-05-14;734;8043.8;CE;2024-04-15
4763;Srta. Luiza Duarte;701.349.586-75;1969-01-16;509;3252.61;RS;2023-10-07
4764;Melissa Gomes;764.053.189-66;1972-09-20;477;4257.76;PE;2023-10-31
4765;Joana Lima;571.028.964-76;1956-08-17;641;4976.05;SC;2021-08-24
4766;Stella Costa;748.905.162-20;1968-05-30;717;6968.33;PR;2021-05-05
4767;Maria Fernanda Camargo;839.602.475-83;2001-07-21;436;2891.03;BA;2023-08-10
4768;Gabriel Pereira;735.049.821-79;1958-05-13;718;5276.26;PE;2023-04-14
4769;Cecilia Fernandes;724.065.938-00;1973-04-26;524;5210.54;RJ;2023-09-19
4770;Luiz Otávio Leão;539.814.260-70;1981-09-06;465;3418.42;SP;2023-04-15
4771;Ísis Casa Grande;305.846.291-33;1960-12-30;659;4698.18;RS;2021-02-08
4772;Maria Helena Sá;726.534.098-10;1995-06-22;713;5135.12;PR;2024-02-09
4773;Dr. Mateus Rezende;589.014.673-48;2008-05-11;789;6186.25;CE;2024-10-14
4774;Emanuella Mendonça;541.726.908-58;1967-12-15;700;6346.02;RJ;2022-05-20
4775;Allana Câmara;802.963.415-33;1994-04-12;544;2298.51;PE;2024-08-27
4776;Nicolas da Cruz;912.674.853-37;1973-10-31;663;5376.29;MG;2022-09-16
4777;Matheus Fogaça;943.861.025-15;1969-09-09;686;5261.47;CE;2023-04-14
4778;Maria Clara Carvalho;849.173.205-50;1962-10-07;568;6552.47;GO;2021-06-21
4779;Lunna Rocha;083.642.715-71;1992-04-18;443;4277.95;PE;2022-02-21
4780;Stephany Alves;381.420.957-50;1966-10-12;551;4072.22;MG;2023-02-04
4781;Cauã Pires;861.279.504-49;1978-08-17;581;3844.57;PE;2021-12-11
4782;Dom Dias;891.045.732-50;1999-02-14;688;6894.64;RS;2024-01-06
4783;Brayan Rezende;907.862.415-94;1988-11-04;676;5511.38;SC;2024-02-11
4784;Sr. João Almeida;185.962.407-30;1973-02-06;501;4524.83;GO;2021-03-27
4785;Kamilly Brito;025.498.671-49;1966-12-17;850;6419.31;SP;2023-08-10
4786;Luna Cavalcanti;384.256.179-28;1982-06-21;574;4030.91;CE;2022-08-16
4787;Eloah Vargas;492.658.073-00;1986-06-29;561;1742.7;MG;2021-01-02
4788;Hellena Rocha;257.039.148-41;1999-07-12;668;4498.45;SP;2023-09-15
4789;Aurora da Conceição;429.156.807-01;1973-10-16;426;4161.19;PR;2024-05-09
4790;Vitor Hugo Cunha;057.412.698-85;1958-12-07;490;3581.33;PR;2024-10-24
4791;Luiz Miguel Cardoso;362.904.817-03;1968-10-15;795;4950.78;SC;2022-12-21
4792;Gabrielly Pires;497.016.358-84;1959-11-27;436;3757.31;RS;2024-04-13
4793;Stephany Farias;201.674.895-85;1973-02-17;757;4481.66;PE;2022-07-31
4794;Miguel Vasconcelos;431.870.569-20;1961-07-27;668;5925.0;SP;2021-11-27
4795;Sr. Thiago Garcia;270.564.389-38;1972-06-07;372;3774.5;PE;2024-02-28
4796;Gustavo Peixoto;934.716.850-57;1988-08-17;725;5488.21;RJ;2022-09-08
4797;Luísa Siqueira;345.260.871-90;1965-08-03;770;7296.46;RJ;2023-03-21
4798;Vitor Hugo Vargas;628.031.457-07;1986-04-24;632;4604.55;RJ;2021-10-14
4799;Nina Pereira;970.835.412-05;1974-01-29;503;3986.44;PE;2022-07-27
4800;Lucas Pastor;468.213.057-90;2000-10-12;688;5179.82;SC;2022-03-08
4801;Eloá Moreira;674.305.219-16;1983-02-25;356;4116.71;CE;2023-10-31
4802;Srta. Stella das Neves;495.380.276-47;1970-06-07;642;4756.38;BA;2024-10-28
4803;Asafe Rios;457.936.182-28;1990-10-08;722;7300.64;BA;2024-07-24
4804;Dr. Mateus Garcia;052.719.683-59;1997-06-09;300;2834.26;PR;2024-12-20
4805;Sra. Lunna Garcia;516.327.089-30;1988-08-16;448;4083.11;GO;2022-07-14
4806;Laís Novais;932.780.465-10;1988-04-18;635;5715.73;RS;2024-09-18
4807;Ana Clara da Mata;231.876.540-53;1975-12-24;560;2606.76;BA;2022-12-01
4808;Dr. Gael Macedo;305.746.819-57;1992-04-30;565;4926.85;RS;2023-07-31
4809;Bella Duarte;084.163.729-69;1962-03-07;741;4756.17;CE;2022-11-04
4810;Yan Fogaça;980.174.625-49;1993-09-05;743;5296.13;SP;2024-11-17
4811;Juliana Ramos;193.740.862-04;1971-02-18;663;4794.11;MG;2024-08-16
4812;Sr. Leonardo Camargo;963.701.582-59;2002-12-02;641;6019.88;SP;2024-05-31
4813;Samuel Sousa;136.752.409-16;1984-01-23;472;3096.09;GO;2021-01-09
4814;Sra. Hellena Silva;758.610.234-17;1956-02-18;642;7537.58;SP;2024-10-09
4815;Maria Vitória Caldeira;675.180.439-39;2006-09-20;516;6168.13;MG;2023-04-27
4816;Ester Melo;317.964.058-84;1964-09-07;850;6702.69;PE;2024-11-27
4817;Dr. Thomas Azevedo;098.641.723-87;1957-03-12;584;3979.93;GO;2023-03-16
4818;Maria Isis Silveira;489.201.765-58;1995-06-05;611;3481.28;PE;2021-06-16
4819;Raquel da Costa;468.321.709-04;1973-01-22;610;6376.88;RJ;2024-01-09
4820;Joaquim da Rosa;219.637.480-69;2002-08-10;546;4127.28;SP;2024-10-07
4821;Pietro Lima;041.875.632-53;1971-01-24;415;3694.06;GO;2024-10-08
4822;Agatha Barbosa;253.491.087-60;1991-01-13;651;5271.7;RJ;2022-12-24
4823;Levi Jesus;654.283.790-65;1991-04-11;593;4451.24;SC;2024-05-16
4824;Valentim Mendes;872.963.045-29;1988-07-08;680;5411.18;BA;2023-03-04
4825;Dr. Léo Viana;198.450.726-58;1970-09-29;657;5470.98;MG;2024-11-28
4826;Olívia da Mota;512.078.639-12;1998-02-27;754;6708.99;SP;2021-09-13
4827;Sr. Benjamin Santos;602.983.457-65;1966-02-09;643;6662.42;GO;2023-01-29
4828;Miguel Barros;172.354.806-53;1957-09-18;670;6664.96;RS;2023-06-30
4829;Allana Ferreira;863.429.057-38;1998-02-25;692;3694.08;SP;2022-03-30
4830;Stella Fogaça;758.069.143-48;1998-05-26;776;6343.18;SP;2022-07-30
4831;Leandro Andrade;645.289.730-65;1987-07-12;613;5185.35;BA;2022-01-28
4832;Dr. Léo Araújo;726.503.841-07;1981-10-30;578;4851.03;RJ;2024-06-10
4833;Bruna Teixeira;153.246.809-15;1971-04-12;548;5658.27;PR;2022-03-29
4834;Caio Sousa;516.827.943-00;1968-09-28;606;4465.42;RS;2023-10-09
4835;Luara da Costa;573.049.618-48;1986-04-09;509;4340.78;BA;2021-03-17
4836;Lorena Fonseca;514.829.706-94;1973-08-17;642;5524.42;PR;2023-10-07
4837;Bianca Ferreira;456.321.097-80;1992-03-17;496;2366.82;CE;2022-03-05
4838;Thales Cavalcanti;069.821.347-50;1957-09-02;695;7044.64;SP;2022-02-06
4839;Maitê Fonseca;245.960.371-16;1967-05-25;496;5557.44;SC;2021-08-16
4840;Mariah Brito;043.178.569-48;1964-08-13;654;5224.94;PR;2024-03-11
4841;Zoe Freitas;745.602.983-00;1997-12-17;572;3191.48;PE;2023-10-09
4842;Mathias Rodrigues;716.234.509-34;1996-07-10;738;5128.39;MG;2024-02-05
4843;Gustavo Jesus;582.619.407-30;1999-06-08;526;5199.93;RS;2024-09-13
4844;Stephany Marques;140.258.679-58;1960-04-19;394;1628.4;CE;2024-10-08
4845;Benjamin Silveira;145.062.798-67;1975-10-21;617;5229.28;CE;2024-03-03
4846;Mariah Abreu;358.712.096-02;1987-05-27;678;5122.2;MG;2021-05-14
4847;Srta. Júlia Ramos;638.729.154-28;1983-09-01;850;6572.11;CE;2021-09-20
4848;Camila Correia;175.046.832-80;1994-11-03;592;3939.01;RJ;2021-09-18
4849;Srta. Júlia Viana;729.356.840-10;1966-05-04;634;5686.96;PR;2024-03-13
4850;Maria Eduarda Pinto;146.730.258-90;1966-08-15;764;4622.72;RS;2023-12-08
4851;Rhavi da Mata;123.407.865-17;1999-02-11;590;5166.7;PR;2022-01-28
4852;Maria Luísa Cavalcanti;842.961.730-22;2005-12-31;690;5526.55;SP;2024-11-20
4853;Yuri Gomes;243.157.980-88;1983-04-15;685;4671.04;PE;2024-06-12
4854;Breno Gomes;193.687.204-87;1999-11-30;806;7440.63;PR;2024-10-26
4855;Rhavi Sales;573.628.091-40;1962-06-07;458;2588.9;PE;2023-07-19
4856;Caroline Monteiro;076.319.254-61;1992-03-17;494;4629.97;SP;2023-05-25
4857;Maria Luísa da Conceição;960.248.315-60;1961-11-04;465;3388.98;SP;2022-10-24
4858;Heitor Moura;216.049.375-99;1977-01-18;674;5325.83;SC;2023-04-14
4859;Leandro Nunes;354.618.279-00;1965-08-31;651;4142.2;PR;2021-09-07
4860;Sr. Anthony Gabriel Rezende;378.956.140-10;1982-04-15;691;4914.79;PE;2023-08-14
4861;Ana Liz Pinto;014.638.729-50;1974-07-24;581;4885.73;GO;2023-01-11
4862;Isabella Rios;493.576.082-65;1982-01-05;632;5079.98;PE;2021-03-31
4863;Olívia Sales;734.895.061-20;1962-03-12;529;3932.45;RS;2021-04-07
4864;Felipe Araújo;784.105.932-97;2004-11-07;620;3584.91;PR;2023-05-11
4865;Sra. Maria Júlia Novais;596.830.124-42;1964-10-22;564;4899.68;PE;2023-07-09
4866;Beatriz Gomes;967.051.428-20;2003-09-10;466;4884.58;BA;2021-01-11
4867;Dr. Alexandre Campos;832.651.074-26;1969-03-26;772;4930.85;SC;2022-02-03
4868;Augusto da Rosa;825.096.473-00;1992-11-10;782;6112.42;BA;2021-06-17
4869;Ravi Borges;157.048.369-84;1992-07-11;670;4863.35;CE;2021-02-21
4870;Luan Cirino;140.937.825-04;1962-07-14;730;6246.09;RS;2024-11-13
4871;Carlos Eduardo Mendes;295.406.781-02;1957-09-07;522;3010.8;SC;2021-06-02
4872;Isaac Mendes;087.941.325-50;1965-02-09;444;3739.94;RS;2022-02-08
4873;Gabrielly Duarte;506.198.437-48;2006-01-29;688;6154.97;MG;2022-11-06
4874;Sara da Luz;890.172.643-22;1994-01-04;605;3683.0;PR;2021-05-09
4875;Elisa Guerra;438.950.176-39;1971-10-14;538;5456.35;RJ;2021-02-27
4876;Maria Laura Cavalcanti;835.149.206-05;1977-01-04;561;4631.42;GO;2023-06-04
4877;Ana Julia Costa;341.952.087-50;1965-04-15;490;4256.58;SP;2024-04-28
4878;Sr. Leonardo Gomes;142.695.730-07;1962-06-27;565;5566.71;BA;2022-05-28
4879;Noah Caldeira;891.207.564-02;1991-06-03;712;5200.29;RS;2021-08-09
4880;Ana Vitória Viana;410.839.752-50;1964-05-07;604;4280.88;GO;2022-05-04
4881;Larissa Freitas;582.610.349-33;2005-05-28;449;2734.56;BA;2021-04-22
4882;Ravy da Mota;931.826.054-70;1982-03-14;643;5469.26;BA;2023-12-01
4883;Ísis Novais;126.407.895-11;1960-01-04;637;4794.27;RS;2021-05-30
4884;Catarina Almeida;364.587.210-80;1993-07-28;731;5911.54;CE;2024-06-22
4885;Maria Luiza Farias;896.752.014-01;1963-07-23;704;3858.22;GO;2021-07-15
4886;Isis Teixeira;941.870.325-41;2001-08-25;300;2683.79;GO;2024-03-31
4887;Emanuel Brito;904.681.273-13;2006-04-22;449;3379.55;RJ;2021-06-25
4888;Alexandre da Rocha;574.983.102-79;2005-02-12;583;6251.4;SP;2021-03-10
4889;Raquel Albuquerque;561.289.304-33;1997-11-03;667;5501.86;SC;2022-10-04
4890;Calebe Ribeiro;905.384.217-97;1970-10-09;720;6128.5;RJ;2021-09-19
4891;Mariane da Luz;108.547.293-05;1990-12-07;565;5591.48;SP;2023-06-25
4892;Dr. Matheus Cirino;237.854.619-09;1973-09-07;486;4211.25;SP;2022-09-10
4893;Dr. Arthur Montenegro;310.964.857-10;1971-05-05;434;3675.94;CE;2024-07-06
4894;Luiz Felipe Peixoto;754.368.012-26;1973-05-01;643;6820.45;SC;2021-05-15
4895;Rafaela Camargo;583.041.769-39;2005-03-28;432;2855.11;RJ;2024-10-19
4896;Alícia das Neves;759.812.340-32;1980-07-19;718;6079.32;SP;2024-02-20
4897;Isabelly Cavalcanti;378.621.590-12;1959-08-24;641;4171.86;SP;2022-08-27
4898;Luna Casa Grande;659.280.143-33;2001-07-26;549;5637.04;SC;2023-04-03
4899;Alexandre Silva;692.140.735-70;1979-12-14;613;5279.36;RJ;2024-06-18
4900;João Guilherme da Conceição;819.627.405-01;1956-06-04;606;3664.91;SC;2022-04-23
4901;Lucas Gabriel da Mata;936.741.028-03;1963-08-17;732;6359.23;CE;2024-09-13
4902;Emanuelly Brito;094.631.285-06;1985-05-24;850;5784.42;CE;2021-01-22
4903;Danilo Sá;806.953.127-40;1991-11-19;718;4432.46;GO;2023-02-26
4904;Dra. Lunna Albuquerque;872.694.531-28;1993-07-11;638;6080.51;GO;2023-05-27
4905;Sr. Paulo Sampaio;189.627.430-78;1996-01-18;371;2763.07;CE;2024-06-22
4906;Pietra Pires;374.106.829-22;2003-04-09;552;3714.04;RJ;2022-11-27
4907;Dr. Bento Ribeiro;276.810.594-58;1986-05-15;666;6448.69;SP;2023-07-19
4908;Dr. Bruno da Cruz;267.518.903-03;1977-06-16;604;5037.49;PE;2022-11-04
4909;Rael Guerra;745.618.239-64;1992-08-12;633;5065.8;CE;2022-01-30
4910;Sr. Dom Mendonça;427.038.951-60;1996-05-18;489;5020.44;RJ;2021-07-30
4911;Sr. Lucca Rocha;467.851.230-62;1979-12-29;655;5634.88;SP;2024-05-03
4912;Lucas Gabriel da Conceição;620.178.354-71;1975-04-23;523;3724.78;RJ;2024-04-29
4913;Sra. Laís Dias;931.475.628-91;1978-11-12;598;3249.88;RS;2024-03-19
4914;Dom Fernandes;051.924.387-05;1977-01-27;417;2735.25;MG;2024-07-29
4915;Eduarda Moraes;193.708.452-32;1982-08-06;682;4802.86;PE;2022-06-09
4916;Sr. Paulo Gonçalves;360.549.872-83;1993-08-28;497;3161.31;BA;2023-05-13
4917;Ana Júlia Sá;057.621.398-59;1997-02-16;565;4166.14;GO;2024-06-25
4918;Eloá Azevedo;942.736.108-50;1984-04-07;850;7854.62;GO;2022-01-16
4919;Daniel Sampaio;781.352.469-19;1985-01-29;742;7104.58;RS;2021-10-09
4920;Manuela Nascimento;730.195.428-04;2008-06-04;500;2777.64;SP;2021-05-04
4921;Mariane Machado;647.125.398-28;1977-02-09;487;5230.51;MG;2022-10-01
4922;Alexia Ramos;279.583.604-10;1969-07-27;554;3180.64;CE;2023-06-12
4923;Pedro Henrique Abreu;634.295.170-52;1979-02-19;568;4305.39;PE;2024-08-27
4924;Luiz Gustavo Rios;729.305.486-65;1971-09-23;652;5466.95;BA;2022-09-30
4925;Bruna Araújo;549.213.780-88;1985-06-27;520;4845.66;CE;2024-01-14
4926;Rafael Sousa;697.254.138-73;1987-10-13;543;4187.72;MG;2021-10-29
4927;Noah Ferreira;431.968.725-64;2002-08-26;702;4974.18;GO;2022-09-25
4928;Maria Eduarda Albuquerque;483.109.657-10;1977-06-18;551;4999.67;CE;2022-12-04
4929;Stella Vasconcelos;835.694.172-55;1984-11-18;517;3751.21;PR;2023-01-26
4930;Carlos Eduardo Aragão;384.705.912-23;1989-01-23;686;7542.09;SP;2023-11-27
4931;Apollo Araújo;017.496.825-67;2001-12-01;692;6008.64;CE;2024-09-08
4932;Dante Pires;413.790.682-31;2002-06-14;683;4390.81;MG;2021-04-28
4933;José Pedro da Mota;914.853.207-04;1960-10-06;633;5034.23;RS;2023-11-05
4934;Mariah da Mata;862.351.709-12;1977-03-20;658;5380.51;PE;2021-04-22
4935;Pietra da Conceição;915.623.087-77;1966-02-01;665;5008.53;SC;2022-12-06
4936;Julia Lima;165.472.389-46;1998-12-27;627;3788.17;RS;2022-02-15
4937;Lucas Gabriel Caldeira;941.327.680-31;2004-01-17;581;6038.83;RS;2021-05-21
4938;Yasmin Porto;640.791.358-66;1986-10-02;658;5243.08;BA;2022-01-23
4939;Augusto Alves;682.394.517-64;2000-02-10;847;5415.17;GO;2024-11-23
4940;Davi Lucca Freitas;392.180.745-04;1978-11-02;486;5600.71;GO;2024-05-13
4941;Yago Guerra;601.582.974-58;1960-04-02;625;4757.42;BA;2024-03-30
4942;Asafe Rodrigues;082.134.579-60;1956-11-18;476;4255.7;CE;2022-11-19
4943;Joana Martins;849.026.175-01;1964-11-19;685;4385.51;CE;2022-09-06
4944;Kaique Viana;912.634.850-06;1983-06-21;603;4488.48;SC;2022-11-05
4945;Brayan Barros;706.832.149-69;1995-10-01;650;4080.75;MG;2021-08-03
4946;Noah Sá;702.148.695-20;1975-12-30;770;7075.82;GO;2021-03-28
4947;Sr. Calebe Azevedo;370.691.428-03;2004-10-21;576;4391.58;GO;2022-03-26
4948;Alexia Silva;526.301.478-35;2003-03-12;603;4045.69;SP;2024-08-01
4949;Srta. Maria Liz da Costa;492.156.780-85;1964-09-07;566;4257.73;RS;2024-11-20
4950;Erick Novais;461.382.057-07;1962-04-18;813;7450.62;RS;2023-08-14
4951;João Miguel Viana;410.956.287-20;2006-09-27;732;6225.93;CE;2022-03-13
4952;Luiza Costela;432.107.695-16;1968-01-17;485;3838.51;RS;2023-09-12
4953;Vitor Hugo Novaes;351.607.982-77;1973-09-29;736;4629.74;BA;2023-02-09
4954;Rodrigo Lima;480.271.536-62;1983-04-16;696;7890.61;RS;2023-03-31
4955;Sr. Miguel Viana;605.297.418-49;1970-08-05;747;7390.03;MG;2021-01-14
4956;Manuela Castro;740.529.163-52;1960-01-15;646;6135.93;BA;2021-01-21
4957;Sra. Cecília Rodrigues;271.946.350-70;1960-05-27;533;5059.86;RJ;2023-01-03
4958;Eloah da Conceição;192.654.830-24;1996-07-10;698;5873.91;SP;2024-02-11
4959;Renan Vasconcelos;285.736.409-10;1996-05-06;777;5677.22;RJ;2021-10-19
4960;Henrique Cassiano;647.189.523-28;2006-07-03;597;4871.46;PR;2023-06-21
4961;Melina Cunha;675.921.408-02;1956-06-23;496;4194.93;RS;2024-07-16
4962;Murilo Vieira;924.018.357-41;1969-11-03;413;4350.95;CE;2023-01-08
4963;Matteo Santos;816.457.230-62;1996-05-01;625;4479.11;SP;2021-03-02
4964;Olívia Freitas;746.213.095-52;1989-07-24;519;3917.42;RS;2022-02-10
4965;Gael Freitas;305.281.674-80;1984-09-24;702;6163.74;PR;2021-12-23
4966;Maria Flor Castro;216.583.907-68;1975-09-26;535;3433.96;RS;2022-06-21
4967;Otto Barbosa;830.216.549-24;1960-01-01;698;4861.65;MG;2022-11-27
4968;Lorenzo Nascimento;840.967.352-56;2007-11-08;627;5139.75;PE;2022-05-19
4969;Benjamin Nunes;873.491.026-31;2005-07-28;657;6114.27;MG;2022-02-06
4970;Isabel Freitas;568.410.297-20;1990-07-08;468;1832.84;SP;2021-12-27
4971;Diego Duarte;948.032.756-29;2003-08-09;551;6209.53;PR;2021-07-27
4972;João Pedro Albuquerque;190.837.462-40;1990-12-18;850;8631.18;SP;2024-10-19
4973;Guilherme Freitas;917.053.682-12;1983-06-27;596;2985.88;MG;2023-02-16
4974;Luara Sales;187.463.529-37;1980-12-02;338;2089.96;RJ;2022-11-25
4975;Mateus Garcia;524.197.368-00;2008-05-23;596;6068.63;RS;2022-09-17
4976;Ryan da Mota;497.631.580-01;1996-11-23;724;6019.41;GO;2022-05-07
4977;Lívia da Mata;106.279.835-02;1970-02-04;513;3143.22;BA;2023-02-02
4978;Juan Freitas;027.614.358-26;1975-06-15;650;5897.05;MG;2023-12-16
4979;Guilherme Cardoso;246.198.735-19;1981-07-26;667;4301.4;CE;2023-06-08
4980;Isis Camargo;095.136.278-02;2004-02-07;698;6009.91;RJ;2021-08-31
4981;Ana Carolina Andrade;506.749.283-00;2003-04-20;491;3143.68;MG;2021-09-25
4982;Dr. Gustavo Rezende;358.017.264-62;1993-03-06;702;5381.49;RS;2022-01-28
4983;Vicente Fonseca;236.817.405-26;1972-09-29;810;6981.13;PE;2023-02-14
4984;Nathan Porto;672.394.850-56;1992-07-23;561;4477.79;BA;2022-10-14
4985;Isadora Barbosa;952.378.106-59;1978-06-03;627;4287.61;CE;2023-05-30
4986;Luiz Felipe Almeida;985.143.207-50;1960-10-02;510;4781.39;RS;2021-04-05
4987;Bernardo Camargo;281.645.739-73;2004-08-22;721;6371.78;CE;2024-04-17
4988;Sr. João Pedro Cavalcanti;418.679.025-67;1971-11-25;801;5866.23;RS;2024-01-02
4989;Luiz Henrique Monteiro;178.293.056-68;1969-04-08;820;5659.08;PR;2021-11-01
4990;Alexia Sales;614.758.309-39;1992-02-09;498;2224.04;BA;2022-05-22
4991;João Miguel Cavalcanti;817.034.569-39;1975-04-13;566;4024.28;SP;2024-07-13
4992;Ana Sousa;251.863.794-09;1977-10-13;683;5707.89;PR;2021-09-16
4993;André Cunha;958.340.217-60;1994-11-28;476;3415.27;PE;2024-04-11
4994;Mirella Cirino;239.751.408-79;1968-07-18;575;2824.02;GO;2022-03-05
4995;Maria Julia Martins;657.823.140-44;1997-02-22;502;3245.19;RJ;2023-08-22
4996;Ana Liz Barbosa;927.035.186-68;2005-07-17;792;6527.45;CE;2021-05-13
4997;Isaac Mendonça;917.238.450-60;1987-09-08;699;4093.36;MG;2023-11-08
4998;Sr. Caio Mendes;908.142.576-58;1975-03-23;763;7405.1;SC;2024-08-14
4999;Ana Garcia;809.136.742-22;1971-01-03;380;2334.68;PE;2023-02-06
5000;Helena Caldeira;027.685.413-62;1996-01-17;679;6076.39;GO;2023-11-29
5001;Sr. Bryan Viana;516.903.248-05;1984-11-16;538;3998.5;GO;2022-01-02
5002;Rael Cassiano;361.974.280-40;1979-01-10;548;4494.42;BA;2024-12-30
5003;Sr. Dante Ferreira;093.682.147-78;1993-02-12;763;5332.96;BA;2023-12-13
5004;Laura Casa Grande;012.769.543-52;1964-04-22;740;5138.33;GO;2023-10-11
5005;Augusto Mendes;527.439.081-14;2002-07-20;518;4962.59;GO;2022-07-04
5006;Davi Lucca Gonçalves;289.165.473-00;2007-05-24;730;6691.41;CE;2023-04-02
5007;Igor Dias;317.062.984-04;1959-11-07;462;3230.05;CE;2024-08-23
5008;Alícia Azevedo;640.819.523-70;1977-09-28;718;5785.54;SP;2022-03-01
5009;Dr. Noah da Conceição;194.657.283-73;1982-07-01;491;4386.32;RS;2022-02-20
5010;Nina da Paz;269.054.183-15;2000-04-05;534;6066.52;GO;2022-04-26
5011;Benício Borges;392.870.156-86;2004-01-12;805;7044.1;SC;2022-03-24
5012;Ravi Barros;398.125.046-05;1959-01-26;783;6328.79;PR;2023-05-21
5013;Cecilia Pacheco;409.876.251-01;1967-02-25;711;7165.72;SC;2024-03-16
5014;Enrico Correia;546.920.318-24;1983-12-21;649;4936.81;MG;2023-02-06
5015;Bella das Neves;854.093.761-10;1992-08-10;415;3236.87;PR;2024-02-02
5016;Marcos Vinicius Barbosa;692.184.735-73;2007-03-07;718;6689.63;RJ;2021-10-03
5017;Lorena Barbosa;361.875.420-53;2001-11-28;680;4898.7;RJ;2022-08-28
5018;Alexia Aragão;637.802.914-87;1996-07-02;382;2560.78;GO;2023-11-29
5019;Yan Costela;830.927.154-97;1995-03-02;583;4351.07;BA;2022-04-17
5020;Maria Almeida;273.589.164-09;2007-08-30;694;7537.68;CE;2021-03-26
5021;Dra. Julia Sá;956.204.378-92;1969-03-01;634;4855.27;GO;2023-11-16
5022;Bella Brito;379.218.640-31;1993-11-28;588;4828.38;CE;2022-11-20
5023;Calebe Moura;983.605.421-98;1994-12-18;520;4280.2;SC;2023-07-13
5024;Paulo Peixoto;052.684.917-76;1997-05-24;674;5601.69;GO;2023-06-05
5025;Juliana Câmara;604.917.328-13;2000-04-15;674;5825.75;SC;2023-01-23
5026;Anthony Freitas;425.980.371-97;1978-01-28;407;3892.87;GO;2022-10-12
5027;Ravi Fogaça;916.732.540-80;1971-07-22;539;3216.16;PR;2023-02-23
5028;Davi Luiz Sousa;694.802.713-03;1973-03-13;487;4329.54;SP;2022-01-03
5029;Olívia Albuquerque;863.519.420-98;2003-12-30;593;3062.03;GO;2022-04-24
5030;Enzo Sousa;851.970.623-12;1998-10-30;677;3976.39;PR;2024-08-14
5031;João Pedro Sousa;132.894.567-73;2002-03-30;636;5326.5;RJ;2023-01-06
5032;Marcos Vinicius Porto;740.398.251-79;2006-03-21;726;7589.68;RJ;2022-08-27
5033;Juliana Abreu;798.462.105-58;1979-06-17;456;3595.53;PE;2023-11-17
5034;Cecilia Pastor;026.153.849-70;1966-01-21;586;5121.75;PE;2024-08-11
5035;Cauã Pereira;631.279.458-09;1968-12-05;645;4807.45;RJ;2022-07-21
5036;Srta. Melissa Dias;621.894.357-73;1988-06-19;567;3419.55;RS;2021-07-21
5037;Kamilly Vargas;450.283.697-47;1957-07-30;738;6363.2;RJ;2021-05-27
5038;Luara Sousa;952.308.617-03;1964-11-05;730;5529.6;BA;2021-03-20
5039;Luara Melo;654.137.028-17;1965-08-14;541;3249.68;PE;2022-02-15
5040;Sophie Alves;894.026.315-42;1983-01-11;663;4264.21;BA;2022-02-07
5041;Renan da Luz;254.698.730-56;2006-07-20;841;5420.36;BA;2022-05-28
5042;Sra. Emanuelly Marques;842.095.637-65;1992-05-04;652;6782.85;PR;2024-10-31
5043;Miguel Aragão;135.240.679-99;2003-10-13;691;5703.67;PR;2022-01-26
5044;Emilly Duarte;430.157.862-53;2004-05-13;503;2642.23;CE;2021-10-10
5045;Dr. Fernando Macedo;460.938.725-56;1996-04-15;712;7202.15;PE;2022-06-19
5046;Dr. Ian Ribeiro;026.958.147-20;1979-12-21;567;3396.94;SP;2022-09-06
5047;Pedro Miguel Lima;186.930.752-68;1955-07-19;325;1619.24;PR;2022-12-11
5048;Brenda Moraes;694.258.701-01;2000-11-22;606;6447.12;SC;2023-04-11
5049;Mariane Moura;758.490.621-49;1969-06-30;700;5905.09;CE;2024-09-04
5050;Bruno Duarte;803.576.942-10;2001-03-20;571;3984.83;SP;2023-08-25
5051;Sr. José Pedro Casa Grande;263.154.807-80;1998-04-19;788;6504.74;PE;2021-11-02
5052;Yan Costela;243.816.975-37;1956-02-26;367;2262.46;SC;2022-04-12
5053;Sra. Nicole da Conceição;312.567.498-00;1961-04-13;517;3589.74;RS;2022-03-06
5054;Srta. Maria Laura Viana;654.907.831-84;1974-10-27;687;5388.56;GO;2022-04-24
5055;Davi Leão;968.150.243-42;1988-04-16;610;6193.47;PE;2024-04-17
5056;Pedro Lucas Andrade;138.042.967-69;1957-07-24;536;6152.2;PE;2023-08-18
5057;Ana Carolina Araújo;186.725.043-80;1996-02-09;539;4401.2;GO;2022-11-29
5058;Vinícius das Neves;485.769.032-29;1962-05-31;586;4811.42;RJ;2022-10-04
5059;Anna Liz Costela;869.710.453-00;1979-05-28;673;5817.84;RS;2023-05-29
5060;Mateus Novais;671.832.045-53;2007-07-23;529;3109.09;SC;2022-03-06
5061;Beatriz das Neves;098.742.135-23;1974-07-04;850;6316.02;GO;2023-07-11
5062;Ísis Vargas;493.508.621-15;1986-12-20;703;4016.36;PE;2021-03-03
5063;Pietro Pastor;950.867.241-20;1979-07-14;586;4560.8;BA;2021-10-12
5064;Guilherme Correia;723.658.490-83;2000-01-28;676;2685.55;CE;2021-09-20
5065;João Gabriel Pereira;612.840.537-17;2005-02-16;639;3962.26;PR;2021-01-20
5066;Isaac Dias;815.739.046-00;2007-05-09;658;4227.67;GO;2024-09-11
5067;Manuela Mendes;890.561.437-00;2002-12-25;517;3862.37;BA;2022-11-27
5068;Henrique Barbosa;520.631.879-59;1960-12-19;493;3468.47;RS;2023-05-09
5069;Davi Miguel Sousa;076.514.982-67;1974-06-04;476;1974.83;SC;2024-11-05
5070;Hadassa Fogaça;697.458.013-48;1986-10-24;742;4639.95;SC;2024-11-15
5071;Joaquim da Paz;237.506.814-90;2005-02-11;598;5536.89;PE;2022-09-06
5072;Pedro Henrique Pacheco;490.278.156-58;1963-12-15;546;3542.83;BA;2024-04-17
5073;Diogo da Paz;328.695.104-89;1959-06-24;647;6293.93;SP;2024-03-08
5074;Sr. Diego Costa;719.850.346-20;2007-09-16;479;3681.85;SP;2021-10-12
5075;Luiz Felipe da Costa;789.063.412-96;1980-04-24;412;2902.8;MG;2022-11-08
5076;Ayla Ribeiro;841.237.960-87;1978-08-02;624;4137.38;CE;2024-07-13
5077;Dr. Léo Moreira;526.143.870-53;1987-05-02;565;3111.77;CE;2024-05-29
5078;Valentina Albuquerque;407.931.562-70;2006-07-06;629;6087.69;CE;2023-03-12
5079;Isis Dias;614.782.509-76;1975-01-16;488;3281.33;SC;2022-02-23
5080;Sr. Caio Sampaio;130.845.276-44;1982-05-13;680;6652.09;SC;2021-05-11
5081;Sr. Vicente Casa Grande;095.476.183-93;1967-04-11;440;3351.22;PE;2023-03-03
5082;Sr. Bento Cavalcante;056.397.128-21;1983-03-20;653;5121.94;RS;2023-08-31
5083;Gabriel Araújo;546.708.213-26;1986-04-07;322;3077.09;RJ;2022-11-05
5084;Rafael Farias;430.759.612-99;1977-04-18;802;6532.66;CE;2023-07-14
5085;Paulo Moreira;412.378.609-03;2003-02-03;496;3454.87;PR;2021-07-10
5086;Srta. Stephany Macedo;061.874.539-48;1967-10-16;832;7565.96;MG;2021-08-02
5087;Brenda Rocha;358.492.176-73;1959-06-26;696;5924.41;PE;2021-12-30
5088;Ian Camargo;751.469.328-91;1979-02-22;540;4119.43;SP;2024-11-12
5089;Maria Isis Alves;843.617.592-19;2005-10-20;610;5429.57;CE;2023-09-28
5090;Rebeca Vasconcelos;471.096.835-75;2007-10-10;801;7526.34;SP;2022-01-18
5091;Luiza Rocha;904.768.321-87;1985-12-27;449;3815.99;RS;2021-05-23
5092;Vinícius Martins;970.685.214-01;1964-03-31;708;6282.86;SC;2022-08-05
5093;Gustavo Henrique Nascimento;920.573.416-07;1958-08-11;544;7266.11;RS;2022-04-23
5094;Olivia Guerra;357.421.906-70;2008-02-02;466;2644.81;PR;2024-09-12
5095;Nina Garcia;361.207.845-35;1998-01-06;648;7300.8;PE;2021-05-24
5096;Raul Pastor;837.209.645-74;2002-06-17;519;3886.17;GO;2021-04-28
5097;Luna Castro;608.952.137-02;1957-02-08;749;5974.14;BA;2023-11-28
5098;Lorenzo Gomes;681.793.240-87;1989-09-09;579;5197.63;SP;2021-12-18
5099;Srta. Ayla Cunha;716.809.243-03;1969-04-05;652;6246.44;BA;2023-04-22
5100;Dr. Leandro da Rocha;450.869.327-00;1994-04-18;774;6499.0;SC;2021-11-18
5101;Sr. Yuri Freitas;295.361.470-25;1975-07-05;655;5454.11;RJ;2021-09-22
5102;Anthony Caldeira;504.287.931-50;2005-10-23;678;5479.17;PE;2023-05-07
5103;Kamilly Dias;810.497.265-02;2005-07-12;619;6148.63;GO;2021-05-21
5104;Dr. Pedro Mendes;623.950.714-80;1981-10-30;801;4900.45;SC;2022-02-27
5105;João Pedro Dias;490.612.758-49;1975-09-17;621;4279.31;MG;2022-02-26
5106;Vitória Macedo;592.487.136-37;1980-01-15;582;5058.52;PR;2023-06-05
5107;Ana Laura Fonseca;215.603.784-17;1965-08-15;700;5487.87;GO;2021-11-22
5108;Maria Caldeira;054.361.289-98;1969-08-17;390;2154.95;CE;2024-03-23
5109;Beatriz Leão;128.509.436-06;1995-03-13;727;3075.57;PR;2024-04-18
5110;Gabrielly Nunes;597.826.143-19;2004-06-15;762;6617.23;RS;2023-10-27
5111;Liam Silva;807.326.519-21;1971-08-29;777;6017.43;GO;2022-07-19
5112;Sr. Kevin Melo;736.580.291-02;1961-05-29;372;3406.36;RS;2021-01-16
5113;Ana Sophia Aragão;310.287.645-53;1963-08-31;772;7100.72;MG;2023-07-02
5114;Raquel Freitas;031.896.752-95;1991-11-15;540;4406.76;RJ;2023-03-29
5115;Enrico Machado;867.923.450-83;1983-12-06;556;3628.73;CE;2022-05-21
5116;Lucas da Costa;851.736.942-46;1979-05-18;734;4674.47;PE;2022-11-05
5117;Fernando Pacheco;268.059.147-01;2007-10-26;512;2991.97;CE;2023-10-03
5118;Levi Câmara;157.689.023-68;1956-11-18;441;3674.41;GO;2023-08-06
5119;Dra. Lunna Castro;960.854.137-93;2005-05-20;759;5887.12;CE;2021-03-22
5120;Asafe Novaes;716.203.498-50;1966-07-14;439;4351.94;RJ;2022-08-13
5121;Theodoro Caldeira;783.401.692-03;1958-05-23;822;5929.76;GO;2022-12-12
5122;Alana Cirino;634.581.792-91;1986-12-22;562;5011.66;PR;2023-03-12
5123;Brayan Cardoso;469.123.708-96;1989-11-05;814;5992.17;CE;2021-12-25
5124;Pedro Moura;435.920.678-00;1957-08-28;460;4311.42;SC;2022-05-26
5125;Maria Cecília Fernandes;851.067.492-20;1990-06-15;715;5726.13;MG;2024-06-19
5126;Dra. Emilly Montenegro;068.597.312-30;2005-05-15;553;5418.38;SC;2023-07-27
5127;Milena Viana;567.438.029-56;1978-04-06;683;4695.56;SC;2024-09-11
5128;Ana Júlia Fogaça;639.780.541-75;1996-09-16;625;3648.29;MG;2024-12-01
5129;Dr. José da Rocha;268.190.543-51;1967-11-24;702;5353.77;CE;2021-07-15
5130;Dra. Caroline Marques;039.426.785-00;1970-04-30;567;4503.13;SC;2024-12-01
5131;Cecília Novais;958.134.067-00;1986-03-05;624;5886.93;SP;2022-05-06
5132;Maysa Rodrigues;280.647.351-90;2000-07-10;690;5363.59;MG;2022-07-15
5133;Asafe Mendonça;608.953.172-30;1976-07-13;711;6088.74;PE;2022-08-21
5134;Ana Julia Novais;257.430.891-32;1971-03-26;568;4419.28;RJ;2024-11-30
5135;João Vitor Câmara;281.357.694-82;2001-07-28;602;5321.26;RS;2023-10-08
5136;Sr. Rodrigo Pacheco;739.506.218-30;1964-08-12;575;4209.59;SC;2024-02-07
5137;Erick Andrade;405.832.716-26;1969-10-15;850;7739.74;RJ;2023-01-26
5138;Rafael da Mota;534.689.071-84;1973-12-04;528;4794.94;RJ;2021-08-04
5139;Clarice Lopes;256.908.314-33;1955-07-10;634;5463.55;PE;2022-10-30
5140;Brayan Santos;073.986.541-20;1973-11-28;636;6277.64;SC;2023-07-13
5141;Dra. Caroline Borges;279.154.860-20;1973-10-12;661;5225.91;MG;2022-06-02
5142;Agatha Rios;154.308.796-57;1989-12-01;745;6193.29;RS;2023-11-03
5143;Dr. Rael Câmara;856.730.492-00;2005-10-26;634;5386.02;SP;2023-08-05
5144;Sr. Vicente Vasconcelos;621.309.547-07;1961-10-04;608;4873.23;SP;2021-05-30
5145;Ian da Luz;152.069.837-21;2002-11-15;549;3640.83;GO;2023-02-20
5146;Heitor Aparecida;347.109.582-97;1997-12-17;500;2608.02;BA;2023-03-29
5147;Pedro Silva;619.582.430-51;1972-02-27;514;3937.73;RS;2023-03-24
5148;José Rezende;418.503.692-24;1995-03-11;632;4784.7;SP;2021-01-22
5149;Dom Albuquerque;964.135.708-57;1998-04-03;337;4270.59;PR;2021-08-23
5150;Ísis Castro;254.387.609-00;1965-09-18;750;6445.76;MG;2022-11-01
5151;Dr. Liam Azevedo;624.180.359-05;2003-01-02;848;5806.64;GO;2023-09-20
5152;Srta. Isadora da Luz;860.734.592-38;1997-10-14;846;5802.79;GO;2021-05-20
5153;Sr. Davi Lucca das Neves;751.406.829-58;1991-01-24;648;3910.16;RJ;2024-01-29
5154;Amanda Farias;173.495.286-55;2007-06-14;621;5354.17;RS;2023-06-16
5155;Eduarda Correia;984.153.706-01;1978-12-04;601;5521.88;MG;2023-08-23
5156;Francisco Pimenta;732.510.864-80;2002-03-21;631;4525.59;PR;2021-11-27
5157;José Mendes;657.809.324-92;1958-08-01;551;5218.91;MG;2021-02-06
5158;Sr. Marcos Vinicius Almeida;604.257.819-76;1983-08-05;541;5243.4;CE;2021-07-25
5159;Yuri Aparecida;860.312.947-96;1995-01-26;766;4459.29;MG;2022-08-26
5160;Rodrigo Casa Grande;301.682.957-68;1990-11-18;755;8100.42;RJ;2023-12-31
5161;Dra. Mariane da Rocha;207.364.815-08;1968-09-16;650;5799.08;SC;2021-12-11
5162;Gustavo Henrique Lopes;961.785.423-64;1981-07-18;744;5676.52;RJ;2024-10-07
5163;Yan Azevedo;209.745.813-05;1986-07-12;641;3813.8;SP;2024-10-19
5164;Amanda Rios;594.706.318-20;1966-12-28;636;5586.11;PR;2021-11-11
5165;Daniela Souza;084.612.597-85;1997-04-13;681;6513.42;GO;2023-01-04
5166;Hellena Nascimento;163.794.805-01;1971-04-07;527;3683.39;MG;2022-03-20
5167;Beatriz Brito;683.504.172-26;1966-02-07;847;6625.67;SP;2024-10-14
5168;Sofia Rios;584.309.267-47;1993-04-21;644;5084.99;PE;2022-03-19
5169;Raul Moreira;456.913.708-39;1969-08-19;521;5791.53;GO;2024-11-27
5170;Dr. Rodrigo Abreu;806.479.512-58;1985-09-09;556;3320.71;SP;2024-07-24
5171;Thales Silva;038.541.769-10;2007-09-09;565;2518.29;PE;2024-08-05
5172;João Lucas Porto;791.358.426-28;1959-06-17;541;3359.87;RJ;2023-03-11
5173;João Gabriel Pacheco;196.735.248-82;2002-04-26;694;4878.59;PR;2023-06-29
5174;João Miguel Sá;045.367.829-74;1970-04-15;726;7206.48;SP;2024-05-10
5175;Sr. Mathias Martins;876.934.102-87;2004-04-15;713;5488.61;SP;2021-04-10
5176;Sr. Davi Lucas Castro;719.548.302-97;1962-01-24;636;3563.02;SC;2022-02-18
5177;Isabelly Machado;183.647.950-66;1987-01-04;603;3963.56;RS;2023-02-07
5178;Carolina Farias;972.861.530-21;1994-10-25;703;8196.75;RS;2022-02-14
5179;Srta. Ana Carolina Oliveira;169.248.357-91;1965-11-02;679;3440.86;RJ;2021-02-02
5180;Benjamin Jesus;341.958.702-32;1995-11-02;576;4730.49;SC;2021-02-27
5181;Benjamin Pereira;602.738.519-77;1955-08-31;630;4309.19;SP;2022-11-22
5182;Liz Oliveira;468.027.139-69;1985-07-11;649;3949.5;RS;2024-10-24
5183;Miguel Rodrigues;153.042.768-17;1961-08-27;506;4693.8;RJ;2022-03-28
5184;Catarina Mendes;378.160.592-21;1992-07-02;498;4522.21;RJ;2024-09-22
5185;Alexandre Mendonça;640.512.973-06;1972-07-16;455;5404.83;MG;2021-12-09
5186;Marcelo Lima;647.892.135-28;2003-11-10;527;3992.33;SP;2023-05-02
5187;Davi Miguel Silva;581.263.490-42;1962-03-05;659;4706.65;PE;2021-08-09
5188;Maria Flor Garcia;601.547.892-67;2007-11-03;637;5671.36;BA;2022-10-23
5189;Sra. Ana Laura da Costa;786.134.920-96;1986-01-12;735;6671.5;PE;2024-07-07
5190;Isaque Montenegro;420.736.891-40;1969-02-09;599;4645.37;RS;2024-07-03
5191;Cauê Albuquerque;453.981.067-75;1987-12-16;850;7749.89;RS;2024-01-15
5192;Sra. Gabrielly da Cruz;936.048.715-57;1977-03-23;509;4171.99;SC;2023-05-27
5193;Maria Liz Lopes;768.539.412-09;1986-09-09;579;4496.67;RJ;2022-04-21
5194;Isaque Nascimento;625.481.073-53;1965-10-31;472;3364.08;RS;2021-08-05
5195;Alexia Novaes;540.879.231-50;1970-01-22;837;7275.08;BA;2022-10-25
5196;Thomas Silveira;478.093.651-93;1979-08-16;321;3784.72;MG;2021-01-31
5197;Carlos Eduardo Teixeira;321.905.784-50;1989-03-02;750;5640.71;SC;2024-09-01
5198;Carolina Vasconcelos;782.514.930-05;1979-06-19;706;4788.6;BA;2021-01-25
5199;Eloah Cassiano;095.274.831-23;1971-10-23;563;6002.55;SC;2022-03-12
5200;Davi Lucca Costela;180.743.629-22;2007-02-04;587;2826.27;GO;2022-03-27
5201;Oliver Ribeiro;182.394.650-05;1958-12-05;612;4817.41;RJ;2024-09-09
5202;Laura Sousa;687.301.942-96;1998-08-27;763;6118.34;PR;2024-08-24
5203;Ana Beatriz Peixoto;980.512.634-05;2007-01-31;569;5597.06;CE;2023-01-26
5204;Maysa Moreira;728.169.034-78;1992-10-14;634;4321.98;SP;2021-05-18
5205;Antony Camargo;952.407.831-79;1963-11-03;758;6257.66;RS;2023-04-22
5206;Evelyn Peixoto;819.523.076-86;1989-12-28;620;5137.91;PR;2024-05-11
5207;Sr. Kaique Almeida;078.391.642-69;1957-05-22;491;3400.35;GO;2021-07-28
5208;Emilly Cassiano;689.174.025-85;2005-12-29;620;4765.34;PE;2024-03-11
5209;Asafe Caldeira;387.496.512-00;1999-06-30;772;6393.41;MG;2022-05-31
5210;Lavínia Peixoto;134.568.027-90;2004-10-21;722;5785.4;RJ;2024-05-13
5211;Bruno Mendes;480.196.253-05;1968-03-07;746;6365.53;BA;2024-07-16
5212;Rodrigo da Paz;601.835.794-10;1986-07-30;621;4954.72;SC;2024-10-20
5213;Guilherme Azevedo;941.023.587-14;1972-11-06;505;4546.92;MG;2022-11-12
5214;Miguel Nogueira;423.719.805-79;1956-02-16;615;4418.01;MG;2024-07-25
5215;Sra. Ana Vitória Borges;750.916.328-59;1960-09-22;752;4765.78;BA;2024-09-26
5216;Nicolas da Costa;507.981.423-32;1988-06-23;569;5579.72;GO;2021-05-19
5217;Maria Luiza Costela;180.265.497-67;1963-04-11;657;5208.14;BA;2021-02-06
5218;Sr. Otávio Marques;759.438.102-50;1973-08-05;650;5379.41;CE;2024-04-13
5219;Dra. Ana Clara Teixeira;197.063.528-21;1980-05-27;438;3154.74;GO;2023-02-23
5220;Alexia Duarte;924.568.170-01;1998-07-17;813;5844.68;PE;2024-08-04
5221;Alexandre Moura;016.759.328-59;2006-03-20;581;4106.38;RS;2023-10-29
5222;Zoe Leão;105.832.764-07;2006-12-24;609;4288.88;CE;2024-12-14
5223;Alice Correia;962.754.813-82;1982-09-17;678;5621.31;SP;2022-04-22
5224;Luigi Pacheco;864.732.519-28;1982-01-22;712;4645.06;SP;2024-06-16
5225;Leonardo da Costa;521.740.638-08;1964-02-03;579;4406.28;RJ;2022-09-25
5226;Stephany Moreira;462.351.789-64;1996-11-21;674;4598.78;RS;2023-05-28
5227;Evelyn Garcia;486.029.351-70;1961-01-12;729;7018.42;RS;2024-06-23
5228;Nicole Gonçalves;637.245.980-92;1990-03-29;501;3517.13;RJ;2021-05-03
5229;Paulo Correia;826.431.579-82;2002-10-06;556;7080.39;MG;2023-02-07
5230;Dra. Isadora Dias;397.201.564-06;2003-02-10;568;6221.63;GO;2022-08-31
5231;Kevin Jesus;507.281.364-90;1981-01-16;468;2754.35;RS;2021-11-07
5232;Ana Julia Martins;653.794.820-74;1974-02-02;537;3450.31;SC;2022-02-23
5233;Clara Costela;930.256.814-89;1972-05-23;587;3987.22;SP;2022-05-03
5234;Ísis da Mata;579.318.402-32;1964-11-28;521;5326.47;CE;2023-06-28
5235;Apollo Cirino;973.261.580-02;1981-08-30;766;7077.3;BA;2021-10-02
5236;Camila Sampaio;937.512.864-46;2007-11-16;682;5548.74;PR;2022-10-13
5237;Lucas Gabriel da Cruz;521.738.460-35;1979-12-22;560;3526.84;SP;2023-12-03
5238;Laís Fonseca;610.348.257-71;2006-03-05;663;4130.37;SC;2024-08-20
5239;Isabella da Paz;076.519.832-03;1959-09-20;500;5152.91;PR;2021-02-18
5240;Isis Moura;298.507.641-20;1986-10-01;848;7177.3;RS;2022-11-10
5241;Lavínia da Paz;524.301.978-04;1966-01-28;752;5770.15;BA;2022-05-12
5242;Sra. Sofia Cunha;865.490.173-00;1980-04-27;459;4284.17;RS;2024-01-10
5243;Maya Cassiano;103.524.897-23;1977-07-26;688;5575.67;SP;2024-09-23
5244;Clara Guerra;379.485.261-37;1974-04-12;590;5682.21;RS;2024-11-08
5245;Calebe Cavalcanti;087.536.421-71;1963-04-29;501;3234.22;RS;2024-05-30
5246;Srta. Eduarda Ribeiro;709.348.256-29;1978-04-17;499;4076.97;SC;2023-12-04
5247;Dr. Matteo Costa;853.402.791-97;1964-10-26;489;3227.76;BA;2022-01-11
5248;Calebe Pastor;236.958.407-65;1972-10-01;535;4019.39;GO;2024-07-13
5249;Sra. Eloah Fernandes;876.519.420-94;1990-09-17;441;3615.2;SP;2021-05-13
5250;Luana da Rosa;629.384.175-19;1957-10-01;769;6287.49;GO;2021-05-24
5251;Alícia Vargas;350.289.167-21;1959-03-08;804;7766.0;RS;2021-04-17
5252;Davi Lucca Jesus;784.506.392-47;1963-10-11;713;5778.69;MG;2022-02-23
5253;João Lucas da Paz;083.914.275-79;1990-03-20;622;5739.8;MG;2021-07-07
5254;Ester Silva;597.028.341-04;2005-04-17;572;2693.48;MG;2024-04-28
5255;Ísis Cirino;501.826.947-20;1985-06-24;679;4300.93;PE;2022-02-23
5256;Isis Monteiro;965.420.178-01;1979-01-28;504;4032.22;RS;2023-11-06
5257;Srta. Catarina Correia;409.652.783-10;1992-11-17;608;3451.92;RJ;2023-05-23
5258;Dr. Calebe Castro;548.921.607-76;1961-05-25;639;6078.14;GO;2022-09-30
5259;Luiz Fernando Jesus;197.623.045-43;2007-09-22;484;5144.48;MG;2022-02-09
5260;Eduarda Pimenta;356.748.120-71;2004-01-09;432;5573.32;RS;2023-05-19
5261;Sr. Breno Pimenta;357.269.810-30;1958-05-20;570;4705.62;MG;2024-05-25
5262;Maitê Andrade;027.916.843-87;1962-02-08;392;3073.86;RS;2022-09-13
5263;Maysa Siqueira;825.649.371-28;1999-01-06;647;5089.84;PR;2024-03-26
5264;Lavínia Santos;759.043.682-83;1993-01-16;552;3469.44;GO;2024-07-25
5265;Dra. Clarice Garcia;054.197.236-70;1983-11-09;755;6070.81;RS;2022-07-11
5266;Kevin Peixoto;029.684.135-89;2003-03-11;804;5905.52;GO;2021-06-13
5267;Maya Rezende;728.064.915-76;1981-01-31;567;5351.59;BA;2023-03-27
5268;Pedro Miguel Barbosa;319.062.547-61;1992-06-08;425;2186.54;SC;2021-12-10
5269;Igor Aragão;384.972.615-00;1962-05-16;751;4836.07;GO;2023-06-23
5270;Thiago Garcia;870.594.361-20;1977-10-22;401;5076.53;SC;2023-11-01
5271;Luiz Felipe Abreu;859.314.207-97;1993-03-09;452;3800.12;CE;2023-06-07
5272;Enzo Gabriel Moraes;240.637.185-90;1970-12-25;628;2213.37;MG;2023-09-15
5273;Dr. Danilo Azevedo;284.306.591-70;1955-10-18;587;5144.41;SP;2023-02-21
5274;Emilly Alves;687.590.243-56;2000-04-07;662;6199.52;SC;2021-06-20
5275;Vicente Caldeira;839.624.501-06;1969-07-05;573;5296.5;PR;2024-05-03
5276;Isaque Duarte;045.963.217-52;1964-07-18;537;2885.53;PE;2021-11-09
5277;Diogo da Rocha;317.290.548-97;1962-09-27;464;2249.89;PE;2021-12-26
5278;Agatha Gonçalves;032.948.657-83;1977-02-21;741;4413.43;PR;2023-02-19
5279;Emilly Monteiro;912.670.483-87;1967-10-10;652;4950.08;GO;2022-09-19
5280;Aurora Souza;261.708.543-08;1989-01-21;607;6219.61;GO;2022-08-04
5281;Laura Fogaça;359.284.176-91;1982-06-01;567;5147.6;SC;2024-02-26
5282;Isaque da Cruz;408.239.657-83;1977-11-28;624;4839.98;CE;2023-09-12
5283;Levi Fogaça;613.725.049-07;1991-03-06;850;5358.66;RJ;2022-11-14
5284;Carolina Costela;589.204.736-92;1965-10-13;774;6848.41;MG;2023-08-20
5285;Maria Flor Ramos;143.256.870-17;1974-11-18;562;6125.32;RS;2021-11-13
5286;José Nascimento;297.503.184-04;1966-06-27;398;2662.23;RS;2021-01-09
5287;Paulo da Costa;527.839.641-55;1988-11-24;474;4204.08;SP;2023-10-23
5288;Benjamim Oliveira;198.403.276-31;1991-07-21;486;4321.06;BA;2023-10-04
5289;João Lucas Camargo;793.018.542-79;1998-10-29;597;4296.65;SC;2023-05-02
5290;João Miguel Teixeira;123.506.874-90;1967-04-15;666;5059.38;SC;2023-02-04
5291;Dra. Pietra Albuquerque;297.150.483-23;1980-11-11;489;6713.37;SC;2023-09-30
5292;Benjamin Porto;681.940.357-75;1992-04-07;561;2270.39;PR;2024-08-05
5293;Olivia Vargas;953.786.210-03;1972-04-02;518;2876.72;CE;2021-05-26
5294;Kaique Campos;781.043.295-88;1983-05-06;719;6073.65;SC;2021-03-21
5295;Dr. Josué Pires;457.281.906-85;1994-04-05;667;4965.98;RJ;2023-02-28
5296;Isabelly Moreira;678.953.241-28;1985-10-31;586;4317.07;CE;2021-11-29
5297;Francisco Barbosa;132.475.689-64;1956-07-20;610;5715.33;RS;2023-06-13
5298;Sr. Diego da Paz;364.572.891-00;1965-06-05;660;5780.11;PR;2022-12-15
5299;Mathias Castro;013.529.648-05;1957-11-07;679;6316.44;PE;2024-12-23
5300;Kaique Viana;560.237.149-43;1960-04-06;654;5590.85;GO;2024-07-24
5301;Maria Sophia Fogaça;042.683.951-05;1959-11-10;762;5430.95;BA;2024-11-27
5302;Isaque Camargo;205.873.946-92;1994-09-04;517;2950.08;SP;2024-08-26
5303;Olívia da Mota;208.749.613-78;1997-11-06;641;3274.27;SC;2023-05-19
5304;Zoe da Cunha;025.183.497-23;2007-09-04;675;5290.81;RS;2022-05-12
5305;Marcela Novaes;140.792.658-67;1984-10-07;756;5376.08;GO;2021-03-12
5306;Isaac Macedo;350.748.169-39;1999-07-30;595;5882.2;BA;2024-07-16
5307;Sra. Milena Sousa;875.309.216-30;1996-09-30;785;5599.85;SP;2024-11-29
5308;Vitória Santos;086.341.927-50;2008-03-14;641;5422.42;MG;2022-06-20
5309;Cecília Marques;739.516.428-82;1994-02-05;664;5049.42;CE;2023-07-22
5310;Leandro Castro;527.186.039-68;1979-03-31;773;4294.3;MG;2022-06-05
5311;Cecilia Correia;576.129.430-34;1999-11-12;569;4999.93;RS;2024-05-18
5312;Bianca Souza;791.834.502-97;1999-05-07;674;6744.76;CE;2024-09-19
5313;Ana Laura Nogueira;935.710.264-70;2003-05-31;763;5818.46;MG;2021-01-26
5314;Luiz Otávio Cardoso;369.451.208-05;1956-11-08;775;5485.96;RJ;2021-07-09
5315;Enrico Alves;389.615.270-02;2005-01-08;731;7658.52;SC;2023-03-26
5316;Dra. Julia Duarte;145.726.390-43;1990-01-31;765;6225.77;CE;2021-06-14
5317;Alexia da Mota;408.529.713-97;2004-03-25;580;3111.41;PE;2022-01-22
5318;Yan Santos;706.849.135-93;1978-06-07;657;4140.78;SC;2021-12-06
5319;Ana Cecília Abreu;426.837.501-53;1980-03-27;524;3001.25;SC;2022-06-02
5320;Anthony Gabriel Cunha;319.856.740-84;1959-12-07;564;4484.03;PR;2023-10-23
5321;Sarah Lima;203.164.975-25;1965-11-11;652;4615.49;PE;2024-09-10
5322;José Miguel Moreira;768.342.509-56;1998-10-18;748;5775.79;SC;2024-04-15
5323;Ravy Novaes;723.091.654-25;1960-02-20;525;4426.29;PR;2023-04-23
5324;Sr. Carlos Eduardo Moraes;186.549.723-19;1996-11-20;850;7135.16;RJ;2021-08-12
5325;Antonella Nogueira;470.615.329-80;1984-05-09;576;3080.54;CE;2022-12-07
5326;Maria Vitória Costa;784.129.603-78;1972-04-18;593;4978.93;MG;2022-07-05
5327;Maria Sophia Freitas;940.568.372-10;1978-12-10;573;2918.62;RS;2023-03-27
5328;Kaique Barbosa;352.864.901-15;1983-11-29;517;5590.54;PR;2021-01-14
5329;Sara Fogaça;367.540.819-10;1984-12-20;792;5449.36;MG;2023-10-05
5330;Liz Moreira;085.417.329-32;1972-06-13;700;4421.43;SP;2021-07-18
5331;Giovanna Camargo;758.431.920-32;1983-05-12;788;6549.24;RJ;2024-11-27
5332;Ana Liz Cunha;573.902.468-47;1995-04-26;733;4148.91;SC;2023-12-12
5333;Juliana Santos;546.139.782-46;1963-07-24;701;5600.33;SC;2024-09-02
5334;Sophie Oliveira;872.946.503-65;1996-07-23;722;6690.87;PR;2023-06-02
5335;Liz Aragão;976.418.203-87;1957-05-28;627;4415.17;MG;2021-12-28
5336;Eduarda Jesus;810.327.459-32;1992-12-21;713;5643.85;BA;2022-01-17
5337;Yago Garcia;318.497.625-46;1958-04-15;515;3199.85;MG;2022-02-10
5338;José Vasconcelos;160.379.582-03;1995-11-20;442;3025.71;GO;2022-01-08
5339;Anthony da Luz;369.807.521-03;1962-09-11;752;6193.83;PE;2021-08-14
5340;Sr. Théo Moura;630.972.815-68;1972-04-29;556;5252.86;GO;2024-03-07
5341;Aurora Rios;095.243.186-60;1984-07-10;520;4255.35;RS;2022-01-16
5342;Sra. Carolina Novais;135.472.869-64;1985-12-09;598;5563.13;RS;2021-05-01
5343;Marcelo Lima;245.019.763-06;1982-11-17;430;2589.8;MG;2022-01-28
5344;Rebeca Pacheco;763.109.452-70;1956-07-15;423;3124.4;PR;2023-04-18
5345;Luiz Otávio Souza;857.063.241-07;1967-11-17;765;5614.55;GO;2024-07-07
5346;Dante Ribeiro;890.731.426-87;2002-01-22;558;5335.72;CE;2021-08-12
5347;Benicio Pimenta;836.594.027-29;2003-10-04;748;5895.43;MG;2021-06-13
5348;Maria Luísa da Rosa;928.051.637-02;1985-04-08;702;4539.05;PR;2021-06-25
5349;Ana Laura Ferreira;628.017.539-12;1975-07-26;785;8428.71;SC;2021-09-13
5350;Maria Liz Azevedo;392.846.510-42;2002-10-01;682;3371.67;PR;2021-05-12
5351;Dr. Vitor Peixoto;782.901.356-02;1956-07-03;553;5036.83;BA;2021-03-02
5352;João Felipe Novais;207.845.693-47;1962-07-19;569;5824.2;CE;2022-04-26
5353;Joaquim Pinto;475.031.986-48;1973-05-04;690;4813.52;GO;2023-09-21
5354;Luísa Azevedo;623.087.459-83;2000-07-22;623;4090.17;RJ;2021-01-20
5355;Maitê da Mata;217.480.365-80;1996-07-15;598;4229.41;SP;2022-06-29
5356;Henry Gabriel Novaes;752.189.360-30;1991-03-13;760;8196.01;SP;2024-09-24
5357;Srta. Bárbara Oliveira;430.276.915-70;1956-02-25;448;1660.78;CE;2021-03-27
5358;Benício Martins;852.096.341-24;1979-02-22;590;3201.58;RJ;2022-03-09
5359;Yago da Mota;016.435.892-70;1968-04-27;625;5748.94;PE;2021-01-15
5360;Nicole Pimenta;594.128.370-97;1983-09-16;799;6593.39;SC;2024-05-19
5361;Diogo da Cunha;370.628.194-50;1966-11-16;596;2789.62;PE;2022-06-29
5362;Sophie Gonçalves;752.316.089-12;2002-09-28;623;5055.29;GO;2023-08-28
5363;Clara Machado;478.290.356-10;2002-08-13;696;4859.51;BA;2024-05-22
5364;Nathan Jesus;702.135.468-17;2004-06-21;567;3058.0;SC;2022-11-21
5365;Cecília Mendes;241.679.805-76;1962-03-21;345;1651.5;BA;2024-10-28
5366;José Miguel Cavalcanti;837.946.251-37;1962-06-12;431;3784.71;BA;2022-10-08
5367;Maysa Abreu;945.310.286-51;1974-04-17;557;3917.76;RS;2023-01-10
5368;João da Paz;917.256.048-76;1956-03-24;501;800.0;SC;2023-02-15
5369;Murilo da Cruz;791.624.580-94;1996-08-12;800;5399.73;CE;2021-04-28
5370;Ravi Viana;689.270.153-12;1992-07-15;570;3105.11;BA;2022-11-08
5371;Davi Miguel Freitas;435.869.012-24;1959-06-14;736;6031.43;RJ;2021-01-07
5372;Laura Nunes;759.281.630-02;1996-04-01;520;3767.77;GO;2024-12-01
5373;Elisa Teixeira;594.832.601-24;2008-03-15;821;6495.03;SC;2021-10-12
5374;Anna Liz Porto;083.472.195-32;1994-10-28;598;3842.62;SP;2024-05-17
5375;Carlos Eduardo Farias;816.395.420-51;2002-07-16;392;2975.96;RJ;2023-12-23
5376;José Miguel da Paz;019.267.435-80;1990-06-16;659;6371.58;PR;2024-12-03
5377;Raul Brito;528.376.901-12;1988-08-30;350;1674.9;RS;2023-01-25
5378;Stella da Conceição;387.042.615-26;1958-04-15;550;4396.52;GO;2024-06-20
5379;Dra. Laura Cavalcanti;801.596.742-20;1996-06-03;602;4694.31;GO;2023-11-21
5380;Sara Rocha;608.925.417-76;1975-07-20;668;4440.71;SC;2024-09-14
5381;Dr. Enzo da Rosa;749.162.058-20;1958-02-28;732;6289.45;RS;2021-01-07
5382;Ayla Almeida;491.036.275-43;2000-02-20;581;6248.91;BA;2021-02-04
5383;Dra. Brenda Gonçalves;512.639.874-19;2004-06-05;806;7380.9;BA;2021-04-04
5384;Benjamim Barbosa;967.813.245-19;1966-01-29;300;3978.95;BA;2024-10-20
5385;Alexandre Albuquerque;297.815.460-85;1994-11-21;715;7726.41;GO;2022-04-24
5386;Ana Julia Cardoso;091.742.368-22;1989-11-02;768;7722.34;CE;2023-09-20
5387;Srta. Raquel Sousa;326.508.179-68;1965-07-15;725;7148.69;SC;2024-06-08
5388;Nicolas Castro;259.630.187-30;1994-11-18;850;7016.55;RJ;2022-12-15
5389;Bento Moreira;041.937.856-10;1962-11-20;431;3140.54;SC;2023-09-03
5390;Caio Guerra;401.653.879-39;1974-04-28;666;5402.89;RJ;2023-02-28
5391;Carolina Montenegro;379.150.462-25;2000-03-08;470;2128.93;PR;2024-05-28
5392;Sra. Alexia Monteiro;842.795.601-02;2005-10-07;531;5055.74;RS;2024-12-29
5393;Felipe Brito;902.184.357-97;1986-05-31;809;7388.57;MG;2023-12-02
5394;Clarice da Costa;738.140.629-22;1987-08-03;746;5887.18;CE;2023-10-31
5395;Guilherme Silva;731.240.865-62;1972-05-29;410;2824.78;SP;2021-09-19
5396;Levi Martins;283.954.067-38;2003-03-02;588;4206.95;GO;2021-06-28
5397;Aylla Oliveira;579.318.206-30;2001-09-17;626;5449.42;PR;2024-10-10
5398;Sr. João Vitor Aparecida;148.305.729-14;2004-04-20;722;5497.88;PE;2023-08-15
5399;Letícia Borges;901.678.253-21;2005-12-08;391;2645.12;MG;2023-07-03
5400;Alexia Novaes;810.763.429-22;1987-11-23;625;6222.81;RJ;2023-09-15
5401;Ana Cecília Porto;253.619.470-16;1993-05-12;551;4920.54;PE;2022-05-09
5402;Allana Moraes;534.796.810-93;1973-06-06;654;5275.9;RS;2022-03-10
5403;Maria Liz Porto;680.741.923-69;2000-07-27;731;5187.16;MG;2024-09-13
5404;Enrico Pinto;341.790.865-57;1977-03-09;550;4388.1;RJ;2021-08-05
5405;Aylla Sales;802.396.415-15;2007-02-01;543;4852.01;SC;2021-03-01
5406;Aylla Dias;312.047.586-62;1975-04-18;534;4498.3;MG;2022-10-31
5407;Rebeca Mendonça;894.105.263-70;1978-08-17;607;5070.93;SC;2022-07-29
5408;Dra. Aylla Pereira;083.219.756-40;1958-02-20;564;4172.91;RS;2022-06-12
5409;Sarah Albuquerque;201.573.869-02;1975-08-04;631;5250.07;GO;2024-10-05
5410;Melissa Sales;038.756.192-77;2007-08-03;619;6657.36;RJ;2024-09-24
5411;João Felipe da Costa;583.621.947-82;1997-11-16;501;3943.8;MG;2023-12-31
5412;Dra. Eloá da Luz;432.106.875-44;1967-06-18;431;3820.08;GO;2021-07-05
5413;Sra. Nina Brito;548.067.312-26;1990-03-18;486;3609.69;BA;2022-04-04
5414;Paulo Garcia;594.263.180-89;1977-01-13;575;4880.89;CE;2024-05-15
5415;Liam da Mata;720.941.836-96;1981-01-06;553;3828.69;RJ;2024-08-11
5416;Dr. Thales Casa Grande;276.083.495-65;1994-02-03;792;6620.57;BA;2023-02-12
5417;Benjamim Farias;694.725.380-29;1992-08-08;552;4165.17;SC;2024-09-01
5418;Théo da Rosa;871.923.460-04;1964-03-30;817;6300.84;PE;2023-06-14
5419;Heitor da Costa;130.726.984-22;1957-05-27;537;3611.0;RS;2022-04-03
5420;Ryan Moura;501.793.284-41;1972-03-17;554;3837.5;PR;2021-08-25
5421;José Mendonça;839.241.607-40;1994-04-09;466;2603.8;PR;2021-06-29
5422;Pietro Oliveira;560.248.931-24;1982-12-28;520;4751.57;RJ;2021-07-02
5423;João Farias;943.607.215-52;1996-04-23;574;4384.84;BA;2024-04-27
5424;Dr. Francisco Cassiano;439.270.561-70;1960-08-17;772;7471.01;RS;2021-08-26
5425;João Lucas Marques;271.946.803-78;1990-02-21;586;4057.14;CE;2023-01-24
5426;Manuela Moreira;237.601.489-13;2002-01-02;516;4820.78;MG;2022-10-04
5427;Ana Lívia Souza;326.814.579-55;1968-12-29;595;4373.51;SC;2024-03-27
5428;Isadora Ferreira;816.725.430-53;1964-03-08;522;3406.33;SP;2022-09-29
5429;Pedro Miguel da Mota;139.407.825-05;1997-08-02;658;3948.56;SP;2024-04-23
5430;Sra. Nina Pinto;526.830.149-70;1992-09-26;739;5378.16;PE;2022-01-24
5431;Bella Barros;846.723.109-22;1977-06-25;602;3479.02;SC;2023-05-18
5432;Ryan Mendonça;138.492.567-82;1956-06-17;618;4615.68;BA;2023-01-18
5433;Emilly Pires;782.403.169-13;1960-03-23;613;6375.71;MG;2023-12-01
5434;Dr. Enrico Teixeira;014.657.328-53;1966-03-27;641;4333.34;CE;2024-04-24
5435;Maria Liz Garcia;537.804.691-20;1978-05-10;534;4867.13;RS;2021-08-07
5436;Mathias Camargo;721.698.304-13;1975-05-09;775;6481.92;SC;2021-01-19
5437;Alice Ramos;540.327.689-00;1977-08-10;702;6225.74;PE;2023-08-02
5438;Pietro Gonçalves;068.253.419-60;1999-05-01;790;4370.41;BA;2021-10-24
5439;Dr. Murilo Cavalcanti;164.982.075-58;1983-06-30;700;6583.74;PR;2022-03-25
5440;Dra. Maria Alice Nogueira;195.746.283-37;1975-06-10;459;2786.33;GO;2024-10-24
5441;Daniela Ramos;198.374.205-88;2003-07-04;517;3407.21;GO;2021-10-29
5442;Sr. Vitor Vargas;407.592.168-94;1989-04-06;562;4738.6;CE;2022-08-04
5443;Nicole das Neves;794.508.312-97;2000-10-15;723;6865.32;MG;2024-09-24
5444;Valentim Aparecida;340.985.617-00;1978-09-25;519;3307.3;SP;2024-05-11
5445;Danilo Moraes;082.517.643-35;1989-12-06;777;6862.74;BA;2022-09-25
5446;Lucas Gabriel Rezende;568.430.271-80;1991-07-06;629;5505.34;PE;2024-11-11
5447;Arthur Gabriel Guerra;618.240.359-42;2007-11-13;616;5452.58;RJ;2022-07-15
5448;Murilo Leão;516.728.430-90;1988-10-24;579;4900.8;CE;2023-09-07
5449;Sr. Gael da Cruz;593.826.047-74;1955-10-17;438;2816.22;RS;2023-10-11
5450;Sr. Lucas Gabriel Moreira;956.083.174-75;1991-10-27;538;3929.61;PR;2024-12-13
5451;Heloisa Casa Grande;846.520.719-49;1990-07-14;508;3530.46;SC;2021-05-01
5452;Maria Alice Leão;042.986.135-42;1963-07-28;438;4052.7;BA;2021-11-09
5453;Levi Novaes;916.582.034-70;1994-11-03;610;3174.79;RS;2022-04-06
5454;Ana Cecília Porto;047.596.123-43;1981-06-27;519;4488.6;SP;2022-01-02
5455;Enzo Gabriel Melo;613.497.085-93;1955-10-04;554;3735.06;GO;2023-03-14
5456;Lorena Dias;715.846.392-37;1967-01-17;611;5231.6;PR;2024-09-12
5457;Thales Cirino;607.498.521-94;1987-12-11;447;4126.13;MG;2021-02-14
5458;Ana Júlia da Cunha;684.250.139-33;1956-04-17;523;4166.07;PE;2023-03-15
5459;Maria Vitória da Paz;302.846.517-53;2001-05-06;615;4392.93;BA;2023-05-16
5460;Eloá Aragão;541.680.739-39;1964-05-30;497;3690.31;GO;2022-12-15
5461;Dra. Maria Liz Porto;963.185.470-10;1996-08-04;815;5158.32;SC;2023-03-12
5462;José Pedro Peixoto;643.278.159-00;1969-06-27;823;6324.28;RJ;2023-12-18
5463;Maria Liz Fogaça;504.791.623-52;1976-07-18;624;3905.29;PR;2022-08-02
5464;Isaque Aparecida;684.372.510-44;1993-12-23;527;3713.09;RS;2024-12-06
5465;Ryan Rezende;830.716.524-53;1975-09-21;494;3743.08;PE;2023-03-18
5466;Bianca Pinto;758.460.291-67;1987-02-15;571;6418.78;RJ;2021-09-26
5467;Ágatha Melo;130.875.492-23;1969-06-20;480;3942.69;BA;2024-04-03
5468;Ágatha Guerra;856.392.074-00;1999-11-21;649;4121.68;SP;2024-12-24
5469;Rodrigo da Mota;614.873.590-39;1985-01-31;702;5217.67;PR;2023-07-27
5470;Dra. Ana Vitória Casa Grande;301.892.547-50;1971-03-25;320;3219.85;MG;2024-03-28
5471;Thomas Barros;814.263.507-08;1995-03-07;485;2832.23;MG;2023-06-24
5472;José Martins;287.514.036-17;1963-07-02;702;5268.84;GO;2022-08-20
5473;Sophia Dias;409.567.123-80;1964-10-23;730;7050.17;MG;2022-03-06
5474;Manuella Gomes;296.738.045-83;2007-01-05;542;5129.26;RS;2022-02-05
5475;Miguel Souza;579.348.216-46;1990-11-21;529;6465.12;SP;2023-01-12
5476;Joaquim Correia;836.027.159-30;1972-09-06;536;5314.09;CE;2021-07-28
5477;Fernando Moura;659.307.218-40;1963-07-31;721;6084.09;MG;2023-02-11
5478;Arthur Nascimento;081.634.257-17;1957-07-09;539;4160.6;SC;2024-10-23
5479;Ana Carolina Fernandes;826.594.013-06;1968-03-18;361;3112.42;MG;2021-04-26
5480;Bruno Cardoso;589.073.241-23;1963-02-07;661;5421.5;RJ;2022-12-30
5481;Renan Gonçalves;938.420.567-29;1958-02-12;300;1134.36;GO;2022-01-03
5482;Dra. Maria Clara Correia;086.714.925-67;1956-07-31;530;4531.66;SP;2021-08-29
5483;Bárbara Mendes;345.608.712-80;1967-03-23;654;5061.78;PE;2024-08-24
5484;Daniel Correia;013.287.596-95;2001-10-15;696;4541.76;BA;2024-04-30
5485;Matheus Viana;468.071.592-85;2004-09-01;693;6018.74;SC;2021-11-01
5486;Luigi Azevedo;275.049.361-70;2006-06-09;665;5137.96;SC;2022-05-17
5487;Mathias Carvalho;650.728.491-20;1964-09-21;839;7205.2;SP;2021-09-01
5488;José Pedro Pires;429.865.137-19;1958-07-10;503;4272.31;RS;2023-03-24
5489;Dr. Guilherme Jesus;903.451.867-10;1997-05-09;710;5091.89;GO;2022-09-12
5490;Bernardo Fonseca;624.395.108-15;1965-02-28;750;6382.03;CE;2021-12-20
5491;Noah Monteiro;654.329.870-74;1982-09-17;338;3003.67;SC;2024-11-17
5492;Murilo Câmara;460.512.379-25;1988-10-25;571;5105.18;RJ;2023-08-08
5493;Dr. Fernando Monteiro;781.920.653-59;1979-02-15;733;6059.16;SC;2022-07-18
5494;Dra. Allana Souza;752.314.689-91;1979-06-28;819;6373.29;GO;2023-01-23
5495;Anthony Pimenta;057.923.481-97;1983-10-31;694;6356.94;SP;2021-09-03
5496;Apollo Costela;253.960.178-21;1960-06-28;608;5642.77;RJ;2021-06-19
5497;Agatha Pimenta;435.186.279-37;1966-01-08;548;3961.43;RJ;2023-09-29
5498;Ana Laura Cassiano;931.407.286-03;2007-03-25;462;3937.41;PE;2022-04-06
5499;Vinícius Monteiro;071.293.486-31;1959-09-27;659;6451.26;SP;2024-04-16
5500;Dr. Gael Henrique Correia;318.270.964-03;1997-07-31;714;5427.2;CE;2024-03-18
5501;Luiz Felipe Pires;385.421.079-50;2002-07-04;478;4256.85;GO;2022-07-15
5502;Luiz Miguel Sousa;017.892.645-02;1976-08-31;753;6779.18;RJ;2024-04-29
5503;Luiz Fernando Novaes;342.610.879-87;2002-10-05;750;5788.11;MG;2023-02-26
5504;Otávio Correia;895.321.640-06;1961-05-06;564;3775.1;GO;2024-08-13
5505;Pietra Azevedo;370.265.841-62;1962-10-15;613;4825.41;SC;2022-09-04
5506;Mariah Pinto;724.869.135-64;1978-07-09;644;5022.7;CE;2021-09-14
5507;Stella Barros;023.617.948-96;1976-01-23;603;4047.31;RJ;2022-10-29
5508;Kamilly Dias;827.163.509-30;1974-01-09;732;5932.52;RJ;2024-01-06
5509;Rebeca Rodrigues;216.980.357-21;2002-07-04;599;4044.57;MG;2023-04-11
5510;Sra. Alana Peixoto;295.468.310-42;1969-04-23;460;4987.96;SP;2023-03-18
5511;Sr. Henrique das Neves;145.296.830-60;2002-12-15;686;3864.08;PE;2024-01-04
5512;Juan Jesus;941.867.302-96;1965-12-27;711;6610.48;PE;2023-09-28
5513;Ana Júlia Barros;014.867.539-57;1999-10-16;634;6670.11;RJ;2023-11-29
5514;Yan Guerra;215.390.684-98;2007-03-27;646;3751.18;CE;2024-01-09
5515;Henrique Viana;321.475.690-70;1984-05-23;663;5548.9;RJ;2022-03-01
5516;Anna Liz Sampaio;275.936.081-40;1997-10-06;547;4949.56;RJ;2022-01-06
5517;Elisa Silva;536.719.204-16;1975-04-20;419;4342.57;CE;2024-11-24
5518;Dra. Mariah Moreira;928.514.730-50;2004-11-01;514;3127.05;MG;2021-01-11
5519;Benjamim Lima;870.491.263-22;2007-10-29;606;5280.97;PE;2023-07-05
5520;Lunna da Cunha;975.128.046-01;1986-11-06;639;4369.34;BA;2021-09-09
5521;Vicente Abreu;357.984.120-32;1991-09-03;559;3338.96;SP;2021-09-21
5522;Dr. Benício Montenegro;481.675.239-00;1995-03-07;593;5819.02;CE;2022-02-27
5523;Sra. Catarina Jesus;594.730.261-61;1998-04-08;619;5811.41;MG;2021-06-29
5524;Larissa Vieira;389.467.210-22;1977-06-21;794;5763.98;PE;2022-06-10
5525;Marcos Vinicius da Conceição;308.657.942-00;1984-07-15;597;6947.19;SP;2021-06-23
5526;Maria Helena Mendonça;703.265.891-12;1968-04-23;793;4671.6;RJ;2023-11-03
5527;Maria Cecília Guerra;892.104.563-51;1970-04-08;666;5328.56;PR;2023-01-15
5528;Gustavo Henrique Rios;658.432.719-19;1999-01-11;719;5007.02;PE;2021-12-18
5529;José Pedro Fernandes;023.854.176-26;2005-02-11;519;3475.93;SC;2024-09-09
5530;Vicente Costela;861.450.239-70;2000-02-10;551;5223.32;SP;2022-05-24
5531;Ana Cecília Nascimento;730.852.491-41;2007-02-11;478;3201.39;PR;2021-04-05
5532;Alexia Freitas;309.528.746-10;2000-04-14;405;4247.12;PE;2022-08-24
5533;Vitor Gabriel Martins;942.053.871-05;2001-05-23;772;5848.93;PE;2023-07-01
5534;Alice Carvalho;238.046.179-13;1994-03-10;584;5125.22;MG;2024-03-27
5535;Rebeca Rezende;862.549.170-76;2004-07-25;796;6776.61;GO;2024-11-24
5536;Ravi Cavalcante;634.987.520-65;1971-01-28;536;2669.18;BA;2023-12-07
5537;Kevin Cassiano;897.541.203-23;1997-02-19;486;3961.22;BA;2024-05-26
5538;Manuela Almeida;758.460.321-17;1985-12-02;541;4522.97;PE;2023-11-12
5539;Ana Clara Nunes;359.471.208-79;1975-06-30;553;3365.85;RS;2024-11-09
5540;Dr. João Pedro Freitas;635.924.017-34;1966-11-06;478;5386.35;RJ;2024-09-19
5541;Ravi Casa Grande;082.165.479-94;1968-11-21;726;7538.52;SP;2022-05-01
5542;Isabella da Cruz;406.732.951-25;1976-07-21;684;5042.01;SP;2022-01-21
5543;José Miguel Cardoso;527.683.194-73;2006-10-13;778;6190.93;MG;2022-09-06
5544;Sra. Ana Lívia Souza;816.723.409-69;1996-05-11;646;5125.18;RS;2021-10-02
5545;Antônio da Mata;527.061.943-16;2007-07-03;300;4004.74;CE;2024-02-05
5546;Sr. Fernando Rodrigues;205.463.897-83;1973-04-29;678;5753.82;RS;2024-04-26
5547;Lívia Fogaça;096.135.724-06;1970-06-25;612;5059.43;BA;2022-07-23
5548;Ryan Fernandes;296.147.083-87;2001-05-09;548;5000.58;MG;2024-06-28
5549;Raquel Moraes;529.013.764-52;1962-02-09;463;3890.07;SC;2021-06-02
5550;Ayla Rezende;125.807.493-14;1968-05-06;687;5297.33;PE;2022-06-07
5551;Dra. Ana Sophia da Mata;530.862.417-80;1960-08-02;664;4320.67;PR;2023-02-21
5552;Maria Flor Guerra;801.467.359-00;1974-12-07;504;4268.72;MG;2023-03-31
5553;Enzo Nunes;451.682.730-17;1965-10-27;701;3733.13;GO;2021-06-20
5554;João Abreu;865.931.027-68;1964-04-02;682;4912.8;PR;2024-10-17
5555;Apollo Gomes;539.421.780-79;1986-02-11;596;3428.48;SC;2024-11-23
5556;Emanuella Guerra;067.351.498-66;1963-09-18;517;5102.13;MG;2024-01-03
5557;Sra. Sara Ribeiro;915.328.604-98;1974-05-28;623;4601.22;RS;2021-05-25
5558;Kevin Costa;759.648.201-58;1959-07-08;606;5337.21;PR;2024-07-20
5559;Sr. Kaique Barros;137.450.869-10;1980-05-27;672;5300.97;RS;2023-02-02
5560;Dra. Mariana das Neves;634.218.509-33;1957-12-30;751;6978.46;CE;2024-09-08
5561;Maria Fernanda Fogaça;742.018.369-40;2006-11-05;669;5406.61;PE;2024-05-23
5562;Pedro Lucas Guerra;105.394.862-05;1971-08-02;698;5898.27;MG;2023-05-10
5563;Mariane Monteiro;879.015.634-00;1969-08-28;747;6875.56;MG;2022-10-10
5564;Otto Oliveira;021.593.478-41;1957-12-29;497;2890.04;SC;2023-02-16
5565;Vitor Fonseca;308.124.976-78;1985-06-15;535;5256.14;SP;2024-05-21
5566;Giovanna das Neves;948.356.012-89;2007-11-19;430;3834.76;RS;2021-06-08
5567;Dr. Enzo Gabriel Mendes;265.384.901-15;1998-10-13;663;6466.65;PR;2021-09-13
5568;Alexia Pacheco;074.183.659-93;1971-03-27;641;3784.79;PE;2021-08-14
5569;Aurora Cavalcante;871.952.604-02;1993-05-07;504;2850.0;PE;2023-04-14
5570;Jade Gonçalves;917.603.825-40;1975-07-10;555;4257.1;RJ;2022-11-06
5571;Cecília Gomes;287.543.019-04;2003-01-09;480;5310.66;RJ;2023-01-14
5572;Dr. Juan Monteiro;760.953.182-03;1986-03-24;460;5026.1;BA;2022-07-14
5573;Ryan Lima;692.014.758-02;1996-11-25;762;6994.3;MG;2022-04-08
5574;Davi Luiz Castro;972.460.138-22;2001-11-30;536;4630.45;PR;2021-01-21
5575;Lívia da Rosa;102.398.475-04;1976-02-07;466;4638.91;RJ;2023-02-12
5576;Yasmin Ferreira;190.372.584-41;1991-11-21;611;4478.68;RS;2023-02-15
5577;Sra. Laís Guerra;249.156.078-01;1955-10-21;473;1306.49;RJ;2021-09-10
5578;Henry Gabriel da Luz;921.658.473-46;1998-02-01;495;5072.8;MG;2023-12-15
5579;Dr. Caio Lopes;319.268.457-73;1983-01-10;571;4398.67;PR;2024-04-20
5580;Isabella Pimenta;072.693.418-69;1975-05-12;698;7389.67;GO;2021-07-15
5581;Maria Sophia Cavalcante;462.803.195-98;1966-08-27;779;5259.66;PE;2022-12-16
5582;Pietro Barbosa;143.908.627-31;1996-04-13;386;5447.61;CE;2022-08-01
5583;Vitor Hugo da Cruz;472.681.590-30;2007-07-26;850;6988.45;PE;2022-07-10
5584;Guilherme Pinto;204.516.987-11;2002-08-24;467;4699.23;CE;2021-07-22
5585;Ana Luiza Garcia;025.867.439-38;1986-09-15;607;4743.02;SP;2021-12-16
5586;Daniela Moraes;546.108.237-80;1962-10-27;727;6150.37;BA;2023-03-09
5587;Bárbara Marques;179.465.832-73;1972-08-16;477;3491.26;MG;2022-12-08
5588;Benjamin Fonseca;130.962.785-12;2007-11-06;699;6102.25;PE;2024-02-04
5589;Sra. Marcela da Mata;379.061.485-84;1987-04-18;651;6141.42;CE;2023-04-05
5590;Eduardo Vasconcelos;104.938.576-48;1974-06-21;576;4786.67;GO;2024-04-28
5591;Gael Nunes;807.942.136-69;1998-12-01;300;1950.35;MG;2022-06-15
5592;Clarice Casa Grande;651.382.479-64;2002-02-05;711;5297.61;SP;2024-11-07
5593;Enzo Gabriel Albuquerque;872.914.036-69;1965-08-11;564;3470.55;PE;2024-12-31
5594;Emanuelly Casa Grande;870.315.462-90;1966-09-22;740;6468.46;MG;2024-09-08
5595;João Melo;251.406.938-60;1975-09-06;719;4025.79;MG;2021-10-20
5596;Dr. Dante Sousa;839.520.716-68;1985-09-24;600;4519.89;SC;2024-03-08
5597;Benício Aparecida;768.240.395-00;1967-11-25;586;4071.97;PR;2021-04-19
5598;Stella Campos;254.039.176-16;2001-04-22;578;5473.64;BA;2024-12-19
5599;Daniel Peixoto;315.948.076-39;1995-02-06;390;4897.29;RS;2024-10-20
5600;Alexandre da Mata;365.709.182-30;1989-03-16;678;5381.67;CE;2023-05-07
5601;Mathias Casa Grande;058.261.947-58;1977-06-01;728;4372.17;GO;2022-01-10
5602;Henry Gabriel da Mota;839.261.074-13;1965-01-25;540;4198.92;GO;2022-12-26
5603;Calebe Macedo;943.261.708-40;2000-04-17;783;6217.5;GO;2023-10-26
5604;Sr. Dante Ribeiro;549.327.618-64;1965-09-02;674;4802.42;PR;2022-07-19
5605;Rodrigo Porto;392.168.045-05;1964-08-25;678;7101.24;SC;2023-12-03
5606;Maria Cecília Azevedo;625.081.347-08;1979-10-07;739;5830.54;RS;2022-09-18
5607;Sr. Ravy Cirino;470.196.235-06;1978-07-20;701;6185.52;RJ;2022-09-18
5608;Pedro Miguel da Cruz;510.832.697-12;1963-09-15;680;6551.95;SC;2022-10-03
5609;Bruna Sousa;163.274.859-28;2004-01-17;752;5888.84;RJ;2024-07-23
5610;Sr. Alexandre Cirino;152.093.687-77;1996-03-09;697;5192.91;RJ;2021-06-07
5611;Breno Farias;285.170.934-88;1964-07-28;509;3802.51;RS;2021-07-11
5612;João Miguel Mendonça;768.420.539-00;1990-05-19;610;3218.42;MG;2024-03-24
5613;Marcelo Vasconcelos;260.435.197-80;1994-10-12;723;3016.67;SP;2021-06-23
5614;Alexia Pacheco;342.716.890-50;1987-12-27;850;8301.88;PR;2024-02-09
5615;Brenda Mendes;087.165.924-76;1957-03-06;588;4713.43;GO;2021-01-22
5616;Maya Cassiano;469.150.287-49;2007-11-03;656;4658.84;SC;2024-10-18
5617;Mirella Cardoso;257.309.684-00;1999-04-13;643;5000.0;PE;2021-10-07
5618;Gabrielly Camargo;763.548.910-01;1978-12-07;608;5045.46;GO;2023-10-17
5619;Julia Rezende;841.975.230-41;2007-04-06;462;3735.57;PE;2024-11-04
5620;Dr. Cauã Correia;235.107.689-30;1975-05-07;639;5240.85;PE;2024-11-30
5621;Raul Duarte;123.084.759-60;1993-01-10;594;5889.86;RJ;2023-04-11
5622;Bernardo Almeida;810.547.362-35;2002-10-29;577;4843.33;SP;2024-06-16
5623;Enrico Cassiano;671.824.395-73;1985-08-10;775;6120.62;RS;2021-01-15
5624;Laura Rezende;267.859.140-94;1995-08-30;645;5063.62;SC;2024-12-09
5625;Dr. Davi Luiz Gomes;845.697.301-75;1972-12-26;768;5886.28;PE;2022-12-08
5626;Heloísa Cirino;831.542.960-42;1982-08-04;774;6088.41;RS;2024-09-16
5627;Luiz Miguel Nunes;803.146.259-33;1979-04-20;516;4807.37;PE;2024-11-01
5628;Gustavo Camargo;136.480.795-57;1988-07-28;583;5284.5;CE;2021-03-28
5629;Bruno Pimenta;365.248.091-06;1972-07-16;300;2405.21;CE;2023-07-08
5630;Luiz Felipe Fonseca;685.043.279-65;1998-04-27;564;3448.74;MG;2024-10-13
5631;Maysa Borges;634.057.819-57;1988-05-17;553;3850.3;PE;2022-04-06
5632;Samuel Araújo;310.465.287-26;1956-12-13;614;3544.67;MG;2021-06-03
5633;Sr. Rafael Souza;352.716.094-99;1958-12-15;657;6622.21;BA;2021-10-01
5634;Brenda Ferreira;648.370.295-74;1994-09-06;653;6032.99;PE;2022-12-25
5635;Pedro Lucas Santos;849.053.267-29;1976-02-03;751;7244.49;SP;2023-05-16
5636;Maria da Rocha;782.659.314-09;1980-07-14;844;6252.8;GO;2023-02-16
5637;Dr. Dante Casa Grande;027.341.859-97;1994-04-21;533;5047.47;MG;2023-02-04
5638;Sra. Mirella Viana;895.471.062-01;2003-05-11;704;6407.68;RJ;2022-11-24
5639;Guilherme Casa Grande;310.862.547-08;2008-01-18;846;6779.37;RS;2024-01-10
5640;Dra. Zoe Silveira;745.103.682-08;1960-07-13;671;4387.61;RJ;2022-08-18
5641;Lucas Montenegro;418.079.536-10;1977-03-21;850;6463.46;PR;2023-09-17
5642;Kamilly Pereira;460.751.982-02;1975-04-10;583;4317.25;PR;2022-06-27
5643;Dra. Helena Moreira;345.167.902-70;1967-04-07;542;3606.56;RS;2021-01-05
5644;Sra. Ísis Fernandes;763.254.081-44;1985-12-18;557;3090.2;CE;2023-03-18
5645;Arthur Miguel Novaes;409.628.357-65;1960-03-05;525;6148.96;RS;2022-09-17
5646;Sr. Igor Silva;356.179.824-19;1961-11-17;708;6589.9;PE;2021-03-14
5647;Lavínia Nogueira;593.718.260-02;2006-01-28;761;7922.13;GO;2024-06-19
5648;Maria Flor da Mota;381.024.975-05;1964-06-04;407;2026.12;GO;2021-04-28
5649;Emanuelly Pires;731.904.562-16;1967-11-16;523;3714.27;BA;2021-01-13
5650;Daniel Mendes;103.874.962-03;1998-03-22;583;4217.02;CE;2023-08-01
5651;Sra. Alícia Rezende;987.540.163-39;1956-01-15;646;5203.3;BA;2022-09-04
5652;Sr. Liam da Luz;174.983.506-10;1983-08-12;533;2088.45;BA;2021-08-08
5653;Natália Sousa;534.927.618-28;1976-05-15;500;3450.76;SP;2022-12-18
5654;Levi Borges;461.923.708-69;1958-10-07;590;3590.33;MG;2023-04-04
5655;Elisa Cavalcanti;285.460.973-56;1990-04-13;561;3357.01;BA;2021-01-19
5656;Gustavo Henrique Pereira;769.510.824-30;1994-12-31;604;3758.91;RJ;2023-06-02
5657;Ana Liz Costa;651.349.208-42;1993-11-16;518;2835.32;GO;2022-02-09
5658;Sr. Guilherme da Mata;634.015.827-71;1967-05-08;601;3941.55;RJ;2023-12-20
5659;Eloá Jesus;176.029.835-21;1992-10-11;728;6229.85;PE;2021-11-11
5660;Luiz Fernando Cardoso;057.846.921-94;2008-03-22;611;4090.51;SC;2021-09-11
5661;Sara Costa;481.639.570-93;1968-04-13;665;6010.7;GO;2021-01-15
5662;Arthur Pacheco;593.640.281-98;1974-04-19;637;6699.7;MG;2024-09-06
5663;Isabella Correia;950.814.736-93;1998-08-31;675;6313.61;PR;2022-04-09
5664;Maria Clara Marques;182.734.065-71;1961-08-12;636;5763.66;GO;2023-03-21
5665;Arthur Garcia;956.218.073-59;1982-05-23;524;3733.6;BA;2022-09-05
5666;Luna Silva;871.365.092-03;1984-06-21;661;5630.1;BA;2023-05-28
5667;Calebe Pires;607.294.381-04;1974-06-01;680;6540.39;MG;2024-01-04
5668;Maria Clara Marques;395.246.107-52;1967-02-23;449;2617.55;PR;2021-08-11
5669;Cecilia Cavalcanti;672.804.519-85;1967-12-02;647;4451.64;GO;2024-09-06
5670;Otávio Costela;251.607.398-40;1973-02-08;850;7315.72;GO;2021-11-28
5671;Evelyn Abreu;087.196.432-50;1994-07-21;610;4364.53;MG;2022-12-26
5672;Dra. Camila Silveira;716.584.903-39;1996-11-22;562;4526.14;SC;2021-01-12
5673;Pedro Miguel Guerra;012.594.687-20;2005-08-16;633;4607.3;BA;2024-12-23
5674;Arthur Rios;876.325.490-56;1989-12-16;587;6040.28;RS;2021-08-15
5675;Calebe Novaes;578.362.014-90;1986-09-12;786;6540.03;RS;2022-08-07
5676;Mirella Correia;259.018.436-06;1964-09-16;459;4210.5;SP;2021-10-01
5677;Sra. Maria Sophia Leão;896.732.014-04;1982-12-23;806;7817.78;SC;2023-05-13
5678;Caio Nascimento;502.874.391-60;1970-02-01;708;7086.42;BA;2021-03-06
5679;Isabela Borges;834.752.016-07;2005-07-03;626;5636.1;MG;2024-09-26
5680;Srta. Maria Flor Lima;127.604.395-34;1973-01-19;538;4596.27;RS;2023-09-09
5681;Gabrielly Sales;750.632.894-10;1995-11-03;779;5642.58;PR;2021-09-01
5682;Joana Alves;059.238.147-14;2003-06-23;516;4225.49;SC;2023-09-29
5683;Nathan da Rocha;196.823.075-03;1999-09-27;592;5385.15;PE;2023-10-12
5684;Dra. Ana Cecília Albuquerque;432.076.519-25;1981-06-01;565;6238.44;MG;2022-10-28
5685;Augusto Brito;597.340.168-57;1980-07-01;465;4973.73;SC;2023-10-25
5686;João Guilherme Almeida;734.816.529-09;1990-04-16;528;2428.02;SC;2021-09-27
5687;Fernando Cunha;513.076.489-75;1964-05-05;648;4929.39;RJ;2021-08-09
5688;Dr. Renan Monteiro;239.561.740-70;1986-10-18;486;2206.62;SP;2021-09-16
5689;Ana Júlia da Rocha;026.731.489-22;1985-10-05;618;5919.84;MG;2022-12-06
5690;Josué Duarte;027.594.316-06;1968-03-02;690;5576.71;PE;2021-01-28
5691;Sr. Luiz Fernando Rocha;147.296.358-09;1956-04-15;677;5388.79;RS;2021-04-17
5692;Pedro Henrique Castro;154.739.082-41;1960-08-02;448;2163.11;BA;2023-05-30
5693;Dr. Ravy Lima;985.071.326-77;1983-06-02;595;4599.35;CE;2021-01-17
5694;Ana Carolina Rocha;064.891.752-58;1983-06-29;722;6533.3;SC;2023-09-11
5695;Cauê Cardoso;782.390.546-92;1986-03-11;692;5255.72;PR;2022-08-01
5696;Liz Andrade;710.329.645-61;1993-03-05;454;4044.07;GO;2021-06-19
5697;Theodoro Garcia;184.056.327-35;1986-08-28;683;3075.47;SC;2022-05-23
5698;Liam Costela;168.704.235-71;1973-12-08;519;3460.95;CE;2021-11-09
5699;Amanda Gonçalves;259.873.061-59;2001-03-06;634;4268.64;PE;2022-01-18
5700;Benicio Mendonça;958.621.073-12;1979-08-28;615;4709.47;RS;2022-07-30
5701;Gael Mendes;140.967.823-78;1961-12-01;600;4083.61;RJ;2022-06-24
5702;Mathias Mendonça;479.182.563-28;1975-03-24;543;3263.73;RS;2024-09-26
5703;Isabelly Cunha;845.017.392-23;1959-04-14;665;5891.1;SC;2022-02-11
5704;Ágatha Martins;274.031.568-62;1994-09-19;527;5736.64;GO;2024-12-17
5705;Sr. André da Cruz;760.451.298-49;1957-11-12;582;6186.19;RJ;2024-12-06
5706;Oliver Fonseca;563.174.890-84;1997-02-06;542;2309.42;PE;2024-06-05
5707;Laís Vieira;513.284.607-62;1961-10-24;668;5592.55;MG;2022-01-22
5708;Juan Barbosa;947.681.325-37;1976-05-05;624;4349.77;CE;2024-07-12
5709;Dr. Lucca Fogaça;581.247.930-50;1991-02-27;615;4408.74;MG;2022-04-15
5710;Eduarda Fernandes;756.382.491-09;2000-02-13;583;5505.63;RJ;2021-09-28
5711;Juan Leão;512.076.934-99;1998-04-20;642;5745.95;SC;2021-03-20
5712;Sr. Benício Ferreira;298.765.014-02;2005-08-12;592;4393.98;PR;2022-01-29
5713;Luísa Peixoto;374.025.896-92;1990-07-12;481;3477.96;MG;2023-05-24
5714;Augusto Pacheco;403.516.782-71;1982-03-15;300;1809.78;SP;2024-06-16
5715;Ana Cecília Souza;983.157.064-20;1968-04-14;610;5443.67;RS;2021-07-06
5716;Eloá Albuquerque;708.196.245-94;1968-11-29;587;5043.67;SP;2023-02-18
5717;Leandro da Rosa;260.389.415-33;1960-05-27;358;2807.16;SC;2023-12-12
5718;Heloisa da Mota;704.362.589-00;1998-09-30;418;2135.7;PR;2024-12-04
5719;Isaque Silveira;985.630.412-15;1978-03-01;597;6052.26;RS;2022-03-31
5720;Léo Vieira;615.934.270-34;1993-02-10;664;5330.23;BA;2023-05-23
5721;Camila Costa;051.976.348-39;1979-12-24;617;4222.37;GO;2021-05-06
5722;Bárbara Cardoso;320.476.815-53;1995-02-11;554;4859.38;PE;2023-05-25
5723;Sr. Luiz Otávio Leão;360.175.428-26;1990-05-28;453;4217.05;SP;2022-09-16
5724;Juan Fernandes;528.179.643-73;1995-07-10;573;5409.56;RJ;2022-07-06
5725;Thomas das Neves;963.517.480-20;1978-09-18;735;4206.92;BA;2022-07-29
5726;Laura Nascimento;342.609.158-51;1981-07-21;550;3544.47;BA;2024-12-28
5727;Fernanda Araújo;869.214.705-20;1988-08-15;402;2183.47;SC;2022-05-21
5728;Bruna Rodrigues;039.478.165-10;1956-11-13;850;7409.51;BA;2021-04-08
5729;Rhavi Cassiano;147.690.825-76;1968-12-30;850;7629.1;MG;2021-03-25
5730;Pedro Henrique Pereira;704.168.259-58;1964-12-29;530;3858.23;SP;2021-04-17
5731;Rafaela Melo;827.431.905-23;1995-03-29;690;5957.51;BA;2022-03-11
5732;Helena Albuquerque;432.796.051-99;1985-08-03;550;2890.01;PR;2023-08-25
5733;Augusto Vieira;052.719.864-11;1991-02-25;850;6658.85;PR;2024-05-27
5734;Zoe Castro;506.397.824-00;1974-08-02;580;4753.33;RJ;2023-06-02
5735;Isabela Albuquerque;534.621.987-00;1974-07-19;590;4842.73;MG;2022-06-01
5736;Lunna das Neves;843.791.560-01;1994-03-10;774;6067.45;GO;2023-01-15
5737;Jade da Rocha;689.107.452-58;1982-05-15;480;3678.36;BA;2022-09-16
5738;Isabelly Cirino;964.538.170-39;1959-11-30;564;5935.9;RJ;2021-07-18
5739;Ravi Rezende;538.461.270-35;1965-01-28;760;6187.53;SP;2024-10-30
5740;Brenda da Cunha;896.251.037-59;1996-07-04;466;2502.11;PE;2021-09-24
5741;Cauã da Paz;096.132.875-40;2003-11-16;621;5304.32;BA;2023-01-09
5742;Ana Carolina Pastor;604.281.395-15;1971-10-11;575;4119.83;BA;2024-04-21
5743;Marina Pires;381.542.096-24;2001-08-07;548;4360.61;PE;2024-05-23
5744;Lívia Rodrigues;309.817.264-96;1999-06-09;334;1570.67;BA;2022-05-03
5745;Anthony Gabriel da Luz;236.958.140-98;1985-11-10;544;5559.5;PR;2022-03-07
5746;Julia Barbosa;438.619.705-20;1973-08-11;522;4356.47;CE;2023-02-26
5747;Bruna Nascimento;702.658.914-85;2008-06-30;647;6473.92;RJ;2021-08-06
5748;Mariah Mendonça;630.281.794-31;1960-05-22;771;6110.5;MG;2024-07-13
5749;Ryan Siqueira;527.038.916-95;1959-12-14;562;3832.17;CE;2021-09-04
5750;Isabela Sousa;502.671.389-03;1991-06-14;591;4293.97;SP;2024-04-16
5751;Ana Vitória Almeida;405.718.632-80;1978-03-05;686;5908.31;RS;2022-01-31
5752;Breno Siqueira;096.175.843-01;2001-06-07;691;6787.28;GO;2021-07-22
5753;Melissa Almeida;241.568.703-08;2005-01-10;843;6868.66;RJ;2024-01-25
5754;Sophie Ribeiro;195.086.427-85;2006-07-02;751;5656.34;CE;2022-12-04
5755;Felipe Pinto;539.014.278-05;1968-10-29;762;7157.51;PR;2023-08-30
5756;Beatriz Siqueira;062.479.315-06;1986-10-03;741;6022.07;RS;2023-12-29
5757;Isabel Novais;581.647.093-01;1997-06-12;539;2917.47;MG;2021-03-31
5758;Mariana Borges;857.432.106-08;1978-03-08;615;6453.01;MG;2022-01-28
5759;Srta. Amanda Mendonça;762.158.943-46;1957-03-25;582;5441.13;SC;2024-02-02
5760;Kaique da Luz;352.796.084-83;1966-12-06;721;5484.31;PR;2024-02-22
5761;Danilo Andrade;853.019.762-30;1988-09-30;777;3307.34;BA;2023-01-20
5762;Thomas Gomes;904.327.518-23;1975-08-05;473;2868.37;GO;2024-07-13
5763;Clarice Pimenta;215.643.987-73;1961-12-04;521;4504.26;RJ;2023-06-13
5764;Srta. Ana Beatriz Cavalcanti;560.423.819-89;1997-04-22;654;5625.99;RJ;2023-09-16
5765;Hellena das Neves;154.826.730-90;2007-03-04;691;4577.9;SC;2023-12-09
5766;Bruno Barbosa;278.604.935-00;1968-04-17;473;4180.32;PE;2021-02-14
5767;Maria Nunes;789.650.213-59;2005-11-18;544;2781.52;MG;2024-05-12
5768;Ana Mendes;485.390.267-83;1976-01-26;736;7283.1;PR;2024-11-27
5769;Théo Castro;486.320.795-65;1992-06-21;806;6635.01;MG;2022-08-17
5770;Pietra Cavalcanti;279.086.415-20;1960-04-27;695;6929.87;SP;2024-03-05
5771;Gael Henrique Nunes;867.194.350-00;1960-09-20;543;5454.68;SP;2024-11-21
5772;Maitê Ferreira;785.942.130-50;1981-08-05;653;6137.71;RS;2023-03-26
5773;Srta. Rafaela Martins;617.042.859-76;1997-06-03;642;6432.26;GO;2024-11-03
5774;Arthur Gabriel Aparecida;296.807.531-40;1971-01-01;646;3684.02;PE;2023-11-18
5775;Ana Julia Barros;764.329.150-07;2001-05-17;794;5404.47;RJ;2021-12-05
5776;Srta. Maria Moura;438.102.975-50;1974-05-06;770;6069.76;GO;2023-11-10
5777;Luan da Mota;149.587.602-02;1984-03-01;761;7222.77;SC;2024-02-26
5778;Heitor Caldeira;951.472.806-85;1972-08-20;671;5876.54;SC;2023-04-01
5779;Ian Costa;859.270.316-68;2006-11-08;670;3346.18;CE;2022-07-11
5780;Srta. Amanda da Mota;934.586.017-75;1966-06-13;634;3955.94;RS;2022-01-12
5781;Maya Pastor;406.173.592-61;1989-05-09;640;3977.06;SP;2021-11-24
5782;Sr. Théo Sousa;314.682.950-98;1970-04-22;477;5420.93;CE;2022-03-23
5783;Sr. Matheus Castro;156.938.470-39;1970-04-11;748;5979.86;CE;2024-11-27
5784;Oliver da Cruz;829.506.734-65;1956-03-28;642;4888.08;SP;2023-11-17
5785;Liam Marques;714.850.962-94;1981-12-09;688;4827.95;GO;2023-10-29
5786;Ester Silva;046.937.812-31;1975-12-09;739;5658.91;PE;2022-06-15
5787;Vitor Gabriel Nascimento;159.307.286-40;1957-03-02;569;4573.71;PR;2022-03-28
5788;Diego da Cruz;341.650.892-06;1965-08-10;549;4720.68;PR;2024-12-21
5789;Rhavi Santos;673.852.149-91;1977-09-23;555;4908.52;PR;2024-02-05
5790;Dr. Vitor Hugo Moraes;159.682.347-09;1983-08-13;765;5400.68;RJ;2021-12-17
5791;Sofia Alves;957.036.428-92;1978-11-29;604;5293.33;RS;2021-04-04
5792;Joana da Paz;302.416.579-70;1963-08-11;567;5000.32;PE;2022-05-03
5793;Diogo Sampaio;408.562.917-49;1988-08-14;686;6571.26;PR;2021-03-22
5794;Jade da Rosa;072.964.538-00;1989-11-05;547;3433.22;MG;2022-07-23
5795;Dr. Marcos Vinicius Cavalcante;908.176.235-40;1967-09-08;583;3696.25;MG;2022-07-08
5796;Sr. João Miguel Duarte;406.598.173-57;1980-03-12;687;4334.25;SP;2024-08-08
5797;Ana Laura Aragão;785.614.032-17;2000-09-28;850;8095.93;RS;2022-03-07
5798;Luiz Fernando Fonseca;890.514.327-04;1988-08-19;621;5835.39;PE;2021-08-26
5799;Maria Laura Cirino;806.542.139-33;1978-10-26;423;5907.37;SP;2024-08-21
5800;Gustavo Henrique Azevedo;027.186.953-40;1965-01-14;549;4271.5;BA;2024-07-19
5801;Ana Julia Moura;485.731.906-39;1959-03-26;397;3662.29;CE;2023-01-26
5802;Luigi Fonseca;427.309.518-14;1976-04-30;487;3997.66;BA;2021-06-20
5803;Sarah Andrade;547.680.921-01;1981-06-07;554;3354.26;PE;2022-06-25
5804;Raquel Montenegro;260.789.135-30;1973-08-31;523;4409.79;MG;2023-04-17
5805;Dra. Lívia da Rosa;705.649.182-02;1989-02-01;466;2979.19;CE;2022-08-27
5806;João Miguel Cassiano;539.712.084-79;1995-03-15;699;8194.48;BA;2021-04-28
5807;Pedro Henrique Castro;075.486.192-94;1966-06-03;677;4498.74;SP;2022-12-30
5808;Gael Brito;907.846.532-83;1958-05-19;575;4631.59;RS;2022-07-27
5809;Dr. Thomas Moura;825.471.960-85;2003-02-01;578;5527.06;MG;2022-06-09
5810;João Vitor das Neves;590.671.284-49;2007-10-13;646;6075.85;SP;2024-01-06
5811;Sra. Maitê Freitas;530.829.167-59;1996-11-26;582;5981.5;CE;2021-08-06
5812;Caleb Cavalcante;512.648.037-53;1995-12-25;600;3828.81;SC;2024-09-01
5813;Igor das Neves;756.283.094-00;1984-06-20;850;4975.02;PR;2024-07-06
5814;Antônio Abreu;703.921.546-25;1998-10-17;531;3620.97;CE;2024-02-03
5815;Srta. Joana Cassiano;680.152.493-33;1966-10-20;850;8606.86;RS;2023-06-25
5816;Benício Campos;873.294.650-38;1985-03-17;799;6061.34;RS;2022-10-27
5817;Bianca Martins;761.894.235-82;1971-02-15;850;7168.35;PR;2022-02-22
5818;Dr. Heitor Fonseca;765.102.493-16;1960-04-16;737;6075.7;CE;2024-07-13
5819;Dra. Beatriz Moraes;891.340.765-57;1959-08-27;614;4660.22;SC;2021-11-15
5820;Dra. Camila da Costa;032.876.914-22;1956-08-10;594;5360.49;GO;2022-04-20
5821;Lucas Gabriel Dias;026.759.138-12;1962-05-07;664;5280.53;SC;2023-01-25
5822;Pietra Pastor;986.512.037-21;1971-11-25;801;3441.25;MG;2023-09-09
5823;Davi Luiz Macedo;294.013.768-40;1984-04-06;681;6165.74;RJ;2023-10-13
5824;Ana Laura das Neves;978.640.231-69;1990-11-09;757;5991.13;MG;2023-07-30
5825;Diogo da Rocha;746.958.031-00;1977-09-02;644;6137.95;MG;2021-12-27
5826;Helena Carvalho;207.913.568-68;2002-12-19;798;6083.46;RS;2024-03-12
5827;Davi Lucca da Cunha;387.024.596-47;1978-09-19;652;6894.57;GO;2022-01-05
5828;Henrique Teixeira;385.267.491-37;1966-01-03;365;2229.99;PR;2021-02-13
5829;Srta. Sabrina Fernandes;692.041.753-70;1991-05-31;795;7452.54;PR;2021-11-30
5830;Dr. Kevin Caldeira;378.162.945-73;2003-10-03;682;5007.4;MG;2023-03-19
5831;Ana Luiza Silveira;129.356.874-00;1984-04-07;514;3520.78;CE;2022-01-20
5832;Leonardo das Neves;106.348.572-07;1967-01-19;805;5811.56;RJ;2021-10-21
5833;Lorenzo Marques;107.284.365-07;1983-07-18;632;4302.29;RJ;2023-05-24
5834;Sra. Vitória Vasconcelos;972.460.815-85;2006-04-12;721;5229.27;RS;2023-07-21
5835;Sr. Davi Lucca Rodrigues;735.268.409-38;1965-06-18;608;3180.62;SC;2021-07-25
5836;Rodrigo da Rocha;860.293.574-92;1961-03-29;426;3415.67;PE;2021-10-09
5837;Davi Lucca Montenegro;425.139.687-19;1986-05-23;460;5785.09;SP;2024-05-20
5838;João Vitor Vargas;183.294.570-79;2008-03-13;372;2175.82;RJ;2023-02-13
5839;Vinicius Pinto;427.809.563-56;1965-07-28;622;4610.87;SC;2021-02-12
5840;Nathan Ramos;051.387.642-17;2007-01-03;487;2938.07;RJ;2021-01-28
5841;Eduarda Machado;821.369.450-33;2007-10-19;501;3721.28;SP;2021-09-28
5842;Breno Pires;159.847.236-46;1976-12-08;850;6877.94;RS;2021-06-21
5843;Raquel da Luz;047.628.359-00;1987-03-11;761;6594.98;PR;2021-10-20
5844;Marcos Vinicius Sá;584.607.123-62;1982-05-29;753;3224.04;CE;2021-01-28
5845;Carlos Eduardo Farias;960.831.527-12;1978-02-15;583;5971.14;SP;2021-08-06
5846;Igor Carvalho;069.275.341-99;2003-11-13;551;6170.47;PE;2022-11-25
5847;Manuela Brito;348.016.759-48;1967-06-24;798;5914.87;RJ;2022-02-19
5848;Antonella Cardoso;217.048.965-76;1967-07-29;559;3458.39;MG;2023-09-11
5849;Caleb Fernandes;469.215.380-60;1957-12-16;544;3119.41;CE;2023-06-29
5850;Dra. Luana da Cunha;058.194.763-01;1962-02-28;671;3911.95;MG;2022-09-22
5851;Kevin Porto;290.815.746-20;1973-04-30;692;6164.08;BA;2023-09-08
5852;Olívia da Paz;389.165.247-09;1970-05-12;420;4909.82;MG;2022-05-15
5853;Thales Moreira;107.593.826-03;1959-03-20;681;6197.7;SP;2024-01-19
5854;Sr. Ryan Duarte;798.302.415-05;1997-12-30;528;4846.38;PR;2024-07-09
5855;Sr. Mateus Rezende;827.394.516-28;1984-10-15;755;5941.39;PE;2021-09-10
5856;Sr. João Felipe Macedo;793.264.058-00;1973-09-03;850;6844.06;SP;2021-04-02
5857;Caleb Castro;037.425.968-29;1962-11-25;756;6341.01;RJ;2024-01-21
5858;Heitor Pimenta;120.574.896-20;1994-10-09;690;3848.67;PR;2021-07-30
5859;Mirella Cunha;812.947.650-94;1957-08-21;664;4577.02;PE;2023-05-01
5860;Apollo Macedo;735.940.612-99;1976-06-13;518;5888.1;MG;2021-01-03
5861;Ísis da Mata;946.271.503-34;1980-02-26;594;3748.7;RS;2021-02-19
5862;João Vitor Garcia;072.419.683-87;1984-06-30;576;3307.55;RS;2023-05-25
5863;Luiz Felipe Novaes;380.597.461-20;1964-12-28;792;5640.32;SC;2021-10-29
5864;Pedro Henrique Almeida;034.157.698-01;1982-03-09;683;6820.11;BA;2024-09-04
5865;Leandro Rezende;237.860.915-95;1973-04-23;559;5004.02;PR;2022-04-08
5866;Leonardo Sá;387.402.519-50;1973-05-09;496;6413.77;SC;2024-11-07
5867;Theodoro Andrade;710.489.253-23;1979-10-26;732;5663.39;RJ;2023-10-05
5868;José Miguel Fernandes;015.926.473-16;1997-09-28;527;4102.0;MG;2021-08-14
5869;Breno Correia;397.810.524-14;1967-03-28;579;6584.94;RS;2021-07-28
5870;Maria Cecília Campos;679.815.023-30;2003-10-23;472;3910.8;PR;2023-01-02
5871;Dr. Eduardo Cirino;728.056.941-20;1988-08-19;617;4818.59;RJ;2024-06-14
5872;Isabel Borges;368.401.259-98;2001-04-12;606;4731.93;BA;2021-08-31
5873;Lavínia Barros;315.078.269-40;1986-02-20;724;6400.98;BA;2021-06-23
5874;Enzo da Rosa;357.024.968-92;1996-06-11;670;2326.01;SP;2024-05-23
5875;Dr. Benjamim Vieira;527.386.910-21;1998-06-21;655;3584.36;MG;2021-12-31
5876;Lara Santos;947.103.562-70;1992-07-05;697;7050.5;SC;2023-12-23
5877;Isabelly Almeida;098.762.143-22;2008-06-21;508;3802.22;BA;2024-05-13
5878;Théo Souza;428.103.796-96;1969-09-23;548;5619.43;MG;2024-10-23
5879;Maria Luiza Campos;032.145.968-70;2000-07-27;631;6776.33;SC;2021-11-04
5880;Isabela Araújo;956.720.341-52;1985-12-18;669;5594.45;PR;2024-07-03
5881;Gustavo Henrique da Mata;906.847.315-84;1987-05-24;628;5841.99;PR;2022-12-15
5882;Mirella da Rocha;873.564.019-75;1976-01-27;411;3373.34;RJ;2022-07-10
5883;Luiz Otávio Cavalcanti;395.046.287-29;1964-12-20;611;5613.42;GO;2024-09-17
5884;Kaique Lopes;837.249.650-10;1998-06-05;597;3737.27;BA;2022-06-28
5885;Ryan Camargo;941.367.028-50;1961-06-20;620;3877.16;RJ;2021-01-05
5886;Isabela Aparecida;452.019.678-76;1982-01-26;388;3831.12;MG;2024-09-05
5887;Srta. Yasmin Santos;126.409.857-01;1990-03-02;689;5979.09;MG;2022-10-18
5888;Maria Alice Andrade;824.351.670-08;1984-10-17;776;5542.97;MG;2023-03-11
5889;Melissa Cavalcante;549.872.603-10;1971-01-05;448;3513.97;GO;2023-09-07
5890;João Felipe Fogaça;084.173.265-53;1966-05-14;578;3781.7;RJ;2021-08-20
5891;Clara Siqueira;793.405.126-34;1957-02-06;610;4268.39;CE;2023-05-26
5892;Dr. Leandro das Neves;961.704.235-52;2006-12-15;399;2750.82;PR;2021-10-24
5893;Isaque Montenegro;932.845.106-05;1981-06-20;483;4095.65;RJ;2022-10-24
5894;Ester Peixoto;386.205.194-33;1973-05-20;541;5439.63;MG;2022-01-08
5895;Bruno Machado;654.127.398-73;2005-10-07;812;7175.38;SC;2022-12-24
5896;Agatha Fernandes;793.165.482-09;1989-07-18;433;4969.2;BA;2023-10-10
5897;Larissa Sá;821.357.469-91;1963-01-05;809;6490.79;SC;2023-09-13
5898;Davi Luiz Silva;340.276.958-10;2007-04-07;778;5672.32;SC;2024-05-17
5899;João Guilherme Guerra;217.608.934-04;1977-09-04;396;2407.72;BA;2021-10-11
5900;Matheus Cirino;850.637.942-38;1965-07-17;827;5124.92;RS;2023-02-24
5901;Joaquim Fogaça;327.695.480-00;1999-06-05;619;4986.14;SC;2024-01-31
5902;Dr. José Pedro Oliveira;265.301.487-44;2007-10-01;558;4020.48;GO;2024-01-09
5903;Esther Fogaça;324.765.801-71;1977-04-19;628;4461.84;PE;2023-10-06
5904;Ravi Câmara;483.705.961-93;1996-11-20;449;3807.03;PE;2024-01-04
5905;Sra. Heloísa Lopes;759.326.840-38;2004-11-17;748;6853.57;RS;2023-02-27
5906;Melissa Oliveira;925.180.374-97;2003-03-16;522;2924.77;RJ;2024-04-04
5907;Maya Costa;057.946.813-57;1967-11-07;585;6247.79;SC;2023-12-16
5908;Juliana Duarte;860.953.741-20;1979-05-15;697;6279.96;CE;2024-11-21
5909;Hellena Martins;047.285.391-05;2007-09-22;726;6228.77;RS;2024-12-10
5910;Pedro Lucas Machado;617.098.435-00;1960-11-02;634;5734.31;RJ;2022-04-27
5911;Dra. Ana Clara Guerra;758.104.269-30;1974-09-11;554;3017.54;BA;2021-01-06
5912;Lívia Sousa;789.315.024-60;1963-10-18;706;6885.74;RS;2021-02-05
5913;Ester Nunes;926.187.345-64;1969-07-07;485;4701.92;BA;2024-02-18
5914;Pietra Rezende;967.485.102-01;1962-07-13;821;6565.75;GO;2021-10-01
5915;João Felipe da Rosa;750.981.426-01;2000-10-29;521;4291.02;RJ;2021-05-03
5916;Oliver Vasconcelos;189.076.435-39;1983-04-03;553;3807.27;BA;2023-01-10
5917;Gabrielly Pereira;704.582.319-32;1997-10-18;671;3764.27;MG;2022-08-27
5918;Eduardo Pastor;405.372.198-97;1980-08-20;446;3587.29;GO;2021-10-23
5919;Alexia Barros;235.478.901-79;2007-03-08;617;5279.55;PE;2023-05-13
5920;Clara Cavalcanti;315.760.842-80;1957-05-28;845;6864.51;RS;2022-03-08
5921;Dr. Arthur Miguel Silveira;270.569.814-02;1958-10-07;691;4552.47;RS;2021-04-25
5922;Ana Vitória Moraes;914.385.076-66;1996-05-28;712;5169.61;MG;2021-08-29
5923;Bruna Mendonça;863.175.904-00;1964-04-25;628;4915.15;MG;2023-02-13
5924;Sra. Júlia Novais;801.674.325-08;1957-10-20;743;4634.02;SP;2024-11-26
5925;Sr. Henry Gabriel Moraes;482.701.359-41;2008-02-12;346;2554.57;SC;2023-02-01
5926;Srta. Hellena Farias;846.013.952-24;1964-02-08;676;5560.27;SP;2024-12-07
5927;Marcelo Garcia;849.023.175-32;2000-06-11;767;6573.37;RJ;2024-09-19
5928;Maria Júlia Camargo;715.249.086-49;2004-09-09;552;2090.58;CE;2021-06-01
5929;Gael Henrique Fernandes;301.425.897-05;1976-04-12;591;5755.96;GO;2024-05-01
5930;Gael Henrique Farias;092.851.346-70;1955-08-16;572;4604.32;MG;2021-03-03
5931;Ana Clara Martins;608.479.523-47;1963-10-10;670;4344.71;MG;2023-01-19
5932;João Gabriel Rocha;308.129.754-05;1995-05-27;694;7189.12;MG;2021-06-11
5933;Srta. Carolina Caldeira;725.408.396-65;1978-04-16;599;3662.94;RS;2021-06-07
5934;Eduardo Albuquerque;157.908.243-23;1999-05-13;612;2671.62;SP;2024-03-11
5935;Lucas Gabriel Casa Grande;704.386.512-35;1983-02-12;660;5732.27;SC;2021-11-03
5936;Sra. Raquel Vasconcelos;385.946.702-65;1987-11-29;821;6374.01;MG;2023-08-21
5937;Bernardo Pimenta;698.254.037-56;2003-12-05;669;4490.71;MG;2023-12-17
5938;Alícia da Rosa;904.567.328-29;1958-02-02;577;3090.81;PR;2023-08-21
5939;Aylla Costela;971.342.850-14;1975-04-03;596;4462.69;SC;2022-11-22
5940;Dr. Lucas Gabriel Almeida;961.452.380-89;1986-06-21;655;4616.4;GO;2024-08-13
5941;Heloisa Campos;136.298.750-68;1968-08-10;630;4706.62;SP;2022-08-11
5942;Vitor Almeida;178.394.065-48;1974-03-30;580;4720.36;RJ;2021-11-16
5943;Murilo Cirino;847.569.023-83;1991-02-12;624;5753.17;SP;2024-08-08
5944;Asafe da Costa;496.315.207-06;1977-08-28;605;4490.11;SP;2024-05-22
5945;Rebeca Lima;257.139.468-19;1981-03-05;598;4069.34;MG;2023-10-28
5946;Lorenzo da Costa;856.947.023-10;1972-09-06;576;6639.16;MG;2021-01-23
5947;Srta. Maria Sophia Freitas;734.560.912-06;1965-08-26;510;3801.34;SC;2023-05-18
5948;Maria Alice Pinto;097.531.462-99;1966-09-18;573;4336.83;GO;2024-02-09
5949;Arthur Miguel Barbosa;732.965.084-65;1990-10-07;580;4919.24;PR;2024-03-17
5950;Léo Oliveira;307.914.826-69;1997-12-30;414;4349.17;PE;2022-09-19
5951;Otávio Freitas;780.932.641-40;1959-06-04;695;4317.13;RS;2023-05-18
5952;Sophie Pinto;974.632.051-34;1960-06-08;347;1798.93;MG;2022-07-11
5953;Ana Julia Monteiro;140.392.685-98;1963-02-06;590;7300.29;RJ;2023-12-05
5954;Felipe Correia;803.219.467-31;1981-06-25;685;3672.41;SC;2021-09-14
5955;Cauã Albuquerque;824.906.173-03;2000-08-22;537;4242.79;RS;2023-04-01
5956;Aylla Caldeira;320.597.841-23;1973-04-30;650;3885.25;CE;2021-04-25
5957;Ísis da Luz;876.123.905-40;1988-11-07;603;4106.36;RS;2023-03-15
5958;Danilo Aparecida;738.506.924-00;1963-12-10;487;4155.6;MG;2024-02-20
5959;Jade Dias;312.985.740-05;1964-09-09;712;6537.04;CE;2021-06-08
5960;Gabrielly Cavalcante;176.902.435-25;1987-04-04;688;5006.63;GO;2023-09-05
5961;Arthur Melo;183.506.429-98;1960-04-22;705;5949.05;BA;2024-08-29
5962;Maria Luiza Sá;947.125.608-94;1971-04-10;636;4476.31;SC;2023-02-19
5963;Maria Isis Freitas;108.259.437-79;1996-11-14;560;4553.89;MG;2021-04-22
5964;Fernanda Borges;695.174.302-99;1992-10-26;850;7101.24;BA;2024-08-17
5965;Enzo Gabriel Albuquerque;960.523.814-42;1960-11-24;546;3535.61;SC;2022-02-03
5966;Alexandre da Conceição;394.685.210-60;1959-08-06;560;6657.29;PR;2021-08-11
5967;Pedro Miguel Rios;892.735.610-12;1964-01-19;572;5482.87;RJ;2021-06-09
5968;Maria Cecília Ramos;293.647.051-06;1958-08-07;574;4853.18;BA;2024-05-20
5969;Dr. Rafael Nascimento;097.436.512-25;1995-07-06;715;5148.1;BA;2021-02-27
5970;Ana Carolina Moraes;438.159.076-75;1959-02-02;543;6002.87;RS;2022-08-01
5971;Igor Nogueira;013.689.427-50;1960-04-22;738;6694.67;MG;2024-01-15
5972;Raul Silva;406.319.285-70;1977-02-05;714;6171.58;RJ;2021-05-14
5973;Dr. Henrique Pacheco;012.583.967-77;1963-05-18;850;6843.91;RS;2024-05-07
5974;Maria Vitória Ramos;678.023.154-17;2007-08-05;689;4061.09;SP;2022-09-26
5975;Brenda Sales;956.241.073-07;1994-06-28;521;2967.18;RS;2024-02-04
5976;Srta. Joana Cunha;714.389.652-73;1971-08-06;772;3623.46;RS;2024-07-31
5977;Ravi Lucca Nogueira;528.790.136-40;2000-04-18;571;1574.29;SP;2022-05-08
5978;Srta. Allana Monteiro;389.561.072-03;2002-05-17;520;3669.05;PR;2021-06-24
5979;Gustavo Henrique Campos;754.836.290-00;1963-12-18;786;6684.63;CE;2024-03-02
5980;Lívia Duarte;890.643.751-00;2005-08-10;520;5225.96;SP;2024-02-29
5981;Sra. Helena Casa Grande;526.148.790-02;2001-04-24;622;5013.57;GO;2021-04-04
5982;Emanuelly Alves;824.576.309-83;1990-01-22;475;2809.99;SP;2022-10-07
5983;Théo Dias;956.813.470-01;1969-05-13;520;4206.46;RJ;2022-09-25
5984;Paulo Andrade;384.197.520-88;1987-08-01;629;6576.09;SP;2023-01-01
5985;Samuel Araújo;846.701.235-80;1958-07-07;666;2620.43;PR;2023-03-27
5986;José Barros;982.763.504-29;1987-11-06;651;3757.98;PE;2022-02-04
5987;Rebeca Alves;957.342.618-82;1967-11-17;504;3219.83;BA;2023-03-12
5988;Juan Martins;504.328.176-62;1965-02-28;540;2944.85;BA;2021-09-23
5989;Luara Pires;814.095.327-04;1990-06-16;644;3741.2;RJ;2022-11-10
5990;Ana Cecília Gomes;601.392.854-15;2007-01-31;662;7532.97;SC;2023-10-29
5991;Benjamim Garcia;734.192.586-82;1966-02-15;460;3395.49;RJ;2023-10-26
5992;Maria Liz da Cruz;741.350.692-07;1995-11-28;317;2235.06;MG;2021-02-18
5993;Cecília Cirino;204.759.613-07;1987-03-11;697;6296.64;CE;2023-02-22
5994;Noah Jesus;705.289.164-67;1986-06-26;629;5921.26;GO;2024-04-15
5995;Evelyn Campos;953.287.106-30;1962-12-28;850;8512.3;SP;2022-08-18
5996;Sr. Leandro Guerra;872.561.394-46;1962-09-23;557;3004.9;MG;2021-11-07
5997;Maria Julia das Neves;943.517.280-60;1961-12-05;571;3621.02;GO;2021-06-11
5998;Luna Melo;349.815.620-98;1997-08-12;674;4210.81;RJ;2022-04-20
5999;Pietro Vargas;614.709.358-48;1956-11-05;611;5726.01;RS;2024-10-27
6000;Emilly Leão;783.095.642-10;2000-04-05;607;3909.69;MG;2021-11-26
6001;Dra. Isis Albuquerque;267.530.198-12;1983-09-12;760;4201.02;PE;2023-11-24
6002;Ana Luiza Ribeiro;623.408.579-29;1966-11-23;580;4598.34;CE;2024-08-27
6003;Srta. Joana Marques;430.572.896-65;1997-01-06;621;5148.5;PE;2022-12-01
6004;Rael Nascimento;197.324.608-22;1957-02-18;693;5508.59;GO;2021-09-26
6005;Calebe da Cruz;497.621.803-13;2002-12-27;575;4192.41;BA;2022-08-19
6006;Fernanda Barbosa;639.104.285-33;1976-07-29;546;5155.54;BA;2024-06-30
6007;João Pedro das Neves;946.271.503-34;1980-03-27;542;5182.77;SC;2021-03-23
6008;Arthur Miguel Sampaio;602.415.738-07;1992-05-27;622;4454.75;SC;2022-05-05
6009;Asafe Nunes;097.416.823-87;1980-09-04;694;4824.55;RS;2024-06-04
6010;Lavínia Cirino;197.230.856-40;1983-11-10;696;5780.73;CE;2021-06-03
6011;Amanda Castro;702.953.164-70;1994-02-25;548;4912.63;MG;2024-03-07
6012;Maria Vitória da Luz;680.417.235-35;2004-06-26;685;6637.52;GO;2021-07-19
6013;Matteo Costa;746.159.380-39;1978-08-10;735;6371.27;SP;2021-10-20
6014;Otto Moraes;175.683.904-20;1994-06-05;484;6320.59;PR;2024-01-26
6015;Dom Cirino;058.173.642-71;2000-06-19;451;4557.26;RJ;2023-10-19
6016;João Vitor Vasconcelos;063.752.184-62;1985-05-14;671;4193.86;RJ;2023-07-21
6017;Thales Pimenta;219.035.647-43;2004-04-16;605;4761.25;BA;2021-12-14
6018;Maria Alice Siqueira;593.012.478-79;1967-09-24;776;5494.69;PR;2021-11-27
6019;Calebe Monteiro;918.037.562-68;1960-03-28;588;2367.93;RJ;2022-07-28
6020;Lorena Costa;732.159.406-80;1984-02-27;828;5553.53;CE;2023-01-15
6021;Mariana Costa;250.974.863-74;1955-11-11;659;5170.59;BA;2021-07-02
6022;Srta. Joana Viana;692.510.847-85;1959-05-18;608;5673.86;RJ;2022-01-02
6023;Davi Miguel Farias;104.632.875-17;1973-11-23;820;6811.49;GO;2022-06-13
6024;Sophia Vasconcelos;430.786.915-00;1965-09-22;698;5912.89;GO;2022-06-09
6025;Manuela da Rocha;612.798.305-30;2008-06-26;742;5473.08;GO;2024-08-24
6026;Raul Peixoto;571.420.386-08;1967-07-31;749;7102.5;MG;2021-09-11
6027;Enrico Vasconcelos;715.369.208-86;1989-01-06;749;5331.85;CE;2023-09-27
6028;Marina Ramos;490.317.825-05;1966-11-05;599;5031.47;SP;2023-01-15
6029;Luiz Gustavo Moura;470.683.591-75;1972-11-13;455;5234.92;PR;2023-04-02
6030;Valentina da Cruz;310.259.876-59;1985-09-05;618;5227.93;SC;2024-06-23
6031;Dra. Stella Cirino;520.796.814-94;1971-08-19;550;3073.12;MG;2023-06-22
6032;Maria Sophia Cassiano;927.036.541-70;1960-03-25;547;4595.2;BA;2023-11-16
6033;Maria Flor Ferreira;847.536.219-28;1971-03-26;700;5761.79;CE;2022-10-05
6034;Melissa Ferreira;637.824.905-92;2008-05-16;661;4950.97;BA;2021-06-20
6035;Heloisa Moraes;390.521.468-70;1991-10-31;679;6914.83;SC;2023-11-03
6036;Kamilly Ferreira;301.542.869-15;1988-10-29;704;6441.54;GO;2022-06-23
6037;Sra. Ana Julia Teixeira;487.965.013-75;2006-11-09;655;3736.84;SP;2024-06-25
6038;Maya Gonçalves;867.490.321-50;1962-05-04;494;4406.88;SP;2022-05-17
6039;Sra. Nina Pastor;613.479.028-13;1962-11-13;618;5383.84;PE;2021-01-17
6040;Laís da Mata;347.250.186-35;1991-05-14;821;7294.04;MG;2021-08-04
6041;Dr. Fernando Aragão;357.416.902-70;1959-08-09;771;6262.68;PR;2023-02-09
6042;Maysa Nascimento;821.540.376-07;2007-11-20;523;4126.13;MG;2024-03-13
6043;Maria Júlia Nunes;538.402.796-74;1956-09-03;523;5742.29;SC;2021-05-30
6044;Thomas Jesus;893.072.451-50;1993-01-29;714;6232.51;RS;2023-03-07
6045;Lunna Peixoto;214.536.097-25;1996-08-21;768;4123.94;GO;2024-10-02
6046;Anna Liz Costela;395.716.802-30;2003-07-10;690;4209.35;RJ;2022-12-16
6047;Dr. Fernando Ribeiro;641.079.528-94;2005-04-29;619;4640.29;GO;2023-08-18
6048;Theo Souza;014.827.693-87;2005-01-07;699;5820.19;PE;2023-08-11
6049;Maria Eduarda Guerra;876.039.541-93;1990-02-10;781;5646.1;RJ;2021-06-25
6050;Gabrielly Fernandes;275.831.649-82;1968-11-28;705;5802.22;MG;2021-08-10
6051;Caleb Leão;896.432.571-00;2007-04-26;423;2465.38;SC;2023-06-07
6052;Davi Luiz Pinto;423.976.580-38;1990-08-11;602;5928.29;RS;2023-04-03
6053;Clarice da Rosa;953.067.281-03;2005-08-20;675;4232.5;BA;2021-05-13
6054;Davi Luiz Novais;286.974.035-29;1991-06-02;603;6841.81;BA;2022-12-03
6055;Dra. Raquel Rodrigues;072.458.693-83;1978-09-02;633;4736.67;CE;2023-09-23
6056;Milena Rezende;681.243.905-33;1967-05-14;679;6195.39;RS;2024-12-09
6057;Eduarda Freitas;937.184.260-13;1975-12-12;565;5022.57;GO;2021-08-23
6058;Maria Isis Abreu;396.017.285-03;1971-08-09;580;5359.33;PR;2023-07-20
6059;Heitor da Cunha;915.026.734-52;1968-08-06;640;5601.97;SP;2024-01-22
6060;Gabriel Barros;972.583.610-30;1977-06-30;528;3402.71;MG;2023-08-21
6061;Gustavo Caldeira;736.081.249-69;1996-05-10;733;5784.6;MG;2024-08-04
6062;Maria Flor Fernandes;093.542.786-47;1962-10-24;654;4925.6;RS;2022-10-18
6063;Alice da Cunha;937.482.056-00;1987-05-21;727;5208.19;CE;2021-03-06
6064;Isis Costa;057.631.489-75;2007-12-05;603;5609.99;CE;2023-02-18
6065;Dra. Carolina Sá;359.614.702-61;1974-05-27;760;5556.24;SP;2023-01-11
6066;João Felipe Marques;526.137.804-44;2001-06-11;850;7113.24;SC;2023-08-28
6067;Fernanda Castro;638.745.901-00;1965-06-30;494;4321.05;RS;2021-04-21
6068;Dra. Julia Farias;197.830.625-30;1961-09-01;574;5026.07;RS;2021-02-16
6069;João Miguel Peixoto;057.618.234-62;1972-12-26;614;4986.27;SC;2022-07-07
6070;Ana Carolina Fernandes;684.392.501-42;1995-05-12;510;5070.06;PR;2024-07-25
6071;Ravi Lucca Rodrigues;738.026.159-21;1978-04-24;481;2739.24;MG;2021-06-21
6072;João Felipe Almeida;423.719.568-64;2006-04-23;664;6914.84;MG;2021-05-22
6073;Laura Cunha;489.657.321-82;2001-10-31;577;5316.97;PR;2023-04-10
6074;Evelyn Silva;846.215.970-94;1999-08-07;748;6798.68;RJ;2022-09-03
6075;Evelyn Sales;715.049.683-01;1994-03-14;582;3564.95;GO;2023-05-10
6076;Melina Ribeiro;985.410.267-01;1959-04-14;355;2577.16;PE;2022-03-15
6077;Luiz Henrique Almeida;842.507.693-56;1958-02-20;761;4963.83;PR;2022-01-12
6078;João Guilherme Pires;708.629.413-69;1971-11-09;704;4681.85;SP;2021-07-09
6079;Sra. Ester Rezende;386.721.045-44;1987-11-05;632;5763.79;SC;2022-12-02
6080;Emanuelly da Rosa;158.734.906-00;2002-10-20;540;4490.48;PR;2021-12-03
6081;Maria Fernanda Vargas;923.601.857-21;1964-03-06;570;5265.15;RS;2022-12-17
6082;Juliana Nogueira;619.543.078-10;1974-02-10;648;5240.51;SC;2023-09-14
6083;Léo Marques;781.625.309-59;1997-10-12;807;7118.31;GO;2024-01-02
6084;Maria Eduarda Araújo;216.378.950-03;1966-01-02;537;4210.14;MG;2024-11-27
6085;Luiz Miguel Cunha;215.698.430-15;1980-04-17;610;4960.32;SC;2022-12-28
6086;Asafe Pires;815.473.926-73;1973-04-23;850;7170.85;CE;2023-03-08
6087;Calebe Castro;032.516.498-33;1993-05-22;375;2457.2;SP;2024-02-23
6088;Maysa Pires;308.214.957-04;1973-03-06;388;2774.2;CE;2022-02-11
6089;Srta. Valentina Porto;071.584.629-94;1989-03-12;381;2176.41;RJ;2024-09-29
6090;João Lucas Garcia;354.790.618-01;1969-04-01;437;3880.16;CE;2024-06-16
6091;Eduarda da Mota;189.543.062-33;1967-03-12;620;5262.96;MG;2022-10-26
6092;Luna Porto;420.571.839-04;1980-03-27;607;3461.7;BA;2021-01-30
6093;Heitor Lopes;450.867.321-07;1969-10-19;681;7370.22;MG;2023-07-29
6094;Isabella Ramos;463.852.791-46;1960-05-29;669;4926.08;MG;2023-10-20
6095;Liam Nascimento;108.374.526-35;1959-01-21;448;2675.93;BA;2021-08-21
6096;Sra. Isis Sales;741.853.026-90;1994-07-12;674;6465.12;SC;2022-06-23
6097;Eduardo Oliveira;314.720.689-04;1956-03-10;651;6007.89;PE;2021-01-08
6098;Yuri da Mata;403.758.692-47;2002-02-28;704;6138.53;GO;2021-09-15
6099;Luiz Otávio Ramos;176.850.493-84;1999-02-08;540;4493.92;GO;2024-08-01
6100;Antônio Rezende;295.874.163-09;1975-11-15;518;4161.43;CE;2021-07-19
6101;Fernanda Casa Grande;341.069.857-48;1995-10-13;659;6950.78;SP;2022-03-24
6102;Leonardo Leão;437.150.962-25;1999-09-03;462;4177.51;RS;2023-05-11
6103;Cecilia Pimenta;870.162.439-31;1958-01-05;797;7134.85;PE;2021-12-07
6104;Joana Barbosa;603.791.485-01;1994-06-27;719;6339.69;CE;2023-02-13
6105;Gabriel da Rocha;705.432.961-99;2005-03-22;775;5112.52;RS;2022-12-14
6106;João Felipe da Cruz;235.871.640-53;2001-04-13;453;3617.67;RS;2022-01-27
6107;Nathan Cassiano;254.876.139-82;1966-06-19;360;4110.65;CE;2021-01-30
6108;Pietra Almeida;652.907.843-65;1998-09-08;766;5694.65;BA;2023-01-16
6109;Marcela Casa Grande;845.230.691-15;1981-03-28;575;4527.65;SP;2022-09-11
6110;Larissa das Neves;641.728.593-64;1989-04-05;626;5135.17;PR;2023-10-26
6111;Jade da Rosa;421.978.356-37;1986-06-08;686;5315.37;RJ;2024-12-03
6112;Eduarda Correia;601.285.973-21;1995-12-17;733;6309.95;GO;2024-08-21
6113;Dra. Mirella Barros;821.359.067-86;1974-01-08;547;5711.11;GO;2023-04-28
6114;José Miguel Câmara;680.175.293-68;2002-06-22;457;3563.83;SC;2022-12-22
6115;Heloísa Aparecida;710.346.258-53;1962-12-01;736;5164.93;BA;2024-01-16
6116;Dr. Théo Nogueira;605.918.724-20;2000-08-11;657;5799.34;SC;2023-12-08
6117;Dra. Ana Carolina Lima;380.947.621-87;1994-11-20;516;4055.52;BA;2021-08-21
6118;Maria Isis Novais;734.809.265-92;1991-09-17;601;4256.26;MG;2023-07-29
6119;Eloah Porto;695.142.073-43;1968-07-27;850;6036.89;SC;2023-02-04
6120;Maria Helena Pires;035.146.792-07;2000-08-10;740;5527.2;MG;2024-02-07
6121;Sr. João Felipe Souza;184.972.653-19;2007-12-19;489;4014.81;CE;2021-11-30
6122;Dra. Carolina da Costa;120.964.753-25;1995-09-08;697;6496.51;PE;2023-06-12
6123;Srta. Maitê Leão;584.012.769-85;1999-07-23;807;9401.25;SC;2022-08-07
6124;Ravi Lucca da Cruz;260.543.791-43;1985-02-10;650;4536.91;SC;2024-07-22
6125;Luara Gomes;756.408.912-11;1970-06-18;674;5125.79;PR;2024-12-08
6126;Arthur Pereira;980.365.124-24;1955-07-23;731;4550.84;CE;2021-07-23
6127;Bárbara Albuquerque;498.653.207-38;1966-04-12;850;7656.05;RJ;2021-08-01
6128;Felipe Novais;478.021.569-20;1959-11-06;417;2626.97;RJ;2024-08-23
6129;Nicole Correia;819.365.720-95;1980-10-03;717;6912.34;SP;2024-06-16
6130;Ana Cecília Moura;081.572.694-58;2001-07-02;467;4449.03;SC;2021-08-01
6131;Ravy Fonseca;920.567.483-47;1972-03-19;386;2998.66;GO;2024-07-01
6132;Ana Martins;689.421.503-06;1957-11-12;753;5472.48;PE;2021-07-24
6133;Ana Laura Silveira;437.268.590-47;1979-02-06;439;3658.21;GO;2023-10-28
6134;Joana Lima;349.512.708-97;2002-07-23;547;5005.56;CE;2021-03-08
6135;Sr. Lucca Correia;186.234.509-06;1995-11-03;513;3331.36;PR;2023-05-12
6136;Cecilia Correia;605.428.137-26;1976-08-12;377;3185.94;RS;2022-04-02
6137;Cauê Barbosa;421.678.903-03;1979-09-11;600;3611.62;GO;2024-02-04
6138;Eduardo Guerra;170.485.269-20;1961-03-02;643;6171.07;SC;2021-08-23
6139;Sr. Marcos Vinicius Gomes;428.965.031-70;1984-01-01;594;5020.17;RS;2023-08-20
6140;Srta. Maria Luiza Borges;491.738.652-73;1962-08-26;652;4011.67;RJ;2022-12-20
6141;Bruna Moreira;018.397.456-57;1961-05-22;850;6329.15;GO;2023-04-26
6142;Bryan Ferreira;458.367.190-39;1987-01-26;698;6353.22;SC;2021-01-16
6143;Nicolas Albuquerque;917.458.630-01;1981-11-25;603;5430.8;BA;2022-04-04
6144;Kevin Farias;579.640.381-84;1960-03-12;649;3774.36;PE;2022-08-04
6145;Benjamin Rodrigues;738.056.194-48;1977-02-07;580;4027.45;PR;2024-09-10
6146;Maria Flor Araújo;436.928.750-29;1959-11-08;564;3208.0;PR;2022-09-22
6147;Nathan Cardoso;584.790.326-00;1998-12-20;755;7641.99;SC;2024-10-10
6148;Cecília Ribeiro;927.813.460-04;1982-08-23;737;7166.53;RS;2021-01-09
6149;Sr. Pedro Miguel Leão;290.537.148-04;1990-01-03;578;3987.74;SC;2021-03-08
6150;Davi Lucas Souza;423.697.805-92;1973-10-04;526;4852.06;SP;2021-02-23
6151;Breno Ribeiro;234.106.795-61;1974-03-28;647;5098.78;MG;2023-02-06
6152;Sra. Ísis da Cunha;432.098.157-04;1994-03-02;775;6604.94;PE;2024-05-13
6153;Pietra Caldeira;398.640.521-60;1963-09-12;519;3471.09;BA;2022-11-18
6154;Arthur Guerra;915.372.406-25;1960-07-07;701;6649.73;MG;2024-03-17
6155;Ana Laura Melo;259.807.634-65;1974-04-15;686;7384.89;SC;2022-05-11
6156;Eduardo Cardoso;623.485.097-92;1996-01-10;816;6969.04;PE;2023-03-13
6157;Yan Camargo;703.945.168-93;2003-07-11;519;2842.01;RS;2024-06-16
6158;Bella Montenegro;864.912.573-55;2000-02-12;573;5337.21;SC;2021-04-16
6159;Gabriela Costa;810.764.392-50;2003-09-24;839;7129.45;CE;2023-05-29
6160;Guilherme da Mata;419.037.825-97;1970-07-30;760;5834.69;MG;2024-07-27
6161;Renan Vargas;863.502.974-74;1964-07-26;694;6375.36;SC;2021-12-22
6162;Mariane Borges;738.615.249-37;1966-05-20;382;2642.56;SC;2022-10-14
6163;Alana Souza;045.921.738-05;2008-02-27;733;6138.47;PE;2021-11-21
6164;Sra. Emanuella Guerra;564.173.980-48;2002-02-18;476;1377.88;SC;2022-04-19
6165;Bruna Campos;069.817.452-67;1989-02-04;576;4536.41;RJ;2024-12-25
6166;Anthony Gabriel Barros;352.091.468-98;2008-02-28;513;4247.08;MG;2023-10-30
6167;Bianca da Rocha;392.546.178-73;1963-12-13;680;6110.69;RJ;2024-07-17
6168;Luan Fernandes;728.503.169-03;1989-10-13;337;1381.71;CE;2023-03-14
6169;Ísis Marques;127.586.934-37;1990-01-12;583;5236.17;PR;2024-02-07
6170;Sr. Theodoro Melo;053.746.192-25;2000-10-13;678;5895.87;MG;2022-10-23
6171;Enzo Gabriel Garcia;683.451.092-33;1992-01-10;573;4256.37;RS;2021-07-10
6172;Maria Luísa Rocha;173.856.204-26;1986-01-21;532;5024.19;RJ;2021-02-22
6173;Theo Cirino;615.843.790-57;1999-05-01;509;4922.04;SC;2021-01-24
6174;Sr. Gustavo Oliveira;670.329.581-68;1955-12-07;644;5106.96;CE;2021-11-10
6175;Srta. Maria Julia Sousa;513.892.460-51;1957-03-28;541;2972.46;SP;2024-06-19
6176;Dra. Ana Júlia Montenegro;059.276.814-76;1993-08-26;542;4005.99;PE;2021-06-11
6177;Sra. Maria Sophia Costa;760.312.859-59;1997-01-26;335;2482.64;CE;2023-02-23
6178;Benjamim Pastor;529.814.370-97;1995-08-24;730;6407.22;SP;2021-09-25
6179;José Pedro Almeida;153.098.672-95;2006-10-25;560;4526.94;GO;2024-07-23
6180;Dr. Yago Azevedo;379.618.452-91;1976-10-08;553;4572.76;BA;2022-01-18
6181;Aylla Nunes;805.247.319-50;1965-03-01;804;7400.5;RS;2024-08-29
6182;Maysa Almeida;532.614.089-60;1962-07-01;682;4963.12;RS;2022-09-01
6183;Vitor Hugo Araújo;015.742.638-62;1965-11-07;709;3985.12;RS;2024-01-02
6184;Pedro Lucas da Rocha;291.647.580-01;1992-04-05;589;5295.71;RS;2023-02-14
6185;Daniel Cardoso;564.928.130-06;1997-10-09;708;6333.88;PR;2024-09-12
6186;Pedro Lopes;942.160.573-06;1969-07-28;655;5044.28;SP;2022-07-18
6187;Manuela Silva;176.823.495-73;1966-10-14;684;4519.14;RJ;2021-10-22
6188;Benjamim da Cunha;318.570.249-23;1963-06-09;518;4205.73;SP;2024-07-31
6189;Srta. Mariah Abreu;053.186.924-51;2002-06-20;640;3294.38;CE;2021-07-31
6190;Luiz Gustavo da Rocha;341.056.289-33;1989-05-01;674;6164.73;RJ;2023-07-30
6191;Mariane Fonseca;865.023.179-95;1965-11-06;610;7254.47;CE;2021-09-09
6192;Gael Henrique Leão;389.754.621-37;1970-03-09;538;3942.91;RJ;2021-10-18
6193;Sra. Gabriela Pastor;206.973.541-99;1996-11-04;572;4499.81;PR;2022-06-21
6194;Bella Camargo;132.765.980-86;1973-01-15;580;3233.19;MG;2021-07-10
6195;João Pedro da Cunha;839.605.742-74;1961-06-09;554;4334.38;RJ;2023-10-10
6196;Igor Lopes;047.968.513-48;1984-07-15;767;8338.24;BA;2022-03-02
6197;Benício Machado;492.053.768-92;1970-09-20;780;5464.62;SC;2021-07-26
6198;Luiz Gustavo Albuquerque;261.348.079-31;1987-07-13;536;4128.67;GO;2021-02-14
6199;Laura Novais;029.318.475-50;1979-05-10;834;6506.58;SC;2021-05-31
6200;Vinícius Andrade;436.809.512-05;2004-08-31;460;3178.82;GO;2024-07-05
6201;Maria Vitória Sales;352.406.179-61;1967-05-18;710;6369.94;RJ;2022-03-07
6202;Gael Henrique da Cunha;792.503.416-52;1957-09-15;595;5443.41;SC;2023-02-08
6203;Maria Laura Abreu;135.684.270-44;1955-08-18;347;2879.83;BA;2024-07-21
6204;Sr. Bento Montenegro;487.639.205-65;1990-11-05;723;4951.14;GO;2021-11-26
6205;Pedro Henrique Lima;074.913.625-16;1996-07-01;519;2285.55;MG;2022-09-04
6206;Ísis Cavalcanti;674.123.958-82;1975-01-29;810;5759.85;SP;2022-01-01
6207;João Lucas Novais;280.913.645-98;1994-12-05;648;5787.92;CE;2024-07-16
6208;Sofia Machado;546.103.792-52;1977-03-11;801;6254.1;CE;2021-03-06
6209;Laís Vieira;635.429.810-60;1988-07-01;555;4613.07;RJ;2022-12-04
6210;Brayan Montenegro;204.938.156-51;2001-10-17;774;6021.83;BA;2023-09-19
6211;Letícia Azevedo;216.873.945-55;1992-05-01;505;2499.24;CE;2024-05-13
6212;Dr. Gael Oliveira;843.216.079-22;1975-06-18;473;4648.39;PE;2021-01-11
6213;Nicole Vargas;510.374.298-50;1978-01-27;581;4040.48;MG;2023-12-05
6214;José Miguel Silva;308.467.295-47;2005-12-03;534;4357.05;PR;2021-09-07
6215;Aylla Fonseca;509.214.873-04;1959-02-11;591;4454.87;RS;2024-05-26
6216;Sofia Aragão;829.645.173-55;1961-06-18;781;7786.02;SP;2024-01-03
6217;Asafe Teixeira;318.942.765-82;1974-08-03;426;3735.59;SP;2023-11-27
6218;Srta. Ayla Novaes;513.067.982-21;1993-07-29;526;3959.75;PE;2021-11-09
6219;Heloísa Silveira;653.019.247-61;1982-07-22;657;5043.28;RS;2023-01-18
6220;Isabelly Barros;836.549.201-60;1970-07-07;647;5848.97;RJ;2022-03-21
6221;Caroline Abreu;871.394.265-46;2005-05-12;655;4593.16;SP;2022-11-02
6222;Leonardo Pereira;041.239.768-40;2001-02-10;544;2912.29;MG;2022-03-27
6223;Mirella Campos;920.865.374-92;1987-11-15;517;6098.07;RJ;2024-11-17
6224;Isis da Paz;480.925.137-32;1991-10-25;524;2998.62;MG;2022-07-03
6225;Theo Costa;961.832.540-70;2003-11-29;658;5153.64;PR;2023-09-14
6226;Kevin Alves;726.541.309-16;1980-05-05;596;6177.05;RS;2021-07-08
6227;Maria Júlia Nogueira;679.308.514-00;1959-02-08;685;4950.01;BA;2024-12-21
6228;Noah Câmara;596.180.247-76;1974-12-08;569;4049.41;PE;2024-08-28
6229;Dra. Liz Sales;235.941.786-09;1990-11-18;724;5483.85;PR;2023-08-15
6230;Davi Miguel Freitas;961.705.328-40;1982-11-15;404;3183.68;GO;2023-06-13
6231;Maria Sophia da Luz;290.768.415-94;1980-01-26;435;5664.23;PE;2023-03-31
6232;Isabella Ramos;194.568.270-11;1982-05-18;504;3870.14;RS;2022-05-28
6233;Dom Monteiro;297.165.408-76;1993-12-25;650;4911.34;MG;2022-02-10
6234;Maria Vitória Caldeira;574.980.621-94;2005-08-03;585;5101.83;PR;2023-03-16
6235;Maria Luiza da Costa;574.918.026-30;1995-08-22;803;7191.51;RJ;2024-04-10
6236;Dra. Ayla Sousa;732.698.450-65;1997-07-03;797;5329.38;CE;2022-10-01
6237;Vitor Hugo da Cruz;790.341.628-69;1968-01-29;658;5419.25;MG;2022-02-26
6238;Marina Moura;509.827.641-11;1985-12-16;662;6672.23;GO;2023-06-07
6239;Henry Jesus;587.103.962-68;1995-07-30;593;4338.5;GO;2023-05-18
6240;Emanuel Novaes;248.905.376-00;1958-05-05;684;3693.8;CE;2022-07-11
6241;Manuela Casa Grande;812.097.634-78;2001-06-19;591;4593.8;BA;2024-06-29
6242;Gabrielly Cirino;602.973.548-92;1991-02-09;509;5129.06;RJ;2024-05-28
6243;Sra. Maria Cecília Oliveira;132.804.957-41;1961-07-14;492;3800.13;SC;2023-05-30
6244;Isabel Siqueira;194.856.702-49;1967-06-29;655;6593.45;RS;2024-03-07
6245;Dr. Antônio Machado;623.459.071-34;1976-02-03;618;5880.15;BA;2023-02-05
6246;Vitória Oliveira;356.174.092-80;1991-09-12;704;5755.46;RJ;2023-07-10
6247;Isaque Costa;861.427.935-37;1985-12-08;489;2477.42;MG;2021-03-11
6248;Fernando Sá;173.650.298-03;1968-09-11;632;4513.3;PE;2022-06-03
6249;Cauê da Cunha;234.176.580-71;1958-08-09;730;6585.86;CE;2023-04-20
6250;Dr. João Lucas Souza;852.346.079-92;1970-01-04;597;3618.29;PR;2024-05-21
6251;Vinicius Pacheco;051.967.432-43;1993-04-06;681;4430.05;PE;2022-12-23
6252;Enrico Silva;526.394.178-19;1983-11-29;528;3244.58;SC;2021-03-03
6253;Agatha Alves;132.897.560-68;1993-04-20;603;5994.19;RJ;2022-01-04
6254;Davi Miguel Mendonça;213.768.094-78;2001-02-09;619;4508.78;BA;2023-05-30
6255;Sr. Caleb da Costa;549.673.082-10;2005-08-09;436;4040.12;MG;2023-01-03
6256;Sra. Anna Liz Barros;186.950.432-15;1963-02-07;526;4325.52;RS;2021-05-29
6257;Dra. Hellena Lima;325.710.468-53;1995-09-25;577;5454.18;RS;2024-09-07
6258;Srta. Amanda Rezende;340.871.926-87;2004-09-12;601;4749.07;BA;2023-02-01
6259;Luna Carvalho;368.907.214-03;1956-12-17;678;7530.94;MG;2022-10-06
6260;Marina Ramos;046.319.287-78;1998-10-09;726;5719.39;RJ;2021-01-20
6261;Srta. Maya Sales;061.758.349-84;2001-10-30;620;4435.14;BA;2024-11-10
6262;Sr. Benjamim Almeida;370.146.925-34;1963-08-02;506;3495.25;SP;2022-11-05
6263;Levi Aragão;916.023.854-24;1994-02-21;527;4869.37;RS;2023-08-12
6264;Maria Cecília Jesus;831.572.649-82;1974-09-20;491;5261.21;CE;2022-10-21
6265;Letícia da Conceição;135.820.647-35;2008-03-12;710;5700.5;RS;2024-02-25
6266;Ryan Aparecida;879.063.512-40;1991-10-14;620;4402.72;RJ;2023-03-01
6267;Pedro Fogaça;524.608.397-74;1991-07-24;652;6304.09;PR;2024-05-17
6268;Maitê Porto;073.649.812-50;1993-04-25;535;2746.61;RS;2023-12-16
6269;Luiz Henrique Cunha;813.652.097-68;1964-09-07;704;5956.37;RS;2021-07-30
6270;Noah das Neves;208.379.561-02;1996-04-16;485;3146.61;PE;2022-07-24
6271;Pedro Lucas Azevedo;194.325.870-88;1964-04-26;516;3403.47;CE;2024-10-06
6272;Aylla Teixeira;351.984.726-46;1996-02-04;581;4381.45;RJ;2024-03-21
6273;Levi Alves;950.864.317-00;2000-04-15;541;3569.84;SC;2024-10-29
6274;Dr. Thales Viana;769.135.804-01;1964-07-03;592;4903.69;SC;2022-10-13
6275;Isaac Barros;035.982.417-04;1962-12-07;582;5814.67;BA;2022-02-10
6276;Maria Luísa das Neves;209.581.763-02;1981-12-07;680;3849.15;RS;2021-04-12
6277;Dr. Thales Ferreira;640.712.983-40;1975-12-10;682;6061.54;GO;2023-10-19
6278;Dr. Nicolas Ramos;854.769.321-19;1977-02-11;567;3040.8;SP;2022-07-17
6279;Dante Marques;106.247.893-22;1993-10-20;620;4952.29;SC;2021-09-02
6280;Maria Luiza Vasconcelos;723.049.851-14;2004-08-27;485;2428.78;RJ;2023-07-17
6281;Rafaela Novaes;728.410.395-79;1982-07-27;609;4638.92;MG;2024-05-16
6282;Ana Sophia Barros;531.082.469-33;1981-10-09;569;4468.59;BA;2024-04-25
6283;Bruno Teixeira;462.879.103-13;1956-03-08;487;3461.18;SC;2022-04-30
6284;Sr. Arthur Vargas;984.165.237-46;2003-10-29;683;5114.03;CE;2021-02-13
6285;Davi Luiz Novaes;470.139.258-88;2004-03-31;419;2879.31;PR;2021-02-06
6286;Bárbara Costela;948.037.261-40;1960-08-20;491;4195.14;CE;2021-01-10
6287;Isabelly Costela;192.874.056-11;1959-02-09;658;3605.23;GO;2022-08-06
6288;Srta. Bella Vasconcelos;842.057.369-83;1963-06-04;711;4575.81;MG;2023-04-05
6289;Yago Mendonça;782.960.345-65;1985-03-16;807;6407.22;SP;2023-12-29
6290;Kamilly Vargas;687.402.395-00;1964-01-26;470;2618.01;PE;2021-03-22
6291;Enzo da Conceição;358.741.206-53;1996-11-08;661;4896.7;BA;2024-08-13
6292;Mirella da Mata;094.562.378-00;1959-10-09;608;6476.78;SP;2021-05-23
6293;Rhavi Rocha;153.864.270-08;1976-03-22;536;4347.96;GO;2021-07-14
6294;Sra. Anna Liz Pires;650.217.394-25;1959-02-13;790;6590.51;SC;2022-09-09
6295;Thales Pereira;816.297.435-00;1992-02-14;427;3921.39;PR;2022-10-12
6296;Ana Julia Santos;064.591.287-58;2001-07-09;480;5246.81;BA;2023-03-31
6297;Mariah Guerra;309.425.681-33;1957-01-04;521;7137.51;RJ;2024-02-14
6298;Ana Lívia Mendes;386.170.295-95;1972-03-16;796;5571.39;BA;2023-10-09
6299;Bianca Marques;386.094.251-42;2006-01-22;622;5729.64;CE;2021-04-07
6300;Dra. Larissa da Rocha;127.504.683-53;1973-12-25;714;6154.34;SC;2022-09-04
6301;Sr. Benicio Fogaça;523.864.701-80;1997-01-01;770;6037.03;GO;2023-10-08
6302;Laís Teixeira;916.503.728-68;1973-10-01;575;4253.14;RJ;2023-02-05
6303;Calebe Brito;452.180.793-32;1983-01-08;723;6149.18;CE;2021-07-30
6304;Josué Farias;903.756.214-07;1961-10-31;654;6027.23;SP;2022-04-04
6305;Ana Luiza Moreira;032.586.791-77;1962-06-30;373;3294.07;SP;2021-01-22
6306;Sr. Caleb Moura;016.379.824-96;1995-11-19;646;6836.81;MG;2021-08-04
6307;Isabel Oliveira;795.428.630-47;1995-08-02;436;5045.19;BA;2024-11-09
6308;Liz Pimenta;402.965.178-01;1970-07-28;629;5520.99;SC;2022-04-09
6309;Ana Liz Abreu;236.981.407-13;1991-04-24;821;7128.76;MG;2021-06-30
6310;João Gabriel Fonseca;804.963.215-60;1980-02-20;668;5586.29;RS;2023-01-26
6311;Dr. Guilherme da Paz;092.738.145-14;1985-04-15;561;4459.51;PE;2021-01-11
6312;Srta. Alana Correia;075.496.283-00;2000-09-17;534;4227.43;SP;2022-06-16
6313;Vicente Jesus;376.418.205-90;1963-11-15;339;3141.04;SP;2021-08-15
6314;Gustavo Câmara;621.870.395-95;1981-12-10;605;4503.8;SP;2022-09-16
6315;Matteo Fernandes;418.095.672-11;1965-11-05;646;3734.44;RJ;2022-06-25
6316;Vitor Siqueira;609.281.437-40;1982-11-10;850;6697.23;BA;2024-11-09
6317;Dra. Mariane Gomes;854.169.072-58;1993-09-30;602;3850.6;CE;2023-02-17
6318;Ayla da Rosa;607.138.492-31;2004-02-07;622;6362.96;PR;2024-12-01
6319;Oliver Moraes;312.465.089-15;1981-06-30;744;6806.44;MG;2021-10-10
6320;Ana Lívia Sampaio;593.170.684-48;2002-12-28;685;5121.46;CE;2023-08-02
6321;Sr. Mateus da Conceição;721.530.689-59;1959-12-20;445;3358.96;RJ;2021-09-16
6322;Carlos Eduardo Silveira;956.837.214-82;2001-12-10;591;5776.79;BA;2021-10-31
6323;Dr. Arthur Azevedo;071.954.268-58;2000-03-04;657;6868.31;CE;2023-04-27
6324;Calebe Garcia;693.480.721-96;2007-12-23;763;5647.5;GO;2024-09-30
6325;Gabrielly Duarte;418.692.735-91;2005-11-15;404;4617.58;RJ;2023-12-05
6326;Srta. Heloísa Moura;718.243.059-23;1992-11-06;783;4897.79;PE;2022-05-08
6327;Sophie Albuquerque;491.506.278-30;1959-11-06;801;6790.12;CE;2023-09-06
6328;Calebe Santos;370.521.469-16;1981-01-30;639;6726.78;GO;2022-07-29
6329;Melina Casa Grande;634.078.251-53;1986-04-18;781;6899.33;BA;2023-09-16
6330;Pietra Nogueira;687.921.403-78;1995-11-05;676;6024.39;RS;2021-07-08
6331;Cauã Duarte;532.609.814-89;1959-04-03;571;4512.9;PR;2022-08-30
6332;Kaique Gomes;721.403.985-05;1981-01-16;511;3754.96;RJ;2022-12-24
6333;Gabrielly Campos;051.687.943-00;1996-12-02;576;3972.69;PE;2022-05-12
6334;Dr. Luiz Fernando Vasconcelos;514.798.263-91;2003-10-13;636;4764.02;RS;2024-11-24
6335;Vitor Gabriel Jesus;728.145.036-26;1999-06-22;680;3817.68;RJ;2021-06-03
6336;Alana Ramos;274.108.635-44;1971-02-20;606;4979.55;GO;2021-05-04
6337;Otávio Farias;102.365.894-15;1984-04-30;582;4483.61;RS;2021-01-27
6338;Luna Aragão;702.568.149-02;1997-05-07;429;3788.48;RS;2023-08-17
6339;Lorena Sampaio;730.916.582-95;1980-07-22;697;6069.54;SC;2022-01-20
6340;Catarina Farias;609.147.352-25;2007-04-21;744;6153.53;GO;2021-08-03
6341;Srta. Zoe Lima;432.981.650-42;1985-09-03;677;5572.09;BA;2022-03-04
6342;Gael Henrique Fernandes;978.354.162-55;2006-07-29;702;4038.77;CE;2023-12-17
6343;Enrico Moreira;076.513.482-90;1961-08-28;512;5682.9;PE;2022-10-04
6344;Otávio Gomes;462.379.501-25;1971-03-23;324;2451.82;PR;2024-12-22
6345;Enzo Leão;418.753.026-62;1993-03-07;760;5986.74;GO;2024-09-04
6346;Ana Cavalcante;826.704.319-50;1956-04-24;571;4697.42;MG;2023-10-31
6347;Dra. Agatha da Paz;462.819.750-49;1979-05-24;577;4646.85;RJ;2021-09-24
6348;Lorena Lopes;928.417.365-55;2008-06-30;537;5404.67;RS;2023-01-15
6349;Anthony Gabriel Lopes;215.460.793-43;1963-04-12;790;6186.61;SC;2023-07-16
6350;Emanuel Santos;943.258.601-42;1965-04-14;453;3100.16;CE;2023-11-18
6351;Ravy Ferreira;938.170.465-10;2005-04-27;597;5281.54;RS;2023-03-31
6352;Ana Novais;456.987.302-29;1965-05-29;499;3222.84;RS;2021-05-21
6353;Paulo Novaes;918.245.603-89;1983-01-15;681;6386.91;PR;2023-05-17
6354;José Pacheco;186.740.529-67;2006-03-31;545;3026.78;MG;2024-11-06
6355;Sr. Oliver Vieira;469.123.780-13;1983-07-28;850;7583.3;PR;2024-03-28
6356;Rafael Costa;853.496.710-57;1977-02-11;587;5565.03;RJ;2021-10-29
6357;Bella Caldeira;853.246.901-98;1980-06-24;605;5707.16;GO;2021-08-08
6358;Aylla Mendes;406.392.157-34;1966-10-22;639;5203.27;RJ;2022-05-08
6359;Maria Laura Brito;265.819.470-67;1989-05-16;606;3400.62;SP;2023-08-02
6360;Gabriel Guerra;302.145.798-32;1969-05-18;850;5858.47;MG;2022-07-01
6361;Eloá Nunes;932.618.074-31;2005-04-14;456;3435.14;SP;2023-09-03
6362;Olívia da Cunha;769.412.380-03;1988-12-02;504;3980.29;PE;2023-07-17
6363;Gustavo Montenegro;623.409.758-83;2007-11-13;702;6611.3;BA;2022-06-28
6364;Paulo Brito;058.721.346-90;1987-12-01;717;5430.37;RJ;2024-02-02
6365;Evelyn Melo;946.753.820-29;1960-06-18;625;5407.88;RJ;2022-12-27
6366;Dra. Valentina Vasconcelos;038.769.514-10;1989-11-03;409;3842.58;SC;2022-03-11
6367;Gustavo Câmara;842.576.193-09;1965-10-19;445;5600.35;MG;2023-03-24
6368;Aylla Barbosa;208.935.614-60;1958-12-28;571;4383.12;PE;2023-06-02
6369;Pedro Miguel Castro;852.341.609-98;1976-04-11;527;3586.03;PE;2022-11-15
6370;Dr. Léo das Neves;143.605.892-98;2002-03-30;850;7740.37;SP;2023-06-23
6371;Kamilly Nogueira;502.438.917-41;1995-08-15;434;4976.21;PR;2023-01-28
6372;Isaac Sampaio;850.719.364-10;1988-09-23;763;5822.79;RJ;2021-04-11
6373;Ísis Oliveira;128.604.973-31;1956-01-06;656;5233.06;SC;2023-05-16
6374;Larissa Freitas;075.146.823-17;1988-03-20;850;6003.71;RS;2022-08-26
6375;Srta. Mariah Fernandes;092.847.135-79;1958-07-09;637;4667.85;RS;2023-04-05
6376;Ana Júlia Freitas;608.732.491-78;1966-07-25;448;5775.64;MG;2024-05-01
6377;Ana Liz Pereira;730.812.496-78;1957-01-08;478;4044.13;PR;2023-12-21
6378;Dr. Leandro Pastor;164.580.239-60;1992-08-06;411;2888.93;CE;2023-10-08
6379;Lara Marques;926.745.108-11;1999-05-29;670;4535.27;PE;2023-06-07
6380;Henry Gabriel Moraes;730.659.841-48;1959-07-21;690;5250.96;RJ;2024-10-27
6381;Hadassa das Neves;297.804.516-76;1975-09-15;759;7433.76;SP;2024-08-16
6382;Dra. Rebeca Barbosa;028.143.597-97;1982-04-30;549;4468.73;RS;2021-08-16
6383;Bento Aragão;317.864.295-19;1982-04-22;642;5755.35;RS;2021-08-24
6384;Bella Ramos;249.617.580-94;1962-09-08;621;5158.21;SP;2021-03-15
6385;Ana Sophia da Rocha;039.158.426-05;1989-01-10;590;4835.24;CE;2022-06-30
6386;Eduarda da Costa;102.753.964-52;1978-07-09;775;6846.08;RS;2021-05-15
6387;Leandro Sá;532.089.147-41;1970-08-11;704;6355.07;PE;2021-07-26
6388;Maria Helena Garcia;148.679.230-87;1989-07-02;601;5126.83;PR;2022-04-09
6389;Antonella das Neves;876.459.203-00;2007-12-14;489;5180.81;CE;2024-12-03
6390;Dr. João Guilherme Monteiro;381.047.562-90;1973-01-12;300;2312.85;SC;2023-03-14
6391;Thomas Gonçalves;734.819.506-75;1963-09-03;756;4684.13;SC;2021-07-27
6392;Rael da Cunha;859.430.712-88;1963-09-11;667;4655.23;RS;2024-11-17
6393;Dr. André Siqueira;624.981.573-28;1956-10-09;575;5545.94;PR;2023-10-12
6394;Cecília Costa;396.014.582-98;1973-01-18;643;3109.64;RS;2021-12-17
6395;Manuela Moura;820.961.435-51;1970-06-07;502;4991.34;RS;2022-12-13
6396;Melina Campos;782.534.901-60;1989-08-05;673;7132.14;PR;2024-12-16
6397;Pedro Henrique Ferreira;583.296.704-65;1967-01-04;821;6225.75;CE;2022-08-13
6398;Ester das Neves;137.248.659-37;1983-03-04;850;6824.48;SP;2021-07-13
6399;Pietra Vargas;128.950.637-02;1989-02-25;504;3398.36;MG;2023-10-28
6400;Gael Vieira;107.849.536-00;1980-12-23;349;4399.02;CE;2023-09-04
6401;Joana Sousa;148.763.905-84;1960-08-24;811;5472.49;PR;2024-11-09
6402;Henrique Freitas;513.472.906-99;1989-07-24;592;4831.61;RS;2021-12-15
6403;Stephany Moreira;839.652.174-37;1973-07-31;504;2276.9;BA;2024-10-27
6404;Davi Nascimento;275.183.460-44;1958-05-07;594;4430.92;RJ;2021-12-08
6405;Ísis Vargas;798.402.156-20;1961-06-10;573;4806.72;MG;2022-11-12
6406;Dr. André Rodrigues;243.019.675-16;1978-07-25;791;6024.91;GO;2021-10-18
6407;Leandro da Cunha;124.763.985-19;1990-07-02;640;5846.87;SP;2024-09-26
6408;Vicente Costela;728.396.045-74;2001-09-15;686;4873.58;GO;2023-05-27
6409;Dra. Ana Clara Silva;794.185.362-00;2008-02-25;631;5595.54;BA;2021-02-12
6410;Ana Carolina Marques;560.178.324-17;1977-11-19;484;5135.54;MG;2022-06-25
6411;Juan Abreu;832.795.640-00;1987-06-27;791;5605.22;RJ;2021-12-16
6412;Sara Castro;429.610.357-16;2000-12-10;643;5786.28;SP;2024-05-01
6413;Rodrigo Novais;629.378.501-03;1984-07-25;554;4913.61;BA;2023-08-29
6414;André Leão;617.290.534-16;1973-05-04;639;3644.08;CE;2021-01-03
6415;Levi Araújo;763.208.945-47;2003-07-23;675;4299.86;GO;2022-05-22
6416;Srta. Ana Cecília Casa Grande;341.672.950-16;1961-06-04;732;5184.79;GO;2021-08-13
6417;Sra. Ana Liz Guerra;869.152.743-91;1959-08-26;600;6172.28;SP;2021-02-05
6418;Maya Viana;037.921.684-13;1972-01-09;679;4352.53;CE;2024-10-24
6419;Thomas Novais;829.147.635-73;1973-01-20;498;3384.7;PR;2022-04-13
6420;Luna Mendes;287.051.634-71;1987-05-19;667;5694.3;PE;2023-10-28
6421;Luiz Fernando da Rocha;028.561.974-85;1962-03-21;518;2976.79;MG;2021-10-28
6422;Otto Barros;932.076.415-80;1983-08-17;653;5042.14;RJ;2021-07-24
6423;Sr. Dom Marques;712.435.960-07;1986-01-19;850;6836.6;PR;2022-11-19
6424;Maria Sophia da Rocha;978.251.403-97;1966-09-26;837;5525.62;GO;2023-10-02
6425;Diego Carvalho;729.863.150-03;1983-07-21;431;2327.91;BA;2024-01-23
6426;Marina Lopes;693.780.451-20;1968-02-20;762;7852.1;PR;2024-09-20
6427;Ana Cecília Sousa;534.902.817-05;1963-05-21;526;3747.43;GO;2022-06-04
6428;Sr. Ian Dias;491.620.375-52;2000-04-20;479;2020.36;BA;2023-07-29
6429;Dante Vargas;240.951.637-80;2006-04-16;706;5871.02;SP;2022-12-24
6430;Melina Oliveira;986.720.415-85;1962-01-13;621;3567.94;PR;2024-12-25
6431;Gael Ramos;903.168.725-12;2006-08-27;816;6024.64;BA;2023-11-27
6432;Eloah Cavalcante;348.261.570-53;1986-09-21;684;4017.44;CE;2023-09-19
6433;Sophia Rios;904.578.326-65;1973-10-25;597;5067.37;RJ;2022-07-07
6434;Allana Rocha;754.628.301-90;1992-11-23;659;5426.65;PE;2024-08-03
6435;Maya Montenegro;498.532.016-15;1987-08-05;679;4301.48;SP;2021-10-30
6436;Carolina Carvalho;428.561.793-55;2003-05-25;643;5257.76;SC;2022-03-28
6437;Juan Fernandes;324.175.960-16;1957-05-14;647;5248.35;MG;2023-01-02
6438;Sophie Fernandes;139.860.247-78;1971-12-21;467;2418.2;GO;2021-03-05
6439;Catarina Almeida;176.452.309-16;2005-06-24;354;3649.53;RS;2024-03-28
6440;Léo Albuquerque;510.824.639-06;2003-07-27;719;6595.55;SC;2023-01-07
6441;Luna Macedo;023.569.184-42;1963-03-27;656;3114.88;RS;2021-07-02
6442;Josué Silva;480.623.971-22;2004-10-28;496;4138.42;RS;2023-02-13
6443;Olívia Vargas;172.403.659-99;1982-02-27;636;4865.25;RJ;2022-07-15
6444;Brayan Montenegro;451.370.698-84;1966-10-06;664;5323.65;PE;2023-07-10
6445;Melina Barbosa;014.839.625-98;1970-11-21;634;4432.93;PE;2021-12-25
6446;Rodrigo Marques;485.623.197-91;1969-11-15;737;5465.23;PR;2024-10-22
6447;Cecilia Cavalcanti;812.609.543-15;2001-11-02;460;2909.0;BA;2022-11-10
6448;Ana Beatriz Borges;342.075.869-38;2001-11-06;578;5618.0;SC;2024-04-21
6449;Diogo da Rocha;482.957.106-30;1959-10-07;614;4725.85;SC;2022-07-20
6450;Sr. Igor Pimenta;970.382.165-03;1969-07-12;470;4545.48;PR;2022-01-26
6451;Marcela da Luz;260.485.971-85;1986-06-26;541;4227.97;SP;2024-04-01
6452;Marcelo Guerra;198.720.654-11;1991-08-22;797;6884.76;PE;2024-12-08
6453;Daniela Jesus;641.793.582-55;1996-05-24;424;1622.49;BA;2024-06-08
6454;Julia Borges;032.641.597-16;1969-10-24;612;3683.26;RJ;2023-06-07
6455;Renan Fernandes;908.217.643-22;1990-04-23;697;5618.26;GO;2024-03-06
6456;Léo Cavalcante;538.069.217-68;1995-03-20;639;4405.26;BA;2022-08-14
6457;Sophia Melo;549.302.768-29;1963-01-21;828;9466.59;RJ;2021-01-18
6458;Gustavo Henrique Peixoto;847.920.561-01;1956-09-08;586;5041.04;GO;2024-11-04
6459;Mateus Leão;572.986.031-59;2005-07-29;631;4788.31;MG;2023-08-14
6460;Ana Lívia Barbosa;794.058.312-32;2007-04-12;520;3075.03;MG;2023-12-08
6461;Théo Viana;468.792.531-64;1957-07-28;483;4269.24;PR;2024-07-01
6462;Gabriela Dias;678.312.059-77;1981-06-16;557;1877.71;PE;2024-09-22
6463;Ravi Lucca Pires;395.208.146-98;1991-12-25;673;5345.74;MG;2022-09-14
6464;Dante Moraes;624.701.839-87;1970-03-08;781;6621.12;GO;2022-08-14
6465;Bruno Pacheco;086.421.397-22;1963-09-26;442;1306.32;RJ;2022-08-27
6466;Alícia Costa;640.975.128-11;1996-09-09;533;3638.89;SP;2023-07-19
6467;Larissa Montenegro;982.704.536-92;2002-07-06;733;5855.13;SP;2022-03-22
6468;Aylla Ramos;349.285.761-28;2003-10-30;756;4723.17;PR;2024-04-29
6469;Maya Nogueira;861.732.950-59;2006-01-17;735;6600.99;RJ;2021-04-19
6470;Rael Guerra;236.487.509-92;1967-05-22;377;4338.62;GO;2022-09-19
6471;Liam Sales;283.174.906-96;1965-10-25;631;5440.04;SP;2023-06-01
6472;Thiago Siqueira;691.058.243-89;1995-04-05;516;5403.25;BA;2024-09-14
6473;Srta. Lara Teixeira;154.602.389-51;1977-12-21;477;4648.09;SP;2021-04-13
6474;Maysa Monteiro;532.689.074-74;1980-02-29;718;4769.83;PR;2021-10-10
6475;Emanuel Rodrigues;415.083.962-05;2001-05-01;850;7031.53;BA;2022-08-04
6476;Igor Moraes;825.903.461-15;1986-11-19;698;4056.88;PE;2024-09-24
6477;Valentim Mendes;815.692.703-68;1978-07-16;850;5575.44;PE;2021-11-14
6478;Sra. Ágatha Mendonça;041.783.625-26;1987-02-15;742;4941.23;RJ;2024-12-31
6479;Luara Pastor;346.759.028-47;2005-07-11;545;5148.75;PR;2021-10-20
6480;Emanuelly Correia;168.749.203-40;1980-10-07;743;4672.72;RS;2023-06-04
6481;Hadassa Melo;837.051.264-07;2001-07-18;750;7044.98;CE;2021-06-15
6482;Bruno da Cruz;579.432.168-73;1970-07-26;507;5654.65;PR;2022-03-25
6483;Lara Ribeiro;940.321.756-16;1974-01-29;445;2935.23;SP;2023-08-28
6484;Daniel Ferreira;451.706.398-48;1997-06-04;677;4562.43;BA;2022-05-25
6485;Arthur Miguel Gonçalves;315.780.924-50;1975-04-06;651;5449.08;SC;2023-05-16
6486;Luiz Gustavo Cirino;359.476.108-84;1982-12-08;597;5608.4;SC;2021-07-20
6487;Isadora Barros;325.684.097-38;2001-04-20;592;4967.54;PR;2022-09-11
6488;Caio Caldeira;190.853.642-05;1983-03-28;757;6846.69;CE;2022-09-29
6489;José Pedro Ramos;047.195.638-48;1990-11-05;714;4562.82;MG;2024-02-29
6490;Clarice da Paz;389.571.046-66;1965-10-04;682;4577.5;SC;2024-10-22
6491;Thomas Barbosa;980.571.342-32;1974-12-02;466;3656.29;BA;2024-03-30
6492;Srta. Maria Júlia Farias;478.063.192-04;1981-02-25;511;4878.62;MG;2024-10-31
6493;Antônio Pacheco;593.784.120-41;2006-08-28;717;3833.37;RS;2022-05-28
6494;Samuel das Neves;902.765.148-58;2001-08-26;520;2700.21;MG;2023-05-03
6495;Ana Júlia Almeida;670.982.354-74;2003-10-24;564;4967.18;PE;2022-02-13
6496;Dra. Luara Gomes;451.723.980-23;1956-01-18;590;4130.24;PR;2022-09-17
6497;Mariane Rodrigues;596.382.174-64;1974-08-17;776;3903.14;RJ;2022-09-01
6498;Emanuel Gonçalves;421.863.790-31;1997-11-20;768;5599.71;CE;2024-07-10
6499;Carlos Eduardo Correia;328.514.960-42;1968-01-10;610;4352.64;GO;2024-01-23
6500;Heloísa Ramos;962.548.103-60;1995-05-29;805;5209.02;MG;2023-02-09
6501;Valentina das Neves;754.216.093-16;1956-01-27;621;5495.44;SC;2021-07-16
6502;Miguel Sousa;402.371.956-07;1963-09-05;426;2488.1;MG;2023-12-15
6503;Henry Gabriel Souza;943.608.127-87;1964-11-18;602;3929.33;GO;2024-11-22
6504;Alexia Pastor;356.917.420-43;2007-11-18;522;3826.14;BA;2023-10-29
6505;Murilo Costela;713.462.859-00;1968-08-20;697;5233.28;BA;2023-08-18
6506;Sr. Igor Rezende;792.643.108-78;2005-02-22;749;4994.24;BA;2023-05-26
6507;Juliana Borges;941.852.073-79;1995-11-12;469;5678.35;GO;2023-05-12
6508;Léo Pacheco;530.692.187-68;2002-04-12;541;3017.09;SC;2023-08-03
6509;Maria Luiza Carvalho;294.067.813-87;1964-01-18;410;4355.1;SP;2024-02-19
6510;Cecília Aparecida;750.928.143-14;1989-10-01;579;4378.29;SP;2023-05-13
6511;Anna Liz Sales;245.176.039-70;1990-04-12;600;5812.94;RJ;2021-10-15
6512;André Vieira;842.591.067-67;1995-04-07;598;7128.05;CE;2022-09-12
6513;Luiz Fernando Duarte;071.528.694-30;1987-06-29;636;6149.78;RS;2024-04-03
6514;João Vitor Oliveira;957.162.403-99;1997-03-04;716;5691.55;PE;2023-02-04
6515;Antônio Dias;418.926.357-55;1956-12-15;549;4723.96;MG;2024-06-25
6516;Laura Garcia;758.041.692-11;1974-05-31;681;4875.41;PE;2024-03-04
6517;Sra. Brenda Ramos;614.923.570-06;1984-10-19;639;6348.2;PR;2021-04-20
6518;Heloisa das Neves;916.482.735-64;1976-02-19;850;7654.37;SC;2021-09-15
6519;João Felipe Vieira;092.457.861-02;1975-06-21;843;6114.63;SC;2024-10-04
6520;Lorenzo Sales;679.851.230-59;1966-04-21;704;6970.52;SP;2023-08-06
6521;Pedro Miguel Barbosa;251.746.083-35;2008-01-12;512;3610.41;PE;2023-08-01
6522;Maria Julia Freitas;923.576.801-21;1977-07-11;828;5648.9;SP;2021-06-23
6523;Enrico Macedo;581.049.762-49;1981-01-06;459;5199.98;SP;2022-07-08
6524;Luiz Otávio Vieira;615.783.902-30;1968-04-12;763;6536.12;RJ;2022-11-14
6525;Caleb da Paz;752.340.986-56;1962-02-26;614;4473.48;CE;2021-07-19
6526;Ryan Vargas;543.871.026-08;1963-02-11;653;6803.81;PR;2024-03-04
6527;Maria Laura da Cruz;809.142.576-76;1976-07-10;648;7350.96;GO;2024-11-15
6528;Vitor Hugo Leão;950.873.612-77;1985-02-04;512;4076.32;BA;2021-05-05
6529;Sra. Lorena Cunha;673.541.809-39;1990-06-01;575;3514.86;RJ;2024-04-12
6530;Dr. Henry Oliveira;850.967.341-10;2006-11-19;601;5225.33;PE;2021-04-19
6531;Melissa da Conceição;973.681.542-00;1955-12-12;682;7626.45;RS;2023-11-24
6532;Erick da Mota;046.175.298-02;1968-10-30;675;6550.14;MG;2024-02-26
6533;Stephany Leão;637.405.129-70;1977-02-24;627;6694.06;GO;2021-10-07
6534;Henry Martins;945.701.326-34;1998-02-27;850;7331.09;RS;2024-10-15
6535;Kamilly Teixeira;397.568.240-00;1961-05-11;500;3451.19;MG;2022-09-09
6536;Vitória Jesus;296.317.058-03;1980-03-11;653;5680.5;PR;2021-01-14
6537;Leandro Marques;591.342.078-05;1975-01-18;703;6084.2;GO;2024-07-01
6538;Erick Pastor;729.803.165-12;2002-12-19;620;4323.8;RS;2021-08-23
6539;Bárbara Machado;128.369.754-82;1984-01-16;668;7198.99;RJ;2021-01-01
6540;Ravi Lucca Sá;873.165.024-44;1967-12-09;742;6470.7;MG;2024-05-21
6541;Rhavi Vargas;572.136.098-40;1988-02-02;743;5572.94;RJ;2023-12-01
6542;Maysa Siqueira;456.208.937-74;1984-05-30;559;3724.21;RJ;2022-05-22
6543;Alexandre Pimenta;657.209.184-85;1980-03-16;604;4409.99;RS;2021-08-01
6544;Sr. Isaac Abreu;581.430.729-32;1986-09-16;764;5636.68;GO;2021-02-20
6545;Rhavi Cunha;127.643.980-69;1996-04-08;523;6126.58;PE;2023-06-28
6546;Felipe Viana;703.962.814-78;1986-10-07;565;4673.53;SC;2021-04-24
6547;Davi Sá;629.104.783-78;1988-06-15;674;4255.31;RJ;2022-09-07
6548;Nicolas Pinto;068.241.735-17;1964-05-11;768;6781.12;SC;2023-09-18
6549;Sr. Léo Sales;051.762.398-68;1980-11-04;807;5776.78;MG;2022-04-27
6550;Larissa Brito;024.951.386-24;1963-07-14;631;5087.36;PE;2022-06-18
6551;Luísa Machado;472.180.963-87;1964-03-17;651;3753.39;CE;2024-10-27
6552;Olivia Gonçalves;036.482.975-38;1960-05-17;633;3637.54;GO;2024-09-09
6553;Mirella Siqueira;671.340.892-31;1991-09-12;663;3175.35;CE;2021-09-10
6554;Bruno Gomes;609.125.873-77;1984-02-18;397;3994.55;SC;2021-10-27
6555;Isaque Oliveira;367.280.459-29;1992-05-23;554;3444.14;SP;2022-01-14
6556;Srta. Evelyn Sampaio;925.317.406-43;1998-05-22;772;6503.63;MG;2024-09-08
6557;Maria Flor Silva;860.293.571-40;1966-02-03;724;5625.76;RS;2021-12-16
6558;Srta. Sarah Moreira;051.369.842-60;1983-02-11;850;6195.49;PE;2024-12-03
6559;Sra. Bárbara da Conceição;576.239.108-68;1991-12-16;829;6570.63;PE;2022-02-15
6560;Bárbara Fogaça;412.065.398-60;1962-01-18;421;3850.85;GO;2023-09-11
6561;Theo Campos;807.239.461-40;2005-01-17;657;4204.68;PR;2022-08-16
6562;Isabela Câmara;710.862.539-30;1960-01-23;509;4047.3;RJ;2024-04-20
6563;Srta. Maria Luísa Nascimento;953.861.042-33;2004-11-27;661;2817.34;GO;2023-01-23
6564;Maria Cecília Araújo;384.067.952-47;1966-11-18;746;5473.5;PR;2023-03-13
6565;Heloísa Mendes;751.849.206-76;1984-05-07;460;4621.07;SC;2024-11-29
6566;Isadora Ribeiro;867.059.421-85;1996-03-31;617;6152.17;RJ;2023-08-09
6567;Apollo Peixoto;876.301.952-30;1970-04-13;672;5374.49;SC;2023-05-21
6568;Lunna Abreu;591.674.082-49;1961-08-01;601;5290.71;MG;2021-02-27
6569;Ravi Lucca Alves;736.541.028-08;1996-05-14;570;3707.43;PR;2023-07-26
6570;Asafe Câmara;176.503.482-53;1983-08-17;693;5399.51;RJ;2024-03-01
6571;Juliana Sampaio;651.247.308-62;1986-01-05;624;6081.38;SC;2021-01-23
6572;Antonella Nunes;250.479.813-04;2002-10-01;606;4863.03;CE;2022-09-13
6573;Maitê Cavalcanti;629.084.137-87;1992-09-10;548;4814.74;SP;2024-08-14
6574;Catarina Gonçalves;708.364.159-57;1989-12-08;661;6188.78;CE;2023-06-30
6575;Thomas Campos;823.406.517-35;2001-11-07;550;3942.18;SP;2022-12-28
6576;Amanda Fernandes;603.581.749-10;1965-01-28;715;5972.21;MG;2023-08-17
6577;Danilo Ribeiro;860.254.379-47;1973-06-08;511;5394.55;GO;2022-07-22
6578;Lucas Gabriel Abreu;697.358.204-47;1994-02-16;416;4112.28;SP;2021-11-21
6579;Ana Júlia Azevedo;238.146.975-37;1983-10-09;468;5629.79;BA;2023-10-23
6580;Camila Cassiano;472.506.891-85;1993-03-10;434;4624.25;PE;2022-03-08
6581;Marcos Vinicius Lima;805.126.937-30;1984-12-17;610;4513.4;BA;2024-12-17
6582;Alexia Casa Grande;628.407.193-04;1991-10-17;642;5767.9;PE;2023-03-11
6583;Bárbara Viana;146.273.085-07;1971-09-10;511;3272.21;PE;2021-05-09
6584;Luan Moraes;816.249.573-82;2004-08-14;697;3868.66;MG;2024-09-05
6585;Lorena Melo;037.546.189-20;1956-06-27;549;7432.69;MG;2022-12-22
6586;Clara Moura;851.439.207-79;1965-10-08;503;5171.8;CE;2022-11-26
6587;Julia Farias;832.196.047-22;2004-05-24;549;4901.05;GO;2021-10-14
6588;Sra. Alícia Viana;978.314.620-31;1956-01-30;698;6712.96;PR;2024-09-10
6589;Asafe Andrade;845.213.976-46;1993-01-18;595;6748.88;PR;2023-03-18
6590;Brenda da Paz;239.845.167-46;1959-09-21;549;4626.22;RJ;2024-08-14
6591;Luiz Henrique Sales;827.534.169-82;2004-01-02;649;4070.03;GO;2023-02-11
6592;Bento da Luz;490.561.732-43;1963-01-06;585;4841.51;GO;2024-05-25
6593;Maria Eduarda Oliveira;513.972.084-14;2006-10-17;568;6984.92;MG;2024-03-25
6594;Rhavi Fernandes;049.168.275-11;2000-03-09;519;5331.42;PE;2024-09-11
6595;Gabriel Teixeira;419.728.356-37;1976-07-15;722;5762.14;PE;2022-06-15
6596;Nicole Cunha;176.483.295-73;1995-02-18;516;3359.74;MG;2024-11-30
6597;Eloah Nascimento;715.426.309-16;1982-12-11;557;2670.26;BA;2024-04-20
6598;Gabriel Teixeira;602.817.435-17;1996-03-11;499;2509.52;CE;2022-12-14
6599;Oliver Casa Grande;950.174.862-67;1987-03-04;781;6866.46;CE;2024-06-18
6600;Dr. Raul Sales;928.073.514-41;2000-10-22;714;6300.83;SC;2021-05-19
6601;Arthur Miguel Ribeiro;208.371.564-08;1983-09-07;640;6580.68;SP;2021-03-02
6602;Thales Silva;710.458.693-84;1969-01-18;546;4474.67;MG;2022-04-20
6603;Dr. Kevin Casa Grande;085.496.312-05;1969-12-24;709;4350.79;RJ;2024-09-24
6604;Srta. Heloisa Abreu;347.689.251-46;2005-07-28;850;6828.57;RJ;2023-10-20
6605;Dr. João Gabriel Silva;520.968.143-24;1956-06-15;637;6352.88;GO;2022-10-25
6606;Srta. Amanda Teixeira;378.215.904-79;1978-03-09;729;5870.08;RS;2022-04-30
6607;Esther Teixeira;845.713.029-32;1992-09-25;635;3575.85;RJ;2021-12-23
6608;Srta. Kamilly Freitas;098.425.617-20;1975-12-25;553;4941.21;SC;2023-05-11
6609;Luiz Miguel Cavalcanti;560.213.847-17;1966-04-05;673;6605.17;RJ;2021-05-07
6610;Antonella Ramos;236.157.840-90;1983-03-29;605;3452.71;CE;2022-05-28
6611;Lunna Vieira;704.938.152-79;1959-04-06;746;7404.09;RJ;2021-03-18
6612;Maitê Siqueira;819.472.350-79;1971-08-11;727;5652.37;RJ;2023-06-24
6613;Bernardo Fogaça;607.291.348-22;1974-06-24;745;9388.91;BA;2024-05-27
6614;Sra. Eloá Siqueira;304.897.512-88;2000-09-07;633;3752.26;SP;2021-12-23
6615;Rael Vargas;964.753.021-80;1963-01-20;549;5017.48;BA;2021-08-09
6616;Maria Vitória da Rocha;420.759.316-07;1964-12-23;427;3585.4;GO;2023-02-13
6617;Srta. Clara Oliveira;567.034.892-38;1968-07-10;665;6855.12;MG;2024-07-29
6618;Thomas Lima;195.803.764-84;1984-07-21;777;7080.58;CE;2024-02-14
6619;Dra. Julia Porto;197.064.825-20;1972-01-24;360;3801.05;RS;2022-02-05
6620;Otto Pires;076.951.238-03;1997-02-11;704;5887.94;PR;2023-10-03
6621;Olívia Viana;634.918.520-05;1980-11-06;412;2519.23;GO;2024-10-22
6622;Dante Machado;857.426.039-83;1965-05-30;479;1816.99;PR;2022-04-07
6623;Isadora Santos;795.841.602-49;1965-12-30;619;4154.18;RS;2021-11-28
6624;Laís Moura;946.325.871-09;1979-12-29;850;6631.23;SC;2023-12-19
6625;Heloisa Montenegro;908.346.251-05;1980-02-25;775;4630.9;RS;2021-06-26
6626;Eduarda Pinto;908.251.347-14;1964-02-15;556;4544.9;CE;2021-02-19
6627;Dr. Murilo Pires;470.213.865-08;2002-07-08;511;3665.8;RJ;2022-02-21
6628;Bella das Neves;819.476.350-93;1979-10-30;593;4510.09;SP;2021-10-15
6629;Srta. Olívia Ribeiro;826.501.397-30;2006-04-10;842;7114.23;SP;2023-01-07
6630;Ana Julia Cassiano;173.240.685-53;1996-09-14;677;5955.65;SC;2024-03-09
6631;Bianca Araújo;710.543.269-16;1983-09-19;693;5461.11;PE;2021-05-28
6632;Cauã Silveira;403.968.512-15;1999-08-11;581;4814.82;BA;2022-01-15
6633;Melina Barbosa;062.318.749-31;1966-07-16;758;7190.24;PE;2023-10-14
6634;Luísa da Rosa;849.750.126-85;2008-03-01;591;5495.84;RS;2022-03-01
6635;Maya Monteiro;593.748.201-88;1960-04-19;596;4801.87;CE;2023-08-29
6636;Alana Cavalcante;156.708.923-21;1978-01-08;563;4322.35;PE;2022-12-23
6637;Cecilia Mendes;038.572.169-21;2001-03-30;780;6332.42;BA;2024-06-20
6638;Sra. Bárbara Nunes;936.128.504-15;2000-01-31;636;3640.78;PE;2021-10-10
6639;Maria Alice Montenegro;204.953.678-00;1979-10-12;582;4414.69;RJ;2023-06-18
6640;Dr. Enzo Garcia;813.054.672-80;1995-04-10;520;4181.67;SC;2024-07-04
6641;Dr. Antônio Sales;786.034.952-38;1975-02-26;568;4624.0;SC;2021-05-26
6642;Davi Luiz Martins;621.534.089-89;1960-06-06;634;4116.25;CE;2021-06-10
6643;Elisa da Mata;460.579.328-38;2005-03-23;572;4653.37;MG;2023-11-26
6644;Nicolas Pires;516.980.274-94;1987-04-21;762;6352.72;PR;2021-07-26
6645;Luana Ribeiro;704.365.219-70;1969-06-18;540;4719.0;RJ;2023-10-19
6646;Francisco Fonseca;315.749.806-10;1992-07-28;824;7508.71;RS;2021-04-16
6647;Renan Fernandes;269.845.130-06;1999-02-26;685;6205.59;CE;2024-01-13
6648;Ágatha Pereira;935.168.240-42;1975-09-30;792;7411.63;BA;2021-02-16
6649;Ester Monteiro;268.309.751-40;2002-06-05;688;6572.64;RS;2022-08-17
6650;Maria Eduarda Rezende;154.673.802-90;1986-03-13;490;2417.73;PR;2023-03-11
6651;Gabriel Caldeira;730.194.852-23;1980-04-28;638;5172.68;BA;2021-05-20
6652;Dra. Ágatha Jesus;823.076.941-96;1966-01-24;554;5257.85;MG;2022-08-13
6653;Dra. Hellena Cavalcante;764.519.283-64;2005-05-21;396;2633.23;RJ;2023-12-31
6654;Sra. Beatriz Viana;356.921.480-05;1962-09-21;561;2851.7;CE;2022-05-10
6655;Luara Aparecida;924.013.867-69;1956-03-01;799;5032.8;PE;2024-06-05
6656;Maria Alice Moura;926.041.537-34;1966-02-17;549;5299.98;PE;2022-10-02
6657;Srta. Hadassa Barbosa;347.025.691-80;1978-10-21;697;4467.83;SC;2024-06-20
6658;Sr. Pedro Lucas Guerra;203.157.649-61;1970-09-06;701;5897.78;SP;2024-01-24
6659;Yago Sampaio;130.697.482-87;1962-09-23;850;7203.94;RJ;2024-04-08
6660;Olívia Nunes;096.713.825-68;1985-07-03;603;3967.5;GO;2022-06-23
6661;Sr. Benjamim da Mota;139.468.502-51;2002-01-19;530;3414.23;SP;2021-03-08
6662;Dr. Rodrigo Melo;521.790.364-34;1982-06-09;784;6289.97;BA;2023-05-14
6663;Benjamim Sousa;953.468.102-42;1971-03-03;687;7010.25;PR;2022-02-15
6664;Sr. Mateus Lopes;759.468.320-00;2002-04-14;336;3966.87;BA;2021-05-02
6665;Emanuella Sampaio;140.398.675-48;1990-11-07;626;5443.05;MG;2022-02-23
6666;Agatha Aragão;598.307.124-60;1961-09-17;520;3404.88;PE;2022-11-07
6667;João Vitor da Paz;721.530.469-80;1980-02-17;678;7808.6;SP;2022-04-28
6668;Ana Cirino;239.057.418-14;1970-05-16;740;7185.52;GO;2021-05-30
6669;Maysa Pinto;472.618.350-80;1963-07-02;596;4167.8;CE;2024-06-03
6670;Beatriz Vasconcelos;840.736.125-90;1996-03-23;526;3719.73;SP;2022-12-10
6671;Yan Mendonça;987.645.231-28;1977-06-07;373;2259.08;RJ;2023-05-03
6672;Antony Leão;587.629.341-55;1957-08-19;552;4240.64;CE;2024-06-08
6673;Nina Pacheco;476.231.980-50;1984-06-20;635;5442.45;RJ;2024-02-04
6674;Vicente Gomes;357.690.182-59;1962-12-21;618;4362.56;GO;2021-09-23
6675;Calebe Barros;341.760.829-50;1997-12-18;384;2496.69;PR;2021-03-27
6676;Fernando Macedo;903.726.584-74;1972-03-07;503;4490.07;RJ;2021-03-14
6677;Letícia Cavalcante;601.253.748-44;2000-03-01;729;6770.57;GO;2023-11-06
6678;Dra. Ana Lívia da Costa;283.916.047-13;2001-04-30;710;5546.47;RS;2024-08-24
6679;Anthony Gabriel Jesus;471.596.032-06;1985-05-06;557;3708.9;BA;2023-06-03
6680;Ravi Lucca Cardoso;526.893.710-30;1966-05-18;439;4503.85;GO;2022-09-14
6681;Sr. Caleb Lopes;925.147.380-32;1994-04-05;599;3545.66;RS;2021-02-13
6682;Emilly Nunes;807.965.432-83;1998-11-13;520;3293.03;SP;2021-02-23
6683;Nathan Cirino;203.518.497-50;2002-08-26;625;6067.47;RS;2023-12-31
6684;Leonardo Alves;350.678.241-07;1999-11-23;578;2371.47;CE;2023-02-16
6685;Dr. Vitor Hugo Moreira;435.607.198-01;1995-04-06;597;4619.81;SP;2024-02-06
6686;Cauê Barbosa;539.418.072-50;1962-01-26;593;4116.54;GO;2021-04-17
6687;Júlia Moraes;625.710.894-20;1957-12-07;646;5234.14;SC;2023-02-12
6688;Davi Lucas Pacheco;137.508.249-32;2001-02-09;617;5348.64;MG;2023-05-31
6689;Rhavi da Cunha;731.058.492-97;1972-10-28;568;4057.41;SC;2024-01-31
6690;Letícia Viana;752.103.894-05;1967-12-18;785;6839.36;MG;2021-08-25
6691;Rebeca Lima;756.293.148-82;2007-10-11;719;6978.1;GO;2021-08-30
6692;Vitor Duarte;015.879.463-00;1968-09-17;683;6392.39;CE;2023-01-24
6693;Gabriela Silveira;697.380.425-00;1992-07-14;430;3644.15;BA;2022-02-01
6694;Manuela Fonseca;780.692.351-95;1971-06-03;598;6461.68;BA;2023-06-14
6695;Maria Luísa Gomes;980.241.536-70;1969-02-03;731;5217.55;SP;2022-05-03
6696;João Pedro Peixoto;623.408.751-53;1985-09-30;664;5479.68;RS;2021-07-08
6697;Calebe Correia;542.301.679-70;1977-09-18;674;4373.16;CE;2021-01-21
6698;Emanuel Araújo;176.493.052-52;1957-11-19;663;5075.85;RS;2023-04-26
6699;Emanuella Cardoso;571.689.402-01;1962-09-11;653;4499.61;PE;2024-03-09
6700;Davi Lucas da Conceição;783.091.624-13;1971-05-24;549;5565.84;SP;2021-01-31
6701;Nicole das Neves;805.972.341-32;1961-06-23;493;2966.25;RS;2021-04-27
6702;Marcos Vinicius Albuquerque;502.169.738-21;1984-05-03;613;4132.11;RJ;2021-04-27
6703;Bryan Cavalcanti;760.145.839-39;2002-12-18;513;4209.08;MG;2023-06-18
6704;Miguel Oliveira;467.150.832-07;1978-11-11;439;2504.04;MG;2022-08-02
6705;Valentina Aragão;751.460.923-70;1971-02-05;850;7259.48;SP;2022-10-06
6706;Luiz Miguel Melo;795.460.281-85;2004-06-07;530;4658.22;BA;2024-05-18
6707;José Novais;167.294.058-30;1965-07-24;688;6498.41;RS;2022-08-22
6708;Davi Lucas Duarte;178.240.536-44;1988-03-26;604;5808.5;MG;2024-05-26
6709;Dra. Elisa Monteiro;647.139.802-69;1987-10-29;375;1943.69;SC;2023-09-08
6710;Henrique Mendonça;572.319.046-61;1965-07-07;639;5441.63;RJ;2024-09-06
6711;Brayan Novaes;320.917.564-07;1965-12-09;510;4339.42;RJ;2021-06-06
6712;Ana Clara Farias;730.962.158-12;1996-03-10;545;4083.04;PR;2024-01-19
6713;Ana Sophia Caldeira;945.203.187-50;1963-10-28;742;6844.94;RS;2023-10-11
6714;Sra. Aurora Duarte;416.275.908-11;2002-08-24;500;2942.75;BA;2022-03-28
6715;Maitê Campos;081.472.563-53;2006-12-17;570;4533.25;GO;2024-12-31
6716;Sra. Ana Beatriz Vieira;640.531.987-39;2005-04-27;541;5368.64;PR;2023-01-22
6717;João Guilherme Castro;016.485.927-67;1965-11-28;661;5694.09;PE;2022-08-23
6718;Joana Castro;138.267.504-62;1955-07-18;468;4911.29;RS;2023-12-15
6719;Heloisa Aragão;360.982.547-29;1985-04-15;300;3234.06;PR;2022-10-16
6720;Evelyn Costa;537.902.846-29;1996-10-24;732;5423.6;PE;2023-10-29
6721;Caroline Pacheco;418.692.035-42;2001-08-20;772;6112.9;RJ;2021-04-21
6722;Sr. Mathias Carvalho;684.320.795-29;1993-10-07;627;5355.53;BA;2023-04-22
6723;Ravi Lucca Nascimento;873.645.201-71;1965-02-14;850;8144.43;CE;2023-09-23
6724;Davi Sales;512.607.493-80;1997-08-14;704;4719.2;PR;2021-06-10
6725;João Vitor Moura;183.745.602-07;1996-07-09;637;4282.88;RS;2021-10-08
6726;Manuela Ferreira;587.301.264-44;1988-10-05;718;5884.47;PE;2022-04-18
6727;Caio Gonçalves;397.501.864-00;2006-04-12;485;3961.12;PR;2024-02-07
6728;Dra. Laura da Rosa;623.019.758-86;1967-11-14;518;4295.22;RS;2021-09-09
6729;Sra. Liz Moreira;163.472.950-16;1963-12-21;516;4155.49;BA;2021-10-18
6730;Heloísa Borges;105.428.379-60;1994-04-29;710;5626.95;SP;2022-04-27
6731;Valentim Marques;398.251.704-41;1992-09-13;573;4787.28;GO;2024-08-24
6732;Luana Fogaça;307.586.214-26;1964-08-22;703;4516.82;GO;2021-08-22
6733;Maria Luísa Novais;091.756.842-76;1981-11-26;651;6525.54;SP;2023-10-19
6734;Oliver Cunha;278.631.509-30;2001-07-01;688;5561.75;SP;2022-07-08
6735;Maria Cecília Guerra;610.983.754-75;1980-11-23;696;6020.5;PR;2024-04-19
6736;Lucas Gabriel Araújo;942.675.801-11;2000-08-12;710;3656.07;SC;2022-09-08
6737;Matheus Barros;837.902.451-60;1995-12-05;433;4468.83;RJ;2021-05-03
6738;Gael Peixoto;327.804.561-08;2007-03-18;439;3913.54;PR;2024-06-02
6739;Isabella Rezende;801.653.294-24;1979-11-11;577;3619.81;SC;2023-10-12
6740;Maitê Novais;025.138.647-35;2003-09-19;661;5489.03;SP;2023-02-23
6741;Maitê Sales;438.107.562-53;1961-07-23;850;6175.19;SC;2023-06-29
6742;Maria Isis Fonseca;718.506.439-20;1976-08-11;792;6688.42;SP;2022-04-05
6743;Daniela Mendonça;049.513.672-70;1982-03-17;540;5119.25;RS;2023-02-16
6744;Marcela Rios;014.573.862-08;1994-04-17;687;5531.84;MG;2024-09-13
6745;Gabriel Jesus;953.108.742-32;2000-09-26;651;4611.01;SC;2023-12-27
6746;Sophia Abreu;157.482.963-73;1971-01-30;520;4919.44;SP;2024-09-14
6747;Luiz Fernando Moraes;102.534.679-34;1976-03-28;593;4663.92;PR;2021-03-06
6748;Elisa Carvalho;915.782.306-59;1991-08-12;653;5489.29;PE;2022-12-14
6749;Mirella Cirino;512.734.068-26;1983-01-17;448;4870.25;SP;2024-05-31
6750;Isis Cirino;647.035.289-83;2003-04-08;634;4869.35;BA;2022-06-22
6751;Dr. Raul Sampaio;847.316.209-96;1986-12-07;671;5604.54;CE;2022-03-20
6752;José Mendonça;639.042.851-06;1987-11-18;712;6233.98;SP;2022-11-30
6753;João Pedro Souza;542.698.703-38;1963-03-26;706;6998.99;CE;2023-06-08
6754;Bella Cavalcante;641.582.093-15;1968-02-21;726;5647.51;SC;2021-04-27
6755;Francisco Caldeira;517.493.028-88;1979-08-10;485;5547.8;RJ;2024-02-08
6756;Eduarda Cassiano;978.264.051-49;1993-03-10;591;4254.89;SC;2024-10-20
6757;Sara Costa;650.982.437-00;2003-06-28;411;3626.47;PR;2024-01-01
6758;Sra. Bella Farias;423.987.165-46;1992-10-25;637;3580.89;GO;2023-05-19
6759;João Pedro Pereira;014.597.328-04;1974-09-13;674;4893.81;CE;2024-03-09
6760;Francisco Machado;401.673.892-03;1971-04-21;850;6230.64;PE;2022-06-17
6761;Alícia Cassiano;379.486.025-00;1992-10-12;567;3661.22;MG;2023-02-20
6762;Esther da Rocha;751.062.498-30;1978-01-26;773;5811.22;GO;2022-05-03
6763;Ana Laura Freitas;983.027.164-13;1967-03-11;533;4970.96;MG;2021-02-01
6764;Dr. Heitor Melo;527.684.390-29;1993-06-12;454;4257.11;PR;2024-10-29
6765;Nathan Borges;956.482.317-09;1995-04-20;833;7230.61;PR;2021-06-25
6766;Luiz Otávio Pereira;871.945.320-50;1983-10-16;696;6438.06;RS;2024-01-17
6767;Mariane da Costa;374.856.902-56;1969-08-27;825;7809.89;PR;2022-11-23
6768;Dr. Ravi Lucca Rocha;095.832.714-97;1960-07-30;672;6279.89;CE;2023-03-20
6769;Sabrina Moraes;018.342.976-13;2005-05-23;513;4880.29;SP;2024-06-14
6770;Maria Isis Guerra;205.671.943-61;1987-08-14;499;3624.98;PR;2023-01-11
6771;Marcela Araújo;203.976.518-21;2005-02-28;300;2801.43;PR;2024-09-12
6772;Sr. Lucas Gabriel Abreu;851.297.346-37;1982-07-01;542;5447.15;PR;2024-08-30
6773;Luan Pereira;298.736.150-59;2000-02-26;666;6452.1;CE;2021-01-26
6774;Srta. Mariah Freitas;941.627.853-09;1988-12-15;489;4950.39;RJ;2022-09-21
6775;João Pedro Novais;275.039.468-65;1975-04-08;850;7564.16;CE;2024-09-15
6776;Isaac Santos;839.104.657-57;1972-10-05;714;5881.6;BA;2022-06-26
6777;Miguel Leão;579.321.048-23;1975-12-24;557;5217.19;MG;2023-06-28
6778;Dr. Ravi Lucca Monteiro;634.952.078-56;1977-05-01;439;3094.24;GO;2021-02-05
6779;Renan Castro;685.927.314-37;1974-03-03;407;2552.34;GO;2021-01-19
6780;Anna Liz Abreu;214.068.359-51;1956-09-08;697;6081.39;GO;2021-03-17
6781;Sr. Bruno Costa;024.398.617-31;1992-02-22;626;5178.4;BA;2023-09-11
6782;Laura Montenegro;081.497.265-94;1991-03-03;393;2771.44;PE;2022-03-23
6783;Dr. Léo Araújo;219.635.704-99;1956-05-02;538;3644.94;SC;2021-04-30
6784;Marcos Vinicius Martins;728.169.034-78;1999-08-02;691;4667.49;CE;2021-06-12
6785;Luigi Casa Grande;560.248.391-89;1999-06-26;547;2288.93;PR;2024-06-03
6786;Dr. Mateus Farias;786.309.521-21;1957-01-19;584;3584.16;PE;2022-10-06
6787;Davi Lucca Sá;597.081.462-85;1966-11-17;629;4080.89;RJ;2023-06-22
6788;Igor Almeida;341.568.027-44;2003-12-09;632;4911.31;MG;2022-06-13
6789;Diogo Montenegro;364.802.571-62;1982-01-08;820;7057.22;PR;2022-06-16
6790;Benjamin da Cruz;625.918.470-02;1967-04-08;399;1927.11;GO;2021-09-18
6791;Ryan Vasconcelos;817.364.092-04;1987-05-19;626;4078.15;RS;2024-07-14
6792;João Fonseca;257.348.169-73;2002-02-05;300;3749.55;MG;2021-10-28
6793;Sr. Murilo Almeida;096.751.384-75;2005-05-06;706;6168.98;CE;2024-09-05
6794;Srta. Liz Cardoso;580.167.394-66;1988-06-10;547;4803.68;SP;2022-04-22
6795;Raul Machado;275.609.318-12;1995-08-08;535;4484.86;RJ;2024-09-02
6796;Srta. Maria Flor Silveira;029.138.756-02;1975-01-29;509;5588.29;SP;2022-01-13
6797;Eloah Abreu;537.491.826-55;1989-05-23;431;4680.28;PE;2023-06-21
6798;Arthur Gabriel Vieira;345.280.917-04;1956-12-27;624;4502.53;CE;2022-10-12
6799;Lorena Fonseca;317.869.250-95;1983-12-01;640;5853.35;SP;2024-02-08
6800;Allana da Rosa;851.206.739-02;1985-01-29;784;6585.14;RS;2021-05-05
6801;Mathias Silveira;971.864.053-39;1957-06-05;513;4159.63;PR;2022-06-12
6802;Rhavi da Conceição;756.498.310-84;1973-01-12;838;8051.68;SP;2024-10-21
6803;Srta. Yasmin Pastor;148.375.096-57;1994-10-31;729;6627.69;BA;2024-01-12
6804;José Miguel Viana;896.503.712-30;1993-09-13;703;6782.75;SP;2024-05-14
6805;Camila Fonseca;901.327.864-78;1991-05-14;565;3164.91;RS;2022-12-18
6806;Isaque Cirino;842.935.160-42;1960-10-16;628;4206.42;RJ;2021-06-08
6807;Ana Sophia Macedo;503.186.742-62;2003-10-19;493;3223.72;PE;2023-06-28
6808;Nathan Campos;375.260.984-29;1976-04-26;850;6936.12;RJ;2023-11-13
6809;Luara Siqueira;574.260.983-38;1987-12-18;663;4081.64;RJ;2022-05-01
6810;Mateus Cardoso;503.614.829-06;1959-01-26;398;2364.95;RS;2022-10-30
6811;Guilherme Costela;801.264.759-11;1980-05-13;792;6670.28;CE;2023-01-31
6812;Yago Novais;293.405.817-41;1989-06-13;691;6266.57;SC;2021-05-27
6813;Sra. Joana Pereira;653.021.947-16;1971-05-11;549;5779.97;SC;2022-08-03
6814;Luiz Otávio Caldeira;802.361.459-24;1986-11-11;544;5758.23;MG;2021-02-20
6815;Bárbara Melo;640.875.391-48;1977-10-31;673;3594.95;BA;2024-05-28
6816;Théo Fernandes;974.136.852-64;2006-12-06;530;2455.06;BA;2022-11-18
6817;Maria Cecília Novais;513.647.902-70;1969-09-02;759;6047.26;SC;2024-08-28
6818;Luana Alves;896.140.257-94;1971-07-18;352;3191.75;BA;2023-08-22
6819;Pietra Gonçalves;150.683.947-93;1977-12-20;555;2956.19;PR;2024-06-27
6820;Maria Luiza Peixoto;174.206.538-44;1983-08-11;821;6675.29;SP;2021-11-25
6821;João Pedro Rodrigues;261.870.453-35;1994-11-18;584;4272.58;BA;2021-04-02
6822;Sofia Cardoso;746.832.051-90;1987-07-12;438;2199.45;PR;2021-11-04
6823;Dra. Isabela da Costa;478.359.021-41;1999-12-15;774;5718.12;CE;2021-02-22
6824;Dante Vargas;351.674.298-46;1961-05-10;622;2931.67;RJ;2024-06-01
6825;Maria Cecília Machado;876.402.159-94;1984-06-14;461;4297.81;RS;2022-10-04
6826;Melissa Barbosa;329.570.681-68;1957-01-21;665;7073.38;PE;2023-11-07
6827;Bruno Aparecida;034.587.296-74;2003-09-02;781;6017.29;CE;2024-12-30
6828;Dra. Ana Julia Alves;342.951.876-82;1973-11-24;676;5091.4;BA;2022-03-17
6829;Murilo Lima;231.954.806-89;1978-10-25;850;7949.01;SC;2024-04-08
6830;Maria Novais;301.475.629-61;1981-07-13;640;5320.39;SP;2024-09-07
6831;Manuella Correia;093.281.647-96;1967-08-29;793;6923.58;MG;2023-02-20
6832;Benjamin Sampaio;031.297.854-50;1976-08-25;807;4262.35;RJ;2021-06-08
6833;Davi Lucas Costela;205.794.618-58;1964-04-08;675;4884.57;RS;2024-03-03
6834;Ana Lopes;041.865.273-26;2007-02-02;830;8186.4;PE;2024-03-22
6835;Stella Sá;107.452.896-49;1995-12-29;623;6519.63;PE;2023-05-07
6836;Alexia Albuquerque;370.612.854-35;1996-09-19;833;6738.41;PE;2021-09-06
6837;Beatriz Abreu;816.450.239-15;1956-08-17;850;6768.66;PE;2021-04-16
6838;Alícia Pacheco;284.356.907-92;1974-01-06;594;5617.87;CE;2023-08-26
6839;Dra. Sofia Rodrigues;196.480.753-01;1977-08-17;577;4701.34;PE;2023-12-02
6840;Maria Vitória Pastor;072.581.493-41;1960-05-17;789;6331.22;GO;2022-10-12
6841;Carolina Rios;274.935.068-92;1976-12-02;416;3695.32;PR;2022-02-04
6842;Henry Gabriel Jesus;237.496.051-06;1990-05-30;536;5153.27;CE;2022-08-24
6843;Samuel Vasconcelos;082.367.194-13;2000-07-06;703;7095.4;RS;2022-11-05
6844;Maria Vitória da Conceição;530.486.917-66;1988-07-20;728;6914.24;RS;2023-01-12
6845;Raul Siqueira;185.074.639-75;1986-07-24;539;5115.99;RS;2023-07-23
6846;Maria Fernanda Silveira;874.365.910-10;1961-09-05;850;6111.35;BA;2021-08-25
6847;Daniel Andrade;012.864.937-22;1955-07-26;835;6130.65;RS;2023-07-01
6848;Enzo Gabriel Barros;496.805.132-89;1966-03-19;517;4432.2;SC;2023-01-12
6849;Ana Sophia Teixeira;742.503.861-71;1997-09-14;705;6551.75;RJ;2022-12-22
6850;Maria Sophia Câmara;015.732.948-88;1967-07-08;504;4466.54;PE;2023-11-02
6851;Lívia Cardoso;302.815.697-03;1997-01-01;537;2807.08;RJ;2023-01-12
6852;Heloisa Lima;608.514.937-93;2007-10-30;508;3313.1;GO;2024-05-24
6853;Maria Eduarda Correia;536.027.914-16;1988-02-23;682;6608.21;RS;2023-07-09
6854;Dra. Bella da Mata;598.374.106-39;1970-01-23;443;3895.96;SC;2022-04-16
6855;Alexandre Novaes;318.594.620-06;1964-04-14;478;4453.09;CE;2021-09-14
6856;Ayla Albuquerque;294.651.370-06;1975-06-15;545;3308.67;PE;2022-05-17
6857;Calebe Fonseca;651.207.348-71;1982-11-07;715;5133.08;SC;2024-10-12
6858;Yuri Sousa;239.846.501-24;1988-11-18;582;2436.01;CE;2024-09-25
6859;Luísa Freitas;178.603.492-13;1996-11-30;733;6684.91;MG;2024-05-25
6860;Matheus Dias;364.029.875-65;1982-08-21;620;3432.42;PR;2022-08-11
6861;João Miguel Farias;735.029.841-23;1969-07-08;765;5453.74;BA;2022-10-05
6862;Luiza Cunha;546.109.827-49;1987-04-30;565;6832.04;RJ;2021-06-16
6863;Mariah Pastor;681.370.429-03;1991-10-06;535;5022.21;SC;2023-05-13
6864;Rodrigo Borges;362.184.790-13;1957-04-17;687;5886.17;PE;2021-10-31
6865;Sr. Antônio da Mata;375.612.894-64;1962-02-10;653;5600.39;CE;2023-10-10
6866;Ana Sophia Ferreira;871.935.026-03;1978-07-24;652;5164.08;RS;2022-01-04
6867;Aylla Jesus;035.821.964-70;1988-05-24;801;5095.34;GO;2021-02-01
6868;Srta. Anna Liz Barros;407.358.961-00;1978-08-30;742;6758.34;MG;2021-09-05
6869;Srta. Brenda da Rocha;497.260.853-65;1991-08-06;703;6740.98;SC;2022-06-24
6870;Maria Clara Carvalho;237.859.104-79;1975-07-15;608;2995.03;PE;2024-12-27
6871;Alícia Souza;592.817.430-60;1962-07-25;611;3896.81;GO;2021-07-26
6872;Alice Vasconcelos;987.413.256-64;1975-05-19;532;3013.58;MG;2021-03-11
6873;Aurora Montenegro;269.348.057-47;1962-09-01;562;3899.38;SC;2021-02-19
6874;Pietra Araújo;529.086.714-76;1967-12-24;334;3372.22;MG;2021-05-30
6875;Vitória Melo;094.256.873-74;1973-05-06;850;7406.24;MG;2023-11-21
6876;Benjamin Siqueira;972.560.183-12;1991-03-29;595;4705.25;PE;2023-03-06
6877;Asafe Montenegro;340.912.587-60;1993-05-20;569;4642.04;SC;2022-12-27
6878;Rhavi Machado;306.485.971-48;1992-11-06;615;4078.95;MG;2023-04-04
6879;Ester Moura;369.215.408-98;1958-03-26;821;5080.85;PE;2022-05-10
6880;Ester Garcia;428.061.975-11;2004-02-28;706;5546.8;PR;2021-09-01
6881;André da Conceição;049.138.256-15;2000-02-16;848;7124.86;BA;2022-11-21
6882;Ágatha Brito;738.256.109-77;1994-12-14;576;4360.29;CE;2024-05-31
6883;Luara Cavalcante;059.843.672-38;1981-10-30;624;3849.21;CE;2021-08-09
6884;Antônio Macedo;640.915.273-61;1972-10-29;527;2431.06;SP;2021-06-01
6885;Luiza Correia;230.691.758-21;1994-03-09;509;4165.91;BA;2023-07-09
6886;Maria Vitória da Luz;427.850.369-56;1991-01-13;656;3268.67;SC;2024-07-15
6887;Ana Porto;129.475.630-34;1962-05-11;603;5387.41;GO;2023-06-12
6888;Otávio Pacheco;901.346.782-22;1983-09-11;600;4166.21;PR;2023-09-05
6889;Enzo Gabriel Nascimento;803.746.195-57;1984-10-12;570;4019.24;MG;2022-01-11
6890;Sra. Sarah Novaes;430.781.659-57;1966-09-02;543;4517.82;CE;2023-11-10
6891;Vitor Gabriel Fogaça;289.463.157-09;1984-05-21;850;6056.3;RJ;2021-11-08
6892;Ana Carolina Mendonça;523.089.164-51;1970-03-10;581;4596.3;SP;2024-04-30
6893;Dra. Melina Siqueira;417.598.036-93;1980-05-09;537;5394.24;CE;2023-01-28
6894;Lívia Porto;904.258.316-98;1964-07-24;335;2148.94;GO;2023-02-16
6895;Ravy Pinto;019.326.574-52;2005-10-25;718;5449.91;BA;2023-06-18
6896;Alícia Sousa;423.987.501-32;1956-03-17;521;4608.76;MG;2023-11-08
6897;Maria Luiza Costa;518.076.234-08;2002-10-13;728;6034.64;CE;2022-07-27
6898;Eduardo Marques;395.260.184-51;1984-07-27;523;4640.2;RJ;2022-04-21
6899;Davi Lucca Siqueira;840.937.615-66;1965-04-05;571;5313.19;PR;2023-10-08
6900;Henry Gabriel Borges;594.817.026-85;1991-10-27;797;3770.42;BA;2021-04-09
6901;Esther da Conceição;450.879.132-88;1989-08-04;633;3328.27;CE;2023-11-27
6902;Maria Luiza Sousa;035.871.924-05;1965-01-03;850;6331.88;PE;2024-04-02
6903;Gustavo Aragão;395.160.248-15;1987-02-07;709;5636.68;PE;2023-05-24
6904;Dr. Liam Siqueira;360.451.278-62;1966-09-24;523;3261.95;PR;2022-10-24
6905;Maria Sophia Mendes;180.439.672-96;2000-08-01;810;7435.94;SC;2022-10-15
6906;Maria Luísa Sá;468.570.391-00;1970-09-05;850;6855.45;MG;2021-10-21
6907;Maria Sophia da Conceição;058.419.632-60;1956-09-07;654;4964.81;SP;2022-03-08
6908;Esther Cavalcanti;263.508.194-89;1971-08-28;585;3638.11;SC;2023-11-30
6909;Anna Liz Santos;682.071.493-96;1956-02-14;630;4250.75;PR;2024-03-23
6910;Liam Souza;150.982.673-40;1982-05-25;673;5554.01;CE;2022-10-06
6911;Luna Cavalcante;916.807.345-39;1982-10-25;654;6907.13;RJ;2022-12-13
6912;Maria Julia Macedo;309.465.271-99;1992-11-06;615;5676.73;PR;2021-12-06
6913;Enzo Freitas;890.234.615-33;2001-08-26;850;8106.62;RJ;2022-08-13
6914;Maria Luiza Garcia;168.954.702-20;2002-10-31;758;5757.31;PR;2023-09-24
6915;José Pedro Camargo;705.824.961-01;2005-03-02;647;3857.72;GO;2022-04-04
6916;Maria Luiza Abreu;469.321.507-43;1996-11-25;679;5706.46;MG;2022-08-14
6917;Valentina Fernandes;904.825.763-83;1983-04-06;622;6003.19;PR;2024-05-26
6918;Natália Peixoto;201.836.754-44;1982-06-01;475;5434.86;RJ;2022-04-20
6919;Juliana Peixoto;427.398.615-91;1980-04-10;728;5753.37;PR;2021-10-16
6920;Srta. Sofia Barbosa;319.042.857-32;1986-01-19;602;5296.61;RJ;2022-02-28
6921;Anna Liz Fernandes;971.204.865-94;1983-04-09;802;6517.61;PE;2023-11-08
6922;Antony Casa Grande;354.761.028-17;1996-12-13;637;5114.12;MG;2021-02-26
6923;Srta. Lavínia Pastor;380.741.256-53;1959-08-06;833;6295.12;CE;2021-03-23
6924;Theodoro Guerra;175.326.098-12;1974-06-19;616;6391.44;PE;2024-01-07
6925;Dr. Isaac Viana;976.321.045-34;1963-02-03;637;6233.06;RS;2021-01-14
6926;Dr. Otávio Oliveira;057.198.462-20;1977-06-12;510;3874.71;GO;2021-02-22
6927;Benjamim da Luz;723.894.561-46;1970-06-24;798;5707.66;BA;2022-02-21
6928;Laura Jesus;850.713.946-93;2005-02-13;601;5064.69;PR;2024-03-15
6929;Maria Eduarda Araújo;329.714.680-03;1968-03-25;501;3594.19;SC;2023-07-01
6930;Dr. Luiz Henrique Freitas;732.518.046-26;1988-01-24;633;5110.68;PE;2021-09-16
6931;Maria Sophia Rezende;512.703.896-02;1980-09-13;773;7725.46;GO;2022-08-28
6932;Bella Novaes;078.312.946-78;1980-04-29;517;4247.27;RJ;2024-12-17
6933;Esther Freitas;709.465.832-00;1966-03-08;700;7116.35;RJ;2023-06-30
6934;Luara Andrade;135.769.802-02;1970-12-03;706;5938.91;SC;2023-10-08
6935;Antônio Moraes;780.629.514-30;2005-12-03;699;6265.77;PR;2021-06-27
6936;Fernanda Borges;150.628.794-85;2002-12-17;508;4256.8;MG;2022-07-25
6937;Vitor da Cruz;956.382.047-92;2007-05-30;795;6152.64;RJ;2022-12-26
6938;Théo Moreira;423.718.560-53;1991-12-29;635;4837.48;RJ;2022-04-01
6939;Dr. José Pedro Cirino;763.945.120-52;1958-10-06;342;2756.59;RJ;2022-11-01
6940;Antony Porto;416.580.297-20;1978-12-22;656;4735.51;MG;2023-11-05
6941;Vitória Oliveira;295.840.176-67;2008-04-18;481;2967.39;BA;2022-07-20
6942;Isabela Nascimento;176.593.820-12;1996-09-15;711;7660.52;GO;2024-07-15
6943;Sabrina Oliveira;423.081.975-79;1995-08-05;785;4935.65;PE;2024-10-08
6944;Vitor Hugo Cunha;368.745.912-82;1988-11-10;722;5112.84;RJ;2024-12-18
6945;Valentim da Cruz;095.173.486-57;1987-08-27;550;3938.02;BA;2021-03-20
6946;Maria Flor Guerra;571.063.948-66;1976-11-15;704;6591.25;SC;2021-07-25
6947;Ayla Leão;629.841.035-05;1989-09-07;608;4782.93;PE;2022-10-13
6948;Raquel Almeida;362.758.019-21;2006-06-27;675;5967.99;RS;2024-02-18
6949;Isabela Cavalcanti;296.083.175-68;1973-06-07;761;4803.63;SP;2024-07-23
6950;Davi Lucca Farias;671.043.259-99;2002-01-07;622;3907.98;SP;2022-05-19
6951;José Miguel Ferreira;245.071.386-71;1969-09-03;613;4677.82;MG;2024-04-15
6952;Luiz Fernando da Mota;261.873.509-95;1995-02-05;614;4112.26;SC;2022-03-27
6953;André Garcia;318.920.574-41;1979-10-12;441;1433.56;RS;2022-06-28
6954;Srta. Ana Laura da Cruz;473.290.581-14;1983-11-06;604;4401.0;GO;2021-11-07
6955;Júlia Cavalcanti;564.970.812-67;2002-01-08;538;5626.55;GO;2022-01-19
6956;Yan Gonçalves;673.804.159-48;1975-08-02;516;5544.83;GO;2022-08-02
6957;Davi Lucas da Mota;478.536.901-93;1985-03-04;814;4561.1;MG;2022-02-11
6958;Luan Moura;407.513.689-20;1993-12-26;631;4648.3;RJ;2023-11-24
6959;Elisa da Rocha;460.275.983-10;1956-10-02;300;955.36;RS;2021-01-07
6960;Sr. João Guilherme Pereira;086.534.127-35;1975-08-22;712;7715.2;SC;2021-05-18
6961;Laura Fonseca;693.174.258-28;1957-01-27;728;6147.63;GO;2024-02-17
6962;Maria Marques;138.564.290-42;1985-01-04;617;6618.66;CE;2022-03-04
6963;Aylla Sá;469.835.701-20;1964-03-21;850;6213.16;MG;2021-03-21
6964;Benício da Cunha;205.178.643-71;2005-08-08;380;941.81;SC;2024-11-09
6965;Lara Lima;276.948.351-09;2000-05-26;778;6176.94;PR;2024-06-10
6966;Lívia Borges;329.516.847-46;1961-12-22;641;3337.35;SC;2024-07-16
6967;Mariah Teixeira;459.123.067-80;2006-03-13;529;3936.52;CE;2022-04-26
6968;Vitor Sousa;560.918.273-59;2005-07-29;644;4753.41;BA;2023-09-19
6969;Enzo Pacheco;312.459.068-60;1962-09-02;495;3175.43;PE;2024-09-07
6970;Lucas Gabriel da Mota;135.460.829-15;1972-05-26;764;6356.78;MG;2022-09-07
6971;Dr. Diego Machado;968.370.412-31;1976-05-27;693;4645.13;RS;2022-08-22
6972;Aurora Aragão;903.582.764-38;1992-10-05;300;1876.9;GO;2023-10-01
6973;Bryan Vargas;102.495.687-30;2005-05-16;516;4477.01;SC;2024-05-09
6974;Zoe Nunes;951.827.046-58;1958-10-03;850;7495.17;BA;2024-01-18
6975;Levi Melo;932.487.165-09;1973-10-25;850;7368.77;GO;2022-08-29
6976;Maria Luiza da Mota;038.146.597-75;1960-04-06;544;4699.92;RJ;2022-03-25
6977;Guilherme Barros;095.648.713-01;1962-05-22;833;8493.56;RJ;2022-08-12
6978;Eduarda Dias;208.534.671-53;1966-08-05;550;4653.18;SC;2023-07-05
6979;Davi Miguel Câmara;684.329.751-09;1972-02-14;448;4408.67;BA;2022-05-22
6980;Bianca Almeida;268.574.309-00;2004-06-19;806;6487.8;SC;2021-08-26
6981;Léo Guerra;346.281.079-04;1998-12-15;539;4672.13;MG;2023-08-10
6982;Sra. Emilly Câmara;548.307.291-04;1993-02-09;670;5441.14;BA;2024-09-14
6983;Aylla Lima;624.079.351-52;1992-09-30;641;4954.19;RJ;2022-12-13
6984;Antonella Sá;821.540.639-42;1977-09-30;739;6648.23;SC;2024-12-14
6985;Diego Macedo;398.746.201-96;1988-11-24;502;3005.41;MG;2023-09-18
6986;Yasmin Gomes;801.629.573-86;1957-01-30;589;5448.84;GO;2024-05-15
6987;Ana Julia Pacheco;718.634.920-03;1981-07-15;637;4452.85;SC;2024-11-08
6988;Maria Cecília Souza;415.792.386-37;2000-11-16;651;4877.19;RS;2021-03-01
6989;Vinícius Casa Grande;417.823.056-53;1982-04-10;725;6133.06;PR;2022-07-03
6990;Anthony Alves;926.710.438-13;1965-05-25;582;4887.52;PE;2022-03-17
6991;Maya Gonçalves;709.614.328-96;1957-03-16;777;5646.37;SC;2021-05-05
6992;Dr. Marcelo Guerra;013.658.427-62;1966-03-30;668;5273.54;PE;2022-10-24
6993;Leandro Rocha;736.420.198-03;1955-07-10;671;4713.44;PR;2024-10-14
6994;Maitê Brito;781.463.259-55;1969-01-08;633;6171.82;BA;2023-04-23
6995;Alana Melo;052.781.649-30;1971-02-17;507;2726.59;SC;2023-06-25
6996;Theo Fernandes;543.602.917-52;1994-11-06;465;2549.34;SC;2023-03-28
6997;Leonardo Melo;895.406.317-93;1964-02-21;691;4122.14;PR;2021-04-22
6998;Isabela Gomes;802.315.479-60;2004-08-26;584;5290.29;PR;2023-09-22
6999;Benjamin Casa Grande;453.071.862-07;1962-01-10;669;4966.44;RS;2022-11-27
7000;Oliver Lopes;581.623.709-86;1959-04-24;642;5243.15;SP;2022-09-24
7001;Heitor Costela;743.810.592-04;2005-02-10;593;4533.17;GO;2023-04-20
7002;Joana Abreu;316.948.270-03;1985-01-12;850;7609.31;RS;2024-03-18
7003;Maria Moura;547.396.028-65;1983-01-24;850;6303.04;MG;2024-01-03
7004;Yan Sales;078.391.264-13;1964-05-15;609;3539.87;RS;2024-07-04
7005;Beatriz Mendes;508.637.142-26;1959-07-08;522;6077.91;RJ;2024-06-10
7006;Augusto Cirino;627.458.309-29;1997-07-05;557;6375.28;CE;2022-11-07
7007;Marcelo Carvalho;195.046.873-93;1955-07-10;470;2706.53;MG;2024-05-23
7008;Maria Alice Camargo;057.436.218-53;1995-09-21;579;4568.25;PE;2021-02-10
7009;Dr. Matheus da Conceição;694.378.251-73;1992-03-24;730;6290.77;SP;2023-02-16
7010;Srta. Nicole Silveira;612.483.579-73;1977-09-28;570;4426.68;RJ;2024-12-14
7011;Brayan Fernandes;165.980.273-30;1995-09-27;581;3733.35;BA;2022-12-24
7012;Igor Siqueira;903.687.425-47;1995-10-24;513;5131.88;PE;2021-05-10
7013;Pedro Vargas;137.805.942-50;2008-02-22;400;4817.36;SP;2023-11-29
7014;Fernanda Gomes;682.309.574-10;1961-03-22;578;3851.49;RS;2023-01-12
7015;Gabrielly Farias;689.512.430-60;1985-03-05;708;7149.22;PE;2022-02-11
7016;Isabelly Farias;804.251.697-58;2007-09-13;754;6533.85;MG;2024-01-03
7017;Srta. Maria Cecília Guerra;561.302.798-68;1976-09-07;750;4283.5;SC;2022-04-15
7018;Igor Cavalcante;415.923.870-04;2008-03-07;557;3544.83;PR;2021-11-27
7019;Maria Laura Aragão;683.507.249-00;1991-01-18;766;5744.52;BA;2022-11-10
7020;Gabriela Jesus;548.036.971-75;1964-11-23;721;6303.86;SC;2022-03-18
7021;Ana Laura Andrade;364.590.187-66;1991-03-19;516;3541.04;PE;2022-05-25
7022;Maria Clara Nogueira;647.019.285-85;1964-02-14;775;5424.52;SP;2021-03-15
7023;Gustavo Borges;279.086.435-74;2007-01-14;634;4289.46;SP;2023-12-15
7024;Luiz Henrique Cavalcanti;972.630.185-86;1987-07-27;582;4609.84;RJ;2023-10-25
7025;Dr. Otávio Costa;268.071.359-12;1993-12-18;526;3247.55;SC;2023-09-21
7026;Ana Júlia Leão;245.876.901-20;2006-12-23;654;4387.26;SP;2021-11-18
7027;Dr. Pedro Oliveira;451.269.783-73;2005-06-29;522;3236.95;PR;2022-09-10
7028;Fernando Nascimento;827.509.136-59;1996-10-08;610;5823.7;SP;2022-04-17
7029;Srta. Maria Clara Barros;217.643.850-71;1977-09-09;800;5674.08;RS;2021-03-11
7030;Eduardo Camargo;401.372.895-88;1998-01-24;850;5795.3;PR;2021-09-11
7031;João Lucas da Mota;012.693.458-42;2003-01-12;750;5278.3;SC;2024-09-04
7032;Rodrigo Pacheco;802.457.196-01;2004-04-22;515;3375.24;SC;2021-09-26
7033;Alana da Conceição;931.768.402-50;1995-08-03;613;5483.97;PR;2021-06-23
7034;Heloísa Cavalcante;587.690.124-58;1968-09-17;700;4656.01;RJ;2021-06-01
7035;Dr. Noah da Cruz;507.421.693-16;1964-06-11;501;3091.36;PE;2024-12-11
7036;Sr. Gael da Rocha;481.230.675-26;1992-05-09;606;4637.84;SC;2021-02-11
7037;Hellena Azevedo;318.062.749-22;1969-05-28;505;4309.6;SP;2024-01-15
7038;Dr. Ravi Porto;405.291.786-30;2002-07-04;850;6295.28;CE;2021-11-07
7039;Ana Júlia Nascimento;395.210.648-89;1982-05-09;567;5095.66;RJ;2024-04-19
7040;Ana Júlia Ferreira;315.208.649-06;1969-01-21;552;5084.96;SC;2022-02-02
7041;Zoe Costa;952.846.103-42;1956-02-25;533;6096.12;CE;2022-10-02
7042;Yan Nunes;250.176.384-07;1958-04-10;661;4667.98;BA;2023-05-21
7043;Gael Santos;897.536.102-03;1998-01-14;549;3878.2;PE;2021-02-17
7044;Sra. Sophia Rios;295.174.860-49;1972-11-01;784;5003.25;PR;2022-07-16
7045;Sr. Valentim Porto;781.453.062-80;1962-04-20;539;3750.34;GO;2022-02-20
7046;Fernando Costela;580.643.972-00;1984-01-24;618;4672.89;RJ;2022-06-26
7047;Esther Andrade;456.780.219-58;1992-08-10;441;3128.18;CE;2023-08-24
7048;Maya Andrade;067.185.492-58;1993-11-15;608;4235.9;SC;2022-08-20
7049;Ágatha Mendes;168.423.759-91;1988-04-10;702;6535.41;SC;2021-07-10
7050;Murilo Leão;794.653.210-52;1979-03-21;610;5110.54;RS;2023-04-13
7051;Gabriela Marques;742.168.590-11;1976-07-18;360;2458.9;PE;2022-07-25
7052;Aylla Marques;350.678.921-02;1989-11-18;740;5496.56;GO;2022-08-06
7053;Sr. Benicio Almeida;730.154.689-01;1966-10-16;531;6525.69;PE;2023-11-04
7054;Maria Julia Oliveira;539.048.721-41;2005-04-28;838;7171.57;RS;2023-02-23
7055;Olívia Dias;094.578.631-00;1969-03-27;756;3822.06;SP;2023-10-15
7056;Laís Mendonça;105.948.632-60;1975-08-13;525;3730.04;SC;2023-02-03
7057;Dra. Yasmin Araújo;437.610.528-71;1988-07-21;591;4238.06;PE;2021-08-10
7058;Marcelo Moura;368.517.904-75;2000-09-04;313;2890.02;GO;2022-04-04
7059;Liz Ramos;170.348.629-31;1976-10-05;685;7081.9;CE;2021-02-20
7060;Sra. Ágatha Dias;983.165.470-66;1967-02-12;525;3329.84;SC;2022-04-21
7061;Sabrina Gomes;160.948.732-03;2000-09-18;300;2106.43;GO;2023-01-28
7062;Lorena Silveira;683.952.170-21;1984-12-22;728;5212.23;GO;2024-02-28
7063;Fernando Albuquerque;734.905.628-10;1964-06-19;850;6543.41;RJ;2024-08-09
7064;Laura Marques;957.014.283-97;2004-10-06;637;3732.9;PR;2022-11-12
7065;Benício Moura;710.853.294-88;1988-04-17;654;3252.68;MG;2024-07-14
7066;Bianca Silva;342.715.089-50;1957-03-06;703;6348.43;RJ;2021-07-15
7067;Luiz Henrique Nunes;149.857.036-48;2007-05-16;783;5244.03;PE;2021-12-13
7068;Dante Lima;367.894.012-96;1990-09-09;639;5675.82;RS;2023-10-01
7069;Eduardo Rezende;503.897.146-66;1994-10-19;673;4518.7;CE;2022-05-27
7070;Yan Abreu;561.089.423-98;2004-10-07;332;3002.96;RJ;2021-10-17
7071;Mathias Pires;092.754.683-38;1996-05-11;601;4241.33;SC;2024-06-16
7072;Ana Luiza Sousa;984.135.762-37;1957-04-06;711;5643.08;GO;2023-12-08
7073;Thomas Novais;109.643.827-50;1974-05-23;461;1756.55;CE;2022-04-22
7074;Davi Miguel Guerra;019.385.247-05;2005-04-05;484;6265.01;SP;2023-10-08
7075;Juliana da Costa;758.140.263-08;1994-01-20;706;5836.61;PR;2023-04-24
7076;Bella Fonseca;628.079.154-85;1958-12-15;598;4536.61;PR;2022-11-23
7077;Juan Fernandes;138.276.405-71;1968-05-11;760;5589.4;MG;2021-03-16
7078;Francisco Câmara;649.103.275-25;1980-12-25;689;5163.57;BA;2024-11-12
7079;Sr. Caio Jesus;581.309.642-60;2005-11-19;850;7542.29;CE;2024-05-11
7080;Hellena Jesus;985.210.476-49;1997-07-17;769;5567.59;SC;2021-01-12
7081;Dr. André Porto;960.254.371-06;1984-01-18;746;5655.42;PR;2024-11-14
7082;Srta. Sophie Sales;318.269.745-55;2005-03-17;633;6699.05;RS;2024-02-26
7083;Luiz Felipe Carvalho;084.519.732-05;1975-12-18;494;4155.25;GO;2024-01-23
7084;Murilo da Cruz;423.601.758-07;1982-11-27;672;5896.0;GO;2022-10-04
7085;Miguel Santos;165.740.329-70;1989-05-17;565;6606.26;RS;2022-10-22
7086;Juan Teixeira;975.342.016-16;1980-03-13;464;5170.89;GO;2024-12-22
7087;Fernando Gomes;651.497.803-75;1988-03-10;765;8020.89;GO;2023-11-20
7088;Ian Sá;140.672.539-07;1962-01-28;429;2563.17;PE;2021-06-16
7089;Lívia Leão;679.524.810-02;1957-03-03;799;4514.96;RJ;2023-05-22
7090;João Gabriel da Paz;783.459.012-04;1980-11-30;427;2927.69;RJ;2023-02-09
7091;João Miguel Moreira;746.903.581-84;1982-09-24;643;6736.23;MG;2021-01-28
7092;Anthony Gabriel Teixeira;517.842.639-82;1964-10-13;597;4167.76;MG;2023-12-01
7093;Maria Teixeira;491.832.576-91;1979-03-04;657;5725.6;RJ;2021-12-07
7094;Ana Vitória Santos;178.695.024-30;2002-06-15;672;5198.01;RS;2023-06-16
7095;Nicole Porto;872.603.951-68;2000-09-08;385;2162.38;RJ;2021-03-21
7096;Laura Leão;274.901.836-69;1965-03-27;790;6507.07;SC;2023-10-12
7097;Ágatha Fonseca;078.156.392-59;1995-10-29;581;5766.17;MG;2024-07-06
7098;Sr. Igor Rodrigues;097.163.248-04;2001-08-11;484;3646.65;PE;2023-09-25
7099;Alana da Luz;264.095.138-60;1963-03-11;636;4646.62;MG;2024-01-26
7100;Juliana Leão;817.530.469-39;1976-02-05;632;4868.31;SC;2023-03-29
7101;Luiz Otávio Cardoso;230.798.145-41;1956-05-19;452;3797.48;SP;2022-08-31
7102;Mariah Pires;185.206.934-15;1992-12-01;460;3845.62;RJ;2023-06-11
7103;Benício Cavalcanti;479.506.812-76;1990-11-02;784;5990.98;PR;2024-10-17
7104;Henry Gabriel da Rosa;908.163.247-78;1966-03-17;479;3705.01;PR;2023-12-07
7105;Diego Abreu;471.609.285-20;2000-12-23;520;4754.51;BA;2024-06-13
7106;Joana Macedo;765.312.908-03;1991-01-12;602;6525.76;BA;2024-02-29
7107;Henry Cavalcante;038.619.275-86;1999-10-29;759;5918.92;MG;2021-10-17
7108;Anna Liz Pacheco;843.790.625-38;2000-01-19;705;5246.76;PR;2023-12-08
7109;Milena Vieira;851.634.729-09;1956-09-10;624;4630.57;RS;2024-06-11
7110;Oliver Almeida;582.439.167-09;1982-12-12;711;7120.99;BA;2023-11-30
7111;Sarah da Rosa;019.257.834-05;1988-07-07;715;6641.94;CE;2022-05-30
7112;Clarice Fernandes;541.089.263-15;1996-06-06;730;6391.26;GO;2023-08-06
7113;Luara Farias;473.205.618-08;1961-04-10;483;5564.97;RS;2022-11-08
7114;Dra. Anna Liz Brito;038.951.674-01;2006-11-05;836;6454.12;MG;2021-12-03
7115;Lucas Gabriel Caldeira;315.860.429-98;1964-05-29;575;5212.41;PE;2023-08-29
7116;Evelyn Melo;125.648.379-64;1986-05-29;686;5286.05;SP;2022-10-13
7117;Luiz Felipe Garcia;137.580.692-03;2000-03-07;469;4057.7;SC;2022-01-03
7118;João Vitor Araújo;528.013.947-50;2003-03-15;686;6213.82;MG;2023-08-22
7119;Luiz Henrique Montenegro;601.257.483-53;1992-09-08;661;5016.88;RJ;2021-01-12
7120;Sra. Helena Mendonça;375.412.608-35;2006-12-19;739;5977.85;PR;2024-12-07
7121;Maria Flor Cunha;985.471.620-11;2001-07-27;564;4331.35;RS;2022-02-13
7122;Olívia Porto;514.293.087-88;1991-12-23;410;3097.76;RJ;2024-01-07
7123;Luiz Henrique da Rosa;129.084.375-97;1981-12-31;702;5955.78;GO;2022-11-09
7124;Carolina Aparecida;598.042.176-94;1980-02-16;802;6153.03;RJ;2021-05-06
7125;Breno Pires;627.485.309-00;1964-10-04;678;6216.74;CE;2023-08-18
7126;Dra. Julia Araújo;317.249.685-64;1979-07-10;850;6944.77;CE;2021-11-17
7127;Nina Macedo;079.216.345-16;1985-01-20;494;4799.93;RJ;2022-12-19
7128;Nathan Ribeiro;485.913.276-91;1958-06-12;843;6421.45;PE;2022-04-08
7129;Ayla Câmara;609.712.453-80;1971-04-25;720;6988.73;BA;2024-07-11
7130;Lara Cavalcante;471.352.890-05;1986-07-28;742;6061.56;SP;2022-01-30
7131;Heloísa Brito;143.580.627-17;1971-12-05;536;4206.72;PR;2022-08-06
7132;André Teixeira;572.948.031-88;2004-03-29;675;6308.22;SC;2024-04-11
7133;Maria Clara Alves;976.302.581-86;2001-03-24;660;4900.09;PR;2023-01-23
7134;João Lucas Lima;461.328.579-82;1982-11-13;686;6348.09;CE;2023-04-06
7135;Ágatha da Rocha;826.450.193-15;1973-10-05;665;4483.81;PR;2024-02-24
7136;Luiz Henrique Borges;406.857.219-49;1989-11-24;598;5731.82;PE;2024-08-06
7137;Davi Oliveira;316.879.425-28;2004-05-04;454;1538.82;RS;2021-06-08
7138;Dra. Stella Novais;832.670.549-74;1959-10-12;800;6911.42;CE;2021-11-09
7139;Ana Beatriz Camargo;869.215.430-05;1992-03-26;692;4459.18;RJ;2022-03-20
7140;Cauê Campos;238.150.679-95;1973-07-23;708;5939.25;PR;2022-01-01
7141;Fernando Campos;524.609.817-67;1983-03-23;429;4856.28;PR;2024-02-29
7142;Hadassa da Costa;719.632.805-12;1962-09-19;639;4715.92;RJ;2021-09-17
7143;Dra. Júlia da Mata;967.481.350-01;1985-09-01;574;2576.78;PE;2024-04-17
7144;Srta. Maria Flor Pinto;832.105.794-23;1978-12-30;691;5789.86;SC;2022-11-08
7145;Caleb Costela;240.378.659-47;1973-12-20;596;6046.49;CE;2024-04-27
7146;Fernanda Cavalcanti;149.527.083-14;1960-04-20;453;3027.23;CE;2022-07-22
7147;Pedro Lucas Rios;436.257.901-06;1978-05-26;517;3857.21;CE;2024-10-01
7148;Melina Castro;865.912.347-64;1994-01-20;628;5454.01;GO;2022-03-05
7149;Carlos Eduardo Barros;831.650.924-51;1974-05-25;578;3746.64;MG;2021-01-06
7150;Fernanda Ferreira;746.280.195-76;1990-07-11;822;8987.64;RS;2022-03-20
7151;Manuella Sá;496.183.207-31;2004-12-23;637;4339.22;RJ;2024-06-13
7152;Lorena Lima;143.280.659-98;1977-11-11;797;4929.24;MG;2021-10-21
7153;José Martins;196.075.483-10;1966-02-03;579;3935.88;MG;2023-09-01
7154;Arthur Gabriel Almeida;792.043.851-97;1981-07-23;480;3559.98;SP;2022-10-25
7155;Ana Julia Jesus;495.178.230-88;1960-10-20;516;4140.65;RJ;2021-04-17
7156;Sra. Aurora Pastor;946.872.051-94;1983-01-16;623;4362.67;MG;2023-11-14
7157;Rhavi Porto;746.390.521-70;1987-11-22;575;4369.15;GO;2023-05-22
7158;Dra. Bella Oliveira;273.146.095-43;1967-12-21;717;5587.57;GO;2022-11-01
7159;Manuella Albuquerque;753.498.106-93;1984-10-07;718;6329.81;PR;2023-10-22
7160;Dra. Sara Andrade;872.905.361-77;1999-07-26;688;6891.85;RJ;2022-05-09
7161;Igor Campos;258.314.706-44;1979-08-09;485;3406.82;PE;2023-03-17
7162;Srta. Julia Fernandes;184.207.935-23;1970-01-30;831;6390.68;SC;2023-03-01
7163;Jade Moraes;728.049.165-02;1969-04-05;300;2197.03;GO;2022-12-29
7164;Dra. Ana Monteiro;497.681.023-22;1968-09-14;636;2470.89;PR;2023-12-06
7165;Emanuel Ribeiro;804.625.197-67;1967-02-19;780;5526.29;BA;2023-12-23
7166;Sr. Pedro Lucas Pires;712.859.603-86;1979-02-09;659;5046.02;RJ;2024-05-24
7167;Rhavi da Rosa;852.931.460-33;1992-02-08;465;2649.49;RS;2021-12-07
7168;Alice Duarte;573.941.806-20;1975-08-06;507;5141.67;PR;2024-12-27
7169;Pedro Henrique das Neves;785.164.093-84;1964-04-19;602;4294.13;MG;2023-06-15
7170;Sr. Henry Siqueira;359.164.782-91;1972-07-25;507;5252.15;PE;2023-06-24
7171;Elisa Casa Grande;289.573.401-14;1963-02-20;795;7544.74;GO;2024-11-24
7172;Ana Beatriz das Neves;531.947.268-46;1994-03-28;679;5721.83;PR;2024-11-04
7173;Srta. Maria Julia Santos;031.659.287-03;1996-01-17;474;3546.18;RJ;2024-02-17
7174;Caleb Porto;820.457.691-94;1980-12-04;537;2470.49;SC;2024-08-28
7175;Lunna Brito;897.426.503-65;1984-03-31;746;5272.17;BA;2021-12-31
7176;Dr. Isaque Casa Grande;847.510.392-88;1956-01-24;763;6985.75;SP;2023-01-19
7177;Maria Moura;493.082.571-79;2005-08-26;686;6100.88;GO;2024-10-04
7178;Lucas Gabriel Fonseca;495.783.012-60;1968-07-28;546;6225.85;BA;2023-05-19
7179;Ana Júlia Costa;483.167.295-55;1989-01-08;625;5301.93;RS;2024-06-17
7180;Emanuel Cunha;204.953.817-05;1983-01-04;542;3404.83;PE;2022-01-27
7181;Vitor Hugo da Cunha;842.396.175-37;1977-11-07;677;5633.51;SC;2023-02-06
7182;Dr. Benicio Moraes;068.934.127-03;2001-01-26;525;2761.57;MG;2021-01-22
7183;Isadora Silveira;934.516.207-07;1994-05-16;467;4932.13;RS;2023-06-25
7184;Gael Albuquerque;204.671.853-44;1964-02-09;546;4029.09;BA;2023-12-14
7185;Gabrielly Garcia;894.307.562-65;1977-01-30;794;5229.85;RS;2021-01-12
7186;Breno Novais;046.739.512-80;1968-06-09;532;3487.23;CE;2022-09-28
7187;Mariana Macedo;083.691.275-68;1989-08-14;814;8505.38;BA;2021-07-12
7188;Luiz Otávio Garcia;941.075.683-93;2002-10-23;710;6463.38;BA;2022-06-04
7189;Juan Pastor;462.378.091-04;1992-08-22;550;6347.33;PE;2021-01-27
7190;Gustavo Henrique Brito;325.189.046-89;2008-04-04;652;6069.11;CE;2022-07-14
7191;Rafael Novais;917.563.028-12;1972-04-28;607;4587.97;SP;2024-08-18
7192;Alexia Abreu;503.491.862-51;1997-05-14;819;7091.72;PR;2024-08-07
7193;Ryan Camargo;210.869.375-03;1965-09-10;794;6607.33;GO;2023-03-27
7194;Maria Alice Castro;793.154.628-82;1974-05-01;518;3560.66;SP;2024-11-25
7195;Igor da Cruz;875.096.241-85;1996-08-06;632;4429.5;PR;2022-07-16
7196;Dr. Daniel da Rosa;953.704.826-83;1987-08-07;487;5097.42;SP;2024-03-17
7197;João Lucas Silveira;415.697.382-46;1985-12-26;554;4570.19;SP;2023-08-23
7198;Alana Marques;825.736.901-21;2006-03-14;655;4651.85;CE;2024-07-18
7199;Luiz Felipe Sales;217.508.369-12;1994-08-31;794;5234.86;GO;2023-10-02
7200;Sra. Emanuella Marques;279.605.184-67;1970-08-12;651;5454.12;MG;2023-08-28
7201;Fernanda Teixeira;240.873.591-23;1996-09-13;613;3607.09;PE;2021-08-01
7202;Luiz Fernando Leão;281.950.673-95;1959-07-02;724;6535.51;SP;2023-01-27
7203;Pietro Albuquerque;783.295.061-77;1980-04-19;538;5011.49;SP;2024-06-09
7204;Isabel Cunha;781.069.423-50;1976-12-13;664;4031.39;MG;2024-12-16
7205;João Costa;254.791.038-14;2002-07-11;517;5274.28;MG;2021-09-27
7206;Luigi Nunes;438.710.256-07;1965-01-03;657;4691.7;RJ;2023-05-10
7207;Larissa Fonseca;295.804.736-92;1964-02-23;516;3612.61;RJ;2021-04-25
7208;Bárbara Novaes;625.748.091-49;1976-09-25;566;3682.04;GO;2024-07-29
7209;Apollo Fonseca;732.519.806-02;2004-12-18;410;4420.01;SP;2022-10-06
7210;Clarice Peixoto;284.516.790-30;1972-11-01;736;4614.74;RJ;2024-01-20
7211;José Miguel Melo;395.821.406-15;1992-06-07;636;4185.76;PR;2022-02-02
7212;Samuel Gonçalves;793.680.451-00;2004-05-06;588;4359.23;CE;2021-02-04
7213;Srta. Maria Fernanda Siqueira;801.563.729-59;1991-04-15;568;6546.95;BA;2024-10-08
7214;Ravi Lucca Moraes;847.123.690-78;2007-06-04;567;3727.74;BA;2024-12-23
7215;Sr. Raul Sousa;265.731.908-40;1973-08-14;528;5267.78;MG;2024-04-16
7216;Stephany Barbosa;832.165.974-82;1989-11-25;421;2605.38;BA;2023-11-24
7217;Cauê Alves;631.294.807-22;1977-04-17;793;6587.99;SP;2024-09-22
7218;Sr. Bento Sousa;835.490.712-05;1970-10-25;643;7276.15;SC;2023-05-03
7219;Maria Isis Cirino;569.103.748-00;1992-02-04;649;4483.81;SP;2021-05-14
7220;Maria Helena Cirino;518.473.209-88;1976-10-27;586;3552.57;RS;2023-10-25
7221;Lucas Lopes;452.901.837-79;1969-11-07;770;6734.56;MG;2022-07-01
7222;Maria Helena Machado;150.694.823-51;1987-09-09;754;7244.98;RJ;2021-12-20
7223;Emanuel da Mata;248.961.037-69;1982-05-11;570;3615.25;GO;2021-04-02
7224;Luiz Fernando Carvalho;345.681.072-53;1959-03-23;613;4031.24;PR;2024-05-31
7225;Laura Martins;051.764.938-10;1966-10-12;639;6244.1;RS;2024-11-11
7226;Felipe Peixoto;543.079.286-10;1969-04-15;599;4942.0;PE;2023-04-19
7227;Valentim Aragão;784.152.930-97;1959-02-03;608;5666.73;MG;2024-07-25
7228;Evelyn Cavalcante;403.657.812-07;1985-08-29;539;2115.55;SP;2022-09-30
7229;Leandro Carvalho;721.053.496-25;1971-07-24;676;6395.83;PR;2024-02-23
7230;Manuella Oliveira;098.263.154-51;1985-09-05;673;4743.77;BA;2021-08-30
7231;Catarina Vieira;390.415.872-41;1964-01-22;483;4358.5;BA;2023-08-13
7232;Dr. Gustavo Henrique Almeida;369.712.840-03;1988-07-13;636;4962.21;CE;2024-11-27
7233;Calebe Rodrigues;759.680.142-02;1988-05-10;838;5757.2;RJ;2024-03-05
7234;Gustavo Henrique Vargas;547.260.398-65;1971-10-14;833;6695.78;GO;2021-06-30
7235;Lara Aparecida;024.986.513-06;1975-01-06;399;3012.8;RJ;2021-07-05
7236;Zoe Carvalho;062.174.385-26;1978-10-20;735;5514.94;MG;2021-06-26
7237;Heloisa Rezende;083.765.214-62;1970-11-26;443;3379.49;MG;2022-10-13
7238;Emanuella Brito;652.703.489-00;1997-10-14;517;4627.81;CE;2024-07-07
7239;Vitor Gabriel Camargo;653.718.294-82;1999-06-03;712;4639.73;SP;2021-12-13
7240;Pietra Silveira;518.637.249-82;1983-06-20;535;5036.64;SP;2022-03-22
7241;Caio Freitas;784.250.936-00;1974-06-22;516;3045.84;BA;2023-08-01
7242;Vinícius Pinto;489.152.706-49;1988-08-30;478;4176.04;RJ;2022-05-21
7243;Dr. Cauã Dias;940.236.571-07;1991-11-13;657;4571.95;PR;2024-10-26
7244;Yuri da Paz;592.631.047-43;1989-08-02;620;6487.13;RS;2021-09-29
7245;Maysa Aragão;162.849.703-31;1971-10-24;503;2072.26;PR;2021-04-20
7246;Rebeca Camargo;795.360.418-39;2008-03-01;674;5281.6;SC;2024-12-16
7247;Maria Cirino;978.405.312-88;1987-12-16;534;4924.08;PR;2021-12-31
7248;Sr. Vinicius Siqueira;912.346.807-69;1986-12-27;720;3551.72;PR;2021-10-15
7249;Nicolas Campos;234.850.719-60;1968-09-14;541;6645.52;CE;2022-10-09
7250;Emilly Rocha;524.739.806-83;2004-06-22;690;6196.1;SC;2022-04-08
7251;José Pedro Siqueira;283.107.659-59;1994-02-23;760;6097.07;RS;2022-07-13
7252;Kaique Ribeiro;859.063.721-21;2003-07-21;715;6438.06;RS;2021-12-29
7253;Liz Garcia;519.473.826-91;1962-08-20;684;5149.99;PR;2022-06-16
7254;Davi Miguel Pastor;725.601.493-70;2004-12-06;640;4531.64;GO;2022-06-26
7255;Sr. Benjamin Andrade;415.260.879-01;2001-03-23;621;3799.51;RJ;2023-10-01
7256;Sra. Agatha Duarte;431.267.098-69;1970-09-12;525;3917.69;BA;2024-03-31
7257;Vitor da Paz;325.860.194-15;1964-04-24;506;3542.98;BA;2022-12-16
7258;Thomas Sousa;185.746.230-08;1965-04-13;600;5202.26;PE;2023-07-10
7259;Manuela da Cruz;094.236.517-80;1965-01-03;733;5400.22;MG;2021-03-17
7260;Jade Peixoto;198.407.523-32;2003-03-26;780;7178.61;CE;2023-03-01
7261;Breno Mendonça;106.483.759-00;1980-12-31;680;5593.65;MG;2024-01-07
7262;Gael Henrique Carvalho;362.981.450-60;1971-06-18;658;6451.05;CE;2022-03-08
7263;José Rodrigues;234.605.798-38;1958-09-30;766;7462.95;SC;2022-12-12
7264;Milena Silva;218.673.590-30;1987-10-19;624;5546.97;PR;2022-03-01
7265;Larissa Ramos;793.608.421-50;2005-05-15;781;5624.28;BA;2024-12-03
7266;Ana Carolina Novaes;327.645.089-56;1980-12-24;581;4664.04;PE;2024-02-04
7267;Francisco Carvalho;375.401.862-08;1983-05-12;727;6731.17;PR;2021-07-05
7268;Maitê da Paz;709.152.386-59;1981-12-04;592;3227.39;PE;2022-03-08
7269;Agatha Freitas;426.158.709-20;1986-12-12;649;4273.68;PR;2022-03-23
7270;Matteo Pacheco;279.831.546-82;1962-10-06;441;2264.13;GO;2022-06-19
7271;Cauã Nascimento;148.953.267-64;2007-07-10;659;6633.04;SP;2021-08-25
7272;Rael Leão;327.109.458-60;1964-04-11;624;5203.38;PE;2024-09-10
7273;Enrico Lopes;564.297.038-00;1979-05-27;761;4543.55;MG;2023-09-01
7274;Laís Nunes;431.965.780-20;1961-11-16;682;5444.41;MG;2023-08-15
7275;Marina Sousa;951.278.364-91;1981-06-19;687;5012.52;CE;2022-10-24
7276;Ana Luiza Lopes;570.942.831-05;2001-11-02;521;4308.51;BA;2024-02-29
7277;Luiza Macedo;904.825.136-24;1955-10-06;817;7396.91;SC;2024-09-10
7278;Maria Sophia Moreira;179.608.542-11;1983-08-05;559;3131.03;CE;2021-03-11
7279;Rodrigo Ramos;714.283.590-79;2006-11-21;418;4660.1;BA;2024-12-07
7280;Henry Rezende;870.456.319-01;1995-03-03;505;3714.49;RJ;2024-07-13
7281;Otto Dias;437.891.652-55;1991-08-15;778;4610.1;BA;2021-01-17
7282;Melissa Sales;409.823.165-42;1978-03-29;799;6138.36;MG;2023-05-14
7283;Sr. Vitor Castro;605.231.984-42;1961-04-20;482;3608.65;GO;2022-11-17
7284;Dr. Pedro Lucas Rocha;768.491.250-01;1979-04-08;533;4704.82;BA;2024-08-19
7285;Sr. Thomas Casa Grande;469.285.137-64;1987-10-27;542;2424.36;RJ;2022-01-19
7286;Leonardo Pereira;860.492.573-29;1970-11-11;593;3387.45;BA;2022-09-20
7287;Cecília Cardoso;658.023.947-65;1982-03-27;644;3964.87;MG;2023-08-15
7288;Pedro Fonseca;014.568.329-05;1991-11-27;561;4670.59;PE;2022-01-17
7289;Sophie Gonçalves;407.361.589-01;2002-01-19;594;5002.43;SP;2023-06-19
7290;Srta. Aylla Sá;297.510.834-60;1979-02-20;701;4450.07;CE;2023-07-24
7291;Sara Vasconcelos;186.324.795-55;1970-02-10;612;1566.5;CE;2024-03-25
7292;Sr. Apollo Pereira;532.640.187-80;1970-02-09;649;4891.19;SC;2023-03-29
7293;Laura Moura;497.086.523-00;1991-12-27;501;4323.72;GO;2022-05-14
7294;Benicio Almeida;179.580.324-04;2005-06-24;760;5603.98;PR;2023-02-04
7295;Srta. Ana Carolina Leão;420.518.936-24;2001-03-30;506;4213.03;CE;2022-11-23
7296;Valentim Costa;208.654.371-90;2005-11-09;459;3011.62;GO;2024-10-21
7297;Milena Moraes;189.750.632-59;1984-12-09;766;6190.18;SC;2022-09-07
7298;Olivia Correia;430.879.261-40;1988-06-05;394;1355.01;SP;2022-04-25
7299;Thomas Nascimento;102.734.896-31;2001-07-29;639;5974.39;PE;2021-08-09
7300;Francisco Camargo;458.391.067-39;1976-12-13;425;3849.71;SC;2023-05-23
7301;Léo Gomes;087.961.325-40;2006-06-05;779;8119.86;PR;2024-03-28
7302;Luara Jesus;589.016.273-02;1980-09-02;659;5778.8;SC;2024-04-29
7303;Maria Liz Caldeira;306.158.972-40;1988-10-18;364;5011.75;SP;2021-12-02
7304;Mirella Nogueira;025.478.193-41;1992-11-21;550;3466.53;PE;2021-12-07
7305;Rafaela Sampaio;218.604.793-40;1994-12-04;589;6223.67;PR;2024-05-07
7306;Sr. Vitor Hugo da Rocha;783.159.624-00;1968-11-05;850;6925.41;PE;2022-02-11
7307;Yasmin Ribeiro;429.576.831-64;1997-10-10;739;5955.2;CE;2021-10-13
7308;Miguel Correia;823.796.501-95;2004-05-12;495;5436.74;MG;2024-09-20
7309;Milena Abreu;597.308.642-92;1989-05-12;545;5895.53;BA;2021-04-21
7310;Raul Nogueira;194.268.037-69;2000-03-17;775;6814.04;RJ;2022-09-26
7311;Dr. Samuel da Cunha;569.147.823-00;1956-01-03;839;8944.35;MG;2022-12-10
7312;Eduardo Cirino;159.403.627-61;1998-04-10;598;3975.21;GO;2023-03-22
7313;Bernardo Campos;854.312.790-41;1968-07-27;396;5412.68;MG;2023-08-02
7314;Clarice da Luz;246.057.381-26;2001-07-14;567;5671.04;SP;2024-09-10
7315;Ísis Sampaio;150.689.742-85;1989-01-19;531;5786.27;MG;2022-02-15
7316;Lucas Pimenta;591.324.680-24;2002-05-07;535;3088.28;MG;2022-09-10
7317;Bárbara Santos;326.857.041-08;1996-01-09;594;4220.22;PR;2021-06-14
7318;Théo Nogueira;387.620.149-78;1989-10-21;691;5476.61;MG;2022-04-29
7319;Olívia Siqueira;573.801.694-75;1981-03-18;695;5268.98;RS;2023-06-14
7320;João Vitor Barros;287.643.951-46;1982-06-27;540;3736.44;RJ;2022-05-17
7321;Daniela Sampaio;086.134.725-08;1969-04-17;850;7025.17;MG;2024-11-03
7322;Ravi Brito;827.310.594-60;1956-10-24;381;2527.79;PE;2023-02-06
7323;Pietra Martins;219.457.086-11;1989-03-08;631;6893.4;SP;2023-09-05
7324;Luiza Câmara;062.413.857-71;1996-12-02;743;5022.28;MG;2022-12-07
7325;Benjamin Porto;584.036.172-08;2006-01-07;850;6768.84;RJ;2023-08-23
7326;Diogo Marques;410.672.593-25;1984-12-12;769;4996.99;PE;2024-11-07
7327;Bárbara Moura;507.496.328-10;1980-05-13;332;1247.57;SC;2024-12-02
7328;Maria Cecília da Rocha;628.371.509-59;1989-05-12;300;4512.09;RS;2023-08-26
7329;Benicio Porto;375.682.149-82;1967-10-23;645;4235.36;SC;2023-08-08
7330;Henrique Vasconcelos;520.413.879-04;1995-03-27;674;5581.33;RS;2021-07-16
7331;Ravi Cardoso;465.218.073-07;1975-05-14;694;6761.53;SC;2021-09-21
7332;Caio Nascimento;530.194.628-51;1964-06-11;585;3800.16;BA;2021-10-01
7333;Bárbara Brito;857.230.416-90;1966-01-06;719;6554.33;SC;2022-11-01
7334;Sophie Moreira;685.309.427-10;2004-11-28;632;7233.55;PR;2024-10-13
7335;José Farias;563.948.217-64;1984-09-28;567;3636.14;SC;2024-05-07
7336;Maria Helena Brito;940.235.681-98;2001-10-29;670;4685.06;SC;2023-12-30
7337;Vitor Hugo Fogaça;538.726.490-00;2008-05-02;679;4598.99;RJ;2022-12-12
7338;Ana Lívia Pastor;035.469.128-70;1960-02-14;571;6458.84;GO;2024-10-03
7339;Maria Clara da Cruz;619.487.230-69;1989-04-04;571;3769.15;CE;2021-02-25
7340;Valentina Silva;174.639.025-52;1995-02-15;760;5028.96;RS;2024-05-31
7341;Antônio Peixoto;647.108.952-01;1992-08-01;536;4864.56;MG;2022-04-27
7342;Dra. Heloisa Vasconcelos;387.150.946-93;1986-12-30;732;7076.48;BA;2023-01-12
7343;Anthony Gomes;984.506.712-30;1964-03-02;530;4836.01;BA;2023-10-24
7344;Srta. Júlia Aparecida;398.701.456-39;1983-04-24;564;3906.34;SP;2024-06-04
7345;João Pedro das Neves;458.720.619-94;1974-08-11;764;5562.45;CE;2023-03-27
7346;Théo Machado;621.834.750-80;2008-03-13;653;5379.58;RJ;2024-08-15
7347;Davi Miguel Rodrigues;784.153.062-53;1991-04-17;491;4894.09;RS;2021-10-10
7348;Isabel Cassiano;645.931.708-93;1976-05-17;687;3509.71;GO;2022-01-20
7349;Dr. João Guilherme Pereira;529.401.876-49;2004-05-26;653;4451.03;SP;2022-03-09
7350;Elisa Porto;753.912.084-32;2001-04-10;751;4562.6;PR;2023-06-11
7351;Júlia Silveira;968.523.041-24;2006-11-20;577;4978.02;RJ;2022-11-27
7352;Dra. Natália Alves;846.531.079-39;1976-09-17;626;5770.96;SC;2024-09-01
7353;Otto Vieira;564.083.971-66;1971-09-01;437;5147.91;MG;2023-05-22
7354;Caleb Farias;349.165.782-28;1958-06-08;683;6823.72;MG;2022-08-07
7355;Fernanda Pacheco;327.605.184-26;1990-06-03;724;5780.39;PR;2023-03-04
7356;Maria Luísa Santos;951.247.368-28;2005-08-28;465;3156.45;GO;2021-03-13
7357;Felipe Vasconcelos;640.512.379-07;1962-07-27;810;7865.44;PR;2023-05-14
7358;Arthur Dias;284.167.930-69;2007-11-07;545;1541.7;MG;2021-12-01
7359;Gabriela Ribeiro;712.468.950-30;1991-08-27;594;4464.3;SC;2024-10-29
7360;Nathan Nunes;570.418.632-71;1989-05-21;590;5248.54;PE;2021-08-06
7361;Alícia Pimenta;348.612.970-87;1979-12-28;725;6790.3;GO;2021-06-19
7362;Danilo Freitas;136.728.954-82;1983-12-28;673;3583.23;BA;2024-11-06
7363;Carolina das Neves;395.802.761-02;1995-10-24;579;6936.09;RJ;2024-09-05
7364;Sr. Yuri Caldeira;536.248.901-15;2000-09-01;664;5679.82;SC;2021-01-26
7365;Nina Almeida;253.690.471-70;1959-10-11;663;5719.38;MG;2022-10-16
7366;Emilly Leão;108.529.476-58;1999-03-28;334;2432.48;MG;2024-03-22
7367;Valentina Vasconcelos;482.305.761-90;1978-04-05;615;6201.5;PE;2023-02-26
7368;Benicio Marques;872.069.135-12;1961-10-10;625;3353.49;GO;2021-01-24
7369;Maria Cecília Montenegro;289.310.764-87;1983-08-29;671;4564.18;GO;2024-09-01
7370;Maysa Monteiro;389.274.605-29;1964-04-23;473;2949.84;SC;2023-05-16
7371;Camila da Costa;456.201.798-85;1963-04-11;685;6738.76;SP;2022-09-13
7372;Gabriela Pacheco;125.683.940-05;2005-05-31;677;6048.02;SC;2022-06-14
7373;Sra. Ana Liz Albuquerque;813.704.569-48;2005-11-30;676;5509.33;RJ;2024-05-21
7374;Francisco das Neves;046.193.758-10;1990-04-17;703;3205.22;GO;2023-10-26
7375;Lucca Leão;760.192.538-21;1968-09-03;633;4019.07;BA;2023-08-28
7376;Ana Carolina Pereira;286.975.401-94;1999-11-07;759;5924.84;BA;2024-01-01
7377;Maria Júlia Novaes;632.819.470-69;1957-07-03;623;3478.93;BA;2021-08-17
7378;Mateus Campos;465.703.821-44;1990-03-16;742;6563.33;MG;2023-05-19
7379;Maria Isis Camargo;435.091.678-48;1992-10-17;686;4674.98;PE;2023-02-25
7380;Benjamim Leão;082.734.615-80;1979-11-02;527;4439.6;RJ;2021-11-04
7381;Arthur Miguel Vieira;291.354.786-91;1983-09-11;536;4722.89;SP;2022-11-22
7382;Dra. Isis Martins;385.971.260-86;1974-08-03;360;2392.46;CE;2022-06-13
7383;Amanda Nunes;793.650.182-77;1971-08-16;835;7119.49;RS;2023-11-21
7384;Mariah Monteiro;632.917.504-70;1978-02-23;640;7105.23;CE;2023-07-21
7385;Maria Luísa Santos;374.219.560-34;1971-06-21;339;1896.69;SC;2021-04-10
7386;Melina Vasconcelos;693.217.508-86;1991-12-30;571;5426.35;GO;2022-07-31
7387;Sra. Yasmin Vargas;130.659.274-70;1991-11-02;725;4933.99;SP;2021-09-06
7388;Luísa da Rosa;457.690.831-66;1961-04-25;739;5508.69;GO;2023-08-01
7389;Emanuella Oliveira;610.582.347-90;1986-07-23;765;5087.36;BA;2021-04-13
7390;Ravy da Rosa;243.690.581-98;1995-06-08;605;4349.83;CE;2024-11-06
7391;João Vitor Nunes;136.405.287-35;1970-02-08;746;5445.22;BA;2022-06-01
7392;Heitor Santos;641.023.985-89;1964-10-24;614;5418.81;SC;2022-11-23
7393;Dr. Yago Ribeiro;608.574.321-17;1982-06-18;685;6366.95;PR;2021-02-18
7394;Vitor Hugo Siqueira;128.570.496-76;1981-12-11;645;4741.75;PE;2022-07-02
7395;Maria Sophia Gomes;018.653.794-84;2000-11-15;578;4649.67;MG;2022-08-24
7396;Vicente Melo;089.137.456-66;2007-06-16;649;5044.83;BA;2023-05-05
7397;Luiz Fernando Melo;143.569.208-05;1985-02-13;622;3458.75;SP;2023-07-04
7398;Dom Vieira;205.718.394-79;1983-04-16;700;5781.11;BA;2022-09-02
7399;Pedro Lucas da Costa;406.871.593-93;2005-06-11;740;5920.16;SP;2024-05-05
7400;Vinícius Peixoto;724.185.603-17;1976-04-01;411;2929.55;RJ;2023-01-02
7401;Dr. Pedro Henrique Barbosa;324.059.186-33;1997-11-16;596;5510.9;SP;2023-12-25
7402;Thales Ribeiro;501.284.763-62;2005-03-31;371;3009.18;SC;2022-05-25
7403;Vinicius Azevedo;791.286.534-91;1980-11-08;681;4786.51;MG;2021-06-22
7404;Ana Lívia da Mata;478.610.239-31;1965-03-14;628;4396.96;PE;2021-07-13
7405;Yago Martins;526.791.480-02;1994-03-05;532;3847.58;MG;2021-10-24
7406;Gabriela Macedo;417.098.536-20;1960-01-31;534;4955.62;GO;2023-06-02
7407;Rafaela Pinto;496.851.320-89;1994-03-10;531;3345.09;PR;2022-12-09
7408;Camila Pastor;520.419.376-61;1976-06-06;832;7616.74;GO;2024-11-12
7409;Nicole das Neves;976.053.418-57;1972-11-01;396;2403.23;CE;2022-05-15
7410;Gabrielly Melo;276.190.435-43;1985-02-15;649;5515.76;PE;2024-03-11
7411;Davi Lucca Duarte;984.327.605-10;1989-02-11;441;4686.57;GO;2021-03-25
7412;Valentina Garcia;089.564.731-10;2001-11-20;719;6233.9;RJ;2022-10-31
7413;Hellena Macedo;719.063.258-12;1974-09-11;782;6708.29;BA;2021-03-20
7414;Maria Farias;362.918.705-68;1987-03-06;673;6941.68;MG;2024-06-01
7415;Isaac Macedo;627.089.351-86;1982-06-11;752;5174.49;RJ;2023-02-22
7416;Gael Henrique Carvalho;753.890.241-41;1985-08-21;695;4895.73;PE;2021-06-11
7417;Samuel Macedo;235.098.714-05;1989-12-27;680;5916.61;BA;2024-07-28
7418;Srta. Kamilly Moura;493.026.517-70;1979-04-02;453;3502.15;PR;2023-05-16
7419;Elisa Andrade;365.127.049-16;1988-01-26;651;4771.71;SC;2021-02-15
7420;Cauê Rocha;610.857.294-94;1993-08-27;657;6061.9;MG;2022-06-11
7421;Gustavo Henrique Fernandes;309.586.174-57;1991-07-15;616;5152.6;RJ;2023-06-07
7422;Sr. Vitor Andrade;651.403.879-48;2003-02-13;786;6761.2;RJ;2022-01-28
7423;Vicente Freitas;096.428.735-83;1993-06-16;644;4193.92;CE;2022-06-19
7424;Heitor Alves;024.317.568-07;1983-12-07;700;5930.15;PR;2024-06-14
7425;Levi Melo;614.082.957-76;1970-11-28;774;6238.88;PE;2024-01-10
7426;Luiz Otávio Lima;129.750.346-52;1973-05-03;402;1515.88;RS;2024-11-22
7427;Sr. Guilherme Pimenta;893.701.254-50;1999-06-16;708;5093.81;SP;2023-02-06
7428;Sra. Anna Liz Castro;087.193.456-66;1975-09-02;672;5490.23;CE;2023-08-27
7429;Ravi Lucca Fernandes;623.940.781-03;1982-05-13;599;4695.64;RS;2023-06-14
7430;Dr. Luiz Otávio Pinto;853.061.427-53;1959-04-10;516;4112.22;PR;2024-11-11
7431;Caroline Pastor;213.897.045-05;1991-11-13;549;4019.74;MG;2022-07-21
7432;Mathias Costa;978.130.546-01;1978-12-08;581;4421.31;PE;2024-10-07
7433;Bianca Carvalho;139.026.578-12;1965-12-12;730;5710.21;SP;2024-05-23
7434;Ana Clara Novais;718.903.246-04;1969-08-09;742;7473.85;SC;2022-01-07
7435;Alícia Monteiro;327.841.659-73;2001-08-28;722;6310.47;PR;2022-07-13
7436;Luiza Marques;635.128.749-91;2000-11-26;659;6137.36;SP;2023-04-14
7437;Ryan Cunha;469.781.025-20;1960-03-21;630;6024.57;RS;2021-02-08
7438;Dante Garcia;829.734.651-09;2005-12-29;693;5184.16;SC;2024-09-07
7439;Pedro Henrique Marques;894.071.236-69;1967-01-07;727;5907.48;MG;2022-07-17
7440;Srta. Agatha Ferreira;935.472.608-92;1967-06-08;607;4379.8;PR;2023-08-06
7441;Theodoro Santos;367.425.180-90;1981-07-04;639;6108.46;CE;2024-07-24
7442;Renan da Mata;287.694.305-00;2005-02-13;726;6161.39;BA;2021-07-18
7443;Dr. Antony Cirino;450.392.781-79;1956-09-19;691;6799.7;RS;2022-04-06
7444;Maria Júlia Sampaio;534.892.710-41;1991-09-02;602;3700.58;SP;2024-12-23
7445;Sr. Luiz Miguel da Mata;594.721.680-94;1985-12-28;776;5678.22;BA;2022-03-29
7446;Dr. Juan Nunes;356.241.807-80;1992-07-24;537;2499.8;RJ;2024-06-06
7447;Vicente Guerra;085.273.614-26;1971-08-22;688;3882.55;PR;2024-12-29
7448;Heitor Mendes;973.546.821-28;2003-07-01;529;4820.24;CE;2023-08-02
7449;Dr. Luiz Otávio Câmara;056.238.497-92;1967-05-25;706;4996.3;CE;2023-05-12
7450;Rhavi Siqueira;418.392.057-41;2006-06-24;603;3951.41;CE;2022-11-05
7451;Enrico Fogaça;230.815.976-68;1961-08-07;554;4698.22;PE;2023-03-08
7452;Sr. Rael Montenegro;607.943.128-96;1993-04-15;559;4227.78;GO;2024-02-17
7453;Yuri Garcia;592.173.406-34;1962-02-24;444;4684.96;SP;2022-12-04
7454;Samuel da Costa;892.453.706-74;1978-12-25;681;6240.91;BA;2022-10-17
7455;Gabriel Pereira;792.384.156-09;1967-03-18;774;5366.79;BA;2023-06-30
7456;Alícia Pastor;206.135.947-70;1991-04-25;576;2713.17;MG;2023-08-05
7457;Mariah Fonseca;509.468.217-20;1956-12-09;850;6650.41;GO;2022-03-08
7458;Fernanda Jesus;196.308.472-13;1978-05-16;744;4713.84;PE;2024-11-29
7459;Vitor Hugo Casa Grande;239.605.481-33;1969-05-17;739;7769.59;MG;2024-10-10
7460;Leonardo Almeida;128.670.354-90;2004-12-19;612;3885.12;SC;2022-06-08
7461;Giovanna Souza;124.975.680-49;1972-03-31;603;2597.24;SC;2021-03-08
7462;Srta. Elisa Ribeiro;317.025.864-80;1981-01-09;615;5740.97;CE;2021-06-10
7463;Anthony Gabriel Lima;039.185.427-50;1994-03-08;615;4635.86;GO;2024-02-24
7464;Sra. Emilly Silveira;256.083.491-05;1962-05-28;683;6068.02;BA;2021-06-20
7465;Milena Pinto;629.803.574-56;1960-08-03;420;3448.82;RS;2023-12-21
7466;Sr. Diogo Fogaça;382.496.701-40;2001-03-13;850;5464.98;BA;2022-09-15
7467;Rafael Novaes;234.870.659-83;2002-11-06;609;6813.75;PR;2022-10-08
7468;Kevin Lopes;019.643.725-34;1961-04-10;752;5502.6;GO;2024-10-13
7469;Sophie Cavalcante;086.392.741-69;1991-08-24;644;5149.89;GO;2021-03-02
7470;Isadora Rocha;480.657.193-84;1979-07-13;530;4165.75;MG;2024-07-03
7471;Srta. Larissa Novais;312.450.967-61;1968-05-02;586;4800.75;CE;2021-12-08
7472;Luna Machado;783.154.962-55;1961-11-11;530;2963.38;CE;2022-12-22
7473;Ana Carolina Vasconcelos;815.249.037-79;1974-03-07;615;6635.12;CE;2023-06-03
7474;Enrico Lopes;637.491.250-07;1998-04-09;629;4700.41;SC;2021-02-17
7475;Ana Rocha;132.590.876-21;2007-03-15;710;5521.68;PR;2024-02-14
7476;Caio Pereira;527.918.463-28;1973-03-26;844;6748.09;GO;2022-04-26
7477;Olivia Nascimento;927.315.068-30;1972-10-08;704;4877.4;SC;2024-01-06
7478;Bento Vieira;267.140.893-50;2004-10-27;680;5715.09;MG;2023-02-15
7479;Emanuella Dias;958.206.314-98;1984-02-14;613;4402.24;CE;2021-09-10
7480;Gael Vasconcelos;947.826.013-87;1967-01-04;543;4626.35;RJ;2023-03-22
7481;João Miguel Ferreira;627.430.819-96;1957-10-12;695;5432.84;RS;2022-03-09
7482;Olivia Macedo;598.402.361-05;1978-09-29;654;5194.09;RJ;2024-03-14
7483;Davi Lucas das Neves;072.145.638-35;1962-08-07;631;4847.56;PR;2022-01-01
7484;Aurora Campos;516.807.249-67;1964-06-10;622;7674.04;MG;2023-04-02
7485;Raul Costela;067.539.142-34;1964-05-21;657;5901.3;PE;2023-04-17
7486;Mariana Costela;984.072.156-94;1988-10-17;672;5113.18;BA;2022-03-22
7487;Augusto Barbosa;129.458.730-79;2004-11-05;775;5908.84;SC;2024-05-12
7488;Luísa da Cruz;984.725.136-37;1969-06-12;746;5633.79;PR;2022-10-17
7489;Josué Fonseca;169.854.203-89;1958-01-31;504;4397.4;BA;2024-07-14
7490;Oliver Pastor;084.952.716-30;2008-02-11;487;4431.64;RJ;2024-09-22
7491;Danilo da Cruz;306.945.871-84;1988-10-27;476;3488.99;BA;2023-10-26
7492;Hellena Cavalcanti;315.802.746-17;1984-07-06;448;6408.17;PE;2023-12-27
7493;Leonardo Camargo;230.867.954-92;2002-03-02;421;3377.81;SC;2022-04-07
7494;Ana Carolina Gonçalves;568.471.329-73;1977-03-17;757;7092.39;SC;2023-10-11
7495;Raquel Costa;932.548.170-79;1956-06-04;722;5458.77;GO;2022-08-10
7496;Allana Pereira;310.582.679-30;2003-01-13;782;7169.39;GO;2021-11-18
7497;Enzo Novais;684.097.521-58;1979-05-07;645;5400.58;MG;2023-03-31
7498;Benjamin Pires;841.327.965-82;1973-06-29;583;3754.35;PR;2021-01-07
7499;Vicente Novaes;724.601.983-96;1963-04-24;768;7456.21;PE;2022-11-16
7500;Manuela da Rocha;573.982.406-00;1973-03-28;513;3950.21;GO;2024-09-05
7501;Vicente Sampaio;071.438.526-35;2006-03-13;602;4783.34;MG;2024-10-31
7502;Matheus Martins;927.830.615-03;1968-10-26;627;5962.86;RJ;2023-02-25
7503;Cecilia Castro;196.852.043-06;1988-12-20;530;3393.65;CE;2024-08-30
7504;Pedro Fogaça;786.295.103-40;1961-03-07;768;5681.36;SC;2023-05-07
7505;Julia da Cunha;490.326.518-89;1974-01-31;468;3258.87;SC;2022-01-22
7506;Yuri Pinto;935.418.207-05;1985-10-28;580;6194.96;SP;2024-06-21
7507;Thiago Porto;967.518.042-02;1969-05-23;730;6987.52;RS;2021-10-11
7508;Gael Henrique Cardoso;586.317.920-12;1962-09-10;718;6690.24;CE;2024-06-23
7509;Letícia Nascimento;530.627.198-77;1975-03-23;537;4097.4;PE;2021-06-14
7510;Benício Novaes;629.840.517-85;1974-02-28;501;3797.51;CE;2024-03-14
7511;Alexandre Leão;791.486.320-31;1985-08-18;702;5750.58;SC;2021-02-16
7512;Dr. Luiz Gustavo Rios;675.108.392-03;1968-05-01;777;5074.58;BA;2024-06-02
7513;Igor Peixoto;905.172.384-97;1997-06-29;680;4191.7;RS;2021-12-07
7514;Sophie Fernandes;648.215.970-20;1993-08-13;631;5788.33;CE;2024-07-05
7515;Léo Moraes;072.983.615-03;1980-10-14;594;5303.13;GO;2024-11-02
7516;Sr. Otávio Mendes;631.524.870-53;2007-01-14;504;2368.31;RJ;2023-01-29
7517;Stella Moura;945.206.817-58;1999-11-14;686;7232.01;SP;2024-05-16
7518;Camila Siqueira;198.702.456-76;2007-06-30;500;5222.19;SC;2024-02-05
7519;Sr. Ryan Fernandes;152.307.486-80;1991-06-12;625;3664.31;PE;2022-01-31
7520;Antony Aparecida;806.192.743-87;1970-10-10;484;3887.78;MG;2023-07-27
7521;Isabelly Gomes;346.905.712-52;2005-09-20;571;3255.09;BA;2022-05-06
7522;Sara Ferreira;389.145.207-14;1978-08-27;416;2481.28;MG;2023-08-26
7523;Maria Isis Correia;259.807.146-85;1977-06-11;643;5137.6;RS;2022-10-23
7524;Heloísa Rezende;432.850.671-44;1990-01-13;559;4673.89;MG;2022-08-24
7525;Srta. Isabelly Monteiro;798.056.234-83;1960-08-16;744;6346.13;RJ;2021-03-05
7526;Davi Luiz da Mota;347.086.251-62;1981-05-14;605;5768.07;RS;2024-03-28
7527;Lorena Araújo;173.956.480-48;1964-05-04;504;3807.08;GO;2023-07-30
7528;Luigi Garcia;782.915.036-21;1981-05-22;595;3523.05;RS;2024-11-01
7529;Maria Luísa Nogueira;324.986.150-24;1995-07-23;569;2477.04;CE;2023-06-28
7530;Maria Flor da Costa;859.723.140-88;1978-10-08;849;5854.59;RS;2021-12-29
7531;João Gabriel Pires;901.764.358-75;1988-09-01;810;6518.08;GO;2023-10-22
7532;Rodrigo Sampaio;689.702.154-76;1986-11-02;687;5007.2;RJ;2024-05-22
7533;Manuela Castro;026.381.549-89;2005-05-25;644;5802.49;BA;2021-11-23
7534;Sra. Lorena da Mota;537.092.418-04;1963-07-14;699;6366.77;RS;2023-08-05
7535;Lorenzo Rios;827.516.430-35;1974-03-14;575;4119.64;RJ;2021-01-15
7536;Luiza Guerra;748.206.513-07;1994-09-30;428;3947.22;SP;2024-10-28
7537;Juliana Siqueira;190.683.574-84;1995-05-17;749;7607.98;SC;2023-12-01
7538;Lucas Gabriel Machado;790.213.546-16;1955-11-14;656;4481.52;GO;2023-03-01
7539;Cauã Costela;391.685.470-48;2005-06-07;416;4369.67;RJ;2023-05-05
7540;Alana Cardoso;573.028.194-32;1970-12-11;404;2891.4;PR;2024-01-06
7541;Sophie Barros;784.061.532-53;1986-12-17;593;4674.54;RJ;2024-05-28
7542;Isabela Correia;201.796.835-86;1981-08-24;624;5130.15;PE;2021-02-18
7543;Jade Montenegro;507.321.684-90;1984-07-13;330;2654.66;GO;2023-09-12
7544;Sr. Ravi Silveira;132.485.079-50;1962-10-13;352;3548.22;SP;2022-08-23
7545;Maria Sophia Camargo;782.361.049-31;1962-08-13;553;2266.96;SC;2021-03-23
7546;Yasmin Farias;394.621.085-60;1972-11-20;522;3605.92;BA;2023-03-30
7547;Benício Siqueira;526.983.471-55;1965-12-13;762;6292.64;PE;2024-07-12
7548;Clarice Araújo;019.786.254-30;1982-05-10;661;6469.22;GO;2023-05-28
7549;Otto Aparecida;390.725.164-43;1974-05-21;608;5618.19;RJ;2021-08-01
7550;Caio Vieira;493.512.708-23;1970-04-18;702;4329.53;MG;2022-06-22
7551;Alice da Mota;382.604.597-10;2006-05-17;796;4947.7;CE;2021-08-17
7552;Melissa da Rosa;684.715.029-76;1962-03-11;730;4322.93;MG;2023-01-21
7553;Sofia Carvalho;190.457.362-25;1988-10-12;692;7397.91;SC;2024-09-06
7554;Maitê Guerra;517.892.034-14;1977-06-26;594;4495.64;BA;2021-10-18
7555;Ana Laura Carvalho;813.642.750-07;1990-07-18;693;5214.6;RS;2023-09-16
7556;Maria Fernanda Pastor;408.296.713-31;1989-05-03;838;6896.19;RS;2022-06-26
7557;Isabelly Moraes;328.640.571-07;1955-10-18;581;4107.71;RJ;2022-11-07
7558;Isabelly da Rocha;521.903.874-50;2008-04-19;508;3436.25;RJ;2023-07-28
7559;Srta. Amanda Costa;076.953.248-92;1996-10-18;577;4128.36;GO;2022-05-17
7560;Emanuel Nogueira;845.690.312-42;1973-04-12;541;6426.84;PR;2022-12-03
7561;Maria Luiza Vasconcelos;194.573.620-80;1992-04-16;496;4114.63;PR;2024-11-12
7562;Benício Lopes;816.297.340-04;1985-08-31;691;6158.11;GO;2022-11-09
7563;Jade Vieira;793.418.205-88;1989-02-25;612;4655.3;GO;2024-12-03
7564;Isis Rocha;829.043.156-24;1980-01-11;674;5658.52;PR;2024-03-09
7565;Mariah Abreu;610.723.548-53;1990-09-13;588;3142.12;PR;2024-05-02
7566;Mateus Nunes;186.394.527-09;1983-05-17;563;3357.45;SP;2021-10-14
7567;Maria Liz Azevedo;072.645.839-29;1987-06-12;539;4345.22;MG;2023-12-05
7568;Oliver Moraes;316.985.207-86;1990-02-15;663;7084.45;PR;2021-02-23
7569;Marcos Vinicius Oliveira;285.394.706-83;1971-08-29;555;5214.63;RS;2023-01-30
7570;Srta. Maria Cecília Cardoso;079.382.156-86;1963-11-19;656;6544.0;CE;2023-01-13
7571;Sr. Mathias Teixeira;987.326.145-19;1973-10-13;689;4503.52;PR;2022-09-21
7572;Sra. Cecília Freitas;945.720.318-60;1972-01-02;413;3615.26;MG;2024-03-08
7573;Josué Nunes;781.063.925-03;1970-02-16;556;3467.69;PR;2023-09-01
7574;Pietra Martins;097.368.412-78;1996-09-29;467;3896.98;GO;2024-10-10
7575;Luiz Henrique Sá;657.132.804-62;1972-11-25;800;5991.33;PR;2021-11-13
7576;Ian Monteiro;250.647.193-61;1972-11-07;690;5417.73;MG;2021-10-28
7577;Maria Laura Monteiro;850.364.192-51;1973-04-19;465;4454.81;CE;2022-08-22
7578;Luiz Gustavo Vasconcelos;081.493.572-97;1966-12-26;488;3925.63;SC;2022-06-11
7579;Enzo Alves;138.047.965-75;1986-07-15;579;5525.08;RS;2021-02-27
7580;Arthur Casa Grande;784.150.923-50;2003-09-17;493;4334.87;RS;2024-04-09
7581;Liam Mendes;476.809.523-29;1966-02-13;519;3640.89;PR;2021-10-31
7582;Heloisa Silva;150.647.238-90;1964-11-29;300;4492.1;CE;2021-01-25
7583;Arthur Miguel Souza;138.507.496-57;1980-09-08;686;4720.65;PR;2023-01-16
7584;Dr. Pedro Miguel Freitas;509.284.637-29;1958-04-15;485;3384.35;PE;2023-11-25
7585;Srta. Evelyn Castro;367.549.120-06;2000-07-06;706;3755.92;SC;2023-09-04
7586;Miguel Machado;934.612.750-34;2000-05-11;603;6594.64;CE;2021-12-15
7587;Alice Dias;869.342.710-50;1988-01-11;483;3944.39;BA;2024-08-11
7588;Bianca Marques;623.504.789-47;2002-08-11;850;7432.15;MG;2024-04-17
7589;Eloá Oliveira;629.874.513-00;1958-01-24;635;5586.64;PE;2022-10-06
7590;Emanuella Farias;365.240.978-74;1995-08-22;571;5867.63;PE;2023-02-06
7591;Calebe Cavalcanti;251.489.670-30;1976-02-23;572;2616.82;SC;2023-09-21
7592;Sra. Sabrina Oliveira;725.368.140-17;1999-06-04;573;3617.27;MG;2023-12-12
7593;João Miguel Albuquerque;397.140.265-80;2003-02-08;586;4428.92;GO;2021-12-26
7594;Breno Pires;268.105.479-67;1987-10-11;763;6799.29;GO;2023-02-17
7595;Fernanda Santos;768.592.304-10;1980-03-19;651;5205.05;SP;2024-10-01
7596;Luiz Miguel Sampaio;258.713.690-30;1982-04-18;492;1754.82;RJ;2022-12-03
7597;Sr. Luiz Miguel Melo;561.384.207-80;1997-07-12;633;5858.64;RS;2022-09-26
7598;Felipe Machado;630.851.297-40;1970-10-08;606;4313.15;RS;2022-04-05
7599;Brenda Silva;218.407.953-79;1981-12-09;675;5316.67;MG;2022-07-24
7600;Bruna Ribeiro;420.657.138-44;2001-08-26;822;7808.73;CE;2021-09-02
7601;Pietra Carvalho;708.341.569-20;1988-02-03;735;6637.73;RS;2023-01-01
7602;Dante Sousa;176.839.524-19;1991-08-02;465;4382.99;GO;2023-07-30
7603;Srta. Nina Abreu;297.461.853-73;1964-01-06;665;5926.42;CE;2024-07-31
7604;Luiz Gustavo Machado;476.890.513-75;1978-07-23;679;5884.76;SP;2023-12-10
7605;Dra. Ana Luiza Machado;837.241.960-40;1975-09-26;850;6723.81;RS;2022-02-19
7606;Ana Júlia Marques;349.867.205-38;1964-03-07;732;5385.01;BA;2024-09-22
7607;Maria Alice Costa;692.385.147-55;2001-09-21;714;6651.32;SP;2023-03-28
7608;Stella Barros;273.149.560-06;1958-12-02;663;6973.25;RJ;2022-11-06
7609;Srta. Hadassa Azevedo;327.945.618-55;2001-09-23;513;3616.78;PE;2021-05-18
7610;Luiz Gustavo Moraes;216.837.405-80;1978-04-30;645;6040.81;PR;2024-02-08
7611;Dr. Luan Cirino;927.815.046-02;2004-08-15;641;6413.76;PE;2024-01-07
7612;Antonella da Conceição;607.853.241-35;1977-05-03;540;3179.42;RJ;2021-04-25
7613;Diego da Paz;218.349.650-98;2003-07-12;656;5170.82;GO;2024-03-06
7614;Ian Porto;067.193.254-34;1965-07-24;685;5452.6;PE;2022-05-23
7615;Sarah Pimenta;980.453.162-33;1960-11-07;579;4557.06;RS;2022-06-09
7616;Nina Machado;845.976.013-84;1994-04-21;623;4679.02;MG;2024-11-13
7617;Gael Henrique Leão;107.654.398-75;1968-11-25;595;4356.41;RS;2022-04-13
7618;Arthur Gabriel Camargo;930.865.724-00;1982-07-28;722;5970.02;GO;2021-12-30
7619;José Pedro Porto;492.816.053-33;1988-05-31;850;6960.7;SP;2024-06-01
7620;Luiz Otávio Guerra;936.284.071-50;1986-05-03;553;7094.68;PR;2024-02-05
7621;Dra. Fernanda Santos;624.709.831-69;1981-08-08;669;6342.12;PR;2021-07-07
7622;Lorena Jesus;058.623.497-74;1975-05-05;691;6151.01;RS;2021-05-11
7623;Cauê da Mata;124.679.038-69;1980-06-30;684;4369.92;MG;2023-12-07
7624;Davi Porto;689.413.275-55;1974-04-26;664;3987.14;PR;2021-05-05
7625;Agatha Almeida;917.235.864-55;1999-01-29;599;4066.38;RS;2022-04-12
7626;Joana Novais;362.978.501-86;1981-03-28;662;5630.13;RS;2024-04-14
7627;Gael Henrique Nogueira;715.962.438-64;1956-10-03;677;5703.3;CE;2023-09-05
7628;Nina Novais;896.172.534-37;1956-09-20;547;4115.0;GO;2021-07-21
7629;Mateus Sales;316.287.495-55;1987-11-01;730;6907.86;PE;2021-04-15
7630;Aurora Sales;153.847.029-23;1996-01-30;482;2325.07;BA;2024-07-22
7631;Leonardo Machado;096.581.732-68;2005-08-14;532;5301.21;RJ;2022-02-07
7632;Rodrigo Ramos;276.804.913-13;1975-05-11;765;5195.29;GO;2021-08-27
7633;Kamilly Vargas;028.657.943-00;2008-04-24;656;7082.43;GO;2021-06-20
7634;Clara Castro;538.921.406-42;1981-01-27;669;6773.5;GO;2022-02-09
7635;Maya Dias;425.709.381-14;1980-11-30;739;5001.8;RJ;2024-01-16
7636;Maitê da Luz;956.841.307-39;1979-01-13;597;4810.75;CE;2022-03-17
7637;Gael Henrique Moraes;897.561.340-20;1986-08-26;632;5972.33;CE;2023-09-25
7638;Dr. Marcelo Costa;792.016.385-40;2004-03-05;669;2415.8;PR;2024-03-11
7639;Sra. Sabrina Fogaça;140.876.523-35;1994-05-13;462;1508.62;SP;2024-04-06
7640;Joaquim Pereira;836.420.951-51;1975-11-26;641;5368.49;SC;2021-08-17
7641;Sra. Valentina Lima;179.804.562-11;1958-11-28;653;4265.07;GO;2024-08-09
7642;Nathan Moura;024.935.861-15;1966-05-10;700;6316.26;RS;2024-04-21
7643;Catarina Silva;490.251.837-60;1956-02-10;469;2285.96;CE;2023-07-24
7644;José Novaes;452.189.736-37;1995-07-26;619;6743.78;SP;2022-05-31
7645;Aylla Rodrigues;248.730.659-92;1973-01-08;823;7147.4;SC;2024-05-16
7646;Nathan da Paz;179.428.653-55;1984-02-27;532;5142.84;PR;2023-10-06
7647;Bella Ferreira;578.213.640-53;1977-02-17;565;3752.49;MG;2022-11-05
7648;Maysa Duarte;093.428.675-29;1984-12-01;362;2998.38;PE;2023-09-17
7649;Brayan Correia;279.561.408-11;1979-10-02;544;4448.43;PE;2022-08-05
7650;Julia da Costa;154.872.639-73;2005-06-02;344;2921.83;PR;2022-06-26
7651;Jade Freitas;390.671.285-03;1978-07-27;328;3711.94;PE;2022-05-25
7652;Ana Laura Sá;670.249.385-10;1985-10-14;682;5177.34;BA;2022-07-18
7653;Antonella Ribeiro;214.508.763-07;1965-08-01;687;4517.93;PE;2023-10-28
7654;Maria Laura Almeida;731.956.082-86;1995-06-02;628;5818.77;PR;2024-07-05
7655;Luigi Silveira;390.658.217-59;1987-01-11;300;1952.78;GO;2021-08-17
7656;João Fogaça;750.932.684-29;1980-06-16;617;4739.71;MG;2023-09-26
7657;Emanuella Rocha;501.347.689-57;1968-12-03;794;5228.1;SP;2022-10-16
7658;Isadora Monteiro;956.243.871-64;1959-03-30;545;2444.13;PE;2023-08-22
7659;Sra. Elisa Pereira;769.328.150-95;1972-06-23;801;6161.71;GO;2021-12-01
7660;Dra. Maria Luísa Cavalcanti;516.097.284-67;1998-12-21;567;4483.52;MG;2021-05-15
7661;Cauã Jesus;617.824.905-58;1960-06-20;696;5915.36;SC;2024-10-10
7662;Dr. Vitor Fernandes;903.768.421-13;1985-10-14;850;7253.94;PR;2021-07-13
7663;Dr. Alexandre Casa Grande;657.480.329-29;1980-11-04;564;3950.64;GO;2022-12-03
7664;Ana Luiza Sampaio;473.561.820-17;2003-03-29;572;3074.16;PE;2022-01-10
7665;Luísa Peixoto;705.412.896-67;1988-09-12;624;5775.47;RS;2021-08-11
7666;Sr. José Miguel Sá;103.956.482-89;1994-06-06;546;3560.62;RS;2022-03-13
7667;Antony Rocha;412.709.586-58;2000-11-02;801;4981.52;PR;2023-10-25
7668;Melissa Costela;028.943.571-41;1958-11-07;371;1815.1;PR;2022-10-18
7669;Gustavo Siqueira;749.632.510-43;1960-06-18;435;3866.23;PE;2023-08-25
7670;João Gabriel Silva;105.392.467-43;1996-09-30;576;4388.31;RJ;2024-11-03
7671;Sr. Heitor Azevedo;973.468.152-46;1962-04-03;758;5372.67;PR;2024-06-02
7672;Luan Rezende;315.768.094-39;1981-03-20;713;7215.32;RS;2024-03-15
7673;Dom da Rocha;850.167.423-08;1996-03-12;565;5257.02;MG;2022-10-26
7674;Isadora Cassiano;845.613.279-91;1988-08-06;590;5644.1;MG;2022-01-29
7675;Pedro Henrique Campos;581.243.609-60;2001-03-08;431;1802.49;SC;2021-12-18
7676;Ana Carolina Rodrigues;659.724.301-34;1996-07-07;573;3695.08;MG;2024-06-03
7677;Sr. Diogo Almeida;798.306.241-96;1960-07-29;557;4236.47;MG;2022-10-29
7678;Cauê Duarte;467.358.219-55;1977-10-01;706;5240.34;PE;2023-08-29
7679;Sr. Isaac Rios;513.062.947-70;2005-12-22;521;3816.49;CE;2023-05-04
7680;Laura Ribeiro;419.503.682-89;1987-08-24;527;3281.99;PR;2022-04-14
7681;Pedro Barros;590.621.734-70;2003-12-18;426;3477.48;PR;2023-08-25
7682;Valentim Freitas;543.987.216-73;1975-04-09;551;5374.28;PR;2023-01-30
7683;Isabela Teixeira;032.974.865-38;1973-11-21;446;3025.92;MG;2022-09-20
7684;Bella Teixeira;076.495.831-39;1967-02-02;837;5756.39;BA;2022-12-26
7685;Juan Fonseca;419.327.860-31;1964-10-09;591;3512.16;BA;2023-07-11
7686;Rebeca da Mota;796.324.801-04;1976-08-27;458;5211.31;PR;2023-05-22
7687;Matheus da Mota;827.946.035-74;1987-08-25;640;5253.68;CE;2023-03-17
7688;Guilherme Ramos;976.041.258-67;1975-10-12;416;3686.74;SC;2021-01-12
7689;Daniel Almeida;912.805.673-68;1972-08-31;758;7213.48;SC;2021-04-24
7690;Eduarda Pimenta;908.356.421-51;1974-05-08;700;4470.51;SC;2022-12-26
7691;Luísa da Mata;948.753.260-92;1978-11-25;657;5923.58;MG;2023-07-25
7692;Srta. Lavínia Montenegro;907.341.285-41;1971-09-10;404;2110.72;PR;2021-02-09
7693;Brenda Barbosa;160.549.387-20;1986-02-22;726;6684.05;RS;2022-03-04
7694;Maria Luísa Cardoso;380.519.467-66;1984-10-03;434;4267.02;PR;2022-08-27
7695;Hadassa Fogaça;475.268.190-02;2000-10-15;631;5829.01;BA;2021-02-18
7696;Marcela Martins;726.305.914-25;1983-06-13;543;4989.18;BA;2023-05-26
7697;Dra. Catarina Jesus;612.045.387-35;1992-02-29;721;5416.67;SC;2022-10-30
7698;Dra. Ana Liz Macedo;460.389.521-60;1992-09-04;622;4327.48;PE;2024-02-21
7699;Ana Vitória Garcia;901.536.482-60;1958-10-29;818;6423.73;RS;2022-03-17
7700;Antonella Camargo;093.514.768-39;1973-09-02;509;3356.17;CE;2023-10-28
7701;Diogo Viana;873.160.294-04;1965-04-11;635;5833.33;GO;2022-07-16
7702;Carlos Eduardo Aparecida;597.304.186-75;1980-06-01;459;5519.66;RJ;2021-06-02
7703;Ana Clara Viana;578.132.649-91;1957-05-18;657;5722.46;RS;2021-11-25
7704;Thiago Gonçalves;037.416.958-66;1979-04-09;608;4883.26;BA;2023-09-10
7705;Otávio Carvalho;817.936.054-75;1990-08-18;602;5833.8;CE;2023-08-21
7706;Daniela Barbosa;720.836.591-12;1962-07-26;619;5719.05;SP;2024-09-12
7707;Bento da Costa;948.617.350-84;1998-10-03;567;4731.64;SC;2024-11-09
7708;Ana Júlia Mendonça;286.704.519-30;1966-06-22;523;5400.53;GO;2022-05-27
7709;Ana Sophia Rezende;861.435.972-19;1975-04-27;519;3827.02;PR;2024-05-27
7710;Aurora Caldeira;712.308.546-90;2006-04-03;582;4302.05;CE;2023-02-08
7711;Srta. Manuella Gonçalves;674.319.802-13;1998-01-26;706;5331.34;SP;2021-07-27
7712;Stella Moraes;752.439.801-88;1981-02-01;787;5477.52;SP;2024-08-02
7713;Ryan Cirino;045.893.276-00;1973-04-24;640;4344.21;BA;2022-07-20
7714;Ana Carolina Camargo;427.098.536-47;1981-10-24;670;5344.05;PE;2023-01-27
7715;Clarice Monteiro;234.981.605-24;1998-10-04;601;5996.47;GO;2022-08-06
7716;Dr. Davi Lucca Lima;709.356.241-80;2006-05-11;541;4914.52;RJ;2023-08-25
7717;Otávio Mendonça;617.480.532-80;1966-03-28;527;4328.69;MG;2021-06-01
7718;Liz Sales;506.243.871-35;1997-03-26;476;3145.48;BA;2023-04-28
7719;Julia Fonseca;738.106.429-40;1991-02-04;610;6694.65;MG;2021-11-05
7720;Luiz Fernando Machado;602.734.158-08;1968-04-23;632;6710.67;CE;2022-09-05
7721;Vitor Souza;572.396.481-09;1969-05-19;646;4780.92;CE;2022-02-14
7722;João Vitor Barbosa;564.927.381-28;2001-07-08;804;6869.02;PE;2021-06-30
7723;Ana Luiza Vargas;631.982.407-78;1959-02-07;542;4806.57;GO;2022-05-18
7724;Theo da Costa;218.059.746-02;2002-10-27;584;2682.97;BA;2024-03-18
7725;Maria Flor Câmara;046.928.357-29;1992-04-23;732;6950.93;PE;2024-09-15
7726;Luna Barros;039.468.712-40;1979-02-21;840;7142.14;PR;2024-02-15
7727;Breno Viana;021.579.486-94;1957-01-23;590;5554.99;PE;2022-08-20
7728;Isis Lopes;278.310.465-26;1977-01-03;721;7406.28;SP;2021-10-15
7729;Igor Novais;758.963.214-73;1981-06-08;614;4746.42;RJ;2024-12-03
7730;Dr. Luiz Fernando Novaes;286.397.514-55;1968-10-05;534;4809.46;BA;2023-01-10
7731;Ísis Abreu;906.152.837-21;2001-08-06;434;4248.09;GO;2022-03-16
7732;Ester Rodrigues;947.286.531-37;1996-12-18;690;6105.07;MG;2022-10-20
7733;João Guilherme Nogueira;836.521.704-07;1964-01-27;636;6620.98;GO;2022-04-12
7734;Isabelly Montenegro;403.695.781-39;1977-08-11;724;5184.92;GO;2023-01-12
7735;Dr. Luiz Otávio Lopes;574.329.186-19;1992-10-11;549;3512.33;BA;2022-02-12
7736;Joana da Costa;397.104.265-16;1986-01-25;686;4487.86;PR;2022-06-07
7737;Srta. Aurora Machado;249.635.107-07;2000-05-22;750;7322.97;CE;2021-02-17
7738;Sra. Aurora Cassiano;456.982.730-65;1973-12-16;514;3926.45;MG;2021-09-02
7739;Sr. Levi da Luz;405.813.927-79;1966-08-09;621;5851.98;SC;2023-05-26
7740;Josué Silva;063.594.127-99;1974-10-07;813;4818.51;SC;2023-09-24
7741;Pedro Lucas Correia;165.908.324-98;1997-12-03;581;4381.98;SP;2023-12-19
7742;Anna Liz Câmara;715.842.693-91;1966-10-25;451;3122.89;SP;2023-11-16
7743;Evelyn Santos;578.391.406-10;1975-12-20;671;5089.32;BA;2021-02-03
7744;Sophie Pereira;456.312.709-43;1959-10-15;434;6346.08;CE;2023-06-15
7745;Alice Novaes;086.954.731-39;1956-08-22;651;5319.69;SP;2023-10-30
7746;Jade Ferreira;692.537.814-91;1990-02-16;488;4164.71;BA;2024-01-09
7747;Maria Eduarda Pereira;510.798.324-32;2000-01-10;600;2911.48;GO;2022-08-02
7748;Luiz Otávio Albuquerque;894.356.021-42;1967-02-27;491;4722.93;CE;2022-11-15
7749;Diogo Freitas;049.815.632-05;1989-05-11;850;7167.17;RJ;2021-06-04
7750;Rafaela Lopes;501.769.284-30;1983-11-27;752;5860.24;CE;2021-07-08
7751;Sr. Arthur Marques;824.165.903-24;1978-10-11;609;5962.98;PE;2021-08-19
7752;Dra. Sarah da Rocha;639.572.140-25;2006-03-09;819;7853.1;PE;2021-11-21
7753;Caio Cardoso;029.431.675-25;1976-01-06;492;3869.04;PE;2021-06-29
7754;Laura Barbosa;972.130.546-43;1988-09-14;653;4964.32;CE;2023-08-18
7755;Olivia Araújo;130.697.245-07;1997-06-13;666;6148.58;CE;2024-08-24
7756;Davi Lucas Gomes;627.805.413-26;1986-01-10;740;7605.87;RS;2021-05-30
7757;Arthur Gabriel Câmara;617.285.439-91;1964-09-03;580;3275.97;SC;2022-07-22
7758;Matteo Fernandes;417.902.853-05;2000-06-16;662;7179.81;GO;2023-07-14
7759;Ayla Lopes;689.270.431-03;1986-06-17;562;5182.85;MG;2024-08-25
7760;Antônio da Costa;346.015.978-20;1970-03-09;703;5815.44;BA;2021-05-30
7761;Dra. Daniela Casa Grande;468.920.375-00;1977-07-20;620;4036.57;MG;2024-08-19
7762;Maria Flor Duarte;234.617.905-16;1971-07-18;346;1656.15;CE;2022-11-27
7763;Vinícius Gomes;672.039.481-96;1957-06-19;573;5681.42;GO;2023-12-17
7764;Raquel Almeida;975.346.012-07;1961-08-23;607;4336.97;SC;2021-02-13
7765;Thiago Siqueira;716.438.209-31;1956-01-05;513;4760.81;SC;2024-03-23
7766;Dr. Emanuel Borges;367.140.985-10;2007-09-02;783;7327.44;PR;2021-01-14
7767;Juan Carvalho;093.217.684-40;2007-10-07;692;4060.39;CE;2023-03-10
7768;João Lucas Viana;705.368.419-93;1998-05-21;577;6563.3;SP;2021-01-18
7769;Maysa Barbosa;081.964.572-94;1974-10-22;754;4494.5;RS;2022-10-23
7770;Natália Castro;261.970.584-30;1971-12-07;613;5267.1;SC;2021-11-05
7771;Ana Cecília Duarte;369.057.428-56;1978-07-24;528;1914.8;PR;2022-04-02
7772;João Gabriel Novaes;182.406.593-06;1987-06-09;631;4260.24;CE;2024-10-13
7773;Beatriz Araújo;439.650.817-48;1964-03-30;525;3845.32;BA;2023-12-27
7774;Fernanda Melo;705.186.432-71;2007-05-28;603;4814.92;GO;2024-08-31
7775;Liam Moraes;394.208.765-00;1966-08-06;513;3883.79;RS;2024-03-22
7776;João Gabriel Gonçalves;493.628.057-74;2007-12-14;409;3583.04;BA;2024-03-27
7777;Ana Clara Correia;387.094.162-69;1977-07-12;300;2110.51;MG;2022-01-22
7778;Felipe Campos;740.923.861-50;1996-07-08;730;4780.66;MG;2022-02-27
7779;Arthur Gabriel Pereira;405.768.193-01;1981-04-28;705;6795.73;PR;2022-01-07
7780;Maria Cecília Freitas;293.478.501-79;1972-09-27;300;2248.64;RJ;2021-02-23
7781;Sra. Anna Liz Fernandes;465.801.392-42;1977-01-22;300;2281.79;PE;2024-05-17
7782;Kevin Cavalcanti;753.240.196-07;1956-07-04;619;2469.46;SP;2021-09-18
7783;Maria Cecília Pacheco;804.513.792-41;2005-11-04;850;7086.02;PE;2022-12-15
7784;Júlia Souza;167.534.890-10;1961-07-26;518;5609.38;RJ;2022-11-02
7785;Luiz Fernando Monteiro;607.821.354-71;1957-02-13;404;2002.83;BA;2022-04-17
7786;Zoe Viana;914.365.820-24;1982-03-03;344;4553.05;RS;2022-02-18
7787;Bárbara Silva;136.987.402-22;1973-02-22;659;5931.4;PR;2021-12-01
7788;Letícia Cassiano;918.253.704-60;1999-08-22;656;5821.77;SC;2022-07-10
7789;Hadassa Sá;041.528.763-44;1983-03-18;629;5302.92;RS;2022-03-21
7790;Guilherme Vargas;723.041.589-60;1980-07-09;632;4447.41;BA;2021-02-25
7791;Milena Ribeiro;504.391.628-15;2000-07-17;614;5185.59;MG;2023-06-20
7792;Marina Melo;537.198.406-20;1981-11-07;633;3586.23;RJ;2023-02-08
7793;Leandro Nogueira;231.847.056-17;1990-10-18;458;4746.84;SP;2023-06-29
7794;Yago Marques;208.497.361-96;2003-11-06;583;5248.73;RS;2023-02-19
7795;Oliver Campos;380.954.721-23;1978-08-31;488;2430.85;SP;2023-07-05
7796;Ana Julia Rodrigues;518.370.649-20;1965-01-12;518;3921.43;GO;2023-03-29
7797;Dr. João Lucas da Rocha;318.954.267-82;1986-11-20;540;5613.93;RS;2022-02-26
7798;Sara Viana;073.685.249-29;2001-05-14;641;6976.94;SC;2024-04-23
7799;Maria Isis Melo;320.961.584-51;2005-01-11;668;2931.45;RJ;2021-07-10
7800;Luigi Cavalcante;459.286.710-67;1985-04-29;746;4458.45;MG;2023-11-04
7801;Marina Albuquerque;593.072.481-41;1993-10-20;647;4401.32;CE;2023-11-24
7802;Paulo Novais;582.349.071-23;2007-06-27;850;8239.6;RJ;2021-11-30
7803;Dra. Hellena da Rocha;450.891.732-14;1998-09-12;530;4112.64;RS;2021-09-04
7804;Danilo Costa;185.394.072-05;1983-01-05;649;6055.41;GO;2024-05-23
7805;Dra. Heloísa Câmara;471.598.362-19;1979-05-01;623;3959.11;BA;2022-10-11
7806;Rafaela Fernandes;715.498.620-49;1978-07-17;533;4259.52;SC;2022-01-27
7807;Camila das Neves;642.897.503-38;1978-12-09;768;6571.84;RS;2021-07-05
7808;Laís Montenegro;689.045.237-29;1972-03-17;527;4864.37;PE;2023-01-07
7809;Bento Rodrigues;129.853.706-12;1995-07-04;573;5474.41;GO;2022-06-07
7810;Dr. Théo Martins;031.694.258-89;2003-04-25;850;6441.17;PE;2021-08-18
7811;Maria Vitória Costa;713.582.096-77;1977-02-05;716;4982.61;GO;2021-02-03
7812;Pedro Henrique Sá;719.860.245-20;1995-06-26;606;4877.56;SP;2023-02-18
7813;Ravy Rodrigues;143.805.976-01;1959-05-18;596;7231.01;SC;2023-03-31
7814;Kevin Rocha;236.045.178-26;1956-12-26;583;5250.85;RJ;2022-12-28
7815;Lucas Gabriel Almeida;851.763.420-90;2008-03-22;388;3536.0;BA;2022-09-27
7816;Dr. Thales da Rosa;783.026.491-04;2000-05-30;757;5528.4;RJ;2023-06-09
7817;Melina Brito;958.412.076-01;1966-12-24;318;2505.35;PR;2022-04-15
7818;Lucas Rodrigues;598.216.437-28;1987-03-31;622;5700.08;RJ;2024-08-25
7819;Ana Carolina Pires;680.275.913-68;1962-02-23;850;6419.95;SC;2023-08-24
7820;Srta. Mariana Sá;289.506.741-49;1986-05-18;517;2969.08;SP;2022-07-17
7821;Srta. Alana Silveira;807.431.269-04;2004-08-06;643;5623.35;BA;2021-04-03
7822;Gabrielly Gonçalves;597.062.431-43;2004-02-06;554;5210.68;MG;2022-05-25
7823;Arthur Silva;702.958.641-76;2008-01-09;675;5443.23;MG;2024-03-02
7824;Alexia Freitas;587.129.306-95;1991-11-13;511;3606.14;SP;2021-09-20
7825;Olivia Gomes;631.750.482-26;1976-03-21;328;2859.79;PE;2021-11-15
7826;Vinicius Pinto;935.024.867-00;2001-04-27;623;5172.48;MG;2024-11-24
7827;Ana Sophia Garcia;890.564.732-47;2007-05-19;680;5825.82;GO;2021-03-21
7828;Mathias Siqueira;587.624.013-35;1965-08-02;606;4896.67;SP;2024-05-06
7829;Maria Pastor;546.180.297-49;1996-07-11;451;3024.28;RS;2024-09-15
7830;Sra. Bianca das Neves;108.597.436-75;1969-06-24;626;4272.15;PR;2023-02-01
7831;Ana Beatriz Cunha;382.764.951-09;1977-04-26;723;5125.37;CE;2023-04-30
7832;Srta. Antonella Abreu;876.913.204-69;2002-07-07;645;5276.57;MG;2023-05-09
7833;Caleb da Rocha;601.738.524-08;1956-11-12;709;6572.79;MG;2021-12-24
7834;Milena Cirino;834.125.076-44;1998-03-25;703;3517.99;PE;2021-11-07
7835;Isaque Siqueira;360.291.578-68;1966-11-23;763;7631.31;MG;2023-01-18
7836;Ana Luiza Siqueira;059.143.287-05;1961-11-26;562;4732.65;RJ;2021-11-29
7837;Sr. Arthur Gabriel Moraes;089.216.745-94;1961-02-26;513;2155.62;SP;2023-10-16
7838;André Pimenta;059.167.823-30;2005-12-31;531;3707.86;RS;2022-09-19
7839;Lucas Ribeiro;712.548.360-71;1998-04-11;577;3657.09;SC;2024-07-04
7840;Maria Laura Ribeiro;791.483.526-91;1963-02-26;531;4236.99;BA;2022-06-28
7841;Rhavi Rocha;817.352.409-23;1960-01-27;527;4759.52;CE;2022-10-20
7842;Léo Cardoso;476.195.320-99;1994-01-22;701;7988.39;SP;2021-02-22
7843;João Vitor Cavalcanti;283.059.617-02;1955-12-19;755;6283.1;BA;2021-02-28
7844;Lucas Souza;403.125.697-34;1977-04-12;545;4653.75;GO;2021-03-12
7845;Manuela Ferreira;581.470.923-50;1978-07-28;659;4758.69;MG;2023-04-15
7846;Luiza Gomes;817.523.046-08;1968-03-13;714;4313.9;SP;2024-01-10
7847;Alexandre Souza;471.235.869-64;1982-05-18;590;5275.86;SC;2024-05-10
7848;Antony Machado;248.176.053-08;1998-04-02;585;4473.25;PE;2021-12-14
7849;Ana Júlia Teixeira;597.283.604-10;1967-11-28;603;3988.4;MG;2021-07-25
7850;Agatha Rios;418.023.756-35;1960-09-08;760;5061.96;SP;2022-12-16
7851;Luara da Mata;127.034.598-23;1988-10-16;658;5677.65;RS;2021-07-08
7852;Clara Souza;859.360.724-10;1999-04-29;506;4121.1;SC;2021-05-16
7853;Emilly Castro;276.813.054-08;2004-02-26;510;5471.04;RJ;2023-09-02
7854;Alexia da Mata;150.437.982-97;1983-04-20;483;3210.1;GO;2023-05-01
7855;Melissa Casa Grande;871.625.309-40;1979-02-13;473;2426.3;PE;2023-06-21
7856;Evelyn Ramos;312.670.985-03;1958-04-21;810;7022.77;MG;2024-05-20
7857;Srta. Natália Albuquerque;241.637.095-25;1996-11-17;636;4431.42;SP;2022-09-30
7858;Antônio Monteiro;912.708.564-30;1987-09-14;728;4999.78;GO;2023-08-20
7859;Davi Lucca Moreira;148.076.953-39;1990-08-12;715;4847.49;PR;2021-09-20
7860;Esther Novais;834.916.507-39;1972-11-06;542;5094.28;BA;2024-09-06
7861;Camila da Costa;847.691.230-78;1965-02-27;723;6381.47;PE;2023-01-19
7862;Isabela Cunha;278.913.604-13;2005-10-01;494;3505.27;CE;2024-09-30
7863;Luiz Otávio Ribeiro;354.960.728-83;1974-05-04;638;4254.72;RJ;2023-09-06
7864;Enzo Gabriel da Cruz;964.015.723-61;1965-07-23;784;3870.05;GO;2024-03-15
7865;Nathan Brito;054.238.691-70;1960-12-18;526;3698.43;RS;2021-09-15
7866;Agatha da Paz;297.451.603-34;1985-04-23;300;1003.77;RS;2023-11-21
7867;Thomas Pacheco;032.159.784-23;1962-03-19;695;5590.28;MG;2021-10-20
7868;Isabela Cassiano;938.471.056-39;1999-03-18;808;8009.23;RS;2024-09-12
7869;Vitor Nascimento;540.867.293-00;1999-05-17;671;5681.24;RJ;2021-07-14
7870;Davi Luiz Oliveira;629.078.351-30;1980-12-09;627;2360.92;SC;2022-08-02
7871;Lucas Gabriel da Conceição;309.872.654-74;1995-02-23;452;3716.68;CE;2021-08-04
7872;Theodoro Câmara;945.132.768-19;1978-05-12;693;5833.67;RS;2022-04-09
7873;Davi Caldeira;630.195.284-70;1971-08-21;512;5033.41;PR;2022-01-14
7874;Rhavi Câmara;150.863.279-03;1979-07-09;797;7313.99;PR;2022-11-05
7875;Eloah Mendonça;268.019.357-12;1966-10-12;738;5344.77;GO;2024-09-30
7876;Rodrigo Marques;316.482.097-69;1961-03-02;749;6137.76;CE;2023-12-01
7877;José Miguel da Mata;058.726.394-65;1994-11-07;681;5813.43;PE;2024-03-28
7878;Renan Silveira;094.827.351-88;1984-07-19;605;3980.0;PR;2021-09-27
7879;Ana Carolina Pinto;389.452.106-60;1986-08-31;610;5866.76;BA;2023-05-15
7880;Dra. Letícia da Paz;745.930.812-97;1959-06-18;567;5429.35;BA;2024-09-16
7881;Nicolas Costa;954.107.326-34;1959-11-14;708;5365.06;MG;2024-04-01
7882;Maria Laura Sá;420.539.781-04;1980-08-07;786;5932.45;SP;2023-02-28
7883;Sr. Samuel Sales;564.387.190-48;1989-09-18;801;6842.13;SP;2022-02-10
7884;Gustavo Henrique Peixoto;256.370.941-52;2001-12-24;618;4056.2;MG;2021-01-30
7885;Enzo Silveira;574.836.129-91;1973-09-28;609;4668.24;MG;2024-07-23
7886;Thales Vasconcelos;281.574.936-09;2006-10-21;469;3534.38;SP;2022-05-03
7887;Milena Lopes;703.852.649-92;1955-07-28;523;4769.99;MG;2023-03-24
7888;Cauê Sales;825.473.910-23;1981-01-14;776;4981.08;BA;2021-01-24
7889;Catarina Pinto;091.862.475-49;1999-10-23;825;6471.45;CE;2023-09-12
7890;Olívia Monteiro;203.564.198-51;1975-06-13;502;4773.75;GO;2022-12-06
7891;Melissa Aragão;043.587.291-50;1971-05-25;566;4446.26;RS;2024-07-11
7892;Luiz Otávio Camargo;361.479.850-00;1956-05-13;571;3751.26;CE;2023-04-11
7893;Evelyn Silveira;927.143.086-78;1966-10-30;706;5361.7;GO;2022-03-16
7894;Amanda Abreu;032.147.685-90;2006-07-06;447;4127.06;GO;2024-06-26
7895;Alexia Guerra;328.960.571-02;2002-11-23;475;2646.74;PR;2024-01-23
7896;Luiz Gustavo Cunha;293.876.045-00;1956-10-16;763;4907.66;GO;2021-08-30
7897;Liz Teixeira;839.564.170-20;1969-02-03;342;3358.86;PR;2024-09-04
7898;Mateus Moura;436.287.951-09;1977-11-08;583;4446.34;PE;2022-11-22
7899;Rebeca Pinto;836.971.025-59;1958-07-29;582;4887.67;BA;2022-01-17
7900;Bruno Pacheco;084.621.753-80;1993-06-02;529;5708.11;PR;2022-11-30
7901;Srta. Heloísa Vieira;790.628.541-76;1960-06-03;442;3980.87;GO;2024-01-30
7902;Pietra Macedo;574.098.621-49;1978-04-08;697;4816.35;GO;2024-09-20
7903;Aylla Vieira;017.936.458-84;1980-11-11;497;4993.17;RJ;2024-09-30
7904;Levi Abreu;826.490.751-20;1962-12-08;501;3401.34;BA;2023-11-30
7905;Giovanna Fogaça;184.675.923-46;1993-11-24;726;5842.74;PR;2021-05-10
7906;Maria Helena Mendonça;087.169.524-30;1969-12-19;404;4979.06;BA;2023-05-24
7907;Alana Carvalho;906.235.147-61;1959-07-16;556;4045.24;SP;2024-01-18
7908;Marcos Vinicius Araújo;068.259.731-77;1984-10-11;650;5825.08;MG;2021-07-13
7909;Carlos Eduardo Martins;385.902.164-89;1991-10-31;850;5139.93;RS;2023-07-26
7910;Sr. Luiz Fernando Fernandes;354.987.062-00;2007-03-09;719;6495.01;RJ;2021-09-04
7911;Antônio Moura;402.536.791-25;1978-03-05;603;5611.27;PE;2024-12-30
7912;Maria Júlia da Paz;195.328.076-59;1980-02-05;732;4474.04;PR;2021-09-16
7913;Dr. Davi Cassiano;912.857.034-05;1994-06-13;829;5073.24;BA;2022-09-21
7914;Clara Viana;816.340.795-66;1964-06-02;483;3602.21;GO;2023-06-13
7915;Sr. Dante da Rocha;312.857.094-97;1990-04-28;850;6491.74;PE;2021-06-19
7916;Lucas Duarte;753.249.180-32;1986-09-26;616;6360.08;PE;2022-01-09
7917;Maria Clara Rocha;048.352.916-89;1962-02-26;583;3485.56;SC;2023-11-13
7918;Mateus Aragão;082.567.314-35;1999-04-05;569;5922.79;RS;2021-10-18
7919;Carolina Vargas;470.896.125-11;1961-09-06;628;6954.66;RS;2021-02-04
7920;Luiz Fernando Sales;429.160.735-07;1990-07-23;708;5019.19;RS;2022-12-26
7921;Camila Costela;351.089.426-05;1990-12-24;626;4154.78;PE;2024-05-15
7922;Lucas Cirino;960.724.813-96;1996-11-08;539;8791.08;MG;2024-02-27
7923;Sra. Alícia Jesus;816.307.524-44;1971-06-04;742;6797.1;PE;2023-12-12
7924;Larissa Viana;396.142.058-06;1997-03-31;545;5929.58;SP;2023-12-28
7925;Sra. Raquel Sales;314.526.907-07;1985-02-04;751;7889.62;BA;2024-01-10
7926;Júlia das Neves;486.730.591-00;1967-03-02;839;5232.91;RS;2024-11-21
7927;Bryan Ribeiro;461.827.053-53;1979-02-21;486;2884.21;PE;2021-12-08
7928;Srta. Júlia Borges;263.704.581-71;1966-06-18;506;4371.45;BA;2021-11-22
7929;Srta. Ester Melo;865.321.079-21;1970-12-29;551;6480.6;RJ;2024-10-25
7930;Sr. Pedro Henrique Pereira;148.607.235-62;1983-10-05;848;6777.54;MG;2024-07-24
7931;Cauê Costela;521.470.983-88;2008-05-31;850;8288.13;CE;2022-04-09
7932;Davi Lucas Aparecida;452.138.679-28;1956-12-23;565;2510.78;MG;2024-01-13
7933;Bianca Alves;264.819.375-82;2004-09-15;593;4099.38;CE;2023-05-19
7934;Augusto Macedo;406.837.215-26;1982-01-27;644;5241.23;RS;2022-07-25
7935;Matteo Pastor;073.251.948-97;1988-08-28;627;5539.68;SP;2023-04-01
7936;Rebeca Porto;971.240.683-04;1985-05-12;474;4203.36;PR;2023-03-10
7937;Alana Martins;356.128.049-89;1989-12-13;567;4735.98;PE;2023-05-13
7938;Matheus Vasconcelos;256.480.317-26;1971-03-15;734;4647.6;GO;2023-08-17
7939;Sra. Ana Laura Santos;512.708.364-71;1956-10-15;586;4569.47;BA;2021-10-06
7940;Thales Lopes;248.310.567-07;1970-11-06;558;5363.83;PR;2021-01-01
7941;Rafaela Macedo;965.813.074-75;1980-11-09;533;3708.6;RJ;2022-05-30
7942;Raquel Vasconcelos;893.705.426-47;1962-07-19;534;5364.06;PE;2024-09-30
7943;Heloísa Campos;651.098.734-10;1994-06-17;560;4940.05;PR;2022-03-04
7944;Otávio Rodrigues;964.105.823-15;1995-07-17;850;6725.18;CE;2024-05-01
7945;Ana Clara Lima;650.234.718-53;1999-10-07;753;7695.35;RJ;2021-05-02
7946;Benjamin Araújo;765.239.081-86;1957-12-24;743;5927.2;SC;2021-10-15
7947;Mateus Souza;458.017.293-05;1997-04-27;697;4288.62;MG;2023-09-12
7948;Kaique Silva;895.634.270-92;1961-01-14;526;3603.32;MG;2022-05-12
7949;Eloah Camargo;543.287.601-90;1982-01-22;850;5987.42;SC;2021-11-23
7950;Melina Silva;578.039.142-41;1998-09-09;520;3116.08;SC;2023-03-12
7951;Sra. Olivia Fogaça;940.783.215-50;2000-09-23;687;5638.62;CE;2022-02-01
7952;Maitê Pinto;658.297.304-56;1962-07-02;750;6671.26;RS;2022-12-19
7953;Sr. Bryan Barros;261.859.473-82;1959-12-30;454;2824.72;RJ;2022-04-09
7954;Davi Lucas Farias;735.214.690-34;1986-06-17;783;6060.7;PR;2021-10-15
7955;Dra. Stella Moura;645.903.218-15;1960-07-15;762;5946.32;SC;2021-09-10
7956;Sra. Bella Ferreira;319.804.725-05;1972-09-24;503;3720.74;CE;2024-10-08
7957;Srta. Sara da Paz;960.783.524-74;2001-04-28;503;3458.45;MG;2022-02-26
7958;Isadora Moreira;928.541.607-11;1985-08-06;644;5663.61;GO;2021-10-19
7959;Mariana Camargo;597.230.164-43;2000-12-20;429;3414.63;PR;2022-11-02
7960;Dra. Maria Luiza Cavalcante;421.067.953-43;1996-06-21;549;3743.59;SP;2024-07-28
7961;Sr. Pedro Mendonça;193.760.542-61;1976-05-05;635;4529.55;RJ;2023-12-03
7962;Maria Cecília Ribeiro;629.780.543-10;2003-09-29;785;7468.06;PR;2023-12-10
7963;Letícia Caldeira;450.867.312-08;1968-06-21;761;5593.09;RJ;2024-07-11
7964;Henrique Novais;065.378.924-65;1985-10-10;504;4114.03;CE;2023-08-23
7965;Juan da Rocha;298.637.014-40;1987-02-18;601;4199.18;RS;2024-09-14
7966;Ian Moraes;951.763.804-39;1978-09-30;478;3782.48;GO;2022-09-04
7967;Diego Albuquerque;731.459.602-61;1960-08-05;571;5256.35;RJ;2024-01-14
7968;Dr. Davi Luiz Sousa;376.029.514-25;1991-09-23;699;6692.8;CE;2023-07-20
7969;Camila Porto;543.816.729-09;1969-11-30;468;4145.06;MG;2021-05-25
7970;Joaquim Porto;529.813.674-55;1968-03-23;532;3035.59;BA;2022-07-12
7971;Sr. Thomas Nascimento;576.432.801-26;1986-04-28;568;5612.7;SP;2023-02-21
7972;Bruno Sampaio;456.723.098-10;1995-05-05;575;6165.45;PR;2021-08-20
7973;Lavínia Gomes;032.748.596-56;1991-10-28;685;5085.91;GO;2023-05-23
7974;Maria Vitória Jesus;639.705.182-02;1971-06-03;759;6517.4;CE;2021-12-11
7975;Camila Rezende;157.289.643-46;1955-07-28;508;5922.8;GO;2022-08-20
7976;Caleb Moreira;102.746.538-26;1965-06-14;651;5226.8;RS;2023-12-07
7977;Eloah Teixeira;673.458.209-47;1983-09-18;517;5315.54;RJ;2021-07-01
7978;Enzo Nascimento;516.892.407-76;1998-05-17;682;6085.24;CE;2024-05-11
7979;Dr. Luiz Gustavo Nogueira;193.480.256-51;1988-03-10;559;5306.1;BA;2022-05-10
7980;Paulo Rios;950.421.876-85;2008-04-10;729;5163.22;GO;2024-12-07
7981;Rael Pires;206.573.491-43;1976-01-25;449;4173.37;SC;2023-05-14
7982;Cecilia Lima;259.410.387-04;1975-04-01;431;3600.02;SP;2024-07-30
7983;Arthur Gabriel Novaes;924.756.103-52;1980-02-13;566;5746.67;RJ;2022-07-28
7984;Isaque Costela;530.716.924-80;2006-12-13;572;5683.27;PR;2022-05-31
7985;Natália Castro;427.830.159-60;1963-04-30;558;5463.99;PE;2022-11-05
7986;Valentim Borges;507.864.329-00;1977-01-22;850;5731.95;SC;2024-09-27
7987;Liz das Neves;387.941.652-46;2003-01-05;655;7988.78;PR;2023-01-01
7988;Yuri Jesus;548.310.926-06;1998-05-13;627;5077.79;RJ;2021-01-27
7989;Amanda Gomes;379.602.158-12;1955-08-31;714;5753.08;RJ;2024-12-31
7990;Zoe Guerra;098.426.751-49;1966-08-18;415;4452.29;GO;2022-05-13
7991;Bento Novais;975.843.216-82;1981-03-19;379;2615.21;CE;2023-10-11
7992;Fernanda Machado;348.501.692-60;1993-05-01;764;5755.46;RS;2024-04-25
7993;Diego Sousa;719.562.348-37;1973-10-05;536;5167.26;SC;2024-09-25
7994;Sra. Ana Sophia Dias;980.176.523-21;1991-08-01;517;2913.77;PR;2021-08-01
7995;Yuri da Cruz;251.769.340-43;1997-02-06;652;5033.08;GO;2024-02-23
7996;Isabela Oliveira;375.894.120-23;1978-10-22;470;4396.95;CE;2024-03-04
7997;Caio Correia;976.215.348-00;1963-07-01;675;5040.24;SC;2024-05-27
7998;Nathan Vargas;495.387.102-23;1970-11-15;585;5150.39;PE;2024-09-29
7999;Ravi da Luz;256.470.389-56;1977-05-26;762;5813.21;SC;2021-03-28
8000;Luiz Gustavo Cavalcante;390.518.427-32;1971-10-09;698;6149.2;CE;2021-08-09
8001;Benicio Gomes;809.456.213-70;1998-03-30;725;5839.31;CE;2024-08-09
8002;Paulo Peixoto;265.037.419-52;1982-12-21;510;3617.5;RJ;2024-03-24
8003;João Felipe Freitas;436.271.598-37;1958-04-14;661;7106.46;RJ;2021-08-29
8004;Ravy da Conceição;853.127.604-71;1995-10-03;561;5292.79;RS;2023-01-09
8005;Benicio Camargo;625.784.319-73;1961-10-18;580;4750.47;CE;2024-10-09
8006;Elisa da Mata;489.307.216-13;1994-06-26;801;7172.29;CE;2023-05-14
8007;Sra. Evelyn Borges;753.184.029-41;1993-08-17;471;3195.52;SC;2021-03-23
8008;Levi da Mota;620.349.517-43;1980-12-25;770;6301.88;BA;2024-08-18
8009;Renan Aragão;096.312.758-68;1999-03-29;482;3037.05;GO;2023-08-02
8010;Giovanna Moraes;078.614.295-20;1995-08-25;704;6626.41;CE;2023-12-07
8011;Bruno Pinto;137.596.840-84;2000-09-16;622;7451.31;SP;2023-03-28
8012;Isabelly Vasconcelos;961.370.852-95;1997-01-05;718;5500.52;SC;2024-10-02
8013;Bárbara Costela;498.635.170-20;1995-07-04;522;3201.12;SP;2022-03-19
8014;Daniela Fonseca;723.046.185-53;1979-07-16;660;4791.22;CE;2022-01-06
8015;Heloísa Barros;469.018.237-03;1978-12-13;820;8026.31;SP;2024-07-15
8016;Srta. Maria Luiza Cirino;083.472.651-35;2005-01-15;695;4381.0;BA;2021-07-22
8017;Matheus Cavalcanti;421.306.597-99;1968-11-04;539;5567.68;PR;2023-04-25
8018;Leandro Marques;586.097.324-10;2007-07-18;552;5538.14;SP;2023-07-25
8019;Evelyn Vasconcelos;610.583.479-93;1975-03-09;676;5459.72;PR;2023-01-05
8020;Bella Ramos;586.210.739-86;1994-03-14;535;4185.76;BA;2022-12-23
8021;Laura Pimenta;275.643.018-80;1959-04-10;642;6168.54;RS;2022-07-21
8022;Sra. Júlia Porto;201.573.948-32;2000-07-27;513;3841.18;GO;2021-04-08
8023;Clarice Vieira;198.543.602-70;1967-02-12;625;5662.68;BA;2023-07-28
8024;Thiago Campos;137.590.482-50;1959-08-15;510;2763.43;PR;2021-11-25
8025;Lorena Ribeiro;875.691.432-64;1994-10-07;700;4082.05;RS;2024-02-18
8026;Sr. Matheus Almeida;750.842.169-85;1989-08-28;774;6036.07;PE;2024-08-20
8027;Srta. Emilly Moreira;957.360.482-56;1969-05-23;434;2991.58;BA;2023-04-02
8028;Jade Nogueira;236.489.170-13;1957-04-27;665;4787.3;BA;2021-12-19
8029;Lucca Caldeira;942.651.783-91;1987-06-12;622;5716.08;GO;2021-07-02
8030;Marina Sousa;195.784.263-64;1965-08-09;595;3822.94;BA;2022-12-22
8031;Sabrina Novaes;670.351.482-80;1984-03-05;584;6086.84;CE;2024-01-08
8032;Luiz Gustavo Pinto;309.648.752-92;2007-09-09;822;4556.07;RS;2022-10-11
8033;Lunna Monteiro;013.254.687-62;1999-11-07;750;6250.15;PR;2021-07-27
8034;Dra. Maria Laura Azevedo;741.082.596-02;1982-11-07;730;5289.51;RJ;2024-08-02
8035;Heloísa Silva;163.975.280-30;1968-09-13;407;3840.49;SC;2022-10-03
8036;Zoe Novaes;498.135.706-01;1994-06-20;507;2667.71;CE;2023-10-16
8037;Yago Cirino;208.964.753-10;2003-12-25;461;4288.91;MG;2023-02-23
8038;Isaque Sá;426.980.731-87;1958-07-19;636;5870.47;RS;2022-06-27
8039;Stephany Fonseca;467.851.930-01;1972-08-19;700;5179.07;GO;2022-12-20
8040;Maya Marques;139.682.507-02;1996-07-12;611;4376.56;BA;2023-06-16
8041;Liz Pereira;615.348.297-09;2008-02-17;594;3784.75;BA;2021-11-23
8042;Eduardo Siqueira;281.593.476-00;1957-01-30;666;6403.12;MG;2022-10-24
8043;Srta. Luiza Ramos;286.015.743-35;1992-07-24;522;5457.27;SP;2021-08-17
8044;Maria Liz Mendonça;615.087.924-02;1971-03-23;633;5305.08;RS;2024-04-06
8045;Yan Moraes;120.853.697-40;1964-03-24;416;1520.74;PR;2023-11-03
8046;Dra. Evelyn Brito;481.953.267-73;1971-06-04;637;5885.73;PE;2022-08-30
8047;Sr. Diogo Fonseca;328.496.017-13;1971-03-23;539;5982.09;PE;2024-01-08
8048;Raquel da Rocha;749.531.286-64;1989-07-21;708;4755.66;MG;2023-03-27
8049;Elisa Almeida;137.246.589-82;1998-12-29;623;7460.93;CE;2024-11-25
8050;Henry Gabriel Novais;493.702.851-05;1977-01-27;470;4288.27;RJ;2022-02-11
8051;Sra. Luna Castro;075.682.149-58;1994-04-23;581;5354.9;RJ;2021-07-05
8052;João Guilherme Cassiano;417.539.802-32;1981-01-03;772;5789.76;CE;2024-09-20
8053;Maria Eduarda Novaes;713.568.204-17;2002-12-03;754;8253.2;SC;2022-06-24
8054;João Guilherme Gonçalves;703.685.429-47;1961-07-08;627;5800.89;MG;2022-11-28
8055;Mariah Mendes;901.264.783-50;1961-12-10;549;4411.26;PE;2022-12-26
8056;Marcela da Cunha;591.308.672-40;1979-01-30;598;5580.94;SC;2021-09-30
8057;Gustavo Andrade;731.460.829-69;1963-09-01;764;6002.35;SC;2021-08-01
8058;Luana Cavalcante;105.876.423-35;1982-03-07;804;7962.05;PR;2024-06-10
8059;Dra. Raquel Marques;275.461.309-99;1958-09-16;721;5251.97;CE;2021-06-18
8060;Benjamin Garcia;135.247.986-91;1999-03-03;546;3555.62;BA;2022-04-06
8061;Bianca Cavalcante;793.284.150-04;2005-08-12;733;4652.23;GO;2021-03-25
8062;Isabelly Machado;324.705.169-43;1970-04-15;701;4526.89;RS;2024-01-28
8063;Sra. Lunna Abreu;162.749.083-31;1986-11-03;718;5761.22;MG;2024-09-29
8064;Ana Carolina Melo;568.027.149-49;1990-07-18;780;7381.45;PR;2021-02-23
8065;Ravi Cunha;620.879.513-30;1963-12-03;792;7796.82;GO;2022-04-05
8066;Sr. Francisco Nunes;538.291.746-91;1964-03-26;637;3937.21;RS;2022-05-18
8067;João Macedo;935.170.648-66;2002-07-04;493;1857.15;RS;2023-06-21
8068;Kamilly Nogueira;287.643.059-29;1966-01-02;489;3980.82;RS;2021-10-25
8069;Ester Vieira;847.065.329-65;1980-06-25;552;4235.86;SP;2022-08-31
8070;Srta. Melina Nascimento;950.813.427-50;1971-04-11;679;5127.93;RS;2021-02-12
8071;Guilherme Cavalcante;721.489.053-41;1983-06-29;485;3826.77;CE;2023-09-17
8072;Renan Vargas;675.924.038-38;1979-07-16;512;3825.21;GO;2023-04-29
8073;Dr. Pedro Lucas Almeida;519.382.467-64;2002-09-08;781;5977.49;PE;2024-02-03
8074;Davi Cardoso;214.390.857-14;1998-11-13;832;8087.64;CE;2022-01-29
8075;Sr. Léo Sampaio;469.087.315-10;1981-04-25;550;3288.88;SC;2022-01-17
8076;Luana Araújo;472.390.851-04;1999-12-19;613;6057.33;PE;2024-04-04
8077;Ana Júlia Casa Grande;413.672.058-08;1957-12-14;561;5396.09;SC;2024-07-08
8078;Vitor Cassiano;264.753.819-00;2003-09-01;765;5345.97;CE;2023-03-04
8079;Dra. Manuella Nascimento;482.937.610-40;1990-11-23;538;5016.66;PR;2024-12-18
8080;Stella Freitas;803.621.759-77;1968-07-24;638;4417.94;BA;2022-06-24
8081;Joaquim Sá;948.317.502-04;1999-02-28;577;4545.48;SC;2023-01-29
8082;Guilherme Rios;461.320.975-70;1956-02-04;432;4221.64;BA;2022-04-26
8083;Maria Sophia da Paz;530.719.486-20;1980-08-08;562;1712.28;BA;2024-01-12
8084;Dr. Cauã Vasconcelos;950.718.362-03;1998-04-17;617;4194.43;BA;2021-06-07
8085;Anthony das Neves;934.178.620-78;1985-03-20;822;5990.55;MG;2022-10-21
8086;Gabriela da Mota;849.176.205-11;1995-04-22;488;4411.93;RS;2024-01-08
8087;Vitória Rezende;768.925.103-02;1956-08-19;540;3540.54;CE;2021-09-21
8088;Esther Cassiano;249.138.675-55;1955-08-19;681;4407.53;RJ;2023-11-06
8089;Cecilia Cunha;951.623.840-89;1997-09-04;445;5286.0;GO;2024-01-02
8090;Maria Júlia Silva;487.152.306-35;1996-01-06;689;5247.79;BA;2021-08-03
8091;Arthur Miguel Pimenta;908.317.562-68;1967-11-26;619;5457.86;CE;2022-04-12
8092;Dra. Ana Laura Borges;876.410.923-22;1997-09-06;736;5132.02;BA;2024-12-08
8093;Jade Siqueira;217.538.049-14;1978-04-28;663;4797.3;PE;2022-04-04
8094;Cecilia Nunes;374.852.960-00;2000-03-26;597;4936.69;GO;2022-07-06
8095;Vitor Hugo Camargo;320.194.576-52;1993-07-15;619;5687.57;CE;2021-04-19
8096;Mirella da Rosa;573.901.264-34;1959-12-05;678;3915.83;GO;2024-06-21
8097;Luigi Aragão;750.916.283-12;2001-04-26;457;3286.28;GO;2023-10-16
8098;Yuri Fernandes;942.765.108-30;1977-01-10;839;5860.41;CE;2023-06-13
8099;Diogo Jesus;127.460.938-04;1987-06-17;595;4223.65;RJ;2021-12-17
8100;Fernando Fernandes;824.670.931-31;1957-04-01;553;4602.24;SP;2024-02-21
8101;Sr. Lucas Ribeiro;745.231.806-44;1968-04-10;788;6759.97;GO;2024-02-19
8102;Dante Aragão;947.218.530-41;1959-09-30;523;6937.23;SP;2022-12-13
8103;Ayla Garcia;073.925.861-30;1959-08-13;629;4454.78;GO;2024-12-17
8104;Maria Laura Rezende;094.783.156-84;1965-06-11;789;5842.93;MG;2021-05-11
8105;Marina Farias;902.548.731-97;1973-07-28;819;5681.36;BA;2021-05-14
8106;Maria Júlia Pastor;470.862.153-17;1983-07-01;791;6529.05;PR;2024-03-12
8107;Maria Helena da Rosa;503.418.796-57;1984-08-01;774;8093.77;PR;2021-02-26
8108;Eduardo Rezende;579.160.824-11;1986-03-31;484;5147.77;CE;2023-10-03
8109;Oliver Santos;237.089.651-59;2008-05-11;450;2552.82;SC;2024-12-13
8110;Sra. Bruna Pastor;853.160.297-12;2002-10-25;523;4687.64;MG;2023-03-23
8111;Maria Isis Viana;163.982.750-12;1994-02-16;623;4816.86;RS;2024-09-17
8112;Heloísa Aparecida;653.172.908-21;1978-06-26;637;5687.29;GO;2022-09-27
8113;Pietra Pacheco;023.894.156-60;1968-04-19;700;6694.17;PE;2024-11-28
8114;Dr. Arthur Gabriel Moura;015.473.296-61;1978-09-24;838;6682.64;PR;2022-11-08
8115;Vitor Hugo Siqueira;861.273.054-62;1994-04-05;557;5069.54;RS;2024-03-13
8116;Sr. Vinicius Azevedo;265.943.810-24;1959-01-10;482;3177.3;PE;2023-04-14
8117;Maria Laura Fogaça;658.021.974-20;1981-07-08;739;5787.87;MG;2024-01-11
8118;Sara da Paz;286.149.350-05;1965-04-24;475;2310.2;CE;2022-10-07
8119;Vitória Vieira;102.943.758-05;1986-05-05;625;6141.9;SP;2024-06-02
8120;Sr. Juan Cardoso;403.827.516-71;1979-06-11;755;6150.88;SP;2024-12-29
8121;João Pedro Pimenta;029.756.348-38;1997-01-03;850;6695.18;BA;2024-04-18
8122;Sr. Ravy Andrade;605.917.238-59;1977-07-11;603;2256.56;RJ;2021-05-26
8123;Fernando Melo;301.469.582-33;1965-04-23;566;5380.02;CE;2021-05-11
8124;Brayan Peixoto;098.513.624-33;1987-08-28;807;5625.77;PE;2023-04-28
8125;Arthur Leão;395.028.746-92;1973-06-09;675;6446.88;MG;2022-02-03
8126;Ravi Santos;740.926.153-61;2001-10-06;621;2684.72;RS;2024-05-16
8127;Murilo da Cunha;301.846.257-26;1978-08-21;649;5953.43;MG;2022-01-07
8128;Diogo Carvalho;051.624.379-99;1978-10-15;506;3793.85;SP;2024-08-22
8129;Luísa Moreira;718.045.926-76;1976-06-04;481;1277.85;GO;2021-09-02
8130;Alana Vieira;589.701.462-02;1975-04-12;743;5940.25;BA;2021-07-02
8131;Gustavo Henrique Casa Grande;024.735.861-44;1990-05-06;811;7345.32;RJ;2023-04-07
8132;Helena Pereira;657.298.130-40;1962-03-26;577;4532.82;CE;2024-12-06
8133;Olívia Garcia;607.348.192-69;1989-06-21;687;6462.88;SC;2023-04-15
8134;Luiza Fogaça;715.936.804-57;1993-04-17;658;6369.59;SC;2024-11-27
8135;Lorena Jesus;671.830.249-03;1984-03-22;584;3674.86;GO;2021-10-11
8136;Hellena Melo;382.956.470-83;2004-09-13;612;5101.18;BA;2022-01-10
8137;Brenda Sousa;845.073.961-66;1995-02-01;475;2463.28;RJ;2022-09-30
8138;Carlos Eduardo Mendes;289.013.467-96;1973-12-05;673;4977.64;BA;2021-12-30
8139;Srta. Olívia Montenegro;028.394.571-05;2000-03-02;600;4440.31;SC;2022-06-01
8140;Aurora da Mata;567.981.243-64;1990-04-05;802;7677.76;GO;2021-07-05
8141;Gael Henrique Montenegro;579.086.324-83;1975-05-23;471;3235.21;MG;2022-06-18
8142;Vinícius Andrade;472.635.089-74;1961-07-26;722;6377.94;SC;2022-02-15
8143;Sra. Anna Liz Azevedo;689.235.401-70;2005-10-08;615;3782.4;RS;2022-12-21
8144;Cecília Rodrigues;087.429.536-00;1978-04-16;538;3787.23;RJ;2022-11-27
8145;Maria Júlia Ribeiro;216.943.087-31;1973-03-16;653;6927.73;GO;2021-07-12
8146;Bruno Cavalcante;120.789.645-49;2004-06-19;537;3269.96;PE;2022-06-12
8147;Benício Costa;604.953.218-42;1972-03-02;606;5879.74;SP;2024-05-26
8148;Dr. Henry Macedo;415.372.896-91;1964-10-29;446;5021.63;SP;2024-02-15
8149;Hellena Novais;315.479.680-01;1972-09-24;599;4057.68;SP;2024-10-30
8150;Mathias Albuquerque;175.862.340-35;1957-02-26;427;4122.52;BA;2021-07-15
8151;Isadora Castro;453.876.021-80;1997-05-22;599;4962.71;MG;2021-01-04
8152;Sra. Bárbara Correia;475.916.302-61;1972-05-01;511;3768.9;PE;2021-01-26
8153;Pedro Henrique Pastor;862.305.194-70;1990-09-17;561;4387.41;SP;2022-11-01
8154;Ana Carolina Viana;275.398.146-91;1992-03-04;539;2777.82;SC;2022-09-20
8155;Sra. Kamilly da Conceição;037.159.642-43;1967-10-22;850;5436.6;SP;2024-03-09
8156;Ester Moraes;028.641.937-87;1986-01-14;641;3355.97;CE;2023-02-07
8157;Isabel Rezende;362.814.795-64;1971-02-04;380;3137.83;RJ;2021-12-20
8158;Dr. Vicente Guerra;543.069.187-93;1960-07-03;640;6381.5;RS;2024-07-27
8159;Leandro Borges;385.674.901-20;1989-11-20;667;5186.19;CE;2023-10-18
8160;Gustavo Henrique Nunes;968.215.703-02;1977-11-10;506;5547.01;MG;2024-01-02
8161;Davi Lucas Pimenta;613.789.245-09;1967-01-05;731;4601.67;RS;2022-12-09
8162;Cauã Fogaça;431.950.786-00;1983-04-20;624;5136.05;RJ;2024-10-31
8163;Ayla Albuquerque;603.948.271-04;1976-07-30;578;5395.85;MG;2024-05-13
8164;Joana Alves;703.412.589-97;1981-01-21;719;5561.51;BA;2024-03-21
8165;João Lucas Dias;164.597.203-80;1991-11-15;586;6186.96;MG;2023-06-22
8166;Antonella Nogueira;874.106.329-50;2000-05-10;731;5920.36;MG;2023-11-06
8167;Maria Cecília Ribeiro;058.369.274-56;1971-10-16;424;3736.0;MG;2023-07-01
8168;Maria Júlia da Rocha;316.587.409-39;1980-03-15;703;2869.48;SP;2024-06-28
8169;Srta. Maria Vitória Cirino;873.640.925-10;2002-10-01;650;4783.31;SP;2024-01-06
8170;Fernanda Azevedo;921.406.853-42;1968-03-03;593;3836.62;RJ;2022-10-01
8171;Sr. Liam Albuquerque;327.085.614-80;1966-06-15;602;6207.99;PR;2021-08-09
8172;Srta. Cecília Souza;405.972.316-99;1956-04-20;566;5493.57;BA;2024-10-30
8173;Maria Alice Campos;075.492.136-07;2002-11-14;523;4942.76;MG;2024-04-23
8174;Asafe da Cunha;063.714.895-93;1979-07-23;620;5312.02;PE;2021-12-09
8175;Levi Vargas;501.493.862-06;2000-04-12;620;5601.63;RJ;2023-10-17
8176;Srta. Zoe Novais;793.562.814-91;2003-03-03;311;1068.17;RS;2024-05-20
8177;João Guilherme Aparecida;620.584.931-33;1973-10-24;670;3316.46;MG;2024-06-09
8178;Daniel da Luz;427.695.183-64;1993-12-18;556;4393.66;BA;2023-07-21
8179;Rodrigo Brito;136.798.042-96;1962-04-30;520;3468.44;PE;2023-03-08
8180;Sofia da Cunha;302.451.897-50;1989-07-16;652;6225.29;GO;2021-08-27
8181;Dr. Henry Gabriel Rocha;324.169.870-03;1981-03-14;504;3456.94;PE;2021-05-15
8182;João Vitor Casa Grande;536.049.827-74;1957-06-24;532;1834.62;BA;2022-05-20
8183;Vinicius Fogaça;379.852.460-29;1995-01-09;637;6030.72;BA;2021-10-17
8184;Cecília Correia;065.382.971-02;1976-08-30;741;5057.23;RS;2023-10-03
8185;Stella Cavalcante;492.308.571-14;1965-08-23;469;3773.61;RS;2023-04-08
8186;Hadassa Souza;063.529.178-95;1989-06-11;719;5906.85;SP;2023-01-04
8187;Vitor Hugo Costa;816.794.203-13;2002-11-03;654;6373.83;SP;2023-09-11
8188;Dr. Asafe Porto;520.974.863-47;1973-05-09;531;4028.03;CE;2021-07-22
8189;Eloah da Rosa;975.608.243-74;1958-05-24;816;6331.19;PE;2021-07-06
8190;Henry Santos;716.340.852-80;1985-06-11;467;3066.64;BA;2023-12-16
8191;Vicente Siqueira;325.781.069-59;2004-06-06;507;4413.16;CE;2024-03-23
8192;Gustavo Henrique Novaes;570.123.694-34;1969-08-13;512;4367.03;PE;2023-12-05
8193;Eloá Nogueira;406.851.279-58;1984-09-02;531;2124.62;SC;2024-01-24
8194;Olívia da Luz;259.034.871-14;2003-12-21;656;5396.46;RS;2022-08-02
8195;Emanuella Ramos;150.294.837-05;2007-09-11;682;4783.01;BA;2021-10-05
8196;Davi Pereira;592.416.037-80;1962-09-01;526;4609.47;GO;2022-02-10
8197;Sra. Isabel Cunha;306.982.574-56;1966-10-06;802;6427.17;PR;2024-07-06
8198;Rael Jesus;056.137.428-71;1964-03-23;670;5038.41;SC;2023-04-08
8199;Heloísa Melo;537.901.642-16;1993-04-22;434;4439.43;SC;2023-02-12
8200;Sara da Costa;864.539.271-28;1999-09-07;729;6542.77;RJ;2023-10-02
8201;Mathias Monteiro;341.526.089-51;2001-07-12;598;5381.06;SP;2023-10-04
8202;Stephany Nunes;198.704.532-79;1989-07-03;727;7436.16;RJ;2022-10-21
8203;Ryan Camargo;601.573.984-39;2004-04-12;738;5967.82;PE;2023-09-19
8204;Sra. Pietra Cirino;596.472.138-91;1971-08-15;463;3859.66;CE;2023-03-08
8205;Luiza Moraes;361.094.872-87;1965-06-26;650;5909.03;PR;2023-10-17
8206;Natália das Neves;804.153.796-01;1988-09-06;782;6160.85;PR;2024-11-01
8207;Emanuella Brito;306.874.925-56;1981-06-18;850;5040.71;SP;2023-12-17
8208;Henry Almeida;578.416.392-28;1973-10-21;670;4561.48;SP;2022-01-21
8209;Bernardo Abreu;481.276.593-55;1973-10-03;391;2926.23;RJ;2022-09-21
8210;Lunna Carvalho;731.258.960-02;2002-12-30;445;3398.57;CE;2024-03-15
8211;Dra. Marina Nogueira;763.421.950-99;1989-11-01;624;6110.54;PE;2021-12-22
8212;Vinícius Azevedo;201.378.659-02;1996-02-20;439;4420.45;BA;2021-04-09
8213;João Lucas Freitas;790.128.543-50;1971-05-24;631;6076.85;PE;2021-02-27
8214;Alícia da Costa;284.651.039-33;1999-03-29;568;3211.76;SP;2022-09-13
8215;Henrique Lima;394.675.210-16;1986-02-10;473;2492.19;SC;2022-01-21
8216;Isadora Souza;091.856.234-15;1991-01-20;677;6892.92;BA;2024-01-07
8217;Erick Cunha;928.761.543-82;1972-03-19;552;5045.14;SP;2024-11-02
8218;Sr. Benjamim Alves;924.067.853-00;2007-01-25;437;3676.32;SC;2023-11-08
8219;Heloísa Caldeira;431.028.596-15;1973-02-22;700;4151.88;PE;2022-01-01
8220;Ana Cecília Campos;801.463.527-26;1977-05-21;595;5475.92;PE;2023-01-30
8221;Lucas Gabriel Souza;983.204.715-32;1963-12-17;300;3735.45;SP;2022-03-16
8222;Isadora Costa;859.420.167-20;2001-12-13;662;6012.73;RJ;2023-07-26
8223;Lucas Gabriel da Costa;867.392.450-29;1995-04-06;570;2837.28;MG;2022-03-30
8224;Luiz Fernando Santos;138.079.245-23;1974-04-24;684;5389.41;BA;2021-05-30
8225;Maria Liz da Cruz;863.947.102-96;1998-12-31;623;6071.61;RS;2023-10-12
8226;Ana Clara Pastor;034.152.796-34;1970-05-24;711;7609.24;RS;2024-03-15
8227;Cauã Guerra;803.652.497-00;1999-08-19;638;4412.79;CE;2021-02-01
8228;Rafael Nogueira;425.670.198-20;1981-04-17;597;5191.66;SP;2023-02-21
8229;Esther Santos;529.738.061-86;1958-12-01;741;4460.97;RS;2024-11-12
8230;Lorenzo Nascimento;609.827.531-95;1970-01-22;621;6577.54;RJ;2022-08-18
8231;Breno Abreu;867.490.312-69;1995-10-23;591;5659.01;SP;2022-05-08
8232;Dr. Raul Cirino;843.069.512-51;2008-05-19;679;6387.86;BA;2021-12-29
8233;Cecilia das Neves;854.372.609-38;1996-05-27;522;3370.6;SC;2022-04-13
8234;Felipe Marques;762.583.190-68;2006-12-19;622;3443.78;BA;2023-04-04
8235;Davi Luiz Souza;740.936.852-74;1960-03-29;587;4948.88;SP;2021-11-16
8236;Henry Gabriel Martins;351.704.926-34;1993-01-23;834;7074.72;MG;2024-05-11
8237;Brayan Campos;829.370.514-05;1970-05-09;695;6724.48;RS;2024-06-27
8238;Enrico Rodrigues;928.175.603-02;1999-01-08;504;3866.92;PR;2023-05-16
8239;Maria Julia Costa;356.098.714-84;1974-03-29;850;6720.88;CE;2024-12-25
8240;Ana Vitória Brito;904.253.876-74;1957-04-21;753;6987.74;PR;2022-02-24
8241;José Miguel Pires;146.023.587-80;1966-07-11;442;3846.48;PR;2023-04-19
8242;Kaique Pacheco;897.360.452-00;1996-08-01;637;5425.96;SP;2023-05-02
8243;Henrique Nascimento;954.807.316-10;1999-04-04;529;3115.08;SC;2023-02-12
8244;Ana Clara Campos;258.304.619-51;1997-01-18;562;4398.21;PR;2022-01-24
8245;Arthur Miguel Sales;942.150.837-88;1959-02-19;762;7913.31;GO;2022-06-04
8246;Srta. Helena Machado;576.089.231-21;1958-02-21;787;7156.19;CE;2021-01-22
8247;Heloísa Casa Grande;460.589.731-39;1977-09-29;499;3583.1;SC;2021-03-27
8248;Juan da Mota;059.743.826-92;1975-03-26;645;4527.56;GO;2021-09-21
8249;Sr. Otávio Martins;874.963.250-74;1973-11-26;689;6232.49;RS;2021-05-25
8250;Sra. Isis Siqueira;964.873.125-09;1974-12-08;684;6497.13;RJ;2021-08-25
8251;Vinícius Alves;023.784.956-92;1970-12-28;511;5020.83;MG;2023-09-28
8252;Ana Duarte;209.153.867-12;1998-12-18;536;3347.06;RJ;2022-01-11
8253;Dra. Ana Pacheco;489.175.026-01;1991-08-11;683;6679.87;PE;2022-11-02
8254;Bento Cirino;205.684.791-49;2004-02-24;678;5444.8;MG;2022-06-10
8255;Maria Luiza Macedo;302.615.789-95;1955-08-29;657;5392.43;SC;2022-08-07
8256;Bella Pinto;475.309.216-06;1997-05-10;484;2629.38;PE;2022-08-10
8257;Dr. Carlos Eduardo Sousa;673.804.219-13;1988-02-21;610;4959.86;PR;2024-03-13
8258;Emanuel Moreira;245.619.873-55;1995-12-08;621;5644.1;PR;2021-08-11
8259;Theodoro Pereira;615.782.093-40;1957-07-12;594;5314.98;RJ;2023-03-20
8260;Lara Souza;914.870.352-41;1973-04-21;602;6639.36;RS;2021-06-27
8261;Dr. Lorenzo Peixoto;025.146.738-44;2001-09-01;629;7372.72;PE;2023-10-17
8262;Josué Porto;870.635.921-30;1992-02-08;662;5082.32;RS;2021-09-18
8263;Diogo Melo;304.758.619-57;1964-03-31;512;2653.11;PE;2021-03-15
8264;Dr. Thomas Viana;573.462.089-00;1985-07-18;501;3128.39;GO;2023-09-08
8265;Aylla Costa;931.680.527-95;1979-03-07;667;4809.83;RJ;2021-08-17
8266;Arthur Gabriel Rios;350.174.926-07;1996-05-07;642;6417.98;RS;2021-03-19
8267;Benício Vargas;708.524.369-47;1966-08-22;609;6951.16;SC;2022-01-13
8268;Milena Jesus;136.409.278-69;1985-03-28;478;3673.42;RJ;2024-11-21
8269;Murilo Fonseca;041.638.752-71;1959-03-26;555;5376.51;RJ;2022-05-11
8270;Sophia Moura;549.017.382-32;1999-05-27;351;1364.88;SC;2024-06-14
8271;Maitê Fogaça;743.968.051-01;1994-04-03;607;6407.38;BA;2023-06-17
8272;Bella Moraes;364.927.158-37;2007-08-18;647;3824.45;MG;2023-06-25
8273;Yan da Cunha;258.309.167-03;1971-12-01;476;5480.99;CE;2021-03-26
8274;Pedro Miguel Monteiro;570.841.639-48;1997-02-22;545;3417.04;PE;2022-01-23
8275;Thomas da Mata;790.821.653-68;1979-11-05;797;7387.1;RS;2022-10-14
8276;Maria Luísa Duarte;286.517.940-02;1982-07-16;772;5225.96;SP;2024-03-10
8277;Dr. Erick Cardoso;703.964.285-92;2007-08-12;436;3621.17;SP;2021-11-09
8278;Sr. Arthur Miguel Pinto;058.231.974-97;2007-02-24;660;5644.6;BA;2022-05-29
8279;Ana Lima;692.758.310-68;1962-07-14;797;4642.23;MG;2022-12-19
8280;Lucca Cavalcante;956.487.130-10;1973-11-14;723;4687.37;GO;2022-02-15
8281;Dr. Erick da Mota;031.594.762-43;1991-01-05;722;5301.04;SP;2023-03-13
8282;Antônio Cunha;152.796.048-01;1971-01-04;522;3566.1;SC;2021-11-10
8283;Sr. Pedro Henrique Fogaça;476.850.391-84;1979-07-08;446;3608.43;PR;2023-11-02
8284;Manuella Nogueira;028.531.746-62;2000-11-14;527;5002.3;RJ;2022-04-07
8285;Sabrina Mendonça;936.015.284-60;2007-11-15;696;7256.16;MG;2024-07-08
8286;Emanuel Nogueira;043.162.785-17;1974-06-25;663;5824.68;RS;2022-11-19
8287;Dr. Yan da Mata;172.635.890-95;1963-07-25;788;5676.34;GO;2021-02-21
8288;Dr. Erick Marques;418.209.563-42;1982-06-04;441;3728.09;GO;2021-05-23
8289;Danilo Vargas;032.158.647-62;2002-07-20;449;6045.94;RS;2024-05-17
8290;Noah da Luz;782.603.451-53;1968-11-01;794;8515.98;PE;2022-08-13
8291;Gabriel Barbosa;963.012.578-12;1967-10-15;627;5566.57;PE;2021-11-26
8292;Valentim Pereira;798.612.450-49;1963-03-09;564;5394.92;MG;2024-01-26
8293;Maria Clara Cassiano;081.493.265-70;1978-02-13;474;1248.91;BA;2021-04-27
8294;Sr. Thiago Campos;045.982.136-98;1988-11-18;525;2744.53;RJ;2024-11-03
8295;Diogo Ribeiro;473.195.206-99;1998-10-21;797;8191.68;RJ;2023-04-20
8296;Dr. Kevin Mendes;937.046.581-20;1994-05-12;451;4899.72;PE;2023-12-31
8297;Arthur Gabriel Ramos;146.280.539-60;1979-06-22;734;4302.22;SP;2024-06-20
8298;João Miguel Cavalcante;194.756.382-37;1957-01-12;573;4003.84;MG;2022-10-21
8299;Vitor Gabriel Borges;078.265.431-26;1973-08-09;709;4443.22;BA;2021-03-20
8300;Maria Isis Porto;340.718.296-13;1981-08-15;608;4178.07;MG;2021-08-01
8301;Luara Dias;140.928.365-89;1993-10-02;676;5191.21;RS;2021-01-13
8302;Luiz Gustavo da Cunha;801.623.754-17;1985-02-17;555;4226.7;SC;2021-01-08
8303;João Felipe Casa Grande;960.247.815-20;2007-11-10;850;6383.1;CE;2021-04-30
8304;Ayla Mendonça;310.489.526-06;1971-02-19;495;4543.43;SC;2024-03-07
8305;Dra. Isadora Carvalho;437.651.802-62;1973-09-19;602;3400.77;RJ;2022-04-05
8306;Valentim Silva;015.489.276-94;1977-09-30;850;6447.52;SP;2024-02-29
8307;Isabella Barros;542.609.873-56;1985-05-24;574;4751.84;PE;2021-06-01
8308;Kamilly Cirino;391.760.254-70;1964-10-18;827;4936.25;SP;2024-08-21
8309;Caleb Oliveira;253.986.014-15;1970-02-10;653;7311.27;GO;2024-03-16
8310;Marcelo Cirino;489.065.271-01;1989-03-20;635;3844.67;SC;2022-08-02
8311;Otto Viana;937.540.186-39;2004-09-26;545;4566.88;CE;2023-03-04
8312;Maria Luísa da Mata;293.071.568-59;1994-08-25;779;5892.66;GO;2022-05-02
8313;Sra. Lorena Barros;042.693.587-00;1994-12-23;719;4316.63;GO;2024-06-08
8314;Cauã Freitas;841.567.023-08;1995-06-07;446;3085.2;PR;2022-12-08
8315;Kevin Montenegro;932.184.576-37;1977-04-07;792;6404.87;GO;2023-09-09
8316;Maria Laura Cassiano;647.152.938-46;2005-05-11;654;5510.08;MG;2023-07-20
8317;Arthur Gabriel Cavalcante;165.309.287-40;2006-07-25;753;5413.78;PE;2023-01-08
8318;Lunna da Conceição;652.493.087-83;1960-10-23;702;4785.12;RS;2021-10-23
8319;Alana da Costa;456.980.127-76;1962-05-25;850;5999.61;PR;2024-07-28
8320;Henry da Costa;395.246.170-99;1966-04-02;514;4661.67;MG;2023-03-07
8321;Ana Cecília Macedo;094.126.537-43;1969-01-04;629;5358.85;PR;2021-11-25
8322;Antony Andrade;653.184.927-46;1962-05-10;647;4085.61;BA;2021-02-12
8323;Vitor Hugo Peixoto;185.340.927-88;1960-10-31;813;7397.54;SC;2022-09-07
8324;Alexia Sampaio;489.627.501-20;1983-06-09;783;5735.67;MG;2021-03-29
8325;Ana Carolina da Rocha;193.748.260-03;2004-05-12;669;5549.37;GO;2023-04-21
8326;Isis Sales;210.867.495-02;1998-05-19;755;7200.25;PE;2022-04-10
8327;Arthur Miguel Moura;628.735.491-73;1961-03-27;643;3626.05;SC;2021-09-14
8328;Mariana Pimenta;856.430.127-07;1986-09-03;833;7219.99;BA;2022-03-03
8329;Dr. Fernando da Costa;091.735.486-93;2006-05-22;546;4774.54;SC;2023-05-13
8330;Julia Pacheco;462.985.301-42;1974-08-23;438;4559.35;SC;2023-08-02
8331;Dra. Antonella Oliveira;521.804.967-02;1984-08-22;443;3323.17;GO;2023-06-29
8332;Vitor Sousa;895.436.172-28;1997-12-16;649;6230.84;SC;2023-08-08
8333;José Pedro Azevedo;964.312.750-80;1985-01-14;632;5690.96;BA;2022-11-23
8334;Juan Silveira;341.895.027-23;1984-11-30;616;4895.81;BA;2024-09-24
8335;Sr. Davi Miguel Pereira;492.751.360-25;1959-01-20;630;4850.94;SC;2021-09-30
8336;Dr. João Freitas;931.586.740-84;1978-03-19;417;2567.68;PE;2022-02-26
8337;Henrique Silva;365.820.491-51;1994-11-08;649;4942.88;RS;2022-03-21
8338;Joana Sousa;179.486.052-58;1991-07-01;601;4484.65;RS;2024-03-10
8339;Leandro Campos;071.249.865-67;1969-11-11;516;3634.9;RS;2024-09-12
8340;Nina Lima;879.231.506-21;1981-10-27;583;4669.14;CE;2023-01-15
8341;Dra. Fernanda Costa;706.351.298-68;1985-11-04;667;5155.45;GO;2024-01-28
8342;Renan Souza;381.970.246-69;1998-06-08;496;2569.92;SC;2023-02-07
8343;Yasmin Machado;865.120.974-67;1979-01-14;850;5670.18;PR;2022-03-14
8344;Danilo Ramos;357.218.946-28;1987-01-19;557;4973.0;SC;2021-10-17
8345;Maria Cecília Machado;027.183.456-08;1981-05-10;663;5824.87;GO;2021-08-11
8346;Isabela Fogaça;813.479.652-46;1984-11-20;566;4766.56;PE;2024-08-28
8347;Milena Moura;635.408.917-57;2007-09-05;627;4703.87;GO;2022-09-08
8348;Caroline da Cunha;917.250.843-41;2006-03-23;649;6247.37;CE;2023-04-25
8349;Kaique Marques;028.597.613-30;1992-08-08;617;4920.45;SP;2022-02-13
8350;Heitor Pinto;892.314.765-64;1988-07-04;748;6945.36;RS;2022-11-23
8351;João Miguel Alves;160.782.543-08;1959-02-13;810;4723.77;PE;2021-11-17
8352;Sr. Rafael Jesus;721.605.439-34;1964-02-17;728;6425.58;SC;2023-11-26
8353;Allana da Cunha;273.158.496-37;1967-05-20;513;4355.59;SC;2022-01-05
8354;Ana Luiza da Mata;350.861.729-77;1959-01-29;746;5138.84;GO;2021-02-18
8355;Luna Ferreira;085.796.142-01;1992-10-29;673;6255.35;RS;2023-03-02
8356;Ana Júlia Sampaio;846.312.079-22;2005-07-25;491;3785.71;CE;2024-09-28
8357;Bento Nascimento;690.287.431-03;1987-03-13;656;4451.87;MG;2022-07-14
8358;Ísis Lima;076.192.435-34;2006-08-18;514;3976.96;CE;2021-11-16
8359;Enrico Monteiro;830.219.467-04;2003-10-26;716;6371.73;SC;2024-03-23
8360;Vitor Gabriel Barros;963.741.250-61;2006-02-01;516;4780.17;RS;2021-11-05
8361;Dra. Milena Brito;304.915.678-39;1963-02-14;519;2541.83;SC;2022-10-11
8362;Elisa Macedo;254.709.361-80;2003-11-09;575;5722.97;GO;2022-05-19
8363;Sra. Maria Luiza Caldeira;208.145.376-26;1996-04-07;698;5582.43;MG;2023-09-24
8364;Srta. Mariah Rios;346.879.150-00;1996-06-07;569;4162.24;BA;2024-06-04
8365;Dr. Felipe Monteiro;764.302.918-04;1974-08-08;633;3995.56;CE;2023-12-23
8366;Olívia Teixeira;076.542.983-74;1997-10-29;578;4408.43;SP;2024-10-16
8367;Nicole Vieira;302.651.874-35;1955-07-27;457;2817.55;RJ;2021-05-14
8368;Luara Rezende;527.496.381-19;1989-12-01;669;5361.51;RJ;2021-02-13
8369;Luiz Otávio Araújo;754.893.210-32;1958-12-31;582;3744.57;SP;2021-04-19
8370;Isabelly Farias;173.625.480-44;1956-07-03;809;5634.02;BA;2021-07-04
8371;Sara Montenegro;854.390.216-98;2006-10-04;650;4712.13;BA;2023-01-01
8372;Maria Fernanda Aragão;856.034.917-01;1996-08-12;624;5449.61;RS;2021-11-05
8373;Bárbara Monteiro;281.763.950-21;1959-01-23;455;3633.38;RS;2022-09-22
8374;Theodoro da Luz;048.215.369-51;1959-03-11;762;7857.5;RJ;2023-01-14
8375;Maysa da Costa;869.405.372-10;1999-08-06;604;4873.68;CE;2022-10-09
8376;Pedro Miguel Leão;462.513.890-60;1995-03-18;850;7934.92;CE;2023-07-04
8377;Ana Sophia Macedo;583.961.047-00;2007-10-10;545;3741.02;GO;2022-11-25
8378;Sara das Neves;683.270.459-38;2000-12-29;734;4860.96;MG;2022-08-17
8379;Dr. Rael Pereira;734.210.986-03;1974-08-16;750;6334.3;PR;2021-07-27
8380;Clarice Jesus;074.398.152-97;1992-02-25;682;5199.27;PE;2021-11-24
8381;Cauê Fernandes;105.468.923-70;1973-05-28;544;5813.99;MG;2021-12-01
8382;Maria Alice Costa;738.052.916-12;1994-03-29;590;4309.06;SC;2021-08-31
8383;Ravi Lucca Melo;726.853.490-65;1997-09-01;610;5073.02;PE;2024-06-20
8384;Agatha Ferreira;948.063.157-10;1967-09-17;496;3403.13;SC;2021-11-21
8385;Eduarda Cassiano;439.175.628-55;1985-08-13;545;5205.28;PE;2024-02-06
8386;Caio Albuquerque;508.137.469-57;1973-09-12;513;2348.23;GO;2024-12-04
8387;Sr. Arthur Miguel Pastor;791.043.685-84;1959-03-30;383;1593.62;PR;2024-11-14
8388;Ana Lívia Farias;516.723.849-82;2003-05-09;783;6280.21;RS;2021-08-21
8389;Sra. Isadora Barros;652.183.749-46;1991-11-17;680;5976.49;MG;2023-07-01
8390;Theo Cavalcante;268.951.730-21;1965-11-28;626;4933.22;RJ;2021-03-22
8391;Alana Pinto;928.364.015-24;1991-11-13;745;6106.0;MG;2023-02-20
8392;José Pedro Duarte;476.912.830-40;2007-12-22;787;6916.83;GO;2023-02-16
8393;Sr. João Vitor Pimenta;169.853.720-40;1963-05-10;545;3862.87;GO;2021-12-16
8394;Pedro Miguel Macedo;645.907.832-74;1956-05-12;532;5473.55;SP;2024-04-15
8395;Luísa Cunha;685.172.394-82;1956-10-08;571;3769.53;BA;2023-06-23
8396;Pedro Miguel da Conceição;759.823.064-10;1980-06-08;658;5166.83;CE;2024-03-17
8397;Pedro Miguel Machado;395.641.270-25;1989-08-14;655;7129.81;MG;2023-07-06
8398;Bryan Lopes;230.978.465-65;1959-05-17;729;5859.01;SP;2023-10-05
8399;Stella Martins;741.620.598-02;1974-04-10;450;3100.04;CE;2022-12-06
8400;Dra. Maria Cecília Martins;071.253.849-60;1964-12-21;705;4468.96;BA;2021-06-24
8401;Isaac Porto;189.546.072-76;1966-02-23;850;6814.42;BA;2021-05-22
8402;Agatha da Cruz;734.609.251-16;2002-05-17;625;4333.35;MG;2021-10-04
8403;Ana Beatriz Sousa;896.237.015-86;1969-04-16;679;4274.0;CE;2022-09-07
8404;Luísa Vargas;926.741.385-64;1999-07-14;850;8117.35;SC;2021-11-03
8405;Bento da Costa;812.645.790-20;2003-08-03;738;4513.57;RJ;2024-10-01
8406;Olivia Camargo;305.746.892-65;1983-06-13;644;6361.09;RS;2024-07-22
8407;Mirella da Rosa;716.309.452-34;1975-12-10;691;4525.89;BA;2022-08-22
8408;Beatriz da Rocha;812.465.709-20;1985-08-31;541;3876.06;RJ;2022-12-28
8409;Luigi Abreu;902.746.831-13;1989-08-13;547;5904.78;CE;2023-10-11
8410;Enzo Gabriel Abreu;482.579.361-46;1975-07-17;389;3767.92;SP;2024-06-27
8411;Rafael Rocha;207.468.953-56;2007-11-25;464;2750.75;CE;2023-05-06
8412;João da Paz;806.319.245-15;1995-01-20;378;2474.95;MG;2023-01-18
8413;Benício Rodrigues;728.461.935-09;1972-12-03;801;6672.82;PR;2022-01-29
8414;Júlia Ramos;593.062.481-05;2004-03-09;476;4825.15;PE;2022-07-28
8415;Antonella Moraes;872.901.643-69;2003-01-03;767;6240.05;PE;2021-02-18
8416;Dra. Jade Ferreira;052.476.819-67;1999-07-02;850;7621.56;GO;2022-10-15
8417;Bruno Alves;789.426.530-65;1983-12-25;701;4804.62;MG;2021-04-17
8418;Marina Nascimento;239.150.784-41;1985-06-10;695;5776.79;RS;2024-12-05
8419;Luna Fonseca;128.973.540-97;2007-04-26;682;4771.41;PR;2022-06-23
8420;Enzo Gabriel Moura;457.862.091-30;2005-06-29;635;4263.14;GO;2023-06-06
8421;Agatha Câmara;241.378.095-50;1998-07-06;362;3894.3;BA;2021-03-24
8422;Joana Sá;109.452.387-97;1960-06-12;439;3619.19;PR;2024-09-06
8423;Esther Caldeira;574.398.102-79;1981-08-03;659;5598.56;GO;2024-09-12
8424;Matheus Farias;657.813.429-82;2000-01-18;586;4959.21;RJ;2022-11-13
8425;Julia Sales;572.601.389-12;1957-08-27;676;6142.96;PE;2021-03-06
8426;Maria Isis Brito;159.378.246-28;1973-02-05;828;6858.19;MG;2024-07-02
8427;Juliana Correia;947.085.623-65;1965-11-20;627;4109.27;SP;2024-03-20
8428;Dr. Yago Porto;067.915.834-01;1988-08-30;672;6043.38;SP;2022-09-12
8429;Maria Sophia Borges;659.802.473-00;1974-10-17;596;5312.61;SC;2022-02-13
8430;Eduarda da Costa;615.273.084-80;2006-09-07;584;5342.99;GO;2023-02-18
8431;Ana Vitória Mendonça;603.584.279-83;1961-05-04;729;6730.63;SC;2021-03-15
8432;Maria Liz Ramos;439.718.526-37;1955-09-25;634;4032.03;PR;2024-11-28
8433;Ágatha Ferreira;976.341.025-80;1970-05-20;546;4963.16;SC;2022-11-19
8434;Ana Vitória Ramos;970.384.265-83;1959-10-12;850;6459.28;BA;2023-11-16
8435;Benjamim Pereira;912.367.508-02;1974-09-11;674;4835.95;SC;2023-04-14
8436;Sr. Davi Luiz das Neves;392.045.176-70;1990-10-22;503;3347.68;BA;2021-09-29
8437;Sr. Noah Abreu;356.420.971-99;1972-09-17;370;4313.44;BA;2022-06-20
8438;Lavínia Porto;069.185.432-70;1984-01-20;352;2552.17;PE;2022-01-31
8439;Jade Gomes;589.612.074-58;1974-03-03;478;2939.62;GO;2022-07-31
8440;Sr. Rafael da Cunha;567.149.320-06;1957-03-19;785;6481.07;PR;2021-06-20
8441;Luigi Campos;120.837.594-60;1969-10-01;504;3442.48;GO;2024-10-07
8442;Hadassa da Rosa;716.582.940-76;1974-04-03;528;4180.45;RJ;2024-09-26
8443;Isabella Rodrigues;372.519.860-86;2002-11-29;640;7015.57;BA;2023-11-09
8444;Hadassa Cunha;512.698.347-46;1970-07-07;390;3085.19;RJ;2021-02-17
8445;Kaique Pimenta;572.368.149-46;1960-02-06;582;5602.55;MG;2021-08-08
8446;Juan Mendes;087.321.459-50;1969-07-28;662;5886.36;RS;2021-06-02
8447;Nina Pimenta;930.712.684-40;1961-01-02;661;4356.01;MG;2023-02-04
8448;Asafe Nunes;512.438.607-07;1957-10-13;765;6918.5;RJ;2021-11-12
8449;Breno Gomes;817.240.359-32;1995-02-05;729;7096.05;CE;2022-05-01
8450;Liam Silva;036.782.154-08;1967-06-28;670;6840.99;RJ;2021-06-04
8451;Dr. Emanuel Aparecida;036.972.845-92;2002-05-14;665;5100.94;SP;2021-01-28
8452;Antônio Caldeira;682.459.173-46;1999-04-10;619;4928.16;BA;2024-06-18
8453;Vitor Gabriel Moraes;179.360.548-39;1958-01-21;557;6087.89;RJ;2021-11-16
8454;André Martins;603.978.245-56;1970-10-06;655;5334.74;CE;2024-07-06
8455;Cauê Campos;596.721.483-64;1969-01-03;666;8307.85;GO;2024-07-16
8456;Sophia Nogueira;051.986.437-93;2002-02-21;484;3026.96;BA;2024-09-23
8457;Dante Pacheco;672.509.138-59;1956-10-14;454;3399.4;RJ;2024-06-08
8458;Helena Dias;804.627.359-74;1981-04-30;649;4726.68;RJ;2021-04-26
8459;Srta. Júlia Moreira;159.706.824-11;1957-12-31;555;4582.4;MG;2022-02-13
8460;Nina Montenegro;180.943.762-87;1956-03-25;559;4782.18;RJ;2022-01-16
8461;Luiz Otávio Gomes;325.089.167-30;1981-07-25;753;6701.03;RJ;2021-07-07
8462;Srta. Evelyn Fogaça;705.128.396-03;2002-11-30;725;6885.92;SP;2023-06-06
8463;Sr. Theodoro Teixeira;158.427.609-67;1960-04-13;653;5065.36;RS;2022-03-07
8464;Dr. Pedro Lucas Montenegro;821.436.597-09;1988-10-17;527;3824.82;SP;2021-06-12
8465;Emilly Moreira;345.980.627-38;1999-09-17;557;5187.67;SC;2022-10-19
8466;Erick Campos;519.038.647-39;1977-08-24;661;5984.76;PE;2022-01-30
8467;Ana Beatriz Ramos;934.057.186-00;1977-12-30;480;5271.75;GO;2022-02-09
8468;Sr. Henry Gabriel Camargo;485.091.263-05;1979-07-10;568;3443.98;GO;2024-05-24
8469;Lucas Gonçalves;710.249.385-14;2000-08-26;567;7019.77;MG;2023-08-19
8470;Diogo das Neves;527.196.480-94;1985-05-16;573;4258.9;PR;2024-10-16
8471;Calebe Almeida;170.358.469-48;1971-05-29;596;4619.38;CE;2021-05-06
8472;Bryan Silveira;846.751.039-01;2001-12-28;526;4351.21;GO;2022-01-14
8473;Srta. Sophia Correia;543.908.672-29;1965-07-06;749;6306.29;PE;2021-01-13
8474;Emanuelly Oliveira;789.530.642-10;1996-01-24;486;3543.65;RJ;2021-12-27
8475;João Miguel Freitas;430.521.689-24;1998-10-05;553;4476.94;RS;2022-06-24
8476;Davi Miguel Alves;542.630.819-51;1965-09-27;779;6083.12;MG;2024-01-16
8477;Ísis da Rosa;708.214.593-41;1978-10-04;609;6649.64;CE;2022-01-23
8478;Lucas da Luz;285.960.374-38;1975-01-23;725;6374.08;RJ;2024-12-10
8479;Sr. Ravy Novaes;734.291.685-46;1999-10-09;850;7289.81;RJ;2022-01-21
8480;Dr. Vicente Sampaio;349.718.625-28;1970-09-11;381;3880.67;MG;2022-10-21
8481;Bruna Ferreira;049.762.358-74;1988-04-12;428;3876.01;RS;2021-11-29
8482;Heloisa Gomes;483.902.176-78;1972-09-25;414;2845.14;SC;2024-07-25
8483;Gustavo Viana;589.206.714-94;2001-07-22;576;3837.88;CE;2022-08-31
8484;Alexia Sousa;791.568.340-39;1957-12-23;578;5656.56;CE;2023-04-25
8485;Alexandre Albuquerque;139.687.054-75;1964-02-21;534;4817.14;PE;2024-08-04
8486;Eloah Casa Grande;408.617.295-01;1998-04-07;504;3842.5;PR;2022-03-23
8487;Maria Laura da Rosa;089.453.671-01;2002-07-01;658;4267.47;SC;2022-05-29
8488;Nicolas Pastor;672.830.149-69;1966-11-10;462;4187.88;BA;2022-05-09
8489;Mateus Cassiano;203.541.876-35;1963-02-09;754;5952.93;PE;2021-01-15
8490;Isabel da Cunha;219.834.756-37;1976-03-26;565;4675.68;PR;2022-07-31
8491;Isaque Rocha;829.536.407-38;1993-05-24;626;5250.9;MG;2021-05-13
8492;Luiz Felipe Andrade;062.534.917-25;1973-11-13;316;1458.9;SP;2021-05-09
8493;Cecilia Sampaio;072.416.853-26;2002-12-08;518;4294.87;GO;2022-12-06
8494;Diogo Rios;763.804.921-78;1990-11-06;642;5772.18;SP;2024-06-23
8495;Sr. Calebe Mendonça;762.081.453-17;1990-07-30;650;3899.26;SC;2021-06-13
8496;Antony Costela;690.345.718-66;1996-12-30;793;7615.92;GO;2021-01-25
8497;Oliver Mendonça;523.967.018-86;1983-05-05;469;4084.71;RJ;2022-10-15
8498;Anna Liz Cavalcanti;493.271.856-09;1985-04-06;548;4522.86;CE;2023-01-11
8499;Ryan Montenegro;142.596.387-00;2002-07-24;746;8098.1;CE;2024-10-20
8500;Lucas Alves;589.673.412-37;1975-02-03;710;5974.93;RJ;2024-03-11
8501;Vitor Gabriel Gomes;264.130.897-50;1974-12-17;579;4814.13;PR;2022-10-16
8502;Valentim Vasconcelos;279.504.316-52;1967-09-08;783;6219.29;GO;2023-01-04
8503;Srta. Aurora da Luz;576.238.149-82;1989-12-14;513;2484.31;GO;2023-01-29
8504;João Pedro Nascimento;075.462.139-16;1994-07-30;681;5695.29;GO;2022-09-07
8505;Thales Vieira;560.937.214-34;2000-12-06;542;5362.01;GO;2022-10-04
8506;Pedro Henrique Casa Grande;690.514.372-34;2006-12-29;569;4417.36;PE;2022-01-25
8507;Sr. Benício Silveira;013.679.825-02;2002-10-16;618;4593.05;RS;2024-04-17
8508;Elisa Freitas;167.845.302-17;2006-05-27;648;6335.52;MG;2021-03-29
8509;Cauã Ferreira;648.217.095-11;1965-05-15;482;4344.52;BA;2023-04-20
8510;Natália da Luz;218.459.367-28;1982-08-18;640;5273.76;GO;2023-08-04
8511;Agatha da Mata;623.475.180-62;1967-09-08;724;5841.3;BA;2023-04-06
8512;Catarina Montenegro;240.385.769-65;1972-05-11;677;6131.86;GO;2023-08-10
8513;Srta. Maria Julia Marques;120.768.394-96;1977-01-02;559;4771.18;GO;2021-11-09
8514;Guilherme Guerra;018.653.249-06;1968-12-05;589;4579.32;MG;2023-03-01
8515;Carlos Eduardo Campos;517.840.329-05;1977-05-12;581;5119.08;SC;2021-02-20
8516;Breno Novaes;730.192.564-61;1974-06-08;629;5426.54;MG;2022-10-11
8517;Enrico Sampaio;683.527.109-40;1980-07-20;617;3331.88;SC;2024-07-18
8518;Sr. Heitor Guerra;647.328.195-91;1992-11-11;623;5047.54;MG;2023-03-30
8519;Enrico Nunes;028.471.369-40;2002-06-07;649;4598.27;BA;2021-01-29
8520;João Silva;792.046.381-50;1984-01-12;476;4432.61;SC;2024-09-17
8521;Luan Albuquerque;479.685.130-57;1985-01-15;587;4867.24;MG;2021-11-06
8522;Isaac Jesus;803.472.195-60;1966-11-12;586;4681.94;CE;2022-01-12
8523;Rebeca Macedo;420.637.198-96;1985-07-22;566;3559.92;RS;2021-07-14
8524;Luísa Sales;160.829.345-98;1983-03-15;676;4804.88;SP;2023-03-13
8525;Bryan Câmara;187.493.065-10;1987-05-13;639;5522.46;GO;2021-11-03
8526;Emanuella Andrade;496.758.123-46;1970-12-08;549;3188.11;PR;2022-11-22
8527;Antony Vasconcelos;285.346.901-89;1965-08-13;850;6272.23;RS;2021-02-14
8528;Pietro Souza;631.954.028-15;1995-08-28;694;7491.46;GO;2023-03-15
8529;Sr. Valentim Macedo;681.905.274-01;1978-10-05;714;5411.56;MG;2022-09-14
8530;Alexia Machado;947.568.231-73;1999-04-26;611;4055.39;PE;2022-07-23
8531;Levi Cirino;782.695.031-77;1994-01-19;725;6366.27;RS;2022-01-25
8532;Joaquim Rezende;521.768.043-17;2001-02-06;558;3421.83;GO;2024-05-27
8533;Emanuel Ferreira;759.106.832-68;2003-12-25;461;4674.51;GO;2023-06-06
8534;Rafael Sousa;267.084.139-22;1966-03-07;634;5286.98;SC;2021-11-24
8535;Valentina Pinto;423.815.690-06;2004-01-28;521;2704.5;GO;2024-09-25
8536;Olívia das Neves;594.813.706-66;1990-08-18;735;5922.04;SP;2022-12-25
8537;Guilherme Ferreira;432.906.817-69;2000-05-23;728;5438.07;RJ;2021-05-18
8538;Yago Pimenta;613.549.087-75;1971-12-29;591;5441.3;BA;2024-12-16
8539;Sra. Sophia Sampaio;827.936.014-03;1962-04-02;707;6453.57;GO;2024-05-29
8540;Maria Isis Santos;145.896.073-01;1960-11-21;584;5286.55;PR;2021-10-17
8541;Arthur Pacheco;192.756.483-28;1970-03-02;753;5919.23;RS;2023-11-29
8542;Pedro Miguel Cassiano;456.980.132-33;1985-06-27;558;5806.75;GO;2022-03-20
8543;Kaique Mendonça;926.380.157-68;1957-09-09;541;4957.48;SC;2023-10-02
8544;Emanuella Pires;123.658.790-12;2002-07-08;612;3054.43;SP;2022-09-23
8545;Dra. Ana Julia Camargo;215.408.936-42;1972-05-22;755;3282.15;MG;2022-11-25
8546;Pedro Costa;653.042.179-34;1989-11-28;381;3575.33;PR;2024-11-01
8547;Laís Fogaça;564.981.307-84;1969-02-05;683;4826.42;CE;2023-05-29
8548;Benjamim Barbosa;632.791.805-03;1987-03-16;637;2564.57;CE;2021-09-07
8549;Maya Rodrigues;720.698.415-02;1958-05-28;704;5881.73;CE;2021-09-23
8550;Carolina Araújo;196.273.850-77;1955-11-26;614;4932.84;PE;2022-08-01
8551;Lorenzo Novaes;842.703.915-88;2003-03-29;679;5403.1;BA;2023-02-04
8552;Lívia Machado;720.843.591-04;1978-09-28;395;5356.33;MG;2023-01-27
8553;João Guilherme Ramos;547.189.062-02;1958-10-18;764;4827.06;CE;2023-08-28
8554;Bernardo Andrade;742.896.035-56;1974-06-26;578;4387.97;RJ;2021-02-06
8555;Ana Sophia Araújo;246.791.503-43;1989-09-08;749;3832.73;GO;2023-01-28
8556;Júlia Borges;306.589.124-70;1982-11-18;560;2719.36;SC;2022-05-20
8557;Sr. Diego Pacheco;942.063.175-34;1970-04-14;585;4207.5;RS;2022-10-31
8558;Clarice da Cruz;689.350.471-39;1991-07-03;629;4427.13;RS;2022-10-03
8559;Yasmin Pacheco;743.926.581-55;1974-12-03;529;4851.66;GO;2022-07-29
8560;Anna Liz Pires;329.561.478-46;1969-05-24;674;5943.4;PE;2022-11-29
8561;Maria Cavalcanti;863.094.127-87;2002-04-18;598;4212.26;CE;2022-11-10
8562;Luan Martins;234.571.609-61;1993-08-17;605;5341.16;RS;2021-09-18
8563;Guilherme Alves;976.328.504-65;1962-08-01;358;3258.11;BA;2024-07-19
8564;Marcela Azevedo;106.982.435-60;1985-11-11;657;5318.15;CE;2022-04-14
8565;Antony Rios;450.798.162-01;1990-12-11;602;2249.88;CE;2024-06-02
8566;Brenda Souza;830.692.745-10;1983-12-17;567;6325.44;RS;2022-05-26
8567;Calebe Sousa;401.396.257-80;1976-12-14;621;4660.71;GO;2024-02-28
8568;Ana Beatriz Pereira;723.801.564-17;1975-03-23;622;5330.77;GO;2021-02-09
8569;João Guilherme Gomes;645.173.980-48;1996-03-25;699;5363.12;BA;2023-11-13
8570;Antony Costa;249.850.763-92;1979-11-13;670;7036.65;RJ;2023-02-26
8571;Milena Sá;549.687.310-00;2000-06-13;740;8260.3;MG;2024-07-01
8572;Luara Cardoso;804.521.967-01;1977-12-01;541;6004.19;BA;2021-06-16
8573;Sra. Luana Garcia;078.312.496-13;1982-08-06;525;4553.57;PE;2023-10-03
8574;Maria Julia Duarte;165.972.034-61;2003-05-04;707;5145.22;GO;2024-05-19
8575;Ana Cecília Alves;746.502.891-49;2007-07-29;630;5950.46;PR;2021-05-18
8576;Dr. Gael Ribeiro;936.120.748-22;1959-01-27;534;5941.38;GO;2023-03-09
8577;Luan Silveira;987.624.510-49;2000-03-11;453;5563.69;RS;2022-07-20
8578;Dr. Kevin Moraes;643.285.170-07;2003-05-02;740;5830.27;MG;2023-01-16
8579;Maria Cecília Costela;417.239.580-50;1999-09-15;571;4060.97;SP;2023-08-29
8580;Cauã Oliveira;701.356.428-17;2000-06-04;603;4775.5;RS;2022-04-03
8581;Gustavo da Luz;658.723.190-02;1982-09-05;770;8128.65;SP;2022-11-02
8582;Raquel Farias;932.746.510-52;2000-09-02;643;4298.37;BA;2024-06-25
8583;Isaque Jesus;436.190.852-42;1993-11-14;554;4248.91;GO;2024-02-25
8584;José Miguel Fonseca;706.583.421-26;1970-09-27;496;2789.06;MG;2022-07-13
8585;João Vitor Mendonça;016.798.532-95;2001-02-20;850;7102.61;BA;2023-09-20
8586;Miguel Viana;697.852.304-65;1978-04-07;520;4976.6;BA;2024-05-23
8587;Igor Aragão;876.023.495-47;1999-01-02;478;2727.99;PE;2022-02-14
8588;Sra. Cecília Fernandes;027.941.568-02;2004-04-10;523;5838.51;RS;2024-05-08
8589;Thiago Fogaça;057.123.468-26;1992-08-10;589;2270.29;CE;2021-09-04
8590;André Nascimento;650.187.342-80;1958-11-07;765;5813.62;PR;2021-05-05
8591;Anthony Nascimento;486.295.731-55;2007-03-12;398;2867.32;RS;2023-12-09
8592;Pedro Miguel da Rosa;713.069.452-16;1992-11-15;682;5860.05;PE;2022-08-02
8593;Larissa Casa Grande;379.280.561-86;1963-09-06;835;5827.23;RS;2023-02-10
8594;Isaque Pacheco;651.980.723-03;2006-01-14;625;4300.43;SC;2024-12-05
8595;Sra. Luísa Vasconcelos;603.752.914-07;2005-05-12;434;4357.53;SP;2022-09-03
8596;Benicio Gonçalves;789.145.630-57;1962-08-28;675;5683.68;PR;2022-02-23
8597;Sra. Maria Luiza Cardoso;496.250.871-76;2005-11-07;671;4682.53;MG;2022-08-30
8598;Ana Julia da Costa;690.731.542-43;1984-12-29;499;4029.65;SP;2021-03-01
8599;Dra. Olivia da Conceição;053.967.824-47;1956-07-31;759;7680.08;SC;2021-06-11
8600;Maria Isis Freitas;761.352.094-34;1956-04-22;715;5749.17;BA;2023-08-11
8601;Benjamim Fonseca;182.740.963-04;1959-11-23;652;5227.59;MG;2023-07-04
8602;Isabella Castro;528.763.914-73;1972-05-28;496;3992.65;SC;2024-02-12
8603;Caleb da Paz;287.105.964-02;1974-01-07;459;3547.92;MG;2024-05-01
8604;José Miguel Freitas;183.704.629-87;2007-10-12;816;7350.86;GO;2022-10-06
8605;Lucas Gabriel da Conceição;510.698.247-20;1975-05-25;509;3999.57;RJ;2022-07-15
8606;Brenda Nogueira;916.708.234-31;1965-06-24;519;4089.49;GO;2022-07-20
8607;Maria Fernanda Mendes;749.856.201-49;1985-02-19;744;6605.01;RS;2024-12-17
8608;Alícia Rezende;389.472.065-47;2007-05-11;850;7992.48;CE;2023-07-18
8609;Mariah Sá;791.256.340-70;1961-12-10;644;5829.15;PR;2021-11-30
8610;Dra. Maria Alice Farias;410.687.529-20;1996-10-28;595;3632.5;CE;2021-09-21
8611;Amanda Gonçalves;842.067.395-10;1988-05-30;776;7216.99;BA;2021-02-04
8612;Lucas Gabriel Castro;435.876.910-10;1983-04-26;591;5001.94;RJ;2021-04-18
8613;Antônio Gomes;937.214.658-73;1976-05-19;768;6990.35;BA;2024-02-06
8614;Elisa Sá;460.729.581-76;1987-03-28;444;3795.62;GO;2023-01-26
8615;Marina Farias;260.431.578-53;1999-11-01;599;5905.0;MG;2022-10-08
8616;Pedro Henrique Câmara;463.710.582-07;1969-11-28;743;7262.61;SC;2024-02-01
8617;Ana Laura Camargo;648.107.293-03;1970-02-19;485;3095.89;SP;2024-07-11
8618;Sr. Felipe Novaes;402.681.735-08;1999-06-22;753;5432.35;SC;2024-08-16
8619;Dr. Alexandre Vargas;659.701.832-02;1964-03-01;437;4028.6;BA;2023-03-22
8620;Maria Alice Ribeiro;293.810.674-22;1975-08-20;554;6221.79;MG;2022-10-31
8621;Calebe da Paz;593.762.104-25;1962-03-22;655;5400.26;CE;2021-03-12
8622;Bella Vasconcelos;319.467.520-61;1979-06-27;575;6190.84;PR;2022-10-26
8623;Alexia Moura;208.651.497-20;1976-02-01;663;4895.5;CE;2024-03-10
8624;Enrico Ribeiro;173.485.920-23;1976-04-15;524;4118.53;SP;2023-11-14
8625;Maria Flor Caldeira;273.148.695-37;1978-06-29;502;5044.88;SP;2021-09-28
8626;Emanuella Fonseca;028.763.145-17;2007-08-18;402;3076.49;GO;2021-05-11
8627;Emanuelly Farias;187.452.906-01;1968-08-27;693;5886.12;RJ;2021-10-14
8628;Benjamim Câmara;851.093.246-89;2007-07-30;533;4924.26;MG;2021-07-29
8629;Dr. Oliver Cavalcanti;013.958.742-04;1984-08-31;513;4081.62;PE;2021-12-01
8630;Alexia Viana;014.372.568-80;1973-01-31;698;6046.91;RS;2021-07-08
8631;Juliana Alves;621.578.049-94;2002-11-13;538;5501.49;BA;2023-01-02
8632;Srta. Yasmin Costa;257.194.038-41;1976-09-30;630;5783.0;BA;2021-06-16
8633;Srta. Maria Júlia Pacheco;417.653.028-62;1984-10-06;803;7541.52;SC;2022-12-05
8634;Hellena Cirino;641.705.823-90;1978-03-19;754;6224.68;RJ;2023-10-06
8635;Rhavi Camargo;795.632.480-74;1976-08-20;715;5933.6;SC;2024-01-22
8636;Levi Ferreira;906.728.341-03;1974-01-06;474;4094.74;SP;2023-12-11
8637;Alice Viana;907.541.328-97;1997-08-25;650;5783.73;SC;2024-08-07
8638;Thales Nascimento;716.392.084-96;1994-04-14;604;4070.54;SC;2024-11-23
8639;Otávio Leão;235.769.481-55;2003-10-23;698;4270.73;MG;2024-01-28
8640;Luiz Gustavo Viana;213.504.968-98;2004-11-26;795;6128.58;RJ;2022-03-01
8641;Sra. Yasmin Lima;314.687.590-00;1973-10-11;649;5750.56;GO;2021-11-22
8642;Cauã da Luz;984.257.631-00;1971-04-02;690;4111.02;RJ;2022-06-19
8643;Pedro Freitas;013.647.592-25;1988-01-08;718;6047.15;RS;2022-05-06
8644;Valentim Nascimento;632.041.587-80;1971-08-20;543;3594.33;SP;2024-08-13
8645;Maria Cecília da Cruz;872.430.951-60;2002-10-09;579;3333.26;PE;2021-02-19
8646;João Lucas Pimenta;671.234.085-35;2003-02-18;826;8094.15;SP;2024-08-09
8647;Dr. Thiago Cavalcanti;238.617.945-19;1984-01-10;674;5168.6;RS;2023-09-08
8648;João Felipe Pimenta;248.651.739-19;1976-04-25;596;5526.07;SP;2021-03-28
8649;Stella Pacheco;061.529.347-61;1981-12-22;830;6069.6;RS;2022-04-22
8650;Dra. Ana Clara Albuquerque;250.697.438-56;1989-01-25;485;5427.64;MG;2021-10-09
8651;Agatha Borges;971.062.538-12;1985-12-24;405;2231.47;PE;2022-10-17
8652;Lucas Gabriel Duarte;930.784.125-04;1969-12-26;590;3159.57;BA;2023-03-05
8653;Manuella Azevedo;530.246.189-70;1995-08-31;753;6880.91;SC;2021-02-09
8654;Valentim Silveira;316.520.748-80;1979-12-03;551;5687.61;PE;2022-08-17
8655;Maria Júlia Garcia;381.742.506-62;1966-04-18;793;6230.83;GO;2021-02-18
8656;Vitor Monteiro;975.326.014-80;1982-08-09;565;6779.6;SC;2024-02-01
8657;Dra. Kamilly Fogaça;169.273.450-43;1959-01-24;706;5904.32;RJ;2021-03-24
8658;Isaque Aragão;256.973.814-09;1997-05-03;783;6565.93;RS;2024-04-22
8659;Joana Camargo;697.021.583-03;1997-01-02;559;4552.16;SP;2022-03-04
8660;Luara Mendes;986.124.075-67;1984-11-16;744;3959.81;RS;2024-04-08
8661;Eduardo Mendonça;365.492.710-61;1964-02-25;585;6063.06;GO;2021-01-15
8662;Luna Farias;895.246.307-29;1966-05-01;558;6010.11;BA;2024-12-08
8663;Marina Santos;462.719.358-00;1998-03-13;789;6246.47;RJ;2024-04-06
8664;Nina Alves;756.310.428-35;1961-02-24;551;4120.64;BA;2023-11-09
8665;Sr. Ryan Guerra;590.761.824-85;1996-08-05;850;8674.42;MG;2023-03-25
8666;Valentina Freitas;864.793.015-01;2005-08-30;635;4471.85;RS;2021-11-08
8667;Anthony Peixoto;957.806.241-94;1986-12-10;634;5315.83;PE;2021-01-16
8668;Ayla Carvalho;146.387.025-62;1958-08-29;470;3840.04;CE;2022-07-31
8669;Joana Aragão;836.240.751-44;1972-05-09;778;4424.64;PR;2024-02-14
8670;Isadora Freitas;483.072.651-26;1971-01-29;719;7126.8;BA;2023-11-13
8671;Allana Farias;270.613.948-03;1971-06-03;552;6110.18;SC;2021-11-24
8672;Enzo Moura;679.042.183-13;1990-02-01;537;4737.08;RS;2024-05-29
8673;Sra. Sophie da Cunha;186.540.729-11;1956-04-28;583;4357.0;PR;2022-11-17
8674;Arthur da Mata;168.954.320-51;1989-08-05;545;5058.58;RS;2022-11-01
8675;Manuella Fernandes;975.281.403-41;1975-10-15;721;5703.58;PR;2023-03-16
8676;Ágatha Ferreira;821.379.065-03;2005-11-04;456;4051.17;RJ;2024-08-25
8677;Kevin da Conceição;740.398.526-56;1998-01-03;670;5143.28;PR;2023-07-14
8678;Srta. Emilly Gonçalves;578.043.621-53;1958-04-07;844;5188.07;SP;2023-07-02
8679;Isaque Aragão;683.405.719-66;1984-04-20;353;2093.17;CE;2024-08-27
8680;Rafael Borges;901.246.357-25;1981-11-12;705;4584.16;PE;2023-04-11
8681;Hadassa Martins;847.065.213-35;1990-04-27;502;4967.02;RS;2022-01-14
8682;Maria Helena da Cruz;341.967.208-03;1985-03-16;675;5777.06;RJ;2021-03-27
8683;Ana Liz Araújo;471.563.092-34;1992-01-22;713;5278.81;SC;2021-08-07
8684;Ayla Leão;097.145.826-01;1998-08-29;574;5401.78;RS;2022-02-14
8685;Rafaela Barbosa;501.967.438-93;1957-04-14;458;1521.28;CE;2022-09-04
8686;João Felipe da Luz;873.926.401-78;1957-05-15;568;5474.87;RS;2024-04-29
8687;Dra. Maria Laura Fogaça;378.964.201-04;1994-12-23;650;6057.29;PR;2023-01-10
8688;Erick Mendonça;531.476.902-61;1968-03-07;378;3339.5;GO;2021-04-22
8689;Clarice Nunes;791.508.324-41;1999-07-15;698;4233.2;RS;2024-03-06
8690;Mirella da Cunha;509.183.624-15;1999-03-10;723;5672.48;PR;2022-03-21
8691;Samuel Rocha;398.041.762-03;2002-12-05;850;4622.76;PE;2021-02-18
8692;Joana Pastor;547.896.201-58;1981-01-25;784;5877.84;PR;2021-01-26
8693;João Pedro da Costa;514.963.278-37;1974-02-25;425;2873.04;RS;2022-01-06
8694;Mariana Camargo;675.312.098-02;1966-11-05;653;6261.47;BA;2022-02-27
8695;Srta. Bianca Monteiro;542.176.389-73;1985-06-06;826;8029.89;GO;2023-03-07
8696;Sr. Breno Cirino;958.076.241-49;1980-09-20;504;5162.16;BA;2023-07-27
8697;Sr. Benício Teixeira;817.549.063-20;1981-04-12;666;4673.4;SC;2024-05-17
8698;Bernardo da Rosa;395.140.267-99;1999-06-11;594;4042.16;MG;2023-10-04
8699;Rebeca Silveira;790.631.824-22;1988-08-14;624;4262.34;GO;2024-02-23
8700;Dra. Manuella Lopes;354.067.192-70;1973-11-24;496;4447.12;CE;2022-08-08
8701;Erick Cirino;706.184.932-04;2006-01-31;695;5372.4;RS;2021-06-09
8702;Maria Sophia Garcia;917.243.506-25;1971-11-19;784;6011.57;CE;2021-08-08
8703;Srta. Aylla Silva;820.437.651-08;1968-05-04;583;5324.49;SP;2021-03-05
8704;Rael Costa;261.935.487-00;1996-02-25;604;4916.8;CE;2021-04-13
8705;João Gabriel Peixoto;173.869.450-00;2008-05-05;317;2552.71;SP;2022-07-16
8706;Ana Vitória Rezende;912.374.860-50;1972-12-07;400;1979.05;SP;2022-09-14
8707;Enzo Gabriel Moraes;912.058.734-14;1967-09-05;459;2629.42;GO;2023-02-21
8708;Dra. Maria Liz Brito;496.317.280-13;1962-05-14;554;3945.51;CE;2021-11-23
8709;Lunna Lopes;476.138.952-46;2005-01-24;699;5814.39;RJ;2021-04-20
8710;Benicio da Costa;042.561.983-42;1965-07-23;391;3211.29;BA;2022-03-17
8711;Henry Gabriel da Paz;027.598.641-11;1967-01-19;658;4935.43;RS;2023-05-17
8712;Eduardo Mendonça;163.205.749-25;2002-03-11;612;5086.31;BA;2021-06-05
8713;José Miguel das Neves;281.745.630-08;2004-06-06;711;4113.12;PR;2023-05-06
8714;Carolina Fogaça;128.456.379-00;1994-10-18;590;6228.34;SP;2022-09-02
8715;Eloah Araújo;194.762.380-03;1977-07-18;789;7162.94;SP;2021-09-03
8716;Mirella Oliveira;865.140.379-84;2008-03-30;684;7126.63;PR;2021-10-18
8717;Ísis Caldeira;359.760.148-01;1967-11-09;850;6670.92;PR;2023-07-25
8718;Dra. Catarina Nunes;807.495.231-23;1989-10-30;503;3753.71;RS;2021-09-04
8719;Dr. Matheus Brito;591.076.432-25;2003-12-21;850;5230.64;SP;2023-09-03
8720;Joana Garcia;206.971.534-52;1973-01-06;563;3091.31;MG;2021-01-30
8721;Cauê Rios;608.421.795-85;1992-06-04;634;3869.31;RJ;2021-06-26
8722;Thomas Dias;051.749.632-16;1967-05-02;606;2897.9;RS;2023-07-22
8723;Danilo Montenegro;796.431.285-55;1995-02-06;694;6774.35;CE;2024-11-24
8724;Sophia Albuquerque;135.796.084-01;2004-07-31;573;4448.87;PE;2022-07-14
8725;Davi Lucca Correia;459.038.612-70;2002-02-19;600;4980.91;PR;2021-02-16
8726;Ana Clara Moura;245.068.739-47;1990-01-06;615;5688.12;CE;2023-09-10
8727;Marcos Vinicius da Mota;634.025.798-47;1981-06-09;767;5321.93;RJ;2024-11-17
8728;Ísis Borges;763.815.290-59;1960-07-30;582;5557.62;MG;2022-03-18
8729;Pedro Oliveira;594.162.037-34;1995-08-05;449;1621.28;RJ;2023-03-26
8730;Sr. Isaque Câmara;172.896.054-11;1980-12-06;647;5672.35;SC;2021-03-03
8731;Arthur Gabriel Leão;108.234.956-98;2002-08-05;533;3685.35;SP;2023-10-16
8732;Arthur Gabriel Novaes;865.013.279-03;1959-01-19;528;3357.07;SC;2023-08-12
8733;Ryan Mendonça;764.852.193-82;2008-05-24;703;4443.5;SC;2021-12-25
8734;Sr. Enzo Silva;159.027.438-50;1992-06-23;588;3798.66;SP;2024-03-27
8735;Ana Laura Costela;349.810.756-93;1997-02-02;445;4430.18;SP;2024-09-06
8736;Srta. Lívia Martins;156.374.809-66;1974-06-05;557;4644.44;RJ;2022-07-30
8737;Marina Albuquerque;057.324.691-25;1976-06-10;439;2770.06;PR;2023-09-09
8738;Luísa Souza;680.197.243-03;1977-11-29;710;8267.27;RS;2022-07-02
8739;Vinicius Aragão;098.372.465-29;1963-10-28;382;2854.89;SP;2024-10-06
8740;Luna Peixoto;614.378.095-10;1957-10-08;669;4735.9;PR;2022-01-21
8741;Theo Novais;217.348.960-78;1972-11-23;721;4901.27;RS;2024-11-13
8742;Natália Brito;683.529.704-29;1978-09-24;638;4581.93;GO;2021-01-04
8743;Caroline Aparecida;926.710.453-52;1986-06-17;766;5451.64;SP;2024-02-28
8744;Vitor Borges;049.823.175-50;1967-02-19;577;5561.69;SC;2024-02-19
8745;Pietro Jesus;869.317.420-78;1991-08-23;496;4036.75;GO;2022-04-20
8746;Sofia Vargas;750.436.192-52;1997-06-01;401;2120.07;SP;2022-08-10
8747;Giovanna da Rosa;683.429.715-46;2002-05-21;665;4329.3;BA;2021-07-01
8748;Cauê Melo;580.263.147-35;1970-03-18;554;4925.09;CE;2023-01-23
8749;Fernando Almeida;328.615.049-51;1974-05-08;550;5222.84;GO;2023-08-26
8750;Stephany Rios;704.126.895-02;1972-02-20;645;5595.68;PE;2021-12-02
8751;Dr. Léo Martins;498.253.701-14;1956-07-17;768;6463.82;BA;2024-09-10
8752;Sr. Léo Nunes;536.981.042-70;1963-08-03;804;7343.26;BA;2024-02-03
8753;Kamilly Silva;647.153.298-91;1990-03-04;557;5749.15;PE;2021-10-26
8754;Agatha Marques;154.938.260-89;1998-10-15;651;4813.32;BA;2024-08-02
8755;Giovanna Novais;469.253.087-10;2004-05-07;653;6336.33;BA;2023-04-14
8756;Sophia das Neves;310.429.687-13;1998-01-01;674;7214.39;MG;2024-04-03
8757;Maria Júlia Camargo;806.273.491-96;1998-04-17;750;6523.16;SC;2023-02-02
8758;Melina Albuquerque;704.268.391-96;1982-09-17;496;3788.27;GO;2022-12-13
8759;Ravi Lucca Montenegro;687.491.532-00;1979-10-02;628;5720.63;PR;2021-10-30
8760;Maria Luiza Lopes;815.239.460-24;1992-07-31;696;5737.54;GO;2024-10-15
8761;Maria Sales;274.318.906-13;2003-07-31;634;5792.46;PE;2023-04-16
8762;Sra. Ana Beatriz da Cruz;597.082.136-59;1969-03-01;516;5823.52;BA;2023-06-04
8763;Dr. Bryan Pacheco;762.839.105-21;1967-07-08;374;4447.41;RJ;2024-05-18
8764;José Miguel Ferreira;286.940.715-76;1967-09-30;614;5914.58;PR;2021-10-09
8765;Ana Júlia Montenegro;928.576.034-10;1977-06-27;663;5650.03;BA;2023-01-05
8766;Maria Helena Carvalho;368.291.570-21;1960-12-03;686;6297.05;GO;2023-07-13
8767;Caio Rocha;796.124.580-49;1981-07-20;580;5674.8;PE;2024-10-25
8768;Ana Júlia Rodrigues;652.803.174-62;1996-12-12;489;3906.67;MG;2021-03-29
8769;Srta. Liz Garcia;215.768.034-90;2007-12-05;720;6755.02;BA;2023-11-04
8770;Ana Liz Cavalcante;042.619.357-16;1992-07-09;675;5006.61;MG;2024-05-11
8771;Guilherme da Mata;718.092.364-87;1970-03-23;727;5146.63;BA;2024-01-12
8772;Alícia Nascimento;962.547.830-29;1991-06-07;830;6555.33;MG;2024-03-20
8773;Lara Gomes;475.836.912-73;1995-03-16;435;2285.32;MG;2022-02-26
8774;Camila Porto;350.862.471-44;1960-07-09;625;5139.83;SC;2021-06-17
8775;Dra. Larissa Pastor;075.346.982-00;1976-06-06;850;5761.5;SC;2021-08-18
8776;Maria Eduarda Ramos;647.593.208-65;1958-01-25;624;3932.58;PE;2024-01-20
8777;Ana Laura Montenegro;482.756.301-26;1981-05-07;560;6163.97;SP;2023-12-01
8778;Bento Camargo;493.170.862-50;1979-03-18;483;4451.04;RJ;2024-03-24
8779;Stephany Duarte;825.603.794-65;1969-10-06;667;5311.83;SP;2022-06-06
8780;Gustavo Mendes;635.842.071-26;1955-09-30;682;4295.98;PE;2024-09-23
8781;Rhavi Santos;587.106.324-17;1995-01-26;818;8468.85;MG;2022-04-10
8782;Sr. Juan das Neves;784.501.932-14;1968-04-23;625;7423.11;BA;2023-09-29
8783;Henrique da Conceição;815.290.736-77;1967-07-03;572;4976.43;RJ;2022-10-29
8784;Yasmin Pimenta;362.014.785-07;1991-06-05;791;5869.0;BA;2024-01-29
8785;Benicio Ramos;573.296.018-02;1980-01-25;454;2020.28;SC;2023-12-08
8786;Maria Liz Fogaça;549.683.217-91;2002-09-13;850;6270.98;SC;2022-03-25
8787;Aurora da Conceição;834.175.209-32;1983-02-20;597;3663.24;CE;2022-12-21
8788;Luiz Otávio Rodrigues;839.760.154-66;1959-07-01;733;5082.44;SC;2024-11-09
8789;Clarice Rezende;062.548.193-33;1993-11-09;561;4787.52;RJ;2022-04-08
8790;Sr. Renan Correia;983.614.705-57;1967-11-18;492;3757.42;GO;2021-11-15
8791;Bruna Nogueira;129.347.058-97;1971-10-02;788;6732.25;RS;2021-01-02
8792;Léo Nogueira;862.517.039-03;1983-10-28;635;5294.86;PE;2021-08-09
8793;Ana Luiza Albuquerque;324.196.780-87;1974-06-21;573;6580.15;GO;2021-10-23
8794;Rael Sampaio;349.821.560-42;1976-11-14;522;4386.93;RJ;2024-11-24
8795;Hadassa Cunha;147.203.865-71;2005-02-23;633;6072.76;PR;2022-05-11
8796;Sabrina Farias;572.401.368-17;1993-10-29;752;5983.98;SC;2022-09-13
8797;Yan Nogueira;026.837.419-87;1958-07-16;654;5560.53;RS;2024-01-15
8798;Sra. Emanuella Lopes;132.054.687-08;1988-03-11;347;1187.01;RJ;2022-01-27
8799;Bruno Leão;346.275.801-26;1986-12-10;547;3814.4;SP;2021-02-03
8800;Rafael da Mota;194.053.827-05;1968-10-27;476;4557.58;SP;2022-08-29
8801;Yuri Cardoso;961.327.405-70;2002-08-30;620;4745.31;RJ;2022-03-01
8802;Luiza Nogueira;104.863.795-66;1957-10-27;469;3707.46;MG;2024-10-25
8803;Rodrigo Pimenta;943.580.671-66;1971-02-02;304;2269.04;RJ;2021-05-18
8804;Daniel Aragão;890.472.315-97;2007-09-15;627;5257.91;PR;2023-07-16
8805;Jade Santos;345.709.218-41;1975-10-06;432;3680.82;RJ;2023-05-15
8806;Sra. Maria Liz Moraes;054.839.127-05;2008-02-05;495;3147.53;BA;2024-09-16
8807;Léo Ferreira;341.906.527-25;1986-03-12;706;7662.11;SC;2021-01-22
8808;Gabrielly Rodrigues;246.597.180-85;1966-01-14;626;4190.9;CE;2022-09-07
8809;Gustavo Henrique Moura;216.759.480-11;1956-12-09;642;6075.03;BA;2023-03-06
8810;Heloisa Marques;364.728.019-40;1995-05-31;694;8295.11;BA;2022-03-03
8811;Calebe Mendonça;451.628.937-73;1990-04-03;534;4524.23;PR;2023-05-28
8812;Gael Henrique Sampaio;571.098.234-23;1973-08-29;805;7926.16;CE;2024-04-22
8813;Maysa Monteiro;957.612.340-25;1969-03-14;385;3076.64;GO;2024-07-24
8814;Maria Sophia Barbosa;207.456.891-67;1994-06-27;798;9274.64;CE;2024-04-30
8815;Davi Lucca Carvalho;864.715.293-09;1986-06-12;704;5264.14;SP;2024-10-22
8816;Dr. Josué Farias;083.476.215-35;1971-10-27;498;6202.74;GO;2021-03-06
8817;Benício Guerra;106.349.875-93;1997-04-03;707;4807.93;GO;2022-10-17
8818;Emanuelly Moraes;295.187.603-30;1967-06-22;595;5070.19;BA;2021-03-05
8819;Joana da Conceição;147.682.593-91;1960-09-12;685;4580.38;PR;2024-12-05
8820;Emanuella da Cunha;328.614.570-07;1986-11-19;546;2715.07;GO;2023-02-25
8821;Liam Silva;861.239.047-87;1995-05-04;744;5610.38;PE;2021-07-20
8822;Luiz Felipe Nogueira;732.058.149-32;1979-05-31;675;6822.26;SC;2024-11-11
8823;Mathias Marques;469.327.508-56;1979-05-29;646;5055.03;CE;2024-06-24
8824;Srta. Ágatha Dias;390.586.714-10;2006-06-24;643;5207.19;BA;2024-11-03
8825;André Araújo;253.189.460-89;1971-06-01;769;6462.84;GO;2021-02-25
8826;Alexia Pacheco;486.521.390-24;2008-04-12;554;5479.85;SC;2021-03-21
8827;Eduarda Porto;723.659.840-29;1992-12-11;767;4797.67;GO;2021-06-27
8828;João Felipe Novaes;571.983.462-19;1960-02-25;803;6788.71;GO;2022-06-01
8829;Giovanna Nunes;084.627.951-76;1990-06-29;653;6230.62;PE;2021-07-08
8830;Clarice Ribeiro;714.286.059-67;1992-09-15;551;5362.16;RJ;2022-05-18
8831;Ana Liz Marques;872.149.035-04;1981-03-03;574;3117.05;RJ;2023-07-21
8832;José Miguel da Luz;953.481.206-42;1995-03-31;500;4567.02;SC;2022-11-22
8833;Ana Beatriz Mendonça;843.651.972-82;1963-07-27;506;5658.08;RS;2024-05-21
8834;Sra. Eloá Moura;016.537.892-12;1965-06-30;762;7429.44;GO;2021-03-12
8835;Henry Gabriel Ferreira;942.765.183-00;1967-11-13;634;5329.86;BA;2022-09-27
8836;Dr. Antony Teixeira;906.237.148-50;1961-03-03;476;4803.78;PE;2024-12-12
8837;Sr. Cauê Campos;216.583.079-68;1985-08-31;665;5887.31;GO;2022-03-20
8838;Ryan da Mota;427.918.036-96;1987-11-14;822;5970.04;CE;2023-04-21
8839;Maria Júlia Monteiro;402.638.917-04;1955-07-08;604;5158.67;RJ;2021-01-22
8840;Dr. Anthony Gabriel da Luz;839.201.574-60;1980-11-02;507;3868.4;MG;2024-04-30
8841;Ana Cecília das Neves;253.614.809-24;2005-09-19;679;5106.58;SP;2023-11-03
8842;Aylla Souza;421.350.697-52;1964-02-11;777;4705.08;GO;2021-05-22
8843;Giovanna Fernandes;241.579.608-58;2000-10-08;754;6693.19;PE;2022-01-07
8844;André Câmara;490.618.275-58;1971-11-28;551;3483.59;GO;2022-07-17
8845;Maria Julia Pastor;491.867.503-48;1979-05-10;370;2164.82;CE;2023-03-06
8846;Ana Fernandes;142.950.376-99;1994-11-07;745;5903.91;PE;2024-08-31
8847;José Silveira;352.087.649-38;1975-10-15;759;5452.13;SP;2022-06-03
8848;Lunna Mendes;280.541.793-32;1967-12-20;704;4914.5;CE;2021-08-29
8849;Julia Pinto;812.507.946-76;1975-12-01;504;3924.87;PE;2023-10-03
8850;Isis Vargas;067.913.428-03;1979-10-15;540;2777.18;MG;2023-07-15
8851;Elisa das Neves;923.510.467-06;2004-08-23;598;4890.44;PR;2021-11-30
8852;Maria Julia Cunha;261.387.045-17;2005-12-18;772;7112.81;SP;2022-08-18
8853;João Costa;109.273.568-21;1962-08-11;766;6848.36;CE;2022-11-10
8854;Dr. Ravi Sampaio;305.218.764-35;1965-12-21;659;4043.06;SC;2021-08-13
8855;Matheus Cunha;587.632.941-09;1968-06-28;637;5692.79;MG;2021-06-07
8856;Olívia Sampaio;950.738.142-23;1998-04-21;794;7038.29;RS;2023-09-15
8857;Dra. Olívia Camargo;809.764.325-10;1963-02-24;768;5112.0;GO;2022-05-26
8858;Lucas Gabriel Aparecida;478.216.093-31;2006-01-06;580;5069.35;SP;2023-03-05
8859;Enzo Jesus;517.934.062-43;2001-10-15;759;5926.77;MG;2023-02-11
8860;Calebe Costa;532.810.496-05;1971-10-31;610;5567.14;SP;2022-09-12
8861;Anthony Gabriel Lima;817.560.243-08;1986-03-31;484;5479.4;MG;2022-04-03
8862;Carolina da Conceição;912.453.076-06;1978-06-22;514;2193.41;BA;2024-10-30
8863;Melissa Albuquerque;172.639.450-61;1967-05-29;621;6666.46;CE;2023-10-08
8864;João Gabriel Barbosa;172.594.836-28;2002-06-20;690;6271.09;RS;2023-06-30
8865;Heloísa Lopes;639.508.471-20;2001-04-24;624;4839.62;RJ;2021-07-27
8866;Hadassa Cardoso;045.396.812-06;1983-11-25;434;1212.61;MG;2021-10-13
8867;Joana Moraes;145.307.689-10;1992-06-01;643;6456.55;MG;2024-05-24
8868;Anthony Gabriel Borges;271.896.345-09;1999-01-10;661;5911.6;CE;2021-02-18
8869;Dra. Manuella da Costa;246.589.031-05;1983-02-09;810;6808.77;GO;2023-10-14
8870;Dr. João Pedro Monteiro;653.294.108-51;1964-12-08;605;4021.48;BA;2024-12-02
8871;Heloisa Farias;541.829.603-51;1971-04-03;850;7326.55;SC;2021-02-12
8872;Stella Mendonça;064.827.391-13;1965-07-28;506;2876.83;PE;2024-11-21
8873;Antony Vargas;418.250.967-67;2005-03-03;770;5122.56;BA;2024-07-24
8874;Clara Porto;580.971.624-58;1985-08-31;842;3979.54;PE;2021-08-06
8875;Isabella Teixeira;094.615.372-80;1971-08-17;790;6806.89;SC;2023-08-29
8876;Oliver Silveira;409.523.867-47;1994-04-17;634;4896.54;SP;2022-07-26
8877;Ana Cecília Vargas;218.463.709-22;2006-04-14;846;7475.06;SC;2024-02-16
8878;Mariana Porto;607.958.134-57;1987-12-13;511;2369.09;SC;2021-05-18
8879;André Sampaio;825.791.640-49;2003-07-12;641;5126.93;RJ;2021-06-28
8880;Davi Lucas Barros;906.248.351-89;1988-07-27;437;3440.61;PR;2024-09-23
8881;Maria Júlia Araújo;815.076.324-44;1991-05-06;551;4417.29;BA;2023-08-31
8882;Liz Guerra;732.841.056-62;2003-03-09;707;7148.61;SC;2023-11-05
8883;Maria Clara Gonçalves;958.401.372-60;2000-04-04;729;5110.56;RS;2021-10-09
8884;Dr. Leandro Silva;694.137.085-84;1958-09-29;664;5375.11;RJ;2021-02-19
8885;Cauã Vieira;425.197.806-49;1985-09-11;460;4078.23;MG;2021-06-26
8886;Ryan Barbosa;537.402.861-80;1977-04-22;842;6768.43;CE;2022-01-18
8887;Luiz Gustavo Gonçalves;389.576.214-82;1991-12-15;428;3454.27;RS;2023-07-03
8888;Isaque Vieira;437.605.821-17;1999-04-26;474;4655.61;PE;2023-02-04
8889;Luiz Otávio Marques;487.105.362-80;1961-12-25;682;5285.09;PE;2022-06-23
8890;Dr. João Pedro Pires;035.286.479-65;1982-11-14;580;4427.77;GO;2021-05-17
8891;Maria Fernanda Pimenta;052.738.964-10;1978-07-22;620;4187.76;MG;2024-04-07
8892;Luiz Henrique da Conceição;425.083.619-33;1975-05-22;453;4762.7;SC;2021-08-26
8893;Carlos Eduardo Borges;908.175.246-49;1978-08-07;573;4751.04;PE;2021-03-23
8894;Lorena Correia;509.146.283-05;1982-04-09;654;5554.02;RS;2022-02-19
8895;Pedro Miguel Albuquerque;068.157.234-53;2004-06-03;479;2156.16;MG;2022-09-08
8896;Brenda Dias;309.781.562-77;1996-05-08;549;4787.71;MG;2024-12-07
8897;Bella das Neves;679.483.201-13;1991-11-11;532;3901.08;SC;2021-01-23
8898;Bruno Fogaça;046.235.789-92;1968-08-02;850;4954.58;BA;2021-05-03
8899;Apollo Mendonça;940.685.271-30;1977-02-01;529;6128.6;PE;2021-01-25
8900;João Machado;438.916.502-05;1981-10-24;614;4206.01;RJ;2023-12-11
8901;Arthur Gabriel da Paz;213.864.579-73;1990-12-05;760;6135.23;PR;2024-04-14
8902;Henry Lopes;620.781.534-35;1989-01-15;578;4816.37;PE;2021-01-19
8903;Luiz Otávio Pinto;825.603.197-21;2004-12-13;541;3310.51;PR;2021-10-08
8904;Ana Barros;095.213.784-41;1969-06-07;606;3837.0;BA;2022-05-15
8905;Maria Cecília Fonseca;032.941.865-33;1964-01-16;621;5322.41;GO;2022-03-14
8906;Matteo da Rosa;189.057.643-39;1967-03-08;722;6903.92;RS;2024-09-21
8907;Helena Moraes;174.963.058-39;1978-01-03;571;5067.41;GO;2023-09-07
8908;Yan Mendonça;354.218.970-79;2002-09-07;679;5759.82;GO;2022-03-15
8909;Sra. Luiza Fonseca;893.572.640-00;2006-04-08;562;3467.93;RJ;2021-12-20
8910;Gustavo Henrique Martins;312.947.065-43;2001-11-16;680;3733.14;SC;2024-02-07
8911;Diego Sousa;637.590.128-68;2005-09-09;587;2142.37;PE;2021-05-26
8912;Cauã da Cunha;365.809.472-92;2001-10-29;459;2794.87;MG;2024-09-28
8913;Vinícius Monteiro;190.352.746-52;1986-02-02;751;6696.11;MG;2023-11-11
8914;Maria Luiza Almeida;749.518.320-97;1981-06-16;553;5153.37;MG;2021-05-20
8915;Bruno Santos;364.051.792-06;1998-11-02;726;5647.34;GO;2023-11-18
8916;Ísis Guerra;836.295.741-73;2003-12-13;453;3416.09;RJ;2024-03-05
8917;Brayan Sá;154.369.807-75;2005-02-02;608;3631.55;MG;2022-05-21
8918;Srta. Mariana Santos;061.425.738-71;1972-11-28;664;5591.81;SC;2024-07-05
8919;Rodrigo Casa Grande;786.912.350-12;1973-11-25;673;5662.92;BA;2022-04-07
8920;Dr. Davi Luiz Mendes;927.461.350-43;1988-11-19;707;5476.67;PR;2023-04-13
8921;Helena Mendes;537.062.819-02;2002-10-30;644;4754.26;SP;2023-06-04
8922;Liam Peixoto;014.528.379-88;2001-06-20;549;5730.25;SP;2022-10-19
8923;Ísis Dias;470.289.356-47;1967-12-25;374;3868.76;SC;2021-02-26
8924;Léo Cardoso;517.084.639-84;2005-07-05;545;3609.96;RS;2024-10-07
8925;Maria Eduarda Pereira;625.918.437-91;1983-09-13;651;3718.39;BA;2023-03-12
8926;Ana Luiza Albuquerque;043.851.297-97;1959-09-15;522;3326.86;GO;2024-05-26
8927;Pedro Albuquerque;641.085.972-49;1978-08-15;593;3939.86;RS;2021-09-18
8928;Ravi Lucca Cavalcante;308.627.591-02;2006-05-10;812;8293.02;GO;2024-06-13
8929;Eduarda Araújo;415.690.387-75;1968-12-16;377;3560.32;PE;2023-04-13
8930;Lara Ferreira;916.475.823-00;2003-08-03;723;6326.99;MG;2022-05-10
8931;Yasmin Azevedo;698.731.254-00;1985-07-05;541;4083.9;CE;2023-12-04
8932;Lorena Caldeira;521.986.037-21;1965-11-16;530;3819.74;PR;2023-10-16
8933;Pedro Aragão;218.905.436-24;1988-04-01;474;3677.21;RJ;2023-06-06
8934;Arthur Miguel Jesus;174.896.023-78;1991-11-11;439;3311.87;CE;2021-03-05
8935;Lorenzo Porto;173.248.965-37;1958-12-02;470;3966.82;SC;2021-05-16
8936;Ravy Nascimento;084.257.631-26;1982-10-20;538;4594.58;PE;2021-06-23
8937;Letícia Borges;184.209.756-30;1993-04-15;749;7581.45;MG;2024-08-06
8938;Vitor Gabriel Moura;063.795.214-61;1969-04-02;316;1693.81;SP;2023-01-27
8939;Sra. Maitê Viana;241.597.086-76;2006-11-28;583;5124.33;PR;2023-03-17
8940;Isaque Novais;732.651.098-95;2003-10-19;421;2385.91;PR;2023-08-10
8941;Josué Novais;642.975.138-46;1957-07-15;635;5164.89;BA;2022-09-14
8942;Isaac Novais;684.709.213-04;1967-05-01;665;5763.68;PE;2024-05-24
8943;José Martins;639.850.172-12;1999-06-06;660;5473.66;BA;2022-09-24
8944;Augusto Caldeira;517.609.482-76;1977-09-16;626;5672.76;GO;2023-11-14
8945;Emilly Andrade;308.169.725-59;1977-11-27;351;4352.33;GO;2023-03-02
8946;Théo Jesus;915.243.706-06;1981-08-17;355;1760.84;CE;2024-11-24
8947;Bianca Peixoto;870.369.542-56;1997-01-18;592;5408.61;PE;2024-10-29
8948;Sra. Maria Helena Carvalho;421.783.695-37;1997-08-13;300;2371.88;CE;2024-05-12
8949;Elisa Cavalcante;802.936.741-40;1977-01-06;715;6714.52;CE;2021-10-09
8950;Ana Lívia Ferreira;362.051.849-15;1989-12-22;536;3987.16;GO;2022-11-22
8951;Sr. Ravi Souza;024.895.713-97;1974-11-25;546;3975.33;RJ;2024-11-17
8952;Caio Novais;306.728.914-50;1961-03-15;496;3078.75;GO;2022-12-03
8953;Carolina Peixoto;069.814.357-48;2003-04-05;672;5507.62;PE;2023-11-25
8954;José Pedro Peixoto;419.268.375-09;2004-04-28;678;5638.01;CE;2024-07-17
8955;Cecília Rocha;514.892.036-05;1978-05-16;704;6510.21;RJ;2022-05-31
8956;Bryan Martins;264.157.039-43;1994-10-26;410;2425.69;PR;2022-07-10
8957;João Felipe Sales;415.736.028-17;1974-10-30;592;4713.32;PR;2024-05-02
8958;Otto Montenegro;598.760.143-66;1995-12-15;539;5224.02;PE;2022-04-12
8959;Isabel Barros;341.206.879-96;1973-04-22;850;6986.16;BA;2022-10-26
8960;Catarina Rios;982.301.456-60;1980-09-25;630;5889.46;RS;2024-03-05
8961;Pietra Câmara;762.854.109-76;2006-10-24;396;3196.47;RS;2022-12-15
8962;José Aragão;970.251.834-23;2006-10-16;737;5252.85;PR;2022-01-28
8963;Natália Araújo;639.542.807-10;1984-04-28;472;3590.19;BA;2023-11-27
8964;Léo Montenegro;407.193.652-52;2000-05-17;612;3987.35;SC;2022-07-25
8965;Yuri Dias;039.675.482-10;1957-03-18;850;6321.3;PR;2024-05-09
8966;Júlia Martins;142.596.708-67;1990-02-17;481;3754.38;SC;2024-10-03
8967;Dom Freitas;328.591.607-95;2002-07-24;728;5841.41;RS;2024-06-09
8968;Davi Miguel Moreira;319.460.758-84;1985-10-24;678;4552.49;MG;2024-11-10
8969;Lavínia Melo;375.642.981-46;1983-02-12;798;6945.71;PR;2022-01-25
8970;Sophie Silveira;534.201.967-25;1971-02-21;745;6325.16;BA;2024-12-30
8971;Sr. João da Mota;463.158.790-39;2008-01-25;718;4870.95;PE;2024-02-07
8972;Sra. Esther Machado;174.658.032-17;1986-12-11;561;5834.48;BA;2022-02-23
8973;Allana Sousa;629.308.147-13;1991-08-13;807;5308.93;GO;2024-04-06
8974;Yasmin Pires;136.498.205-60;1996-03-09;649;4761.06;PE;2021-12-22
8975;Isaque Mendes;352.746.190-61;1966-12-08;536;4572.84;RJ;2022-08-20
8976;Luiz Henrique Pacheco;341.962.507-34;1980-05-28;756;6499.66;RS;2022-02-26
8977;Antony Martins;035.764.821-80;1964-08-22;581;5162.86;CE;2024-07-21
8978;Dr. Vinicius Costela;041.239.567-34;2006-12-24;576;5020.11;BA;2022-01-10
8979;Manuella Cavalcanti;246.193.058-98;1996-12-03;787;4218.84;GO;2023-02-07
8980;Ana Sophia Freitas;139.067.825-30;2003-11-16;715;4180.95;RS;2023-03-14
8981;Ana Sophia Cavalcante;048.316.259-06;1981-04-15;767;5498.97;GO;2022-07-09
8982;Nicole Correia;409.578.632-92;1986-12-23;473;4479.27;CE;2023-07-30
8983;Maria Vitória Freitas;150.974.286-76;1978-10-30;663;4304.81;PE;2022-12-01
8984;João Azevedo;389.627.140-78;1982-03-05;469;3564.52;MG;2022-06-06
8985;Pedro Sá;421.893.067-87;1966-02-18;475;2738.53;CE;2021-05-28
8986;Vitória Mendonça;148.305.769-01;1983-04-13;633;4098.13;PR;2021-09-12
8987;Nina Montenegro;634.158.029-06;1969-04-20;671;6858.14;SC;2024-02-02
8988;Pedro Miguel Pacheco;139.867.042-13;1971-12-05;602;4946.15;SC;2021-01-07
8989;Breno Ramos;971.386.045-48;1965-05-26;850;5612.4;RJ;2022-01-22
8990;Alícia Leão;617.204.835-07;1979-01-31;762;7166.86;PR;2023-10-11
8991;Maria Sophia Leão;659.738.140-84;1977-04-06;722;7067.75;GO;2024-02-02
8992;Anthony Gabriel Ferreira;530.186.427-08;1981-09-05;653;4641.07;CE;2022-07-22
8993;Marcos Vinicius Abreu;051.398.674-00;1971-10-11;751;7140.84;PE;2024-03-08
8994;Maria Júlia Lopes;326.980.514-42;1963-12-05;752;6060.5;SC;2022-02-12
8995;Lunna Sales;830.249.765-74;1973-12-07;534;4463.36;PR;2021-04-15
8996;Gabrielly Marques;036.297.184-69;1995-01-27;733;6888.35;SC;2024-07-10
8997;Sr. Calebe Sá;694.105.283-05;2006-03-09;568;4859.37;GO;2024-05-04
8998;Dra. Bella Lima;924.570.186-76;1999-11-11;462;4680.95;RJ;2023-09-03
8999;Dr. Apollo Cavalcante;198.372.604-40;1975-02-07;526;4993.26;SC;2023-03-04
9000;Diogo Machado;697.402.153-43;1988-04-17;482;4887.42;BA;2021-09-02
9001;Valentim Aragão;253.789.610-68;2005-04-06;658;4482.64;MG;2022-01-06
9002;Agatha Pereira;523.491.068-70;1996-06-11;702;5025.64;RJ;2023-01-11
9003;Maria Cecília Nascimento;596.712.340-70;1956-05-26;709;5397.89;SP;2021-03-26
9004;Sara Caldeira;270.849.615-85;1959-05-11;413;2321.58;RJ;2022-07-23
9005;Luana Oliveira;695.432.187-73;1981-06-08;568;5912.19;RJ;2024-01-29
9006;Bento Nunes;691.732.584-82;1976-08-22;728;7447.86;PE;2022-07-04
9007;Valentim Borges;640.182.793-96;2005-06-02;818;6009.25;MG;2021-07-16
9008;Melina Novaes;705.894.132-79;1976-02-10;597;4364.72;SC;2022-02-24
9009;Bella da Conceição;602.954.781-01;1983-04-23;539;2470.51;SP;2024-09-14
9010;João Guilherme Brito;821.075.639-77;1978-03-26;618;3658.43;CE;2021-05-03
9011;Ayla Moreira;672.013.594-52;1955-08-31;615;7035.77;SP;2021-08-17
9012;Rodrigo Araújo;567.810.429-20;1968-10-16;558;4658.77;BA;2024-07-02
9013;João Pedro Pires;365.904.217-06;1975-08-31;728;6104.29;PR;2022-08-06
9014;Vinicius Pereira;915.032.876-02;1969-11-10;655;4877.6;SC;2022-05-08
9015;Juan da Mota;842.603.751-80;1973-01-06;592;3775.99;RS;2022-03-28
9016;Felipe Pastor;573.190.864-84;1965-05-05;721;4026.51;CE;2024-05-21
9017;Maria Luísa Carvalho;647.895.013-10;1971-11-30;736;4484.3;CE;2022-07-01
9018;Stephany Carvalho;928.374.061-04;1976-04-11;735;5526.18;PE;2022-12-26
9019;Antônio Fogaça;463.891.705-48;1971-12-21;472;4355.3;RS;2021-11-07
9020;Benjamin Ramos;536.218.097-59;2007-10-09;731;5409.92;SP;2024-02-08
9021;Maria Júlia Mendes;278.139.540-41;1977-09-15;706;3362.92;CE;2022-10-11
9022;Sarah Ferreira;389.046.572-29;1984-09-11;461;4980.41;RS;2021-12-18
9023;Gael Henrique Farias;527.890.413-50;1999-07-18;593;2881.79;SC;2022-02-21
9024;Emanuel Campos;607.953.218-21;1994-12-20;536;3364.6;PE;2024-06-16
9025;Igor Fogaça;346.120.597-43;1989-05-02;600;4429.25;SP;2021-11-25
9026;Júlia Rios;862.507.394-83;1982-04-26;641;5058.53;RJ;2024-03-15
9027;Kamilly Rocha;268.037.514-90;1971-05-02;783;6688.55;CE;2022-07-07
9028;André Teixeira;173.596.240-61;1976-06-07;674;6557.16;GO;2021-09-13
9029;Ayla Vasconcelos;794.501.632-43;1982-05-12;573;3322.12;RJ;2022-05-20
9030;Theodoro Cavalcante;246.170.589-58;1972-04-15;764;6247.84;SC;2022-03-29
9031;Dr. Marcelo Sá;643.508.927-29;1968-09-22;636;4454.67;RS;2023-07-31
9032;Liz Marques;692.785.034-10;1964-09-21;545;5206.72;CE;2021-12-06
9033;Theo Cassiano;172.054.396-80;2007-09-16;738;6687.82;MG;2022-03-28
9034;Sra. Letícia da Mota;489.756.021-76;1988-04-06;715;6289.03;PR;2021-08-08
9035;Ana Cecília Duarte;583.012.947-79;1996-06-14;635;4904.62;SP;2022-05-05
9036;Alexandre Pires;415.093.268-98;1971-01-28;765;5746.28;PR;2023-06-11
9037;Luiza Barbosa;378.592.061-02;1966-09-22;664;4507.99;CE;2024-05-13
9038;Sr. Caio Silveira;623.849.107-87;1969-11-27;540;4083.85;SC;2023-07-03
9039;Liz Vasconcelos;280.419.563-51;1990-03-14;523;4981.85;RS;2022-04-21
9040;Maria Clara Rocha;936.145.208-89;1987-11-01;458;3763.23;RJ;2021-06-17
9041;Miguel Vasconcelos;205.361.478-17;1970-03-27;635;3269.2;SC;2024-12-30
9042;Marcos Vinicius da Rocha;019.274.563-80;1981-11-10;567;4791.7;GO;2023-06-26
9043;Rodrigo Andrade;976.814.203-04;1971-06-30;671;5163.69;MG;2023-02-27
9044;Sr. Ryan Farias;704.351.962-43;1960-01-25;701;5498.68;CE;2023-02-18
9045;Fernando Martins;264.570.938-92;1997-09-19;621;5219.65;SP;2024-01-14
9046;Jade Siqueira;817.342.509-41;1969-11-06;731;5172.28;PR;2022-02-25
9047;Pietra Pacheco;823.057.649-10;1979-02-12;561;3819.1;GO;2023-06-14
9048;Sr. Levi Carvalho;264.710.938-96;1974-01-06;580;6066.23;PE;2022-12-03
9049;Ana Julia Melo;395.068.741-66;2002-04-25;688;4372.91;BA;2021-02-12
9050;Apollo Costela;751.486.930-10;2005-05-02;547;4748.77;GO;2023-11-06
9051;Luiz Miguel Pacheco;468.120.573-71;1987-06-25;511;3362.66;CE;2023-03-06
9052;Théo Lopes;024.598.716-94;1987-04-20;781;5634.62;GO;2024-05-27
9053;Marcela Abreu;271.058.693-21;1998-05-08;734;7127.32;RS;2023-02-03
9054;Ravy Novais;758.410.396-01;1972-10-12;531;3358.04;MG;2024-12-11
9055;Henrique Ferreira;614.720.583-80;1992-07-16;586;3599.37;RJ;2024-05-15
9056;Jade Cavalcante;051.489.732-50;1969-01-22;634;4866.35;SC;2021-12-11
9057;Sr. Ryan Caldeira;093.256.178-03;2007-01-03;663;6700.94;SC;2022-03-01
9058;Melina da Conceição;267.048.519-76;1981-01-06;718;6233.24;RS;2022-10-06
9059;Otávio Porto;938.251.647-64;1978-11-07;384;3515.38;BA;2023-04-10
9060;Alexandre Mendes;825.406.731-71;2002-07-03;826;3597.48;PR;2022-05-25
9061;Srta. Alice Jesus;082.164.937-03;1971-08-24;702;5456.64;PR;2022-04-18
9062;Maria Helena Caldeira;431.072.685-26;2007-12-05;518;4945.13;SC;2024-05-14
9063;Ester Jesus;362.185.974-82;1997-03-16;825;7375.23;GO;2021-02-19
9064;Ana Liz Gonçalves;825.049.367-29;1998-04-25;575;3656.53;CE;2022-05-15
9065;Maria Eduarda da Conceição;126.750.943-07;1983-09-09;637;5969.17;RJ;2023-07-16
9066;Pedro Miguel Vieira;083.615.427-44;1975-07-02;573;4293.62;SP;2023-03-08
9067;Davi Luiz Oliveira;405.768.231-71;1976-10-23;850;7878.65;CE;2022-12-08
9068;Maya Araújo;763.908.521-77;1964-12-02;758;4603.71;BA;2023-02-20
9069;Dra. Clarice Pastor;987.260.534-38;2004-02-12;535;4354.68;SP;2023-10-03
9070;Vinicius Pastor;394.702.158-50;1989-02-07;499;5592.4;SC;2023-07-02
9071;João Alves;578.061.492-01;1998-03-01;789;5778.45;SC;2021-07-03
9072;Olivia Teixeira;413.679.280-87;2006-08-08;834;6667.75;SC;2022-06-07
9073;João Gabriel da Luz;453.287.609-56;1974-10-13;850;6944.69;BA;2022-04-14
9074;Ana Clara da Mata;475.182.039-79;2006-11-09;689;6911.9;PR;2023-01-21
9075;Jade Moraes;374.580.912-23;2005-02-06;773;6694.73;PR;2023-09-08
9076;Hadassa Duarte;762.094.831-78;1965-03-20;603;5338.13;MG;2021-12-12
9077;Ana Lívia Duarte;436.580.719-66;2005-10-11;522;4328.13;RS;2024-04-14
9078;Sr. João Mendonça;253.967.084-92;1964-03-12;486;2107.12;PE;2024-05-11
9079;Helena Mendonça;941.258.673-64;1965-12-12;626;6270.28;PE;2022-02-05
9080;Benicio Souza;980.571.436-57;1996-10-13;731;5766.09;SP;2023-02-21
9081;Juliana Macedo;468.973.125-09;1972-01-25;829;6062.94;BA;2021-04-09
9082;João Lucas Martins;280.173.564-71;1973-04-09;389;929.9;RS;2021-07-04
9083;Dr. Rael Araújo;419.320.856-70;1962-07-08;478;4640.62;MG;2021-07-09
9084;Arthur Duarte;768.509.241-76;2003-08-21;543;4804.96;CE;2024-11-25
9085;Augusto Mendonça;637.280.194-96;1972-04-22;817;5435.9;PE;2021-04-13
9086;Srta. Emanuelly Sá;756.349.281-09;1997-03-07;677;5954.96;PR;2021-06-12
9087;Luiz Fernando Aragão;296.340.587-10;1973-03-02;516;5482.21;PE;2022-06-07
9088;Cauê Vasconcelos;503.426.197-99;1961-07-26;585;4296.25;GO;2021-11-02
9089;Pietra Moraes;836.902.451-33;1982-07-01;850;7322.77;PR;2021-10-18
9090;Juliana da Rocha;135.278.609-59;1972-03-13;731;7202.89;SC;2022-07-25
9091;Lunna Almeida;370.491.286-78;1975-05-17;541;5577.82;MG;2022-04-15
9092;Francisco Souza;832.150.467-17;2007-09-04;559;3927.38;SC;2022-10-01
9093;Heitor Cassiano;076.283.159-68;1963-06-16;587;4073.94;MG;2023-12-03
9094;Anthony Gabriel da Rosa;391.420.875-97;1998-06-14;718;6011.21;RJ;2022-04-20
9095;Srta. Manuella Sales;504.761.238-44;1972-05-15;561;5162.51;RJ;2024-06-25
9096;Dra. Stephany Barros;809.724.163-31;1970-06-11;586;4359.93;SP;2024-03-18
9097;Otto Azevedo;960.743.825-65;1972-04-17;625;5463.46;MG;2022-08-14
9098;Vitor Hugo Alves;150.362.978-30;1960-10-09;666;4964.75;PE;2023-08-22
9099;Luísa Mendonça;475.301.682-07;1968-11-06;721;5545.61;SC;2021-12-10
9100;Luna Cardoso;865.270.934-38;1971-01-07;541;2859.98;RS;2021-02-05
9101;Olívia Pacheco;350.678.129-40;2006-05-17;737;5908.39;RS;2024-05-19
9102;Luiz Henrique Nunes;479.130.258-32;1977-08-10;645;6205.8;RJ;2021-05-18
9103;Sr. Ravi Lucca Pimenta;847.312.950-41;2000-10-30;562;3121.6;RJ;2022-07-06
9104;Dra. Bianca Gomes;394.107.526-80;1990-07-31;628;5331.96;MG;2023-12-30
9105;Maria Liz Cardoso;250.467.913-07;1966-05-18;588;6177.74;RJ;2023-08-06
9106;Dr. João Gabriel Carvalho;692.478.013-03;1987-03-05;321;3688.06;PE;2023-01-26
9107;Alexia Sousa;976.325.014-52;2004-12-17;714;6168.77;MG;2021-11-09
9108;Maria Luiza da Mata;827.169.340-96;1959-09-04;300;3683.89;PE;2022-01-18
9109;Guilherme Camargo;125.689.307-21;1974-03-24;496;3460.31;RS;2021-01-18
9110;Ana Lívia Melo;789.641.203-96;2001-12-06;599;5199.42;BA;2021-12-18
9111;Dra. Emanuella Farias;359.724.180-88;1973-11-22;696;6460.84;PR;2023-11-18
9112;Aylla Macedo;301.546.798-01;2000-09-26;717;5988.93;SP;2023-10-23
9113;Sr. Pedro Miguel da Cunha;410.369.785-75;1986-12-20;669;4261.25;PE;2021-04-27
9114;Ayla Andrade;408.961.352-33;1975-02-23;529;5127.46;SC;2021-10-04
9115;Carlos Eduardo Aparecida;725.140.983-60;1991-05-06;720;6483.8;MG;2021-04-10
9116;Pedro da Costa;195.682.473-19;1970-12-03;558;5374.49;GO;2021-11-16
9117;Dr. Vitor Gabriel Garcia;149.508.627-58;1972-07-06;480;4917.36;MG;2022-05-11
9118;Rodrigo Campos;196.345.872-91;1984-12-30;588;6388.17;CE;2023-01-23
9119;Eduarda Pacheco;380.294.567-00;1989-12-05;437;5259.4;CE;2022-07-26
9120;Maria Cecília Rodrigues;318.542.096-98;1966-11-05;576;4228.52;GO;2022-05-19
9121;Clara Sousa;379.802.154-60;1989-11-26;643;4446.92;GO;2021-12-25
9122;Gustavo Henrique Borges;021.568.973-95;1980-03-30;611;4150.37;RJ;2022-05-24
9123;Kaique Moura;346.528.710-07;1969-06-01;535;4766.89;MG;2024-08-03
9124;Dr. Pedro Porto;968.712.534-91;1962-05-25;511;3319.81;CE;2021-03-28
9125;Amanda Cunha;106.539.742-99;1975-01-23;455;3136.07;RJ;2023-02-12
9126;Caroline Marques;042.157.693-61;2008-03-19;777;5370.07;MG;2021-01-02
9127;Caio Cassiano;615.428.073-44;1984-11-20;532;4449.92;PR;2023-08-02
9128;Yuri Moura;104.623.598-24;2004-10-07;575;6828.15;PE;2023-10-01
9129;José da Costa;312.496.750-06;1989-08-13;600;5135.22;SC;2024-02-02
9130;Sr. Théo Farias;420.683.571-35;1977-07-16;733;6788.58;PE;2023-04-08
9131;Augusto Porto;486.102.759-49;2002-09-28;647;5014.87;PE;2023-08-14
9132;Dra. Esther Cunha;547.329.601-70;1958-11-25;850;6700.24;PE;2022-12-26
9133;João Felipe Camargo;174.239.560-07;1973-03-05;566;3882.15;CE;2024-03-28
9134;Heitor Duarte;380.712.649-03;1972-02-07;412;4117.62;SC;2022-05-30
9135;Levi Barros;706.389.512-59;1987-08-25;338;2698.28;PE;2023-04-15
9136;Sr. Danilo Cardoso;158.364.902-60;2002-12-11;595;6999.97;MG;2023-10-28
9137;Dra. Carolina Rocha;816.329.407-87;1956-01-22;400;2298.9;GO;2021-09-16
9138;Gustavo Henrique Araújo;520.176.893-86;1960-06-15;603;4626.47;SP;2022-02-28
9139;Srta. Sophia Cavalcanti;572.618.493-91;1968-02-03;554;4351.01;RJ;2024-05-13
9140;Ana Julia Rodrigues;457.012.398-88;1979-02-09;468;4101.19;BA;2022-09-04
9141;Emanuella Fonseca;865.192.430-51;1983-04-03;341;2702.23;RJ;2024-05-22
9142;Antônio Pastor;604.789.123-31;2000-06-12;547;5392.29;SC;2023-02-23
9143;Arthur Martins;603.129.547-43;1967-09-15;830;6308.95;SC;2022-09-06
9144;Maria Helena Viana;926.578.014-20;1964-04-10;786;5971.88;BA;2021-02-18
9145;Kevin Novaes;184.637.920-22;1989-06-24;504;5777.9;BA;2023-09-25
9146;Mirella Novais;843.951.702-50;1959-01-19;682;5460.44;RS;2021-02-02
9147;Cecilia Vieira;720.846.913-03;1983-12-29;702;5890.22;RS;2023-06-11
9148;Eloá Porto;819.657.320-03;1988-07-10;611;3561.57;MG;2023-07-11
9149;Pedro Henrique da Mata;073.416.598-66;1968-09-09;587;5319.26;CE;2021-10-14
9150;Marcelo Vieira;304.978.651-57;1956-02-16;605;5742.33;PR;2023-03-23
9151;Thales Garcia;238.419.750-97;1963-06-28;666;4449.86;RS;2021-10-19
9152;Sr. Asafe da Costa;695.814.207-11;2005-10-01;461;3530.82;SP;2022-04-11
9153;Dr. Arthur Miguel Silveira;015.623.984-15;1995-10-01;557;4792.32;GO;2022-06-02
9154;Antônio Machado;416.325.809-42;1988-06-09;533;3648.61;GO;2023-03-29
9155;Joaquim das Neves;635.210.847-44;1990-02-16;746;6116.2;GO;2024-12-30
9156;Gustavo Porto;318.206.974-87;1970-10-10;535;4297.64;GO;2023-01-31
9157;Luiz Felipe Silva;958.601.237-95;1992-03-24;785;6573.79;RS;2023-08-07
9158;João Gabriel Santos;614.509.837-66;1997-02-27;691;4775.77;MG;2023-05-02
9159;Dra. Eloah Garcia;058.297.146-20;1989-12-18;743;8262.1;SP;2022-05-18
9160;Luna Fernandes;612.890.453-05;1986-11-16;525;3018.11;MG;2024-08-03
9161;Gabriel Pereira;352.790.164-70;1973-06-03;641;6003.51;RJ;2022-08-29
9162;Rafael Borges;397.261.540-06;1992-12-20;609;3818.79;BA;2021-04-19
9163;Lorenzo Novaes;910.583.246-24;1965-01-11;606;5446.09;BA;2023-08-11
9164;Bento Cardoso;697.520.814-01;1983-08-09;571;5175.26;SC;2024-08-31
9165;Heloisa Lima;350.879.126-21;1963-10-10;759;6312.23;SC;2021-06-09
9166;Guilherme Fogaça;694.270.381-87;1995-11-20;616;5757.34;CE;2022-08-26
9167;Apollo Câmara;107.652.984-49;1965-03-05;517;3181.29;BA;2023-11-16
9168;Dra. Isis Andrade;082.573.694-38;1975-04-30;588;4212.12;PE;2023-09-05
9169;Emanuella Ramos;948.360.275-00;1971-05-21;523;6014.47;SP;2023-09-09
9170;João Guilherme Pereira;843.059.176-10;1971-11-25;850;6446.29;RJ;2022-12-23
9171;Dr. Calebe Garcia;305.419.267-99;1999-05-19;631;4860.16;BA;2022-02-01
9172;Nina Cirino;753.806.249-10;1992-05-19;752;7321.65;PR;2023-11-04
9173;Miguel Viana;817.624.509-76;1993-03-28;406;3724.01;MG;2021-01-23
9174;Lucca Machado;912.457.386-82;1971-10-05;463;5462.27;RJ;2021-10-26
9175;Sophie Rios;639.705.248-65;1962-09-01;672;4552.65;PE;2022-07-07
9176;Sr. Rodrigo Aparecida;420.613.589-42;1955-08-22;591;4439.02;SP;2021-02-20
9177;Ana Luiza Correia;472.690.138-96;1986-07-14;683;6505.91;PE;2022-03-24
9178;Ísis Novais;685.392.017-12;1958-01-23;482;5694.75;PE;2023-01-31
9179;Caio Rios;947.652.301-80;1958-04-11;812;5620.68;SP;2023-07-08
9180;Thales da Cruz;403.615.927-52;1956-05-25;628;6734.81;SC;2022-11-16
9181;Ana Julia da Cruz;069.341.875-39;1996-09-11;767;5799.26;CE;2023-08-01
9182;Sr. Brayan Cardoso;258.037.149-41;1967-12-04;717;8733.2;BA;2024-06-27
9183;Clarice Mendonça;204.537.189-14;2007-08-21;632;4423.35;BA;2022-08-07
9184;Joaquim da Cunha;781.935.260-40;1993-11-30;640;5366.55;BA;2021-04-15
9185;Mirella Pastor;691.037.428-22;1983-08-01;557;4897.63;PE;2024-04-14
9186;Alícia Marques;182.659.470-11;1999-09-03;469;3086.47;RJ;2023-06-17
9187;Brenda Caldeira;586.924.130-89;1977-05-04;710;3925.13;GO;2023-06-07
9188;Dra. Maria Flor Gomes;657.938.104-39;1978-08-21;728;3812.02;PE;2021-03-16
9189;Luiz Gustavo Vieira;618.743.905-84;2000-01-15;412;2797.02;PE;2024-03-05
9190;Enrico Viana;469.705.213-70;1995-07-18;654;6557.26;PE;2021-05-18
9191;Luiz Henrique Abreu;071.634.985-00;1986-02-14;626;4761.45;MG;2023-02-13
9192;Sr. Benício Guerra;945.728.630-83;1966-11-02;689;4641.1;BA;2024-09-14
9193;Carolina Freitas;139.758.246-46;1980-02-14;636;3888.55;GO;2024-07-24
9194;Benicio Dias;431.627.590-99;1964-08-15;629;4902.16;PR;2021-10-22
9195;Sra. Alice Casa Grande;624.398.751-55;1983-11-24;523;4349.04;MG;2022-02-07
9196;Sr. Marcos Vinicius Pereira;710.896.234-96;1992-05-11;639;6287.45;RJ;2024-06-17
9197;Sophie Leão;928.037.516-40;1997-03-03;427;3339.95;SC;2022-07-19
9198;Luiz Gustavo Fonseca;543.219.067-25;1992-06-15;528;5093.76;SC;2022-03-28
9199;Thiago Cavalcanti;264.190.857-30;1962-09-30;710;6187.88;SP;2021-04-01
9200;Ryan Caldeira;860.495.321-33;1976-03-15;535;5165.47;PR;2021-01-25
9201;Marcos Vinicius Carvalho;302.157.649-43;1991-09-09;436;1752.69;MG;2022-02-03
9202;Srta. Sabrina Ribeiro;761.580.923-12;1983-09-03;466;3694.53;SC;2024-03-11
9203;Nicolas Gomes;587.461.230-08;1969-03-19;701;2631.97;RS;2023-05-06
9204;Nicole Nascimento;471.685.032-35;2001-10-04;778;6355.11;MG;2023-05-25
9205;Nina Silveira;501.638.947-01;2001-09-28;431;3548.95;PE;2024-03-09
9206;Kamilly Nascimento;745.189.306-57;1992-09-24;751;6607.44;PR;2022-03-08
9207;Hellena Novais;486.012.597-58;1989-05-19;751;4641.75;SP;2021-05-16
9208;Dr. Davi Lucca Cavalcante;925.137.604-25;1968-01-29;570;3635.31;MG;2021-03-18
9209;Thales Campos;145.360.279-80;2000-06-03;826;7247.36;PR;2023-09-16
9210;Isis da Rosa;631.429.587-46;1962-07-27;850;6332.39;RJ;2022-03-25
9211;Ana Júlia Castro;526.803.914-89;2002-01-13;533;4121.17;GO;2021-12-06
9212;Ana Sampaio;678.253.041-44;1978-03-08;785;5913.88;GO;2021-08-22
9213;João Pedro Monteiro;047.913.286-04;1960-04-06;634;5168.69;RJ;2024-10-02
9214;Antônio Porto;516.798.203-03;1997-07-07;624;4339.6;GO;2022-12-03
9215;Arthur Miguel Costela;578.639.241-46;1957-01-15;603;4643.9;CE;2023-02-02
9216;Diego Macedo;201.534.769-07;1969-01-31;619;5895.52;GO;2022-06-13
9217;Mariane Nogueira;958.043.672-00;1960-03-03;831;5807.57;CE;2024-02-18
9218;Maria Cecília Camargo;294.837.501-05;1976-09-27;572;3750.99;PE;2022-11-09
9219;Davi Miguel Gomes;329.067.841-50;1986-07-06;642;4597.65;BA;2023-12-15
9220;Melina Castro;801.675.293-40;2000-03-19;648;6287.63;MG;2024-09-29
9221;Sra. Julia Andrade;704.839.216-96;1968-12-14;316;3019.78;CE;2023-12-02
9222;Caroline Alves;071.549.863-01;1967-02-07;564;4972.42;PR;2024-05-01
9223;Miguel Novaes;250.378.649-92;1992-02-29;512;5292.26;RS;2022-04-09
9224;Alice Martins;795.186.402-11;1978-08-22;729;6400.35;SP;2023-06-08
9225;Valentim Dias;921.536.874-46;2003-06-10;715;4974.38;GO;2022-07-12
9226;Dra. Melissa Costa;732.046.918-96;1995-01-10;545;5112.44;BA;2023-11-09
9227;Isabella Cirino;238.716.059-21;1983-02-26;527;5661.64;PR;2023-10-19
9228;Brenda Pimenta;579.641.038-57;2001-08-13;581;5149.89;SC;2021-04-16
9229;Ana Lívia da Mota;526.803.174-08;2003-10-05;850;6093.78;CE;2022-09-08
9230;Marcos Vinicius da Mata;164.095.387-66;1997-09-20;628;6078.18;PR;2021-08-07
9231;Ana Júlia Garcia;782.306.419-78;1992-03-26;734;5544.18;MG;2024-02-11
9232;Rafaela Cirino;894.152.630-24;1966-03-23;557;4222.86;RS;2022-03-25
9233;Hadassa Moraes;380.562.197-30;1997-10-07;793;6064.89;RS;2023-08-09
9234;Augusto Moreira;497.516.038-20;1984-02-05;629;4605.21;MG;2021-07-21
9235;Bryan Novais;183.927.064-04;1958-02-22;704;5787.53;PE;2023-11-02
9236;Lara Porto;581.327.694-73;1960-04-19;499;3023.18;BA;2023-04-26
9237;Dr. Joaquim da Rosa;910.523.786-68;2004-05-12;380;2208.68;SC;2023-05-09
9238;Camila Nunes;173.048.659-20;1965-08-17;715;7043.76;CE;2022-11-10
9239;Davi Luiz Andrade;196.302.857-03;1960-05-04;702;6170.63;PR;2021-06-16
9240;Sr. Diego Araújo;045.136.872-07;1960-02-21;604;5606.91;RS;2021-11-29
9241;João Miguel da Rocha;594.273.160-80;1988-05-06;654;7036.45;CE;2023-09-13
9242;Dr. Josué Silveira;564.287.390-38;1980-08-06;608;6207.01;RJ;2022-10-05
9243;Eduardo Cavalcanti;351.079.826-03;1966-06-07;724;6527.44;SP;2023-06-12
9244;Mathias Azevedo;806.975.214-94;1957-06-10;378;3953.19;SC;2023-06-05
9245;João Gabriel Barbosa;486.273.150-35;1976-12-31;604;4388.07;MG;2023-04-29
9246;Thomas Vargas;231.968.507-30;1970-06-20;442;3530.41;GO;2021-03-04
9247;Juan Fonseca;032.489.567-47;1958-06-28;624;3689.0;BA;2023-01-29
9248;Sr. Rodrigo Nunes;602.975.143-34;1965-12-12;443;4030.62;RJ;2022-09-23
9249;Eduarda Martins;984.053.617-66;1990-12-15;724;5982.28;RS;2023-09-24
9250;Dra. Clarice Borges;739.428.016-04;1992-11-23;758;5977.62;GO;2023-03-23
9251;Mariah Novaes;389.461.705-57;1996-03-15;613;3986.97;CE;2022-03-15
9252;Dra. Julia Aragão;493.506.127-80;1966-03-27;432;5310.66;SC;2023-05-31
9253;João Cassiano;048.652.317-90;1960-09-13;755;4647.49;RS;2022-08-10
9254;Sr. Bento Rocha;561.937.420-34;1970-11-20;638;5003.95;RS;2024-06-04
9255;Isaque Cirino;263.870.491-13;2002-02-11;587;4286.98;MG;2022-11-20
9256;Sra. Jade Machado;685.247.391-00;1956-04-25;665;6138.18;MG;2024-05-09
9257;Maya Cavalcante;831.574.629-46;2000-05-08;668;5223.48;BA;2024-04-30
9258;Sophie Cardoso;921.357.408-88;1959-04-03;601;5744.81;SC;2021-06-19
9259;Esther das Neves;806.721.439-50;1958-11-09;675;5472.69;RJ;2021-06-18
9260;Maria Helena Casa Grande;079.615.834-75;1958-09-16;615;5265.27;RJ;2021-01-18
9261;Kamilly da Luz;013.798.265-86;1956-10-22;563;5325.54;MG;2024-01-12
9262;André da Rosa;605.894.273-00;1985-04-12;490;3508.54;SC;2023-10-06
9263;Ana Clara Pinto;964.257.130-70;1978-01-26;693;4411.12;RJ;2024-11-29
9264;Dra. Emilly Albuquerque;852.703.169-86;1979-04-18;431;3511.08;MG;2021-04-16
9265;Nicole Cavalcanti;217.643.598-28;1975-07-07;416;2029.2;SP;2023-08-24
9266;Guilherme Castro;072.349.186-04;2003-01-28;710;5475.21;MG;2021-03-08
9267;Manuela Rodrigues;703.958.612-68;2006-11-29;774;4987.19;MG;2022-08-20
9268;João Nunes;314.286.957-37;1984-12-09;608;5263.58;BA;2024-10-22
9269;Ana Carolina da Costa;845.710.392-04;2007-07-22;479;4863.76;BA;2024-09-26
9270;Maria Jesus;836.709.514-66;2007-03-18;681;3838.71;CE;2021-06-29
9271;Sra. Camila da Conceição;457.629.031-25;1979-07-09;615;5305.96;SP;2021-12-05
9272;Dra. Nina Pastor;980.624.715-94;1959-09-19;549;2912.14;PR;2022-11-08
9273;Lucca Moreira;135.086.479-00;1992-05-20;653;7435.24;RJ;2021-03-21
9274;Caleb Pinto;105.928.367-03;2000-03-23;573;6153.24;CE;2021-06-18
9275;Emanuelly Barros;460.237.598-74;2008-02-26;529;4447.55;SP;2024-06-12
9276;Vitor Gabriel Melo;946.285.710-58;1963-12-27;712;5687.59;SP;2022-01-29
9277;Maria Fernanda Costa;265.749.301-70;1969-10-29;584;5398.13;MG;2023-03-12
9278;Nina Martins;832.490.765-38;1973-03-06;846;7068.59;GO;2021-08-09
9279;Davi Luiz das Neves;615.283.749-91;1983-04-22;558;4274.25;PR;2024-04-30
9280;Dr. Fernando Carvalho;489.057.613-48;1998-02-03;850;6934.91;PR;2024-06-14
9281;Marcela Rezende;410.256.379-25;1989-06-09;548;3238.93;PE;2021-05-27
9282;Maria Cunha;508.417.263-53;1994-11-14;400;3563.58;CE;2022-08-06
9283;Mariane Vieira;296.851.740-67;2006-12-18;698;5187.3;MG;2021-05-14
9284;Sofia Câmara;253.764.089-65;2001-02-03;618;3773.54;GO;2024-05-26
9285;Alexandre Dias;629.014.573-80;1996-07-18;635;5561.5;PR;2021-11-19
9286;Danilo Freitas;204.935.176-34;1997-09-22;555;6130.45;PE;2021-07-16
9287;Ana Lívia Fogaça;390.461.758-39;1998-03-22;519;4435.48;GO;2024-05-27
9288;Luiz Henrique Costela;716.905.248-20;1958-05-14;721;5690.71;RS;2024-11-12
9289;João Lucas Mendonça;210.457.386-62;1969-12-29;597;3347.13;PR;2021-03-07
9290;Agatha Mendonça;857.264.193-91;1990-09-22;782;6086.11;SC;2022-11-25
9291;Henrique Novais;071.254.963-34;1964-05-17;684;6144.72;MG;2024-11-24
9292;Sr. Carlos Eduardo Martins;602.918.734-13;1989-07-01;544;4154.47;GO;2023-07-16
9293;Eloá da Costa;523.840.961-33;1984-03-20;780;5122.8;BA;2023-11-09
9294;Miguel Pacheco;031.942.685-89;1973-06-01;850;6055.13;PR;2022-08-25
9295;Zoe Garcia;674.539.802-83;1991-02-17;478;3956.31;SC;2023-05-07
9296;Sra. Juliana da Rosa;125.987.604-76;1979-02-10;850;4889.03;RS;2022-09-26
9297;Maria Liz Macedo;026.847.159-20;2005-01-17;603;5300.27;BA;2022-03-08
9298;Ryan Mendonça;370.295.841-04;1977-12-19;624;5373.92;RS;2023-08-03
9299;Sarah Caldeira;529.637.408-83;1985-05-29;533;3664.28;MG;2024-12-11
9300;Ana Luiza Barros;047.681.953-93;1975-09-20;602;3686.11;MG;2021-03-17
9301;Vinicius da Rosa;284.906.731-87;1996-05-02;614;4523.25;RJ;2021-05-01
9302;Lucas Gabriel Caldeira;352.047.681-90;1967-12-12;563;4824.51;CE;2021-08-30
9303;Augusto Rodrigues;954.807.362-56;1976-09-16;401;2978.91;MG;2021-08-09
9304;João Lucas Machado;783.210.569-03;1978-09-27;850;5713.89;GO;2021-09-16
9305;Dra. Ana Julia Sá;956.348.721-46;1985-03-23;774;6246.66;MG;2021-05-31
9306;Clara Marques;475.209.816-49;1964-03-12;547;3055.36;PR;2022-11-13
9307;Lara Silva;962.351.074-80;1962-03-16;636;6541.4;BA;2024-04-01
9308;Maria Flor Pires;903.847.261-78;1988-03-31;573;4503.04;RS;2023-09-14
9309;Maria Luísa Pereira;601.438.975-00;1962-11-25;741;6268.87;SC;2023-04-20
9310;Sr. Rhavi Sampaio;917.460.832-04;1991-04-29;431;3546.89;RJ;2024-08-12
9311;Fernando Freitas;846.921.705-49;1964-10-14;801;6371.06;PE;2024-04-18
9312;Luiz Henrique Costela;523.076.914-99;2007-02-01;300;2788.21;PR;2024-12-23
9313;Srta. Ágatha Pinto;836.091.572-59;1998-08-22;596;2938.91;RS;2023-08-28
9314;Dra. Ana Carolina Sá;578.943.621-82;1971-05-28;418;4319.11;SP;2023-01-16
9315;Laura Ferreira;502.647.819-02;1964-01-07;532;3348.5;MG;2023-03-12
9316;Mariane Farias;083.612.594-06;1979-05-05;615;4275.8;RS;2022-12-08
9317;Ana Carolina Gonçalves;350.489.621-33;1973-07-20;632;4853.28;RJ;2021-04-11
9318;Lunna Brito;032.971.586-03;1966-01-16;476;3296.8;SP;2022-06-01
9319;Josué Fogaça;682.903.754-92;1980-03-24;673;5425.92;SC;2022-01-18
9320;Eduarda Teixeira;920.678.345-92;1963-08-06;610;6817.38;GO;2023-08-08
9321;Matteo Mendonça;725.908.463-47;1968-12-27;707;6508.44;SC;2024-12-23
9322;Maria Júlia Gomes;162.785.394-46;1969-07-05;600;5020.15;BA;2023-07-10
9323;Luara Costela;098.472.365-00;1970-03-08;568;5321.55;MG;2022-11-01
9324;Samuel Fernandes;823.597.146-19;1965-03-12;606;5070.38;SC;2024-09-10
9325;Bianca Moreira;489.637.105-48;1977-04-01;639;5093.83;BA;2024-03-06
9326;Dr. Lucas Gabriel Peixoto;759.042.638-56;1979-10-04;850;6133.38;MG;2021-01-16
9327;João Gabriel Melo;620.793.584-56;1986-09-23;538;4998.1;MG;2022-05-29
9328;Ana Sophia Vasconcelos;840.963.712-03;1977-01-21;548;4092.59;SC;2021-07-10
9329;Sophie Farias;495.078.231-23;1995-08-13;489;4403.56;GO;2022-11-17
9330;Yuri Melo;830.956.742-10;1998-03-04;680;5124.81;MG;2021-03-28
9331;Kamilly Monteiro;874.219.305-23;1975-10-23;705;3781.87;MG;2022-05-07
9332;Igor Alves;820.673.154-71;1983-10-19;535;4110.02;PE;2024-05-21
9333;João Felipe Porto;830.614.792-87;2001-02-10;479;2083.29;GO;2022-07-24
9334;Davi Lucas Souza;625.783.419-82;1999-02-20;583;5358.02;RS;2022-01-05
9335;Clarice Andrade;641.720.985-76;1966-06-13;773;5636.71;SC;2021-03-20
9336;Joaquim Ramos;534.267.910-99;1994-05-23;707;6292.54;SP;2024-07-17
9337;João Pedro Abreu;497.215.063-70;1968-04-11;766;5777.81;BA;2024-12-27
9338;Daniel Ferreira;964.578.201-58;1958-11-22;404;3302.19;BA;2024-06-13
9339;Sra. Elisa Pimenta;436.107.825-44;2003-03-23;498;3260.49;BA;2022-11-22
9340;Bella Garcia;532.860.974-38;1988-11-11;583;4325.07;SP;2021-08-03
9341;Maria Fernanda Fogaça;296.134.085-33;1984-08-25;636;5791.16;GO;2023-10-24
9342;Sr. Carlos Eduardo da Cunha;956.017.483-57;1966-01-19;575;4995.7;RS;2022-03-09
9343;Benicio Cardoso;953.814.067-20;1972-07-25;621;5903.49;MG;2022-11-12
9344;Breno da Mota;982.130.574-14;1975-07-22;597;4697.07;PE;2022-07-15
9345;Bruna Silva;987.146.035-00;1969-01-29;575;4437.75;PE;2023-03-12
9346;Sr. Davi Lucca Barbosa;062.739.145-16;1993-04-21;525;3317.4;PE;2024-04-24
9347;Maria Luiza Pires;072.941.358-60;1976-08-23;713;4620.8;CE;2024-06-07
9348;Dra. Nicole Aragão;158.937.620-02;2003-11-21;581;5663.34;RS;2023-06-10
9349;Vitor Gabriel Fernandes;682.519.743-64;1956-11-07;577;5444.74;SP;2023-07-21
9350;Gabriela Martins;361.284.795-37;1967-06-06;549;3340.84;CE;2024-01-26
9351;José Alves;846.259.701-30;1985-12-13;428;4736.72;PR;2024-01-09
9352;Enzo Machado;823.410.975-88;1958-05-30;483;4611.19;GO;2021-04-02
9353;Dra. Manuella Pinto;158.472.639-37;1962-08-15;500;5317.38;PR;2022-11-13
9354;Cauê Lima;390.684.712-87;1993-09-26;850;5113.47;SP;2023-04-15
9355;Ana Júlia Novais;456.129.387-64;1991-08-08;489;4685.13;CE;2024-07-08
9356;Luana Viana;428.516.397-73;1963-04-18;681;6224.92;RJ;2023-08-30
9357;Srta. Maria Luiza Nogueira;734.125.809-88;1971-12-26;551;6395.53;SC;2023-08-08
9358;Mateus Souza;107.692.485-94;1962-02-24;634;3855.04;CE;2024-03-17
9359;Mateus Barros;849.537.061-10;1973-08-01;589;3508.43;RS;2022-10-08
9360;Dr. Ian Campos;719.204.563-25;1987-09-23;810;5819.67;CE;2022-04-02
9361;Manuela Sousa;340.671.258-44;1992-05-15;679;4961.33;GO;2022-06-27
9362;Natália Brito;721.648.593-91;1995-08-08;546;2457.75;PR;2024-08-28
9363;Stella Melo;915.234.786-91;1979-08-04;691;6827.18;SP;2022-04-15
9364;Daniel da Conceição;036.429.518-05;1970-01-29;510;2534.77;CE;2022-06-05
9365;Maria Eduarda Cardoso;347.526.109-06;1988-10-29;716;4081.76;SC;2022-06-28
9366;Cauê da Rocha;251.896.734-64;1996-11-11;766;5223.6;SP;2023-12-23
9367;Lunna Barros;187.204.536-71;1961-04-30;487;4144.46;RS;2021-03-25
9368;Mathias Jesus;649.782.035-38;1956-09-24;495;3252.89;RS;2023-07-10
9369;Ágatha Cirino;973.865.124-73;1964-08-03;662;2866.89;RS;2023-03-25
9370;Maria Flor Moraes;987.532.140-05;1961-10-14;817;6579.64;SP;2023-05-31
9371;Anthony Gabriel Cirino;129.803.574-05;1971-11-29;464;2694.75;SP;2021-06-05
9372;Larissa Andrade;462.357.190-43;1993-10-28;738;6505.05;PR;2024-01-02
9373;Otto Santos;640.832.571-80;1972-02-04;786;5605.26;PE;2023-05-04
9374;Bruno Aparecida;856.470.392-00;1962-11-14;655;5666.57;SP;2023-10-25
9375;Carolina Araújo;930.417.568-20;1970-09-05;703;6751.28;PR;2024-05-14
9376;Brenda da Paz;283.746.159-82;1998-10-06;533;4149.83;SP;2023-10-15
9377;Diego Fogaça;286.759.143-00;1989-06-15;546;4315.39;CE;2022-03-14
9378;Luana Novais;316.945.820-51;1967-08-15;703;3969.96;PE;2024-09-16
9379;Danilo Câmara;618.037.945-93;2008-04-10;753;4884.82;PE;2022-08-12
9380;Maria Eduarda Rios;367.805.291-68;2000-10-30;583;5907.94;RJ;2022-04-26
9381;Gabrielly da Cunha;142.079.835-97;1994-11-04;659;5611.53;SC;2024-02-23
9382;Murilo Nogueira;347.928.105-23;1990-05-01;478;2779.91;BA;2021-12-29
9383;Gael Camargo;507.413.862-08;1977-10-08;732;5266.86;PE;2024-09-05
9384;Antony Cassiano;309.276.841-87;1972-07-14;560;5443.95;RS;2021-01-30
9385;Laura Sampaio;925.871.463-64;1986-11-27;494;4221.24;SC;2021-06-13
9386;Srta. Heloisa Teixeira;643.981.250-51;1966-04-23;625;4997.31;BA;2024-08-17
9387;Alana Carvalho;564.839.710-01;1962-04-07;557;3876.14;RS;2023-09-10
9388;Sophia Pinto;208.467.593-65;1970-03-05;490;4402.67;SP;2021-07-23
9389;Ana Beatriz Fogaça;497.015.283-79;1965-06-14;539;5280.74;MG;2022-06-13
9390;Emanuelly Porto;469.830.275-74;1973-07-08;593;3685.55;MG;2024-09-08
9391;Sarah Nogueira;236.918.705-03;1993-01-10;591;4317.14;PR;2024-10-07
9392;Renan Alves;095.648.172-85;1965-04-24;741;5559.0;PR;2023-05-02
9393;Dr. João Cirino;182.374.596-28;1985-04-21;586;6099.55;MG;2023-05-24
9394;Bárbara Duarte;849.516.302-06;1994-02-09;680;7102.71;RS;2021-12-02
9395;Cauê Pinto;046.198.725-20;1999-05-12;771;5280.84;BA;2021-07-19
9396;Sr. Samuel Pastor;849.726.105-49;1960-02-07;738;7429.3;PR;2022-09-26
9397;Kaique Albuquerque;970.364.851-75;2006-03-08;803;7412.1;PE;2024-11-17
9398;Dra. Marcela Martins;826.073.514-80;1997-12-09;736;5585.34;PE;2024-08-01
9399;Beatriz Campos;823.657.940-92;1964-06-29;519;3799.78;RJ;2021-06-06
9400;Dra. Ana Vitória Rezende;871.069.435-84;1981-07-22;420;4702.8;MG;2021-09-06
9401;Renan Montenegro;342.017.568-07;1971-10-14;586;5979.33;SP;2022-05-06
9402;Dr. Josué da Cruz;617.409.823-04;1976-08-21;472;4858.62;RJ;2022-07-08
9403;Cecilia Caldeira;804.796.523-92;2005-12-24;560;3195.63;MG;2021-08-21
9404;Cauê Mendes;438.607.215-26;1974-10-05;815;7627.31;GO;2022-11-23
9405;Amanda Silva;724.516.098-85;1960-11-08;645;5193.94;RJ;2023-10-22
9406;Maria Alice Almeida;724.865.109-58;1965-12-17;672;5570.63;PE;2023-08-11
9407;Vicente Porto;825.041.739-97;1964-05-17;524;3779.95;PE;2021-09-08
9408;Maria Costa;928.347.651-46;1988-01-30;850;9472.16;GO;2024-09-30
9409;Benício Aragão;187.596.402-94;1999-09-21;807;6934.22;CE;2022-07-24
9410;João Felipe Mendonça;903.457.162-99;1999-07-25;579;3833.81;RJ;2022-12-31
9411;Dr. Augusto Sá;791.684.235-19;1990-09-03;532;3702.73;RJ;2022-12-25
9412;Raul Casa Grande;864.970.512-01;1979-08-24;850;8606.28;MG;2023-03-06
9413;Sr. Gustavo Cassiano;943.218.560-51;1967-10-14;709;4711.39;RS;2024-01-22
9414;Ágatha Câmara;918.325.647-46;1974-01-18;727;5577.38;PR;2021-02-07
9415;Matheus Sampaio;482.691.570-58;1969-08-14;361;3175.1;CE;2021-06-26
9416;Ísis Monteiro;392.180.645-33;1968-04-18;518;3335.95;RJ;2021-11-29
9417;Joaquim da Cruz;852.937.164-09;1969-12-04;589;4213.68;MG;2022-12-02
9418;Erick Novaes;281.794.650-20;1997-02-22;615;4837.67;MG;2023-12-06
9419;Otto da Conceição;427.519.386-55;1980-01-28;394;4672.28;PE;2022-02-02
9420;Olívia Sampaio;691.283.407-87;1976-05-01;501;3055.6;GO;2024-07-17
9421;Thomas Campos;830.479.261-31;1999-04-11;580;4531.67;BA;2021-03-03
9422;Lucca Rodrigues;647.318.295-00;1985-06-06;795;6629.42;BA;2023-03-09
9423;Maria Helena Moura;475.630.218-17;1974-05-07;687;5770.54;SC;2021-08-01
9424;Henrique Araújo;908.361.247-31;2002-03-15;647;5485.73;PE;2023-04-05
9425;Pietro Novaes;479.831.652-00;1983-12-11;388;2854.08;RS;2021-12-10
9426;Alice Andrade;304.586.279-92;2008-02-01;759;10014.33;RS;2024-06-25
9427;Murilo Carvalho;310.452.798-97;1987-05-31;475;4223.08;GO;2024-04-15
9428;Kamilly Freitas;816.945.730-01;2001-04-05;551;6455.65;RJ;2022-04-10
9429;Isaque Jesus;650.278.491-76;1955-09-07;457;4280.94;GO;2024-02-16
9430;Cecilia Pires;467.518.039-66;1962-05-08;451;3289.43;GO;2023-03-05
9431;Luiz Henrique Correia;546.097.812-20;1970-10-14;615;5989.69;BA;2024-08-08
9432;Vinicius Nunes;682.705.139-03;1973-01-08;490;4583.38;BA;2022-02-12
9433;Sr. Rodrigo Nascimento;241.365.897-19;1969-12-29;622;5248.79;SP;2021-03-16
9434;Vitor Gabriel Cassiano;850.194.637-01;1994-01-14;734;4589.44;GO;2022-01-21
9435;Ana Vitória da Rosa;293.075.148-79;1982-02-11;717;5167.1;SP;2024-03-15
9436;Lorena Souza;273.049.156-25;1995-10-15;751;6342.56;BA;2021-02-05
9437;Joana Ribeiro;437.986.015-93;1960-11-01;594;4161.97;BA;2024-08-21
9438;Maya Campos;294.318.750-04;1967-02-28;718;7004.95;BA;2023-05-02
9439;Maria Júlia Santos;683.794.052-00;1958-10-20;556;3314.99;SP;2022-10-08
9440;Emanuella da Luz;259.467.013-80;1957-07-24;703;4175.47;GO;2021-06-24
9441;Clarice Oliveira;514.278.039-60;1960-04-14;463;2641.3;MG;2021-07-16
9442;Maria Sophia Teixeira;086.513.472-35;1967-03-20;570;3223.67;CE;2023-12-03
9443;Marcela Rocha;089.357.461-93;1961-05-26;387;1960.56;PE;2021-08-27
9444;Marcos Vinicius Monteiro;821.765.943-55;1967-02-17;697;4304.46;CE;2021-10-06
9445;Vitor Hugo Pastor;964.287.351-64;1992-09-14;579;6578.7;GO;2023-10-10
9446;Henrique Moura;721.038.695-59;1994-09-28;614;5254.53;PE;2024-02-04
9447;Srta. Ana Vitória Sá;793.015.428-97;2004-01-25;506;6211.47;BA;2021-09-03
9448;João Porto;602.479.153-43;1973-09-12;555;4211.9;CE;2021-03-08
9449;Dr. Luan Albuquerque;803.971.426-50;1970-08-31;778;6042.27;BA;2022-05-19
9450;João Vitor da Rosa;794.251.086-76;1987-07-19;625;4718.31;PR;2024-01-05
9451;Ana Ramos;265.093.874-92;1981-07-26;587;5066.5;SC;2022-08-24
9452;Ágatha Silveira;240.158.693-89;2000-05-21;686;4844.75;SP;2021-08-07
9453;Josué Vieira;863.942.075-00;1992-07-25;528;3614.86;SP;2022-09-07
9454;Joaquim Andrade;195.427.063-16;1994-09-30;451;2017.57;MG;2024-11-26
9455;Dra. Melissa Pimenta;507.382.691-40;2008-03-23;655;6178.6;PR;2023-02-17
9456;Gabriela Pastor;306.897.421-69;1974-01-01;724;3410.01;MG;2022-07-29
9457;Cecilia Macedo;763.925.180-02;1990-08-13;590;3617.91;BA;2023-04-24
9458;Pedro Henrique Castro;214.876.903-04;1976-08-16;637;4678.18;RJ;2023-12-24
9459;Rael Ribeiro;715.968.032-40;2002-08-15;691;5508.85;BA;2021-06-03
9460;Ágatha Vargas;659.142.738-46;2002-06-21;392;2168.91;GO;2022-09-24
9461;Vitor Hugo Mendes;924.380.175-97;1987-04-08;620;5050.11;PR;2023-04-14
9462;Dr. Matheus Cavalcanti;527.904.861-58;2008-03-11;451;2071.54;SP;2021-02-23
9463;Cecilia Oliveira;681.402.573-62;1972-05-15;626;3604.33;PR;2022-11-03
9464;Luísa Mendes;623.859.417-91;2007-09-26;419;2906.86;MG;2024-12-28
9465;Vinícius Martins;143.856.079-66;1983-09-14;561;3609.6;RJ;2021-10-09
9466;Clara da Cunha;346.219.570-07;1984-12-22;535;4293.84;PE;2024-05-19
9467;Ana Beatriz Fonseca;048.152.973-04;1972-04-03;533;4334.7;CE;2021-07-25
9468;Kevin Azevedo;507.431.289-23;1961-04-18;574;4759.65;BA;2021-08-21
9469;Agatha Novaes;056.489.127-49;1956-03-02;725;6639.25;RJ;2022-06-26
9470;Yan Aragão;542.061.973-34;1963-09-10;774;7030.15;BA;2022-10-14
9471;Bento Peixoto;267.905.413-06;1972-04-26;648;4750.57;RJ;2022-01-10
9472;Luara Costa;385.421.769-28;1977-03-17;573;3706.22;CE;2022-03-11
9473;Ana Cecília Sá;693.518.274-37;1962-01-19;620;5657.39;CE;2021-06-11
9474;Emilly Leão;950.217.643-06;2004-12-06;532;4218.78;RS;2021-04-11
9475;Sr. Lorenzo Fonseca;271.385.964-64;1964-12-24;538;4513.35;PR;2022-09-30
9476;Maria Clara Moraes;842.307.516-80;1978-04-27;554;3692.49;PE;2024-01-14
9477;Pedro Miguel Silva;613.427.985-46;2007-01-17;538;4807.33;RJ;2024-12-30
9478;Bárbara da Paz;246.781.390-87;1989-09-29;608;4435.58;PE;2024-03-28
9479;Sra. Ana Julia Duarte;031.964.728-50;1955-10-28;651;4793.48;PE;2022-09-01
9480;Stella das Neves;021.836.459-89;1990-07-07;755;5066.13;PE;2024-09-09
9481;Gael Henrique Ribeiro;835.196.472-73;1958-04-10;597;3371.23;PR;2021-07-25
9482;Larissa Brito;578.392.604-38;1992-02-19;578;2944.36;SC;2021-03-25
9483;Davi Miguel da Mota;875.361.092-02;1955-11-23;709;6438.5;PR;2023-05-11
9484;Maya Alves;960.817.325-68;1963-10-20;714;5740.87;RJ;2024-09-09
9485;Arthur Gabriel Costela;216.874.039-96;1979-04-12;514;3311.66;BA;2022-07-06
9486;Srta. Sofia Farias;895.762.031-12;2007-11-25;803;7859.68;SP;2021-10-08
9487;Ayla Azevedo;405.796.321-99;1977-11-11;634;4556.37;RJ;2021-07-13
9488;Sr. Vitor Aragão;120.748.593-41;1983-06-01;784;5577.5;CE;2021-01-09
9489;Brayan Souza;761.843.920-69;1965-10-10;647;6527.96;RJ;2023-09-04
9490;Allana Costa;684.395.201-15;1981-09-30;519;4981.22;SP;2023-08-19
9491;Maya Aragão;625.719.480-67;1990-12-20;682;5416.48;BA;2023-04-12
9492;Gael Azevedo;864.201.795-30;1986-07-25;500;3275.56;PE;2021-08-07
9493;Anthony Borges;197.642.358-91;1958-06-25;654;3808.66;PR;2021-11-22
9494;Camila Garcia;502.431.796-34;1982-05-10;635;5621.05;CE;2024-02-24
9495;Leandro Aparecida;704.285.316-44;1986-05-03;738;4505.64;RS;2021-06-17
9496;Sra. Mirella Abreu;542.768.193-00;1982-09-18;777;7911.36;BA;2021-12-11
9497;Srta. Maria Isis Nogueira;284.975.306-83;1988-05-01;669;4313.95;MG;2024-08-21
9498;Vicente Ribeiro;125.683.904-33;1962-02-27;580;4592.4;CE;2024-12-06
9499;Dra. Clarice Pires;847.501.926-94;1976-07-16;652;5237.98;RJ;2024-07-15
9500;João Guilherme das Neves;846.537.910-66;1963-04-25;653;5133.25;SP;2023-08-22
9501;Bruna Gonçalves;326.981.074-13;1983-09-18;651;4747.48;RS;2024-12-21
9502;Sra. Maria Sophia Rezende;978.543.162-28;1986-03-21;579;4055.97;MG;2021-12-13
9503;João Miguel Vargas;087.235.691-40;1964-01-02;850;8263.9;PE;2022-05-04
9504;Ana Laura Ramos;170.469.253-99;1986-03-21;686;6813.31;SC;2021-01-11
9505;Allana Sampaio;241.385.790-79;2002-07-30;715;5901.27;PE;2022-07-14
9506;Dra. Manuella Pereira;734.018.265-90;1996-05-13;439;3249.84;CE;2022-01-20
9507;Lara Caldeira;723.960.518-30;1988-08-16;579;3498.92;GO;2024-01-27
9508;Julia Novais;057.862.413-35;1961-04-16;441;4020.72;RS;2021-05-02
9509;Lunna Gomes;518.796.043-10;1977-01-22;658;4096.6;SC;2022-03-09
9510;Bella Costela;051.946.827-94;1985-01-26;530;5401.22;CE;2024-09-27
9511;Ana Lopes;958.164.023-15;1969-12-13;514;4282.8;SC;2022-01-30
9512;Sra. Ana Lívia Martins;672.509.341-80;1994-12-11;597;5282.36;PE;2022-08-23
9513;Zoe Ferreira;850.631.972-21;1963-05-09;517;4226.08;BA;2021-10-06
9514;Larissa Siqueira;028.569.713-77;2002-06-28;640;5350.18;SC;2024-04-24
9515;Vinicius Almeida;801.379.265-02;2006-10-07;629;5376.61;SC;2024-03-30
9516;Ana Liz da Cunha;863.195.270-21;1962-12-26;850;9361.3;PR;2022-07-06
9517;Esther Moraes;632.419.085-42;1972-06-02;543;2025.76;RS;2024-06-16
9518;Otto da Rosa;081.436.957-00;1981-05-05;691;5714.25;RJ;2024-12-18
9519;Ísis Pastor;148.563.270-62;2004-04-12;747;6260.89;SC;2022-06-07
9520;Lorena da Rosa;659.013.748-00;1981-11-11;627;6144.91;CE;2023-10-17
9521;Mariah Borges;216.498.350-51;1966-02-26;772;4789.44;SP;2021-08-23
9522;Luara Rezende;546.382.901-24;1998-05-24;522;4070.41;SC;2024-04-24
9523;Elisa Lima;054.692.387-92;1972-03-17;631;4822.02;RS;2022-06-03
9524;Maria Flor Porto;087.295.136-77;1985-10-18;672;6372.1;MG;2024-03-26
9525;Sra. Bianca da Mata;695.013.724-99;1979-08-26;826;7186.91;MG;2024-08-05
9526;Srta. Aylla Ferreira;146.932.758-91;2006-03-10;517;3988.62;CE;2021-09-03
9527;Benicio Nascimento;637.459.082-10;2001-11-06;610;5394.64;RS;2021-09-29
9528;Srta. Heloisa Pereira;517.236.089-12;1974-11-16;666;7378.4;SP;2022-04-18
9529;Dra. Sara Santos;593.071.648-00;2007-01-15;564;4896.75;RS;2021-04-06
9530;Sofia da Rocha;365.017.498-75;1961-05-14;850;6214.79;RJ;2024-11-01
9531;Ravi Lucca Sampaio;831.426.975-19;1972-07-14;637;4151.12;SC;2021-09-30
9532;Maria Fernanda Teixeira;295.170.843-23;2006-03-08;629;4251.78;RS;2022-07-21
9533;Beatriz Nogueira;092.567.843-00;1971-11-30;745;6107.32;RJ;2024-03-22
9534;Benicio Camargo;205.391.874-88;1989-05-25;507;4896.57;SP;2024-08-27
9535;Benjamin Aragão;176.809.243-50;1984-08-04;641;6080.82;RS;2021-08-15
9536;Thomas Moreira;467.239.150-70;1983-09-23;482;4224.82;SP;2023-04-27
9537;Otávio da Mata;639.214.587-73;2006-01-19;712;5272.62;RJ;2022-12-01
9538;Dr. Bruno Leão;237.519.684-82;1982-06-12;468;3702.39;RS;2023-07-05
9539;Srta. Mariah Barbosa;478.952.106-02;2000-06-01;767;7261.93;MG;2021-10-29
9540;Sophie Pereira;132.467.598-55;1995-09-18;568;3260.91;RJ;2023-01-26
9541;Srta. Milena Moreira;418.397.502-60;1958-04-20;568;4075.52;BA;2023-04-22
9542;Joana Souza;491.237.856-91;1986-08-19;673;5279.0;SC;2024-09-12
9543;Lara Novaes;827.930.461-40;1962-01-29;529;5336.26;PE;2024-10-25
9544;Srta. Maria Eduarda Casa Grande;173.085.642-07;1958-08-16;636;5523.42;PR;2023-06-28
9545;Leandro Moreira;804.261.537-07;1986-09-17;413;879.74;RS;2024-07-24
9546;Igor Guerra;673.098.145-84;1973-09-30;447;3095.46;MG;2022-02-28
9547;Leonardo Sousa;250.389.476-38;1965-07-07;689;3169.75;SC;2022-12-25
9548;Emanuella Ramos;671.028.943-50;1987-07-25;811;6658.57;RS;2024-09-25
9549;Davi Luiz Machado;984.720.315-60;2005-04-28;783;5378.03;RS;2023-10-01
9550;Maria Júlia Garcia;698.247.503-47;2005-03-07;680;5525.2;GO;2022-07-15
9551;Hellena Nascimento;146.529.870-30;2001-12-16;718;5510.21;SC;2021-04-11
9552;Henrique Novais;319.026.457-07;1969-09-11;676;6510.2;PR;2021-01-07
9553;Bernardo Teixeira;258.076.134-90;1970-05-13;541;4570.24;SC;2023-08-08
9554;Sra. Emanuelly Nunes;690.372.845-74;2003-03-24;393;3846.5;MG;2021-05-06
9555;Sr. Antony Correia;016.947.358-93;1968-10-11;850;5555.56;SP;2023-07-29
9556;Lucca Carvalho;948.617.053-39;1989-07-30;609;5752.48;PE;2022-08-16
9557;João Felipe Nunes;705.431.289-97;1994-07-24;623;5149.1;RS;2023-04-27
9558;Dra. Ana Julia Mendonça;435.702.896-56;1993-04-03;573;4155.85;RJ;2022-08-12
9559;Levi Nogueira;806.294.175-20;1965-01-17;609;4913.67;MG;2022-08-04
9560;Lavínia Silveira;908.524.631-89;2007-08-18;478;3757.98;PR;2021-12-29
9561;Lucas Gabriel Castro;507.231.694-70;1971-04-01;808;6044.87;SC;2021-01-29
9562;Caleb Casa Grande;914.607.382-50;1977-03-30;471;3616.58;GO;2023-12-21
9563;Dr. Caleb Pastor;820.356.149-70;1964-05-29;534;2933.66;RJ;2024-04-16
9564;Sra. Maria Helena Oliveira;945.780.326-47;1983-10-07;636;4377.72;GO;2022-12-14
9565;Helena Nunes;381.425.069-98;1990-08-29;545;4513.43;PR;2024-08-12
9566;Marcos Vinicius Moraes;865.791.034-93;2004-04-18;436;1746.43;RS;2023-07-10
9567;Ian Freitas;851.732.694-64;1994-01-15;700;3669.17;RS;2024-11-10
9568;Sr. Noah Sampaio;308.547.162-62;1970-03-07;502;2216.16;PR;2023-09-04
9569;Davi Lucca Aparecida;057.213.964-07;2007-06-10;561;4916.06;SC;2022-07-07
9570;Gael Henrique Melo;085.739.126-77;1983-08-13;633;7455.87;MG;2023-09-11
9571;Stephany Vargas;654.018.237-62;1969-10-16;750;5068.84;RS;2023-06-17
9572;Yago Camargo;078.193.546-66;1976-10-28;476;6514.69;MG;2021-02-05
9573;Ayla Nogueira;896.537.012-40;1986-10-07;747;6565.37;RS;2024-08-14
9574;Lara da Mata;501.472.836-71;1988-06-28;628;5297.52;GO;2023-02-27
9575;Dra. Ayla Aragão;485.317.269-64;1991-04-20;442;3693.04;RS;2024-02-04
9576;Thales Camargo;927.056.143-70;1991-08-18;628;4119.86;PE;2024-08-07
9577;Bruno Montenegro;649.812.370-22;1977-09-11;555;5955.18;MG;2021-08-13
9578;Davi Lucca Carvalho;902.617.853-03;1999-09-03;604;6903.17;PR;2023-01-30
9579;Eduarda Aragão;386.705.924-10;1975-10-22;411;2765.87;PE;2022-06-06
9580;Thiago Andrade;714.930.685-39;1989-10-15;434;2262.58;RJ;2022-07-11
9581;Beatriz da Mata;381.409.657-66;1977-11-28;520;4475.31;PE;2022-09-28
9582;Evelyn da Rosa;980.431.762-13;1981-11-18;652;4536.71;SC;2021-02-11
9583;Sra. Elisa Cavalcante;321.945.786-09;1986-02-11;352;4293.69;RJ;2024-03-07
9584;Asafe Dias;865.071.942-20;1966-10-12;585;3563.71;RJ;2022-05-10
9585;Diego Almeida;140.759.632-25;1996-01-25;652;5420.45;PR;2022-06-01
9586;Luiz Miguel Freitas;361.874.920-13;1985-11-26;581;4796.53;RS;2024-09-30
9587;Asafe Mendes;390.215.684-89;1968-07-17;481;4607.91;PE;2024-06-10
9588;Dra. Maria Vitória Duarte;326.987.014-04;1967-07-31;500;3394.43;CE;2023-12-22
9589;Augusto Fonseca;095.413.687-00;1991-07-31;697;6779.96;MG;2024-07-09
9590;Rafaela Vargas;798.126.534-73;1976-11-29;810;7535.8;GO;2023-12-19
9591;Maria Alice Cunha;409.378.165-66;2007-02-01;581;3106.97;SP;2021-11-02
9592;Beatriz Costa;167.290.534-61;1970-06-15;788;7674.7;SP;2022-11-02
9593;Pedro Lucas Campos;089.532.417-23;1966-12-22;539;5233.19;PE;2023-05-10
9594;Pedro Carvalho;407.391.582-79;1990-06-15;580;6141.28;CE;2022-11-30
9595;Isabelly Sales;169.507.243-06;1959-02-25;558;6442.65;SP;2023-09-13
9596;Catarina Barbosa;903.428.657-65;1993-05-07;714;7509.54;RS;2022-01-19
9597;Emanuella Montenegro;328.156.097-03;1977-11-20;564;4917.03;RJ;2022-09-20
9598;Ana Liz da Mota;849.106.735-39;1970-02-09;503;4867.99;SC;2022-05-30
9599;Bruna Aparecida;415.297.063-43;1993-09-11;727;8213.02;PR;2024-04-15
9600;Eduarda Pires;157.692.043-70;1987-12-15;677;6140.09;RS;2024-07-11
9601;Maya Fernandes;643.192.785-00;1965-09-08;563;5045.38;SC;2024-10-03
9602;Luísa Pacheco;173.902.468-04;1960-10-18;574;4707.86;CE;2024-03-03
9603;Dr. Luiz Fernando Montenegro;396.218.745-64;1981-07-28;640;4767.7;CE;2023-01-01
9604;Sophie Montenegro;865.194.730-57;1963-10-07;627;4640.7;RJ;2023-02-18
9605;Alexandre das Neves;047.612.859-58;1997-09-24;574;5668.66;GO;2024-07-03
9606;Maria Vitória Rodrigues;645.928.370-29;1985-04-30;641;5475.07;RS;2022-05-17
9607;Dr. Lucas das Neves;120.458.796-58;1971-11-23;445;3983.46;BA;2021-04-04
9608;Luan Moreira;048.673.912-04;1960-02-08;683;5065.66;BA;2023-01-01
9609;Vicente Machado;257.618.039-68;1959-09-06;850;4510.77;GO;2022-05-09
9610;Kaique Guerra;496.107.235-43;1969-04-03;714;6424.8;PE;2022-11-14
9611;Enzo Almeida;107.948.362-40;2006-01-04;684;5648.21;GO;2022-04-12
9612;Sra. Mariah Costa;621.738.495-73;2003-07-16;686;6356.18;SC;2024-02-26
9613;Levi Camargo;830.295.147-14;1999-10-01;532;4555.2;SP;2024-11-13
9614;Felipe Farias;921.836.705-68;1985-11-20;598;3690.23;RJ;2021-07-31
9615;Maria Cecília Marques;579.236.184-37;1971-03-01;706;5083.64;CE;2021-10-08
9616;Apollo Campos;493.768.521-09;1958-12-09;440;2980.89;RS;2023-04-22
9617;Luna Albuquerque;627.153.840-17;1959-08-31;524;5220.48;SP;2022-02-24
9618;Maria Fernanda Vasconcelos;867.314.259-82;1974-05-18;638;6486.38;GO;2023-04-25
9619;Sr. Henry Marques;568.139.724-64;1995-06-17;540;5194.17;PE;2021-05-29
9620;Gabrielly Nunes;037.295.481-23;2006-08-26;850;7156.03;RJ;2024-10-26
9621;Dr. Otto Lima;391.257.406-52;1972-09-15;723;6477.52;PE;2023-06-23
9622;Ryan Duarte;754.190.382-50;1987-10-26;449;4177.82;MG;2022-03-29
9623;Antony Garcia;137.568.904-57;1988-08-07;656;4988.25;RS;2022-03-24
9624;André Jesus;489.572.031-41;1961-09-01;513;4797.98;BA;2021-07-18
9625;Yago Cunha;896.210.734-13;1980-03-01;503;6157.65;SP;2022-06-10
9626;Lorenzo Rodrigues;938.061.745-39;1983-08-24;633;3840.69;SP;2024-04-18
9627;Dr. Ian Caldeira;564.781.290-20;2000-08-27;558;4185.87;SC;2021-09-04
9628;Sra. Lara Alves;461.582.970-11;2003-10-22;850;5915.41;PR;2024-08-09
9629;Sra. Cecilia Freitas;287.654.391-55;1964-07-28;606;4310.17;CE;2023-07-11
9630;Arthur Gabriel Ferreira;031.468.257-08;1999-09-01;679;4910.12;RS;2021-07-11
9631;Dante Câmara;246.580.197-01;1961-02-05;483;3668.71;BA;2022-04-30
9632;Mariah Andrade;130.249.567-43;1966-06-24;584;4079.76;CE;2021-09-01
9633;Dr. Benício Pereira;408.653.192-51;1970-03-21;555;5624.7;RJ;2022-05-28
9634;Allana Oliveira;875.204.169-76;1984-02-26;581;3513.87;CE;2024-01-05
9635;Davi Pastor;562.430.789-65;1970-10-09;564;4566.34;RS;2021-04-01
9636;Raul Sá;175.840.329-23;1982-10-27;459;5297.98;GO;2024-11-12
9637;Danilo Siqueira;649.875.231-91;2008-07-04;724;7222.17;PR;2024-01-14
9638;Dra. Ísis Almeida;198.570.643-10;1976-02-02;667;3242.3;MG;2024-09-08
9639;Dr. Carlos Eduardo Pastor;084.217.936-40;1974-08-19;804;5568.43;SP;2023-09-30
9640;Davi Lucca da Mata;142.057.369-16;1967-01-06;526;4364.33;RS;2023-04-24
9641;Ana Júlia Rodrigues;901.643.875-01;1993-05-25;785;7333.29;BA;2021-07-24
9642;Isaac Mendes;538.971.260-95;2001-01-02;728;5512.17;RJ;2023-10-29
9643;Maria Liz Fernandes;983.702.164-04;1962-06-18;580;4985.94;CE;2022-04-15
9644;Maria Júlia da Cunha;047.512.986-58;1972-03-18;604;5721.32;CE;2022-07-23
9645;Anna Liz Abreu;297.518.064-02;1993-10-13;719;6343.34;SP;2023-05-25
9646;Asafe Borges;315.970.642-70;2005-02-10;316;2655.99;BA;2023-01-01
9647;Kaique Costa;319.406.582-33;2007-12-28;606;5016.03;GO;2024-02-14
9648;Theodoro Rocha;108.265.497-30;2005-05-12;529;2907.21;MG;2021-02-25
9649;Ravy Lopes;632.975.804-29;1986-10-04;675;5043.7;RJ;2024-07-08
9650;Sr. João Guilherme da Paz;697.318.452-91;1959-08-12;688;4833.09;CE;2021-02-13
9651;Srta. Maria Fernanda Caldeira;934.120.587-50;1985-07-26;789;7313.06;PR;2022-01-30
9652;Dra. Nina Aragão;280.931.654-60;1957-05-20;655;5026.71;MG;2021-11-18
9653;Ana Vitória Cirino;624.075.913-99;1982-03-06;722;6168.55;RS;2021-04-03
9654;Ester Aragão;293.841.705-50;1982-04-19;648;6226.87;MG;2022-02-06
9655;Rafaela Camargo;583.169.240-05;1977-12-15;791;5075.59;RS;2022-02-09
9656;Nina Melo;327.186.049-13;1961-07-30;493;3163.74;MG;2022-08-28
9657;Agatha Siqueira;618.573.024-35;1972-06-02;439;3449.25;GO;2021-05-06
9658;Maria Flor Borges;437.921.058-88;1998-07-31;692;5514.58;GO;2022-04-08
9659;Sra. Ágatha da Cruz;687.420.395-92;1996-04-15;555;5566.46;CE;2021-10-03
9660;Maria Cunha;372.916.458-91;1999-10-10;636;5430.98;SP;2021-08-30
9661;Ágatha Fonseca;395.126.840-98;1975-06-02;758;5940.76;RS;2023-01-21
9662;Kamilly Moraes;613.094.528-06;1998-09-02;850;6352.18;PR;2024-11-07
9663;Dra. Sophie Ferreira;675.109.284-94;1973-05-07;850;5825.26;SC;2021-11-12
9664;João Miguel Marques;804.167.593-00;1987-12-24;682;4813.47;RJ;2021-11-22
9665;Juliana Freitas;934.856.120-06;1964-04-16;754;5553.77;GO;2023-02-14
9666;Erick Lopes;597.432.180-41;1972-06-01;654;4581.46;SP;2021-12-17
9667;Sr. Anthony Gabriel Marques;542.381.697-19;1958-12-20;732;5200.25;BA;2021-03-13
9668;Maria Fernanda Casa Grande;345.291.670-70;2008-06-09;822;5580.0;PE;2021-12-25
9669;Sr. Benício Aragão;740.928.361-04;1959-04-06;458;4615.55;SC;2021-08-11
9670;Breno Vieira;961.430.827-31;1990-04-22;549;4384.76;RJ;2021-11-19
9671;Marcela Peixoto;695.428.370-38;1968-12-07;581;3335.39;RS;2021-05-30
9672;Joaquim Ramos;931.647.025-07;1959-09-24;610;6144.92;MG;2023-05-01
9673;Gabriela Novais;674.032.189-22;1966-08-05;740;6151.79;RJ;2023-06-10
9674;Rebeca Melo;304.598.716-84;1979-04-21;753;4964.48;RS;2024-12-03
9675;Sr. Davi Miguel da Mota;287.930.465-29;1986-08-14;580;5035.8;MG;2022-06-30
9676;Ana Clara Barros;813.642.975-82;1981-04-21;604;4585.18;PE;2024-02-11
9677;Sr. Cauã Freitas;870.516.492-30;1985-01-27;475;1718.66;PE;2024-04-26
9678;Erick Vargas;231.856.794-82;1973-07-27;718;5987.22;CE;2022-11-07
9679;Sr. João Lucas Dias;126.975.084-49;2007-09-28;728;5386.76;GO;2021-11-19
9680;Srta. Allana Caldeira;041.739.285-05;1967-08-19;534;4278.55;CE;2023-12-28
9681;Vitória da Luz;937.156.480-66;1987-07-12;722;5544.55;CE;2022-03-18
9682;Oliver Abreu;523.740.819-23;1976-10-19;716;4721.69;GO;2023-05-21
9683;Zoe Almeida;684.937.205-00;1999-01-09;600;4729.89;MG;2024-06-05
9684;Gabrielly Lima;769.123.508-95;1978-07-23;767;6343.63;GO;2022-07-26
9685;Yuri Melo;609.584.731-10;1959-01-07;829;5284.32;BA;2022-06-17
9686;Brayan Monteiro;517.648.923-64;2000-09-17;635;5259.4;CE;2022-03-15
9687;Sra. Gabriela Pinto;709.481.253-14;1956-08-19;694;4738.64;SP;2022-02-06
9688;Brayan Pastor;315.209.674-70;2004-06-21;822;6588.96;SC;2022-08-29
9689;Sr. Yan Fogaça;178.594.032-50;1957-06-07;489;3895.98;SC;2024-01-02
9690;Mariana Rezende;597.803.421-41;1969-01-09;582;7439.24;GO;2021-07-06
9691;Luiza Casa Grande;930.127.645-34;1994-09-09;745;6009.66;CE;2021-08-25
9692;Juan Martins;652.178.403-07;1993-05-14;606;5799.06;MG;2021-04-21
9693;Dr. Yago Rezende;869.324.705-00;2005-10-19;739;3000.45;RS;2024-12-05
9694;Jade Sá;384.750.629-38;1982-03-10;697;5603.97;PE;2021-08-20
9695;Dra. Julia Vasconcelos;974.601.835-39;1990-08-16;462;4576.21;PE;2023-09-09
9696;Maria Julia Câmara;847.125.093-41;1969-11-26;850;7356.8;SC;2024-08-23
9697;Carolina Ribeiro;278.509.163-95;1974-09-13;752;7820.12;CE;2024-12-30
9698;Liz Sousa;874.601.953-75;1992-12-26;520;2302.43;MG;2021-04-19
9699;Dra. Eloá Costela;936.078.152-59;1977-03-31;698;5336.39;PE;2022-01-04
9700;Rebeca Pimenta;853.026.794-00;1987-03-07;455;3561.83;PE;2022-04-20
9701;Rebeca Gonçalves;135.026.497-07;1976-06-19;707;5507.03;MG;2022-05-08
9702;Júlia Sales;203.851.647-26;1987-12-19;525;3976.49;SP;2023-11-08
9703;Sara Brito;074.315.286-71;1962-11-26;617;3006.52;CE;2024-01-19
9704;Dr. Henry Gabriel Abreu;468.573.209-00;2000-12-25;602;3471.66;RJ;2022-05-10
9705;Juan Rios;987.510.423-04;1997-01-04;699;4030.96;PE;2024-02-06
9706;Eduardo Melo;624.970.158-30;1985-12-11;741;5518.83;RJ;2022-11-26
9707;Maitê Silva;160.837.954-00;1991-12-21;554;4726.45;PE;2024-01-06
9708;Asafe Brito;324.170.695-80;1966-04-20;516;4406.75;RJ;2022-06-16
9709;Antônio Farias;058.167.394-84;1998-12-31;532;3699.27;PR;2022-11-12
9710;Caio Nascimento;049.382.657-29;1965-06-22;668;4205.42;PE;2021-10-06
9711;Ana Luiza Campos;603.752.941-80;1998-08-22;468;3992.23;MG;2021-04-01
9712;Arthur Miguel da Mota;154.327.068-90;1992-02-01;616;5096.69;SC;2023-10-02
9713;Emanuel Vasconcelos;608.451.932-60;1992-07-06;659;5329.38;RS;2021-10-14
9714;Henrique da Cruz;013.479.586-57;1959-11-06;692;5633.44;RS;2024-12-02
9715;Davi Monteiro;257.093.148-97;1997-10-10;379;1284.12;RJ;2023-11-27
9716;Vitor Hugo Moreira;574.216.839-09;1990-06-26;850;6800.07;MG;2024-07-03
9717;Camila Rios;678.290.143-96;1971-01-03;734;5526.3;GO;2021-05-27
9718;Augusto Rocha;148.635.970-10;2002-10-31;613;4450.64;SC;2024-07-22
9719;Clara Fernandes;047.693.281-50;1999-06-10;850;7053.24;PE;2021-06-14
9720;Murilo Pimenta;426.051.398-24;1993-05-25;555;2788.46;BA;2023-08-02
9721;Yago Moraes;741.085.632-71;1969-03-02;850;6636.72;MG;2024-10-27
9722;Henry Gabriel Mendes;370.641.825-80;1972-01-17;709;6528.0;PR;2022-11-23
9723;Maria Helena Mendes;235.094.876-56;1955-08-24;564;5184.45;SP;2021-03-09
9724;Luiz Miguel Rocha;156.429.078-67;1960-05-26;547;3385.57;SP;2021-02-25
9725;Dra. Maria Sophia Marques;589.417.602-67;2008-03-22;759;5913.81;SP;2021-03-04
9726;Pietro Silva;736.905.128-59;1964-04-20;682;5866.92;RJ;2022-10-23
9727;Samuel Viana;821.345.960-15;1968-11-02;696;4011.46;MG;2024-07-28
9728;Larissa Câmara;387.052.694-74;1988-04-27;549;4067.52;CE;2021-06-16
9729;Henry Gabriel Machado;461.750.389-75;1982-07-10;520;4589.01;RJ;2024-11-09
9730;Srta. Melina Fernandes;021.573.648-62;1955-07-20;762;7441.18;RS;2023-09-12
9731;Vinícius Sousa;048.319.572-32;1998-01-03;579;4923.97;RJ;2023-06-19
9732;Maria Luiza Marques;189.742.053-60;1982-04-08;673;6005.26;PE;2024-08-19
9733;Marcelo Cunha;437.052.198-04;1978-11-01;514;5932.58;BA;2021-04-28
9734;Miguel Campos;245.619.038-60;1982-10-10;731;6800.65;CE;2021-02-22
9735;Sr. Ryan da Cunha;835.624.107-35;1993-06-15;764;6646.14;MG;2022-12-25
9736;Melissa Viana;382.509.167-86;1991-04-19;496;3829.03;BA;2023-02-16
9737;Daniela da Costa;932.748.650-10;2007-07-28;421;3783.07;RJ;2023-10-30
9738;Marcela Ribeiro;287.056.934-38;1965-02-03;599;4751.48;PR;2022-08-22
9739;Gustavo Henrique Silveira;315.402.689-42;2008-03-15;764;5655.01;PR;2021-11-23
9740;Caio Martins;795.034.268-47;1967-07-24;589;4733.97;RJ;2024-01-23
9741;Enrico Leão;673.190.854-10;1955-08-28;399;2925.94;MG;2024-05-14
9742;Maria Vitória da Paz;245.367.980-56;1967-12-15;321;1982.48;CE;2024-01-11
9743;Catarina Moreira;719.024.386-04;1966-06-03;722;6223.27;GO;2022-08-12
9744;Murilo Monteiro;468.970.135-01;1985-06-09;548;4424.8;GO;2023-12-06
9745;Dra. Luísa da Rosa;953.610.874-75;2001-08-02;491;3925.66;RJ;2021-11-05
9746;Maria Eduarda Aragão;453.869.027-92;1991-09-14;850;8645.8;MG;2022-08-15
9747;Valentina Peixoto;459.170.862-49;1977-05-15;626;5168.14;PE;2024-06-27
9748;Théo Duarte;621.580.947-02;1961-01-27;502;3214.21;SP;2022-10-06
9749;Daniel Azevedo;568.234.719-64;1986-10-31;663;4779.11;SC;2023-08-19
9750;Mateus Oliveira;732.196.854-55;2003-01-30;728;7393.69;SP;2023-11-05
9751;Levi da Conceição;746.382.091-22;1982-01-26;659;5373.74;SC;2023-08-16
9752;Ana Luiza Silva;076.832.195-68;1999-01-10;418;4091.61;SP;2021-04-01
9753;Sra. Marina Montenegro;295.781.634-28;1988-04-05;482;3437.99;CE;2021-04-11
9754;Ana Julia Lopes;251.908.763-30;1996-12-02;735;6909.76;SP;2024-09-17
9755;Yasmin Macedo;716.502.489-11;1997-04-11;564;4103.08;PR;2022-05-19
9756;João Vitor Araújo;691.037.528-95;1979-02-18;536;3090.15;SC;2022-12-09
9757;Dra. Clara Correia;279.015.438-41;1992-01-24;543;2730.87;BA;2021-07-01
9758;Julia Melo;480.975.132-50;1980-12-11;701;6002.52;BA;2023-11-23
9759;Pedro Montenegro;298.147.036-13;2006-01-01;687;4541.6;PR;2023-12-22
9760;Pedro Henrique Araújo;490.257.186-20;1956-04-11;476;3861.51;MG;2023-04-10
9761;Dr. Kaique Fernandes;259.413.876-28;1996-06-11;627;4868.73;SC;2024-02-28
9762;Yuri Farias;758.139.064-01;1979-08-27;585;6390.78;RJ;2022-04-28
9763;Dr. Diogo Moura;418.035.692-98;2004-01-31;671;7338.68;SC;2021-11-02
9764;Joaquim Casa Grande;657.843.201-90;1971-01-05;772;7879.27;PR;2023-11-14
9765;Maria Clara Santos;264.539.871-55;1970-10-06;491;4521.17;RS;2022-10-21
9766;Letícia da Mata;142.690.358-89;1989-02-28;568;2880.61;BA;2024-09-16
9767;Erick Campos;135.270.489-79;2004-12-31;799;6098.31;SP;2023-01-20
9768;Clarice Mendes;231.785.960-03;2003-03-02;493;3529.44;PR;2021-12-15
9769;Josué das Neves;358.670.124-17;1984-07-10;524;3498.3;CE;2023-02-08
9770;Vitor Hugo Brito;062.894.531-06;1988-06-17;593;6474.82;SP;2024-02-06
9771;Apollo Costa;603.972.145-61;1956-12-08;540;5979.27;SP;2024-07-04
9772;Yan Rezende;369.425.807-83;1987-08-01;721;6164.27;GO;2021-04-19
9773;Luigi da Mota;490.356.712-52;1984-01-09;709;5685.66;SC;2022-03-02
9774;Mariana Vargas;193.425.076-70;1972-03-09;774;6758.98;RS;2023-04-21
9775;Dr. Gustavo Vieira;234.691.875-09;1980-12-24;420;3656.25;CE;2024-06-11
9776;Francisco Rocha;875.124.690-20;1964-11-01;714;5423.0;PE;2023-08-01
9777;Gabriel Pacheco;956.247.318-09;1959-06-30;635;4467.14;CE;2022-12-29
9778;Lívia Sá;576.208.193-12;1974-11-15;454;2081.62;SP;2024-07-02
9779;Sophia Pacheco;269.315.780-30;1970-07-15;435;4149.04;PE;2022-01-14
9780;Luiz Felipe Garcia;945.123.607-43;1999-06-01;321;1901.52;MG;2021-05-13
9781;Maria Fernanda Costa;984.156.072-02;1970-07-16;528;3941.84;SP;2022-07-03
9782;Lucca Cavalcanti;082.739.614-78;1984-10-04;397;3579.89;SP;2021-09-08
9783;Sra. Ayla Costa;761.053.248-71;1972-11-23;467;4868.41;SC;2022-06-02
9784;Ester Mendonça;259.786.430-83;1985-03-20;545;4264.39;PE;2021-09-12
9785;Sr. Alexandre Garcia;195.083.467-01;1997-04-08;620;5204.24;PE;2023-12-20
9786;Rhavi Cardoso;217.058.396-30;1959-04-18;624;4564.89;SP;2022-06-20
9787;Carolina Camargo;037.142.596-43;1971-03-31;661;5754.15;PR;2024-08-11
9788;Isis Carvalho;249.085.137-32;1988-01-05;528;4650.37;MG;2024-01-27
9789;Luiz Felipe Rios;970.823.456-74;1979-06-12;763;6809.89;GO;2023-10-18
9790;Hadassa Alves;274.586.093-38;1967-03-30;731;6019.92;RS;2023-11-23
9791;Gabrielly Pimenta;937.461.208-96;1969-10-14;507;3246.36;RS;2023-02-14
9792;Mariana Novaes;035.721.968-68;1976-12-26;658;6206.76;RS;2023-12-19
9793;Ana Liz Barros;647.029.851-67;1961-06-11;850;7781.82;RJ;2023-03-30
9794;Maria Isis Peixoto;541.726.093-25;1980-01-05;479;3064.73;PR;2022-05-12
9795;Emanuel Nogueira;965.348.720-56;1984-02-22;850;6585.61;MG;2024-10-10
9796;Maysa Montenegro;074.693.281-22;1992-08-04;625;4039.58;RJ;2021-10-17
9797;Srta. Elisa Vargas;154.967.302-52;1957-05-22;807;6956.33;SC;2024-06-21
9798;Sr. Arthur Gabriel Nunes;675.230.894-29;1976-01-07;527;3222.17;PR;2021-12-16
9799;Gabrielly Nogueira;586.042.791-30;1969-04-28;656;5292.21;PE;2024-03-16
9800;Vitor Hugo da Cruz;235.087.694-29;1958-03-11;719;6298.97;PR;2023-04-15
9801;Sr. Luan Moreira;587.924.106-85;1968-08-03;588;4160.2;PR;2021-11-21
9802;Luiz Fernando Garcia;982.071.354-41;2006-05-12;600;4249.32;SP;2022-05-13
9803;Calebe Silva;038.614.295-51;1992-12-15;604;4848.44;SC;2021-09-25
9804;Henrique Machado;681.950.273-77;1991-02-04;512;4726.68;BA;2023-12-19
9805;Bento Farias;705.129.438-50;1991-05-30;575;3758.12;SC;2022-03-15
9806;Miguel da Paz;845.296.713-64;1982-03-26;577;4858.26;RJ;2022-09-27
9807;Sra. Fernanda Machado;239.745.068-29;1996-02-28;629;5454.12;PR;2021-06-18
9808;Emilly Freitas;953.817.064-48;1966-12-11;727;7120.94;GO;2021-03-25
9809;Lucas da Mota;641.809.273-22;1970-10-12;654;4162.6;SC;2022-08-21
9810;Davi Lucas Alves;421.793.506-43;1980-08-05;587;3691.68;SC;2021-11-17
9811;Olívia Sousa;726.419.803-04;1979-01-25;823;8571.4;BA;2023-02-05
9812;Igor Castro;982.037.461-87;1957-08-25;698;6442.46;PR;2021-03-28
9813;Sr. Pietro da Cruz;837.620.159-02;1957-07-13;650;5566.06;MG;2023-04-06
9814;Hellena Brito;857.690.241-94;1999-11-28;428;3350.07;RS;2024-10-15
9815;Sofia da Rosa;074.129.653-52;1960-02-26;514;4393.36;BA;2022-11-28
9816;Vinicius Freitas;827.065.941-01;1998-06-20;612;6842.82;PE;2024-10-31
9817;Theodoro Macedo;086.592.413-98;1981-06-10;729;6116.51;MG;2022-08-25
9818;Marcelo Cardoso;712.603.854-26;1994-06-11;587;6372.02;RS;2021-02-17
9819;Luara Alves;418.079.653-84;1966-10-02;616;5259.67;RJ;2023-08-21
9820;Carlos Eduardo Barbosa;750.184.693-66;1984-09-16;625;4595.85;SC;2022-09-23
9821;Milena Pires;271.084.936-40;1972-03-20;624;3030.03;SC;2022-07-28
9822;Srta. Heloísa Sales;268.145.790-49;1985-11-28;434;3821.63;PR;2023-11-17
9823;Cecilia Duarte;984.206.751-30;1970-05-01;808;6812.22;CE;2023-12-23
9824;Bernardo Câmara;130.856.972-68;1961-06-04;533;2821.15;PE;2021-02-16
9825;Caroline Sá;031.978.254-97;1992-12-10;714;5144.8;RS;2021-08-12
9826;Ana Lívia Fonseca;825.106.947-58;2006-07-17;697;5965.87;BA;2022-05-10
9827;Vinicius Teixeira;361.047.258-80;2005-06-18;677;5449.6;PE;2024-11-29
9828;José Pedro Oliveira;934.071.568-39;1961-07-20;666;5208.55;PE;2023-11-29
9829;Dr. Thales Sales;108.256.743-44;1978-02-27;543;3380.5;MG;2022-07-19
9830;Dra. Hadassa Marques;837.654.902-29;1968-08-18;333;2482.89;BA;2021-10-02
9831;Ana Júlia Viana;968.257.134-00;1965-09-19;802;7146.08;GO;2024-06-03
9832;André Carvalho;074.269.315-52;1992-02-18;647;4442.0;SP;2024-10-11
9833;Yago Silveira;164.085.793-10;1987-10-20;739;5792.69;BA;2021-03-18
9834;Allana Machado;394.826.715-46;1964-10-24;808;5482.91;PR;2024-11-07
9835;Maria Sophia Silva;103.527.846-44;2008-04-05;530;3392.73;SP;2022-08-20
9836;Srta. Hadassa Cunha;085.973.641-57;1976-01-14;442;2598.96;RS;2022-02-24
9837;Sr. Luigi Cavalcante;478.519.302-60;1972-11-02;632;4343.8;RS;2022-03-04
9838;Cecilia Ramos;543.729.861-73;1969-06-06;300;3474.27;BA;2022-02-02
9839;Marina Machado;687.352.904-47;2000-02-17;417;3925.23;PE;2022-06-12
9840;Daniela Ramos;527.601.439-61;1973-06-13;623;7101.37;CE;2022-10-08
9841;Isaque Brito;891.642.035-06;1967-09-23;739;5407.4;RJ;2023-03-20
9842;Lorena Nogueira;503.821.746-07;1957-04-03;535;5782.73;RS;2021-10-17
9843;Vinícius Nunes;280.351.694-24;1958-08-05;442;3726.88;RJ;2021-07-04
9844;Enzo Gabriel Gonçalves;310.497.826-31;1983-02-04;604;4488.77;RJ;2024-12-27
9845;Maysa Pacheco;428.637.019-40;1977-12-22;662;5485.56;CE;2023-07-21
9846;Pedro Miguel Guerra;746.523.190-61;2004-08-31;674;5530.98;PE;2023-08-14
9847;Henry Alves;280.159.736-86;1980-06-08;670;5453.37;RJ;2024-01-20
9848;José Sampaio;965.820.137-77;1958-11-25;540;4324.0;SP;2024-05-27
9849;Ravy Vieira;624.037.185-80;1979-01-20;534;3491.62;RS;2022-05-09
9850;Júlia Sousa;380.692.417-13;1973-08-26;579;4512.58;CE;2021-07-07
9851;Matteo Siqueira;054.167.832-90;1989-02-28;624;5908.38;RS;2023-10-06
9852;Raul Martins;734.261.805-53;1972-06-08;560;4676.85;RS;2021-10-03
9853;Lucas Gabriel Rios;186.734.925-64;1991-02-07;634;4463.37;SC;2024-08-11
9854;Gael Cardoso;706.253.819-12;1995-10-19;628;6026.72;BA;2022-04-08
9855;Nathan Cunha;274.819.653-82;1997-11-11;642;5362.58;SP;2023-04-13
9856;Enzo Gabriel Campos;264.098.715-11;1981-05-06;535;6248.86;SP;2021-06-07
9857;Maria Vitória Almeida;236.149.758-19;1959-08-18;542;2668.22;RJ;2024-06-07
9858;Dr. Calebe Moura;160.395.274-80;1968-03-22;723;5669.18;PE;2023-10-15
9859;Dr. Mathias Leão;735.968.042-56;2000-12-01;583;4118.45;BA;2023-03-09
9860;Otto Pereira;653.947.081-93;1995-08-12;844;7106.59;RJ;2023-08-04
9861;Ana Vitória Azevedo;639.874.025-47;1987-10-03;685;5642.62;PE;2023-04-14
9862;Dra. Alexia Abreu;648.513.207-44;1991-12-06;652;6614.62;PE;2023-12-11
9863;Vitor Gabriel Fonseca;453.190.678-01;1964-08-28;589;3255.06;SP;2021-01-22
9864;Maitê da Paz;218.345.097-50;1963-04-21;724;6288.7;MG;2022-03-04
9865;Raquel Duarte;193.082.754-79;1959-04-04;632;5526.75;SP;2021-03-02
9866;Otto Alves;942.678.015-76;2005-11-14;575;4620.69;CE;2021-08-07
9867;Dr. Davi Lucas Santos;520.134.976-52;1989-11-08;604;4240.51;BA;2023-04-30
9868;Benício Cavalcanti;741.638.095-20;1990-06-24;762;4683.74;RJ;2024-01-31
9869;Henrique Sales;251.963.784-64;1998-06-18;850;7677.36;MG;2024-05-08
9870;Olivia Abreu;527.430.819-88;1988-11-28;406;3023.83;PE;2021-01-27
9871;Agatha Dias;729.068.153-30;1973-12-05;599;5183.89;RS;2024-11-10
9872;Samuel Moraes;602.978.154-58;2000-07-12;501;4040.03;SC;2022-11-15
9873;Vitor Hugo Câmara;274.603.915-06;2002-09-17;605;4102.38;GO;2024-07-28
9874;Vitor Cavalcante;089.543.672-83;1957-09-17;514;5030.8;GO;2022-06-25
9875;Evelyn Sampaio;028.741.639-96;1972-04-22;416;3805.88;PR;2024-05-05
9876;João Guilherme Nogueira;457.829.306-83;2002-05-05;715;5501.44;RJ;2023-05-01
9877;Dra. Clarice Montenegro;439.510.876-84;1998-08-16;626;6171.49;SP;2024-06-25
9878;Luiz Felipe Pinto;761.254.980-85;1965-02-18;535;3678.35;RS;2023-03-14
9879;Lavínia Martins;897.354.602-38;1966-01-05;560;5645.33;BA;2024-06-02
9880;Léo Fonseca;342.809.715-79;1988-03-12;775;4804.11;BA;2021-10-02
9881;Marcos Vinicius da Cunha;165.739.820-02;1973-12-01;740;6738.91;SP;2021-06-06
9882;Vitor Gabriel Duarte;154.032.876-71;1962-11-18;806;6833.11;PR;2024-05-21
9883;José Gonçalves;287.513.046-35;1957-04-10;614;6057.22;RJ;2021-09-10
9884;André Souza;462.095.837-92;2003-08-30;703;7868.9;PE;2024-08-02
9885;Sofia Teixeira;479.836.205-00;1992-08-18;735;6033.55;CE;2022-08-11
9886;Thiago Abreu;801.374.652-62;2006-11-05;479;3251.08;RJ;2024-01-10
9887;Josué Rios;261.579.304-70;1969-03-26;447;3360.94;PR;2022-04-08
9888;Vinicius Rocha;506.839.142-51;1966-11-30;731;5844.33;RS;2023-03-25
9889;Lucas Gabriel da Mata;507.698.413-84;1961-01-21;742;6273.57;PE;2023-09-05
9890;Francisco Almeida;174.528.609-85;1988-12-24;571;4655.63;BA;2021-02-24
9891;Vinícius Freitas;180.752.439-60;1974-07-26;676;5547.22;CE;2021-10-13
9892;Vitor Gabriel Macedo;794.832.160-87;1976-11-10;638;4334.95;SC;2022-02-03
9893;Arthur Sales;809.431.657-84;2005-12-01;568;6802.46;MG;2021-11-19
9894;Evelyn Lopes;475.621.083-07;1980-02-28;767;4662.16;RS;2024-05-27
9895;Marcelo Brito;654.209.183-15;1993-04-19;335;2756.19;CE;2023-11-02
9896;Luiza Costela;836.504.297-56;1991-02-20;727;5296.06;MG;2021-05-31
9897;Sra. Sophia da Rocha;261.493.750-99;1983-06-18;742;5995.65;RS;2023-07-14
9898;Dom Moreira;983.754.016-84;1988-12-07;600;5556.12;PR;2022-11-18
9899;Brayan Farias;268.315.970-68;1984-11-27;556;4161.29;BA;2023-05-07
9900;Emanuel Sá;105.729.346-61;1990-01-31;700;5568.6;RJ;2021-07-08
9901;Otto Freitas;580.392.761-95;1983-04-14;849;7485.83;PR;2021-03-16
9902;Antonella da Costa;512.840.367-07;2002-05-27;695;5510.5;PR;2021-09-24
9903;Dra. Emanuelly Nascimento;610.798.342-22;1964-11-17;724;5469.39;PE;2024-01-03
9904;Sr. Thomas Martins;127.549.680-67;1989-02-10;653;4307.71;SC;2021-03-29
9905;Ana Carolina Albuquerque;369.820.715-02;1997-06-06;744;6242.6;BA;2024-07-15
9906;Catarina Fonseca;078.946.312-13;1970-09-14;850;9192.3;SP;2022-11-23
9907;Srta. Allana Machado;724.856.013-80;1967-11-30;711;5756.43;RS;2023-10-06
9908;João Novais;439.826.170-22;1956-02-24;506;4952.75;SC;2023-05-28
9909;Ester Melo;814.932.650-24;1992-06-02;645;5698.03;SC;2021-04-05
9910;Dr. Carlos Eduardo Costa;340.627.895-74;2004-03-30;827;5791.58;PE;2024-11-21
9911;Luiz Fernando Pacheco;096.347.128-78;1971-08-08;509;3835.57;RJ;2021-08-27
9912;Leonardo Cavalcanti;569.327.418-73;1956-04-11;718;6298.87;MG;2023-05-24
9913;Luiz Otávio Sales;047.832.569-00;1998-09-24;512;4852.55;SP;2021-03-28
9914;Guilherme Teixeira;914.530.768-75;1964-05-02;475;2962.26;RS;2021-04-24
9915;Heloisa Aragão;452.170.983-41;2007-11-20;606;4294.57;PE;2022-02-21
9916;Carolina Nascimento;213.876.509-12;1974-09-13;726;6094.38;BA;2023-03-11
9917;Felipe Machado;687.301.924-04;1970-10-17;831;6400.81;SC;2024-05-29
9918;Calebe Pimenta;945.783.621-91;1956-08-08;605;6050.38;RJ;2021-02-25
9919;Lucas Gabriel Nunes;761.489.035-39;2002-05-06;609;6366.01;SC;2021-11-12
9920;Sra. Julia Garcia;052.769.413-43;1977-04-10;684;3119.21;GO;2021-05-29
9921;Josué Nascimento;987.614.325-55;1966-06-01;761;7000.73;BA;2022-03-12
9922;Alícia Alves;280.745.693-65;1995-12-01;734;3961.02;RJ;2021-12-26
9923;Vitor Gabriel Monteiro;351.206.879-03;1988-09-06;540;3731.3;RS;2022-06-05
9924;Dr. João Guilherme Mendes;926.387.105-12;1963-09-26;519;5893.92;BA;2022-12-30
9925;Dom Dias;634.287.510-35;1964-04-08;618;4907.44;SP;2023-05-31
9926;Ana Cecília Gonçalves;807.526.394-47;1963-01-16;686;6057.3;PE;2024-02-01
9927;Maria Flor Azevedo;013.492.857-14;1970-05-30;300;1753.64;MG;2023-06-13
9928;Vitória Vieira;945.830.176-93;1966-05-02;450;4000.31;CE;2021-08-11
9929;Evelyn Melo;086.541.392-42;1992-02-29;585;4695.39;GO;2024-07-06
9930;Enrico Sá;362.804.175-90;1996-09-24;370;2650.15;GO;2023-05-20
9931;Augusto Jesus;976.428.305-56;2008-05-21;753;7433.45;PE;2024-08-12
9932;Augusto Camargo;128.365.749-09;1966-10-20;706;4312.53;MG;2024-06-26
9933;Samuel Viana;075.834.219-50;1982-12-27;771;6892.0;RS;2023-12-11
9934;Sra. Sophie da Rocha;352.691.084-70;2007-06-02;605;2814.96;PR;2022-08-18
9935;Sara Barros;834.017.692-78;1989-09-07;734;5279.83;SP;2021-08-26
9936;Dr. Alexandre Garcia;642.513.097-07;1985-12-26;661;5356.39;RS;2022-09-15
9937;Brayan Mendes;806.729.534-47;1961-11-08;804;6306.63;PE;2021-01-11
9938;Liam Teixeira;920.751.348-04;1968-03-07;618;6522.62;PE;2023-07-06
9939;Clarice Campos;349.678.015-01;1957-02-16;541;5142.32;RS;2022-12-03
9940;Kamilly Oliveira;146.783.590-01;1985-06-24;596;3765.46;PR;2022-05-02
9941;Dr. Gael Brito;325.794.018-14;1989-11-05;620;5651.71;GO;2024-09-28
9942;Lucas Gabriel Costa;604.512.798-67;2007-11-20;782;7730.69;PE;2023-12-19
9943;Diogo Castro;671.589.034-00;1967-06-24;584;3684.75;MG;2023-04-15
9944;Fernando da Mata;348.617.209-31;1984-07-29;581;3466.47;SP;2022-03-11
9945;Raquel Silveira;106.894.257-67;1979-02-28;593;4402.33;RS;2024-08-14
9946;Benício da Luz;408.752.396-92;1980-06-23;707;3450.06;BA;2024-06-12
9947;Igor da Luz;347.512.098-41;1986-09-03;531;3522.48;RJ;2021-04-20
9948;Gabriel Marques;735.694.821-46;2003-11-12;762;4982.16;RJ;2024-09-28
9949;Ravi Lucca Albuquerque;982.643.157-55;1996-01-09;647;5047.87;BA;2023-07-14
9950;Clara Moreira;061.395.827-68;1970-10-18;745;6555.83;SP;2024-05-25
9951;Sr. Antônio Pimenta;921.450.683-33;1977-11-24;634;4517.33;SP;2023-11-06
9952;Dr. João Miguel Moraes;453.709.186-00;1998-03-27;397;3423.09;BA;2024-03-02
9953;Renan da Paz;781.943.526-73;1982-10-05;683;3889.13;CE;2024-12-20
9954;Carlos Eduardo Monteiro;396.024.578-56;2000-08-09;471;4020.33;RJ;2022-08-16
9955;Evelyn Pacheco;573.920.416-06;1997-02-25;660;4289.35;PR;2024-03-21
9956;Eduarda Melo;569.140.738-48;1964-12-17;551;2571.51;MG;2021-02-02
9957;Sra. Maria Vitória Monteiro;368.197.240-04;1958-09-19;785;4980.13;GO;2022-06-07
9958;Evelyn Cavalcanti;731.598.026-12;1974-03-11;685;5445.04;CE;2021-12-06
9959;Sr. Benício Sá;618.354.297-00;1995-03-25;774;5399.75;SC;2024-05-09
9960;Heloisa Cunha;356.714.892-37;1978-06-23;627;3317.57;CE;2024-07-01
9961;Dante Abreu;753.162.890-21;1961-02-18;387;3692.33;SC;2024-07-02
9962;Samuel Rocha;946.182.057-76;1981-11-06;405;3011.78;CE;2023-02-09
9963;Eduardo Andrade;120.638.497-22;1999-06-23;741;6674.68;PR;2024-02-06
9964;Larissa Abreu;197.685.243-91;2008-04-02;540;2731.5;CE;2024-05-14
9965;Diego da Costa;403.167.285-35;1997-01-04;681;6790.26;GO;2021-07-03
9966;Sr. João Gabriel Sousa;501.637.894-01;1978-12-07;540;3516.69;PE;2022-08-29
9967;Valentim Ferreira;780.652.431-26;1956-06-24;557;5027.61;MG;2024-01-02
9968;Manuela Macedo;358.924.167-55;1973-02-17;767;4896.39;BA;2024-04-01
9969;Davi Monteiro;847.910.536-48;2006-09-03;440;5860.0;SC;2024-07-28
9970;Emanuel da Costa;245.703.916-99;2004-03-28;598;5036.89;CE;2022-05-24
9971;Bianca Aragão;234.571.860-90;1972-04-26;536;4777.96;MG;2022-11-08
9972;Catarina Sousa;942.813.076-13;1973-04-17;735;6179.8;CE;2021-07-30
9973;Bárbara Pacheco;590.234.816-15;1964-01-14;828;6297.26;PR;2021-02-13
9974;Cauê Barbosa;409.853.126-70;1990-04-10;588;4935.41;PE;2022-09-27
9975;Clarice Casa Grande;918.263.074-78;2003-08-11;675;5627.95;CE;2024-06-21
9976;Marina Oliveira;138.092.465-06;2003-05-03;465;4032.52;RS;2021-12-25
9977;Liam Costela;178.420.593-14;2004-03-04;575;4019.02;RS;2021-08-10
9978;Manuela da Rosa;693.421.075-16;1983-01-05;623;4022.48;MG;2022-04-02
9979;Ana Júlia da Costa;390.142.685-05;2005-08-06;483;1248.53;PR;2021-10-17
9980;Dr. João Pedro Fogaça;654.928.173-37;1960-07-24;829;7187.73;SC;2023-04-08
9981;Laura Câmara;638.075.412-17;2002-11-02;605;4172.78;CE;2024-02-21
9982;João Miguel da Costa;104.795.328-50;1980-10-07;300;1671.47;SP;2023-04-16
9983;Leonardo Sales;651.392.874-55;2006-02-05;705;6582.17;CE;2024-12-03
9984;Laura Fogaça;584.072.391-60;1993-07-17;697;5734.39;SP;2024-02-17
9985;Elisa Ferreira;089.754.613-00;1978-01-07;776;5879.46;GO;2021-11-14
9986;Raul Viana;429.673.018-50;1956-04-09;750;5615.42;SC;2024-08-04
9987;Luan Nascimento;158.062.937-77;1992-06-13;514;3106.29;RJ;2023-07-26
9988;Maitê Alves;319.682.704-69;1971-03-26;492;4595.07;SC;2021-03-04
9989;Lorenzo Moreira;981.526.340-42;1967-06-19;530;3206.97;GO;2021-12-23
9990;Dr. Mateus Mendes;487.109.653-00;1983-08-28;705;5967.97;RS;2022-09-26
9991;Maria Fernanda Farias;563.127.084-62;1971-12-01;735;6392.6;PE;2022-04-13
9992;Brenda Moura;459.320.861-06;1964-05-04;529;4308.1;PE;2024-05-27
9993;Lucca Sá;584.267.903-56;1999-09-15;635;4160.84;RS;2022-10-30
9994;Laís Nascimento;926.473.581-09;2002-03-17;487;3215.28;CE;2023-01-11
9995;Vitor Novais;973.804.516-93;1991-12-01;850;6387.26;RS;2023-12-02
9996;Daniela Pimenta;937.452.810-04;2000-06-15;767;5667.34;MG;2024-09-08
9997;Luiz Gustavo Novaes;793.612.504-34;1993-12-26;726;6710.49;PE;2021-02-05
9998;Mariah Porto;253.148.976-28;2000-02-23;734;6259.83;PR;2021-01-07
9999;Eloah Vieira;968.512.743-37;1963-02-17;785;6658.35;BA;2023-04-15
10000;Luísa Silva;527.846.319-82;1992-09-14;825;4980.08;RJ;2021-10-19
