emprestimo_id;cliente_id;valor_emprestado;valor_parcela;num_parcelas;taxa_juros;data_concessao;status
1;5553;11759.09;506.13;24;3.3;2022-12-01;QUITADO
2;7308;6534.39;564.3;12;3.63;2023-04-12;ATIVO
3;7989;7815.72;167.19;48;2.68;2021-10-28;QUITADO
4;9420;2495.29;73.09;36;5.45;2023-02-23;ATIVO
5;9127;3085.38;68.19;48;6.08;2021-05-30;ATIVO
6;2967;5116.01;146.87;36;3.35;2023-09-14;ATIVO
7;8706;1236.9;27.61;48;7.14;2021-10-26;ATIVO
8;6662;41325.46;2326.62;18;1.34;2024-03-16;QUITADO
9;9625;7428.69;1300.27;6;5.02;2022-05-31;ATIVO
10;9091;6329.14;282.94;24;7.29;2024-01-14;INADIMPLENTE
11;3149;4907.08;283.98;18;4.17;2023-11-09;QUITADO
12;7201;18080.88;3074.95;6;2.04;2021-12-03;ATIVO
13;3677;2178.01;383.51;6;5.65;2024-09-29;ATIVO
14;6830;9250.71;397.78;24;3.2;2023-03-09;QUITADO
15;8816;913.63;39.51;24;3.78;2023-10-29;INADIMPLENTE
16;1038;1109.11;96.5;12;4.41;2024-06-07;ATIVO
17;4347;19420.36;3306.96;6;2.17;2021-04-09;ATIVO
18;2463;8128.64;1400.7;6;3.39;2024-06-07;ATIVO
19;674;1100.78;24.41;48;6.42;2024-05-27;ATIVO
20;5480;15016.88;2544.11;6;1.65;2023-07-18;QUITADO
21;468;4366.59;93.08;48;2.32;2023-12-05;ATIVO
22;1807;4868.47;211.74;24;4.38;2024-08-07;QUITADO
23;1258;3729.31;79.5;48;2.32;2023-01-25;ATIVO
24;5993;6316.2;1073.12;6;1.94;2023-10-12;QUITADO
25;1428;31947.61;1345.93;24;1.11;2021-11-29;QUITADO
26;5113;47431.89;3985.86;12;0.84;2023-04-06;QUITADO
27;6941;3587.35;319.66;12;6.93;2024-05-06;INADIMPLENTE
28;5614;5875.81;988.12;6;0.9;2023-10-05;QUITADO
29;3713;6695.05;297.82;24;6.76;2021-04-08;ATIVO
30;7495;11743.01;337.48;36;3.46;2021-05-17;QUITADO
31;4195;2476.59;110.37;24;6.96;2023-12-10;QUITADO
32;7717;2470.99;219.38;12;6.54;2022-02-11;ATIVO
33;7268;2240.85;194.97;12;4.41;2022-10-06;INADIMPLENTE
34;5931;18681.61;1591.36;12;2.22;2022-12-08;ATIVO
35;5378;3509.84;157.39;24;7.62;2024-01-21;ATIVO
36;7536;3981.91;357.28;12;7.67;2021-12-03;QUITADO
37;6265;2493.3;213.72;12;2.86;2021-01-01;QUITADO
38;7664;2141.53;93.88;24;5.21;2022-05-03;QUITADO
39;645;7846.58;467.35;18;7.21;2021-09-29;ATIVO
40;9682;11376.14;647.43;18;2.44;2023-02-10;QUITADO
41;7304;2136.9;370.57;6;4.05;2024-09-29;ATIVO
42;3334;2803.24;82.5;36;5.95;2021-04-11;ATIVO
43;3638;12591.21;354.34;36;1.31;2022-10-24;ATIVO
44;9376;6980.92;402.26;18;3.72;2023-11-12;QUITADO
45;6162;6630.96;286.49;24;3.69;2022-07-19;INADIMPLENTE
46;7377;2005.1;85.28;24;2.07;2022-02-24;QUITADO
47;7605;42440.02;1790.97;24;1.28;2023-08-22;QUITADO
48;1637;18626.0;796.03;24;2.57;2023-10-21;ATIVO
49;7573;1777.39;157.74;12;6.5;2021-06-03;QUITADO
50;942;1711.08;295.33;6;3.56;2023-10-04;INADIMPLENTE
51;4332;12190.87;1049.33;12;3.29;2021-07-29;ATIVO
52;959;2458.24;108.91;24;6.33;2021-12-18;QUITADO
53;5487;20306.19;856.24;24;1.2;2024-11-07;ATIVO
54;9630;5443.43;232.96;24;2.71;2022-04-20;ATIVO
55;6217;4545.2;813.89;6;7.44;2023-11-22;INADIMPLENTE
56;7557;5611.49;325.15;18;4.3;2023-04-17;ATIVO
57;779;5349.26;226.36;24;1.56;2021-02-16;ATIVO
58;86;5771.14;169.48;36;5.72;2024-07-27;ATIVO
59;7145;5605.59;985.0;6;5.43;2023-07-18;ATIVO
60;7474;2160.69;92.24;24;2.46;2022-04-29;ATIVO
61;5904;4387.08;393.19;12;7.55;2021-02-01;ATIVO
62;152;1042.78;29.61;36;2.23;2021-10-22;ATIVO
63;197;6805.1;589.09;12;3.88;2022-04-04;ATIVO
64;2325;2959.18;262.21;12;6.33;2021-06-26;INADIMPLENTE
65;4303;13896.2;299.58;48;3.48;2023-01-20;QUITADO
66;3837;7365.97;311.61;24;1.53;2021-08-03;ATIVO
67;5492;3537.01;314.17;12;6.59;2021-05-30;QUITADO
68;4022;6275.68;553.57;12;5.85;2021-05-29;ATIVO
69;3402;1540.58;46.18;36;7.92;2023-03-26;INADIMPLENTE
70;8735;6162.22;1107.76;6;7.86;2024-02-16;INADIMPLENTE
71;4444;15678.85;894.39;18;2.68;2022-04-27;QUITADO
72;216;5067.21;296.8;18;5.43;2024-01-25;QUITADO
73;4709;47888.91;4047.01;12;1.41;2021-03-19;QUITADO
74;4841;6487.89;193.43;36;7.33;2024-11-17;ATIVO
75;7985;5467.35;162.17;36;6.78;2023-06-07;QUITADO
76;9767;31920.03;674.84;48;1.48;2022-05-29;ATIVO
77;9418;6545.48;559.15;12;2.51;2022-09-03;QUITADO
78;5261;3032.91;67.91;48;7.47;2024-06-02;QUITADO
79;907;33328.22;702.39;48;1.16;2021-06-22;QUITADO
80;4623;3888.98;113.19;36;4.78;2023-11-06;ATIVO
81;6230;6576.95;1157.1;6;5.56;2024-11-24;ATIVO
82;3754;2741.65;234.89;12;2.81;2022-04-27;QUITADO
83;9308;3512.4;157.37;24;7.53;2023-09-06;ATIVO
84;5442;6268.3;136.31;48;4.38;2022-01-18;ATIVO
85;5995;32701.23;1831.63;18;0.82;2023-02-19;QUITADO
86;1324;7726.43;1378.01;6;7.01;2024-07-09;ATIVO
87;2498;3960.54;117.15;36;6.49;2023-12-26;ATIVO
88;2266;11297.56;321.6;36;2.48;2024-03-22;ATIVO
89;4920;4293.54;96.26;48;7.62;2021-11-12;ATIVO
90;1046;3460.26;99.17;36;3.17;2024-03-27;QUITADO
91;2388;7956.44;1384.16;6;4.38;2024-08-10;INADIMPLENTE
92;4474;5611.72;990.38;6;5.89;2023-03-28;ATIVO
93;5564;5617.54;498.09;12;6.4;2023-01-26;INADIMPLENTE
94;3802;6117.22;1035.85;6;1.6;2024-09-20;ATIVO
95;1190;3202.68;143.49;24;7.53;2023-02-20;QUITADO
96;7009;7305.66;313.41;24;2.96;2024-03-11;QUITADO
97;2025;13787.21;1167.09;12;1.58;2022-07-27;ATIVO
98;7944;12915.82;272.93;48;1.43;2022-12-03;ATIVO
99;4932;6098.13;524.44;12;3.2;2023-12-09;QUITADO
100;2449;4951.96;434.41;12;5.27;2021-10-15;ATIVO
101;7450;16489.31;936.32;18;2.21;2022-01-16;QUITADO
102;3357;33527.71;2828.9;12;1.25;2024-10-31;QUITADO
103;1606;30922.39;1738.01;18;1.17;2023-03-13;ATIVO
104;8044;5221.75;448.9;12;3.16;2024-01-24;QUITADO
105;9202;7428.28;1334.86;6;7.82;2022-11-28;ATIVO
106;3960;2455.46;53.88;48;5.32;2024-10-25;QUITADO
107;3519;1899.51;113.57;18;7.62;2023-09-17;ATIVO
108;4369;18955.46;804.5;24;1.86;2021-12-10;QUITADO
109;2667;4265.29;122.56;36;3.44;2022-03-30;ATIVO
110;8619;2167.03;64.66;36;7.41;2024-05-30;QUITADO
111;4605;8030.99;689.73;12;3.06;2023-10-31;QUITADO
112;27;5829.61;336.76;18;3.98;2023-01-20;ATIVO
113;1457;5343.66;153.81;36;3.62;2022-06-23;ATIVO
114;8515;7621.83;228.23;36;7.8;2022-10-27;ATIVO
115;1040;7088.39;299.87;24;1.53;2024-10-24;QUITADO
116;1963;2462.8;430.13;6;4.79;2022-02-02;QUITADO
117;1067;12840.43;273.15;48;2.11;2023-11-16;QUITADO
118;6447;1058.82;189.19;6;7.21;2023-09-13;INADIMPLENTE
119;2002;4131.48;353.59;12;2.7;2023-12-05;QUITADO
120;3506;7338.69;630.94;12;3.17;2022-07-06;ATIVO
121;7207;1145.08;68.11;18;7.07;2022-03-07;INADIMPLENTE
122;1263;2675.94;152.07;18;2.29;2023-07-19;QUITADO
123;2883;16724.39;1417.67;12;1.72;2021-08-08;QUITADO
124;6186;4296.68;121.66;36;1.93;2022-03-16;QUITADO
125;1695;10041.26;287.68;36;3.14;2021-07-19;QUITADO
126;6521;3696.88;214.77;18;4.57;2021-04-04;ATIVO
127;8778;5155.78;444.99;12;3.57;2024-11-28;ATIVO
128;2162;41107.21;2315.71;18;1.4;2021-06-28;ATIVO
129;6404;3153.95;136.22;24;3.66;2023-02-24;ATIVO
130;4435;19011.53;3255.09;6;2.73;2024-11-26;QUITADO
131;9563;4046.66;715.99;6;6.16;2024-05-24;QUITADO
132;7185;10923.55;461.11;24;1.31;2021-01-14;QUITADO
133;9619;1473.32;42.86;36;4.72;2023-12-15;INADIMPLENTE
134;8930;15572.73;665.86;24;2.62;2021-11-30;QUITADO
135;9879;7513.8;224.39;36;7.51;2023-05-27;QUITADO
136;2895;7666.6;224.4;36;5.37;2023-11-04;INADIMPLENTE
137;9836;6157.17;180.22;36;5.37;2023-06-25;QUITADO
138;7578;6969.45;608.43;12;4.76;2023-10-07;QUITADO
139;4586;4326.56;96.16;48;6.68;2024-10-02;QUITADO
140;8925;13011.28;276.65;48;2.06;2024-04-19;QUITADO
141;3704;3227.82;189.01;18;5.4;2024-12-30;QUITADO
142;3781;2660.24;79.28;36;7.29;2021-09-21;ATIVO
143;5910;12673.27;2156.78;6;2.11;2021-06-19;ATIVO
144;1305;9134.04;523.28;18;3.12;2021-02-22;QUITADO
145;6871;17169.25;2912.19;6;1.77;2021-03-29;ATIVO
146;5776;18807.86;395.4;48;0.91;2022-04-16;ATIVO
147;7751;17689.75;3027.01;6;2.67;2022-04-30;QUITADO
148;959;7080.29;1228.31;6;4.09;2022-10-30;ATIVO
149;717;2315.61;398.44;6;3.24;2022-10-26;ATIVO
150;7978;1642.0;139.82;12;2.18;2024-07-21;ATIVO
151;2289;4666.6;413.58;12;6.35;2024-10-28;INADIMPLENTE
152;4968;6761.99;191.03;36;1.7;2023-12-11;ATIVO
153;7252;8330.69;237.73;36;2.73;2023-10-02;ATIVO
154;6183;19298.81;409.26;48;1.79;2022-03-31;ATIVO
155;4899;18078.51;770.97;24;2.35;2022-08-23;ATIVO
156;3711;1622.79;287.75;6;6.39;2021-09-23;QUITADO
157;2567;10790.97;229.83;48;2.23;2024-12-12;QUITADO
158;4070;3266.26;283.76;12;4.25;2021-05-23;ATIVO
159;151;6540.39;577.03;12;5.87;2024-12-20;ATIVO
160;5581;41736.02;879.76;48;1.18;2021-10-01;QUITADO
161;3495;2195.4;186.39;12;1.88;2024-05-27;ATIVO
162;4171;16982.17;2881.03;6;1.79;2024-07-07;ATIVO
163;1957;2759.48;117.4;24;2.11;2021-01-17;ATIVO
164;2775;4396.93;196.91;24;7.48;2022-06-22;ATIVO
165;8014;4875.18;138.78;36;2.48;2023-08-07;QUITADO
166;9775;4493.85;196.7;24;5.05;2023-04-08;ATIVO
167;5526;8919.14;375.94;24;1.16;2021-12-29;QUITADO
168;9752;7248.89;323.3;24;7.04;2023-08-09;ATIVO
169;5074;6101.2;355.7;18;4.94;2024-02-26;ATIVO
170;6021;10192.83;436.42;24;2.76;2021-11-13;ATIVO
171;6513;18900.62;1083.95;18;3.23;2021-10-19;ATIVO
172;1968;10707.64;229.19;48;2.74;2023-07-18;QUITADO
173;8760;13495.88;1150.07;12;2.26;2021-07-29;QUITADO
174;1836;11438.11;974.91;12;2.28;2023-06-20;ATIVO
175;5274;13262.99;1143.05;12;3.42;2021-05-10;ATIVO
176;5176;5086.3;217.04;24;2.41;2022-03-21;QUITADO
177;8146;5415.47;485.9;12;7.67;2021-03-01;ATIVO
178;2077;4278.33;121.4;36;2.15;2024-03-06;QUITADO
179;4501;5067.87;218.17;24;3.32;2021-12-17;QUITADO
180;4261;5996.04;359.1;18;7.8;2024-09-08;ATIVO
181;1783;2431.89;139.44;18;3.21;2022-04-29;ATIVO
182;3028;3733.59;319.25;12;2.61;2022-10-28;ATIVO
183;6845;5768.53;511.67;12;6.44;2024-03-28;ATIVO
184;7845;11263.11;645.81;18;3.21;2024-02-13;QUITADO
185;5037;6068.79;1045.65;6;3.38;2023-09-29;ATIVO
186;100;9797.52;210.14;48;2.95;2023-10-07;INADIMPLENTE
187;4643;16356.59;926.33;18;1.94;2022-05-22;ATIVO
188;5192;4782.83;286.28;18;7.74;2022-06-04;QUITADO
189;7317;7648.08;338.11;24;6.1;2024-06-05;QUITADO
190;7638;3213.1;137.8;24;2.93;2024-05-21;QUITADO
191;4365;17351.67;745.76;24;3.15;2021-01-06;ATIVO
192;8157;1807.48;314.32;6;4.34;2021-11-28;INADIMPLENTE
193;6857;5683.3;160.41;36;1.61;2023-08-18;QUITADO
194;8298;7329.98;163.28;48;6.92;2021-08-19;QUITADO
195;9976;5809.39;337.14;18;4.46;2021-10-11;ATIVO
196;602;11607.93;331.02;36;2.66;2022-05-13;ATIVO
197;6646;6263.53;131.65;48;0.89;2021-07-21;QUITADO
198;4510;3232.3;70.11;48;4.11;2021-04-22;QUITADO
199;9176;1799.5;317.82;6;5.97;2022-06-28;ATIVO
200;9742;4167.09;92.82;48;6.92;2023-08-12;QUITADO
201;9736;4294.37;126.24;36;5.83;2023-06-17;QUITADO
202;3293;14476.36;304.73;48;1.04;2024-12-14;QUITADO
203;5910;13679.61;784.75;18;3.26;2022-01-14;QUITADO
204;5954;11164.8;1897.46;6;1.97;2021-03-24;ATIVO
205;574;2585.98;150.0;18;4.41;2022-04-29;ATIVO
206;9155;13262.73;380.75;36;3.35;2024-03-21;ATIVO
207;811;9744.08;552.92;18;2.14;2021-11-30;QUITADO
208;2599;17568.13;504.64;36;3.41;2021-07-11;QUITADO
209;4759;11714.69;328.08;36;0.82;2021-12-09;QUITADO
210;4888;5973.25;177.55;36;7.01;2022-12-15;ATIVO
211;6779;1193.56;105.92;12;6.49;2023-09-06;INADIMPLENTE
212;7602;7008.93;203.94;36;4.75;2022-01-30;ATIVO
213;8120;42046.21;7066.57;6;0.84;2024-03-26;ATIVO
214;4366;4025.72;353.49;12;5.37;2024-11-07;QUITADO
215;2962;2765.66;473.34;6;2.69;2021-10-25;QUITADO
216;9486;33498.08;705.41;48;1.08;2021-11-07;ATIVO
217;7348;3990.69;84.58;48;1.73;2024-12-05;ATIVO
218;6447;3575.84;80.32;48;7.82;2021-10-13;ATIVO
219;9499;12510.91;264.84;48;1.61;2024-10-11;QUITADO
220;4526;3141.48;133.09;24;1.68;2021-08-03;QUITADO
221;5650;1855.3;321.83;6;4.08;2024-06-18;ATIVO
222;283;25092.1;529.6;48;1.31;2022-12-04;ATIVO
223;1545;7441.48;330.15;24;6.48;2022-05-25;ATIVO
224;4412;12836.51;272.51;48;1.9;2022-03-15;QUITADO
225;5160;30734.77;1291.24;24;0.83;2023-02-18;ATIVO
226;9786;11186.82;238.12;48;2.17;2022-01-02;ATIVO
227;3388;7076.54;414.96;18;5.55;2023-12-03;QUITADO
228;6992;15522.84;877.13;18;1.71;2021-12-27;QUITADO
229;6925;6404.56;180.93;36;1.7;2024-10-30;ATIVO
230;4260;4436.12;259.46;18;5.28;2021-01-18;INADIMPLENTE
231;53;7206.15;616.43;12;2.65;2021-11-04;ATIVO
232;5960;8135.96;1392.47;6;2.69;2024-04-26;QUITADO
233;2697;17090.59;967.42;18;1.89;2023-02-19;QUITADO
234;616;995.13;22.24;48;7.28;2024-09-03;QUITADO
235;9198;7480.26;161.31;48;3.51;2024-09-27;ATIVO
236;5258;7559.54;161.65;48;2.64;2024-04-09;QUITADO
237;1987;1324.68;226.28;6;2.49;2022-04-14;ATIVO
238;4404;1389.88;83.28;18;7.86;2022-01-26;ATIVO
239;9004;3192.62;186.96;18;5.41;2024-01-11;ATIVO
240;9886;2802.09;245.53;12;5.15;2022-03-11;QUITADO
241;3748;2445.18;437.32;6;7.31;2021-11-16;INADIMPLENTE
242;3727;7925.75;1368.78;6;3.62;2023-05-16;QUITADO
243;4144;12670.77;537.19;24;1.75;2022-04-18;ATIVO
244;7584;2584.48;228.32;12;6.01;2024-05-11;ATIVO
245;7697;9419.18;201.61;48;2.74;2021-06-24;QUITADO
246;2609;17377.32;2964.57;6;2.36;2023-04-25;ATIVO
247;2186;1448.62;84.12;18;4.53;2023-12-24;ATIVO
248;3644;18121.28;1034.93;18;2.8;2022-10-17;QUITADO
249;3345;6980.41;152.22;48;4.67;2024-07-17;ATIVO
250;2214;5214.9;111.66;48;2.78;2022-08-08;QUITADO
251;6667;2114.31;357.88;6;1.56;2024-06-15;QUITADO
252;9208;7288.22;319.25;24;5.13;2024-03-01;QUITADO
253;4347;13156.93;755.28;18;3.33;2023-05-17;ATIVO
254;1529;2811.94;503.9;6;7.52;2023-01-30;QUITADO
255;3231;5578.01;326.9;18;5.49;2023-02-01;ATIVO
256;6302;6826.29;596.05;12;4.78;2022-05-30;ATIVO
257;5161;3022.08;172.02;18;2.46;2023-08-04;QUITADO
258;8824;3100.64;88.17;36;2.37;2021-05-02;ATIVO
259;5785;16147.92;462.19;36;3.04;2021-09-09;ATIVO
260;8889;1506.26;31.88;48;1.58;2023-04-25;QUITADO
261;7177;2907.17;124.29;24;2.61;2022-07-20;ATIVO
262;1806;2709.63;232.64;12;3.03;2023-05-18;ATIVO
263;2603;29496.77;828.86;36;1.16;2021-07-19;ATIVO
264;6272;5526.46;246.76;24;7.16;2021-08-08;ATIVO
265;4837;728.62;15.81;48;4.17;2021-08-10;ATIVO
266;9200;5782.28;259.91;24;7.88;2021-06-22;ATIVO
267;6149;818.38;35.59;24;4.38;2021-07-28;ATIVO
268;4334;3964.6;345.61;12;4.61;2022-11-12;QUITADO
269;4183;1908.17;107.77;18;1.66;2023-01-10;ATIVO
270;7374;19123.86;824.24;24;3.44;2022-09-07;ATIVO
271;33;8611.73;1462.56;6;1.9;2024-12-12;ATIVO
272;6031;630.72;27.43;24;4.38;2022-01-08;ATIVO
273;5900;43673.2;919.32;48;1.04;2022-12-29;QUITADO
274;9991;14364.75;408.56;36;2.39;2022-06-04;ATIVO
275;7386;2034.21;59.74;36;5.73;2021-01-12;QUITADO
276;9788;7998.19;699.84;12;5.0;2024-05-28;INADIMPLENTE
277;7617;6669.39;292.65;24;5.31;2022-06-05;QUITADO
278;2913;7172.27;320.57;24;7.27;2021-11-01;QUITADO
279;730;31331.62;877.81;36;0.86;2022-05-08;ATIVO
280;7483;14290.07;614.23;24;3.16;2021-02-08;ATIVO
281;5514;19616.63;830.11;24;1.56;2023-04-30;ATIVO
282;6107;2829.51;165.71;18;5.42;2024-07-07;QUITADO
283;802;6163.22;1090.38;6;6.15;2021-04-14;ATIVO
284;435;10227.42;436.33;24;2.39;2021-09-12;QUITADO
285;4131;780.13;17.49;48;7.61;2024-09-03;INADIMPLENTE
286;8269;2269.64;66.0;36;4.68;2021-05-20;QUITADO
287;6858;4721.91;105.45;48;7.19;2024-12-19;ATIVO
288;4562;6121.57;1048.42;6;2.76;2022-10-08;QUITADO
289;205;19952.22;3391.88;6;2.0;2022-10-11;ATIVO
290;6613;1803.64;51.64;36;3.07;2024-05-31;QUITADO
291;897;16348.81;930.97;18;2.5;2024-08-17;QUITADO
292;3598;16612.52;714.06;24;3.16;2024-05-26;ATIVO
293;8895;4196.18;370.24;12;5.88;2024-08-20;QUITADO
294;5284;25846.15;1086.08;24;0.85;2024-11-04;QUITADO
295;9796;8876.95;250.87;36;1.74;2024-02-14;QUITADO
296;1666;2939.05;126.13;24;3.0;2021-07-23;QUITADO
297;7957;4137.17;718.28;6;4.17;2023-09-21;QUITADO
298;6446;6057.31;517.19;12;2.46;2021-12-23;ATIVO
299;2381;3776.7;336.54;12;6.93;2024-11-11;INADIMPLENTE
300;8477;13724.9;394.32;36;3.43;2022-08-16;QUITADO
301;2354;46038.63;1294.32;36;1.21;2023-07-03;ATIVO
302;1588;1002.47;59.66;18;7.13;2021-12-05;ATIVO
303;2959;17114.31;368.21;48;3.27;2021-10-13;ATIVO
304;1987;9878.1;278.64;36;1.55;2023-08-02;INADIMPLENTE
305;9598;4554.13;406.8;12;7.19;2021-08-05;INADIMPLENTE
306;9374;2043.53;173.16;12;1.68;2024-09-15;QUITADO
307;6489;1521.16;32.59;48;2.83;2024-07-09;ATIVO
308;2989;43232.87;1212.68;36;0.98;2021-06-21;ATIVO
309;2620;14002.58;396.62;36;1.97;2024-03-16;INADIMPLENTE
310;2066;4283.43;125.9;36;5.81;2023-07-08;ATIVO
311;7159;18051.49;3107.86;6;3.3;2023-06-30;ATIVO
312;5543;37893.05;1068.06;36;1.47;2023-10-29;QUITADO
313;7763;7734.37;171.32;48;6.32;2023-11-07;QUITADO
314;2380;6652.61;1149.13;6;3.64;2024-01-25;INADIMPLENTE
315;936;7206.23;431.09;18;7.68;2024-01-01;INADIMPLENTE
316;9099;15398.82;653.04;24;1.78;2022-12-31;ATIVO
317;215;15011.47;1282.73;12;2.54;2024-03-15;ATIVO
318;7930;48763.36;2749.44;18;1.49;2023-06-16;QUITADO
319;772;29259.49;4947.29;6;1.45;2021-02-22;QUITADO
320;6936;851.17;37.12;24;4.67;2022-10-18;QUITADO
321;9765;1202.73;105.87;12;5.63;2022-01-22;QUITADO
322;5507;2617.43;74.35;36;2.26;2023-04-06;QUITADO
323;9991;13311.09;2255.79;6;1.68;2021-11-20;QUITADO
324;1145;4247.63;124.83;36;5.8;2022-07-08;QUITADO
325;6250;4999.26;223.01;24;7.06;2024-02-21;QUITADO
326;3776;3858.3;83.04;48;3.31;2023-03-15;QUITADO
327;4345;49957.17;2106.74;24;1.21;2024-09-23;QUITADO
328;8885;2503.51;73.96;36;6.36;2022-12-28;QUITADO
329;9704;3240.37;550.65;6;1.96;2024-04-04;ATIVO
330;793;7737.59;1319.9;6;2.35;2023-10-10;QUITADO
331;8534;13204.21;1136.66;12;3.3;2023-09-26;ATIVO
332;875;17981.49;382.37;48;2.07;2024-02-07;ATIVO
333;3348;7332.83;313.54;24;2.62;2022-12-27;ATIVO
334;7843;46895.46;1313.98;36;0.87;2024-09-10;ATIVO
335;8981;22917.12;1289.34;18;1.27;2024-08-03;ATIVO
336;6796;5035.6;217.58;24;3.7;2024-12-08;ATIVO
337;7597;16866.65;722.31;24;2.78;2023-02-25;QUITADO
338;8508;14686.74;418.53;36;2.59;2023-05-30;ATIVO
339;676;3897.95;224.39;18;3.62;2021-11-07;ATIVO
340;6944;1220.69;34.46;36;1.63;2022-11-24;ATIVO
341;5993;3704.45;209.3;18;1.7;2024-04-02;ATIVO
342;6248;16684.88;716.2;24;3.02;2022-07-18;QUITADO
343;697;10627.6;298.69;36;1.18;2024-03-21;ATIVO
344;8569;15794.64;907.49;18;3.42;2023-12-31;ATIVO
345;3459;5725.16;502.38;12;5.3;2024-06-11;QUITADO
346;8932;3769.31;217.11;18;3.68;2023-03-21;ATIVO
347;8386;7929.46;232.73;36;5.66;2023-07-01;ATIVO
348;4656;8066.74;1360.86;6;1.22;2024-06-30;QUITADO
349;6544;9013.18;1522.93;6;1.38;2022-03-16;ATIVO
350;8053;10082.58;213.2;48;1.5;2022-05-24;ATIVO
351;7367;15354.33;435.98;36;2.22;2024-08-03;INADIMPLENTE
352;3739;7989.34;713.51;12;7.17;2023-04-15;INADIMPLENTE
353;8966;2100.08;45.5;48;3.99;2023-04-15;ATIVO
354;4041;3062.97;274.44;12;7.52;2021-03-31;QUITADO
355;9235;7103.13;203.9;36;3.34;2021-07-13;QUITADO
356;3936;40089.15;844.21;48;1.08;2021-02-14;ATIVO
357;145;7846.01;450.36;18;3.32;2022-09-11;QUITADO
358;6010;5981.47;170.29;36;2.49;2021-07-19;QUITADO
359;3056;13355.43;1139.22;12;2.36;2024-11-28;ATIVO
360;3904;1536.84;43.58;36;2.08;2023-05-03;QUITADO
361;8615;973.85;21.37;48;5.31;2023-09-19;INADIMPLENTE
362;2527;18695.8;3218.48;6;3.29;2023-11-23;ATIVO
363;7592;2440.19;70.54;36;4.07;2024-03-19;QUITADO
364;7106;12979.25;371.39;36;3.01;2024-01-14;QUITADO
365;2389;14860.23;640.29;24;3.41;2023-08-04;QUITADO
366;6468;11545.71;650.28;18;1.38;2021-06-13;QUITADO
367;8951;3602.75;633.42;6;5.49;2022-04-09;ATIVO
368;237;5169.11;231.06;24;7.28;2024-07-07;QUITADO
369;9266;6035.5;257.14;24;2.25;2024-06-16;QUITADO
370;1054;5130.55;455.25;12;6.48;2024-12-02;QUITADO
371;5184;3468.71;103.96;36;7.89;2024-01-31;ATIVO
372;216;7477.32;328.63;24;5.48;2024-03-07;ATIVO
373;5127;17957.94;3056.44;6;2.12;2022-11-02;QUITADO
374;4271;2459.14;143.49;18;5.03;2024-09-13;ATIVO
375;4695;3358.22;284.33;12;1.6;2024-05-11;ATIVO
376;839;7636.46;161.13;48;1.28;2023-09-06;ATIVO
377;8722;5681.53;244.99;24;3.49;2024-11-23;QUITADO
378;1073;1350.41;58.35;24;3.7;2021-06-10;ATIVO
379;1286;14835.76;1265.24;12;2.34;2024-05-05;QUITADO
380;3731;6284.69;277.36;24;5.92;2022-03-01;INADIMPLENTE
381;6788;5722.5;122.01;48;2.34;2024-08-19;QUITADO
382;4434;10778.69;609.3;18;1.75;2022-11-03;QUITADO
383;8415;7511.51;316.3;24;1.06;2021-01-16;ATIVO
384;7330;12288.23;260.1;48;1.6;2024-03-18;ATIVO
385;5269;11114.9;311.87;36;1.01;2024-04-03;QUITADO
386;3102;7113.12;299.28;24;0.98;2023-02-08;ATIVO
387;2828;2554.79;56.72;48;6.57;2024-02-15;INADIMPLENTE
388;2390;3735.05;165.37;24;6.26;2021-04-13;ATIVO
389;8233;3768.53;329.65;12;4.97;2021-01-30;QUITADO
390;468;18696.47;1071.31;18;3.14;2023-05-18;ATIVO
391;1504;10310.56;443.48;24;3.23;2022-11-28;QUITADO
392;8475;718.88;31.73;24;5.92;2022-09-24;QUITADO
393;5484;19330.4;1659.84;12;3.04;2023-11-04;QUITADO
394;5591;716.69;63.98;12;7.12;2022-05-12;ATIVO
395;6675;3271.47;146.34;24;7.36;2023-02-20;INADIMPLENTE
396;6707;17231.48;1480.04;12;3.07;2023-05-08;QUITADO
397;3957;2668.93;467.11;6;5.01;2023-03-24;ATIVO
398;8437;5027.38;297.03;18;6.35;2022-04-14;ATIVO
399;1193;1173.97;25.28;48;3.35;2023-05-22;ATIVO
400;9880;13403.21;1127.1;12;0.91;2021-11-08;ATIVO
401;1071;19302.3;821.07;24;2.09;2023-05-27;ATIVO
402;3892;10088.93;217.4;48;3.43;2023-08-29;QUITADO
403;2479;1507.52;87.85;18;4.9;2024-06-09;QUITADO
404;752;708.12;122.5;6;3.8;2021-12-29;INADIMPLENTE
405;7825;7876.2;1375.18;6;4.76;2023-02-02;ATIVO
406;4687;6888.4;411.77;18;7.6;2023-12-29;ATIVO
407;5751;13148.94;2259.21;6;3.09;2021-01-13;QUITADO
408;7819;49074.3;8287.83;6;1.33;2021-08-10;ATIVO
409;9741;4372.03;192.44;24;5.64;2023-09-13;QUITADO
410;4203;49623.66;4189.06;12;1.3;2022-02-06;QUITADO
411;3488;12780.01;360.01;36;1.41;2023-01-04;QUITADO
412;9974;6391.95;1123.92;6;5.5;2022-07-14;QUITADO
413;8229;19890.1;848.56;24;2.39;2022-06-23;QUITADO
414;769;13133.29;564.79;24;3.21;2021-06-05;ATIVO
415;4141;1331.81;115.6;12;4.16;2021-04-20;ATIVO
416;4837;2384.21;51.87;48;4.42;2023-09-08;ATIVO
417;723;9171.59;195.24;48;2.18;2024-04-20;QUITADO
418;6543;17461.57;499.4;36;2.96;2021-04-09;ATIVO
419;2977;3127.66;68.8;48;5.58;2021-12-12;INADIMPLENTE
420;3293;16912.72;474.78;36;1.06;2021-12-25;ATIVO
421;8516;3344.71;94.88;36;2.12;2024-11-23;QUITADO
422;5732;4275.97;253.9;18;6.88;2023-01-12;ATIVO
423;5313;49097.67;2764.74;18;1.36;2021-04-07;QUITADO
424;7708;7584.3;436.69;18;3.64;2022-09-18;INADIMPLENTE
425;8938;2639.05;117.04;24;6.44;2022-11-25;ATIVO
426;4257;17527.54;3008.31;6;2.98;2021-08-17;ATIVO
427;8517;4677.43;99.18;48;1.78;2023-07-06;QUITADO
428;3887;4529.5;98.88;48;4.78;2023-10-04;ATIVO
429;8011;12795.01;2193.49;6;2.86;2023-07-13;INADIMPLENTE
430;523;6301.65;553.86;12;5.47;2022-05-13;ATIVO
431;1555;13256.23;283.99;48;2.83;2021-12-07;ATIVO
432;2936;730.29;21.44;36;5.7;2024-01-09;ATIVO
433;4577;4224.6;720.01;6;2.26;2023-08-31;QUITADO
434;5057;594.62;17.36;36;5.09;2021-05-05;ATIVO
435;8872;1004.54;44.83;24;7.11;2022-05-21;ATIVO
436;3984;5843.67;125.58;48;3.15;2024-07-25;ATIVO
437;1347;8345.65;708.62;12;1.89;2022-10-28;ATIVO
438;2233;4272.81;380.07;12;6.74;2022-07-01;QUITADO
439;7426;2220.78;196.74;12;6.31;2022-09-18;QUITADO
440;8177;17298.93;365.87;48;1.52;2024-07-23;ATIVO
441;8821;10779.34;231.26;48;2.98;2023-03-23;ATIVO
442;3768;4288.67;125.66;36;5.48;2021-05-18;QUITADO
443;3608;7561.47;650.22;12;3.19;2022-07-26;ATIVO
444;7938;18419.01;1043.85;18;2.01;2022-06-20;QUITADO
445;9574;2016.26;57.14;36;2.02;2022-03-07;ATIVO
446;878;17701.16;380.35;48;3.14;2021-05-16;QUITADO
447;6262;5146.56;226.53;24;5.64;2024-12-13;ATIVO
448;8091;3035.91;65.19;48;3.07;2024-11-06;QUITADO
449;572;18296.62;391.85;48;2.8;2024-10-03;ATIVO
450;1967;13229.34;2252.07;6;2.14;2021-10-29;QUITADO
451;3743;7702.59;226.61;36;5.91;2024-09-15;QUITADO
452;7510;4541.5;198.03;24;4.65;2024-06-28;QUITADO
453;5304;9086.11;259.06;36;2.64;2023-12-17;QUITADO
454;4780;1662.53;36.65;48;5.82;2024-05-11;QUITADO
455;9409;49694.35;2783.99;18;0.84;2023-09-13;QUITADO
456;5241;10978.02;462.95;24;1.21;2021-08-03;QUITADO
457;7492;3870.61;337.81;12;4.73;2022-06-04;ATIVO
458;2309;6639.31;1118.28;6;1.06;2024-05-10;ATIVO
459;4524;48357.81;1019.34;48;1.18;2022-06-02;ATIVO
460;4721;1491.51;129.62;12;4.29;2024-02-15;INADIMPLENTE
461;8132;4942.95;438.36;12;6.42;2023-12-04;ATIVO
462;4223;11792.25;2004.09;6;1.97;2021-11-06;QUITADO
463;7783;49339.87;1043.13;48;1.48;2024-01-31;ATIVO
464;5924;8446.05;721.43;12;2.5;2024-03-06;QUITADO
465;1607;12758.11;357.76;36;0.95;2021-04-12;ATIVO
466;13;4677.84;415.94;12;6.7;2021-12-10;QUITADO
467;3807;835.87;145.11;6;4.16;2021-01-31;ATIVO
468;5560;12907.81;2171.31;6;0.93;2021-02-03;QUITADO
469;1304;4415.16;190.92;24;3.78;2023-06-08;ATIVO
470;2505;839.82;147.26;6;5.21;2023-11-07;QUITADO
471;6328;12340.46;353.69;36;3.18;2024-10-17;QUITADO
472;2361;8338.44;1423.93;6;2.46;2024-01-27;QUITADO
473;7455;18296.23;1025.2;18;0.86;2023-02-25;ATIVO
474;2961;17994.37;379.98;48;1.36;2022-04-27;ATIVO
475;825;18021.33;1015.5;18;1.43;2024-08-23;QUITADO
476;1741;7575.54;220.11;36;4.6;2023-11-12;QUITADO
477;4644;15937.21;912.05;18;3.01;2023-05-13;QUITADO
478;9842;6248.26;185.75;36;7.02;2024-08-06;QUITADO
479;1129;6982.37;296.11;24;1.78;2024-04-20;QUITADO
480;7178;5572.11;974.38;6;4.92;2021-03-13;ATIVO
481;6610;14933.37;2526.48;6;1.51;2023-07-26;ATIVO
482;5801;3532.08;315.71;12;7.26;2021-01-08;QUITADO
483;7514;16496.03;936.97;18;2.24;2024-04-19;QUITADO
484;2762;16847.73;957.14;18;2.26;2021-02-10;ATIVO
485;8110;845.58;37.9;24;7.56;2024-09-30;ATIVO
486;6751;6104.78;1040.66;6;2.28;2021-01-27;QUITADO
487;7636;3447.41;206.02;18;7.57;2022-09-05;QUITADO
488;3823;14470.22;311.23;48;3.24;2022-04-06;QUITADO
489;5468;1030.13;44.41;24;3.47;2024-01-15;ATIVO
490;3136;3491.17;101.79;36;4.96;2022-07-05;ATIVO
491;8782;9919.24;283.91;36;3.04;2024-06-13;QUITADO
492;3871;15687.11;1327.26;12;1.53;2023-05-31;ATIVO
493;1583;2017.27;59.06;36;5.39;2021-10-16;INADIMPLENTE
494;8738;14786.7;420.02;36;2.26;2024-06-27;QUITADO
495;9211;3413.11;149.78;24;5.32;2021-02-01;QUITADO
496;320;4549.52;133.81;36;5.88;2024-02-12;INADIMPLENTE
497;5706;5264.59;928.67;6;5.84;2023-08-26;QUITADO
498;4113;13960.44;298.29;48;2.56;2023-09-21;ATIVO
499;5099;2380.31;408.86;6;3.06;2023-01-30;ATIVO
500;4472;9146.33;523.93;18;3.11;2023-07-18;QUITADO
501;9575;4770.12;213.26;24;7.3;2021-02-17;INADIMPLENTE
502;8475;2275.61;404.38;6;6.62;2021-06-28;QUITADO
503;5807;17742.41;1003.14;18;1.77;2023-07-20;ATIVO
504;8356;5232.95;156.0;36;7.32;2024-02-19;ATIVO
505;296;4548.67;782.07;6;3.16;2022-09-12;ATIVO
506;1342;4649.72;836.17;6;7.9;2024-03-16;QUITADO
507;4955;3644.8;621.07;6;2.24;2023-08-03;ATIVO
508;3430;4328.73;758.47;6;5.13;2023-08-02;QUITADO
509;10000;18085.43;3048.6;6;1.14;2024-10-06;QUITADO
510;2230;4162.08;185.33;24;6.87;2024-05-18;ATIVO
511;6278;1059.71;30.71;36;4.33;2024-10-10;QUITADO
512;6770;5337.36;476.31;12;7.09;2022-07-29;ATIVO
513;4534;5845.78;253.1;24;3.91;2021-10-10;INADIMPLENTE
514;3937;12966.18;1092.51;12;1.11;2024-05-20;INADIMPLENTE
515;5227;7351.08;211.12;36;3.39;2021-06-02;ATIVO
516;8908;16412.09;933.67;18;2.4;2023-01-21;QUITADO
517;543;3505.92;99.36;36;2.03;2022-12-11;ATIVO
518;500;3296.36;585.43;6;6.56;2022-10-16;QUITADO
519;1418;4293.48;754.65;6;5.46;2024-03-29;INADIMPLENTE
520;1848;17046.72;963.9;18;1.78;2023-10-15;QUITADO
521;1086;14495.83;2492.32;6;3.16;2021-04-12;QUITADO
522;446;8586.67;181.8;48;1.63;2022-12-02;QUITADO
523;7364;19062.14;812.68;24;2.32;2021-12-18;INADIMPLENTE
524;6051;1520.09;66.16;24;4.45;2021-12-30;ATIVO
525;9431;18471.31;525.97;36;2.51;2022-11-03;QUITADO
526;3177;7141.09;426.44;18;7.49;2021-01-11;QUITADO
527;9430;4141.06;89.52;48;3.76;2023-11-25;QUITADO
528;8546;5666.35;123.15;48;4.32;2023-07-16;INADIMPLENTE
529;1564;1521.87;66.32;24;4.58;2021-05-29;QUITADO
530;1999;7504.7;438.82;18;5.25;2021-01-13;ATIVO
531;9555;7651.29;429.92;18;1.14;2024-02-26;ATIVO
532;8080;15308.1;2622.28;6;2.78;2021-07-07;ATIVO
533;8162;8064.23;1367.29;6;1.73;2024-06-04;QUITADO
534;4004;9812.62;1665.86;6;1.86;2024-09-07;ATIVO
535;91;4532.67;768.06;6;1.67;2021-03-31;QUITADO
536;35;5320.84;228.33;24;2.99;2021-04-20;QUITADO
537;4088;1521.23;271.77;6;7.19;2021-03-09;ATIVO
538;8570;16383.58;466.11;36;2.42;2022-10-05;QUITADO
539;7798;1087.47;46.61;24;2.86;2022-06-10;QUITADO
540;9152;6724.83;150.72;48;7.58;2021-06-27;QUITADO
541;6099;4805.02;286.83;18;7.45;2024-02-25;INADIMPLENTE
542;2036;14283.41;1225.04;12;2.92;2024-08-15;QUITADO
543;4654;11782.25;499.67;24;1.78;2023-04-27;QUITADO
544;735;4798.13;212.26;24;6.17;2022-12-07;INADIMPLENTE
545;8286;5884.73;249.51;24;1.76;2021-08-25;ATIVO
546;5296;5995.27;175.46;36;5.36;2023-11-21;ATIVO
547;9034;19570.68;1685.52;12;3.35;2022-09-29;QUITADO
548;5651;2570.21;55.22;48;3.12;2021-05-25;ATIVO
549;8674;2992.18;258.47;12;3.66;2022-12-22;ATIVO
550;7194;5479.91;244.29;24;6.99;2022-03-31;ATIVO
551;9579;1015.41;60.12;18;6.58;2022-03-13;QUITADO
552;9371;6377.54;143.32;48;7.87;2023-01-08;QUITADO
553;6559;28580.81;2408.17;12;1.11;2022-11-22;INADIMPLENTE
554;2299;1635.38;48.8;36;7.42;2021-05-04;INADIMPLENTE
555;407;17285.38;485.34;36;1.08;2023-06-11;QUITADO
556;294;3719.5;321.36;12;3.68;2024-04-19;ATIVO
557;5819;19804.8;1128.87;18;2.6;2022-09-06;ATIVO
558;7536;4275.35;127.89;36;7.69;2022-09-14;ATIVO
559;9292;2884.4;259.24;12;7.85;2023-02-23;ATIVO
560;3690;16158.08;347.87;48;3.34;2022-09-03;QUITADO
561;8334;3620.1;617.29;6;2.31;2022-11-09;QUITADO
562;8328;25048.22;1054.43;24;1.03;2022-07-21;ATIVO
563;7659;22706.31;958.3;24;1.29;2024-06-23;QUITADO
564;7533;2521.17;107.33;24;2.17;2021-11-23;QUITADO
565;2222;4472.67;759.68;6;1.91;2024-05-01;ATIVO
566;9296;47161.28;2641.56;18;0.82;2021-08-08;ATIVO
567;7866;5217.08;300.53;18;3.69;2021-02-26;ATIVO
568;9813;12401.68;1062.72;12;2.83;2021-07-24;QUITADO
569;7524;7975.86;358.18;24;7.78;2023-11-06;INADIMPLENTE
570;6525;2800.34;60.31;48;3.38;2021-02-09;QUITADO
571;3535;41244.86;867.0;48;0.9;2023-07-01;QUITADO
572;1755;2025.68;43.41;48;2.86;2021-12-29;ATIVO
573;9312;678.45;14.74;48;4.26;2024-06-25;ATIVO
574;9879;2253.56;131.67;18;5.17;2024-12-01;ATIVO
575;3177;5619.41;1008.97;6;7.73;2021-06-19;INADIMPLENTE
576;659;1866.81;110.45;18;6.5;2024-03-04;ATIVO
577;3837;19277.6;3283.94;6;2.21;2021-11-20;QUITADO
578;2165;39179.59;827.67;48;1.4;2021-04-14;ATIVO
579;4006;1332.45;115.32;12;3.86;2022-01-10;INADIMPLENTE
580;1081;3102.68;69.54;48;7.58;2024-11-06;INADIMPLENTE
581;6375;5932.96;127.15;48;2.87;2024-06-18;QUITADO
582;3428;9323.17;1587.74;6;2.18;2023-10-06;ATIVO
583;8425;9415.9;798.0;12;1.7;2021-09-22;QUITADO
584;3155;11464.15;652.37;18;2.43;2024-12-21;QUITADO
585;9591;5555.54;123.66;48;6.84;2021-02-27;ATIVO
586;6840;34989.22;5915.51;6;1.44;2021-04-09;ATIVO
587;8086;3445.03;74.31;48;3.54;2024-06-27;QUITADO
588;8676;2780.47;60.52;48;4.47;2021-01-25;QUITADO
589;8401;45376.81;7633.89;6;0.94;2021-01-07;QUITADO
590;2095;1445.42;252.35;6;4.75;2022-03-16;QUITADO
591;5907;4298.62;94.42;48;5.43;2022-08-06;ATIVO
592;4895;4570.71;98.83;48;3.79;2024-06-10;INADIMPLENTE
593;9520;19152.82;412.26;48;3.32;2022-11-21;ATIVO
594;8335;12715.39;1094.16;12;3.26;2024-01-23;QUITADO
595;6281;15439.34;1315.17;12;2.22;2023-02-05;ATIVO
596;9993;7468.88;1280.54;6;2.87;2023-01-11;ATIVO
597;3618;749.43;32.87;24;5.25;2023-09-25;QUITADO
598;626;11974.57;256.06;48;2.64;2021-02-09;QUITADO
599;8235;3713.55;108.61;36;5.29;2021-05-01;ATIVO
600;3829;22408.58;941.63;24;0.85;2023-09-05;ATIVO
601;7196;6337.2;552.82;12;4.68;2023-09-08;ATIVO
602;533;5707.91;503.01;12;5.75;2022-03-23;QUITADO
603;470;11835.24;676.06;18;2.82;2022-09-21;QUITADO
604;3166;48343.11;2718.23;18;1.21;2022-04-06;ATIVO
605;1466;8459.98;357.93;24;1.54;2023-02-12;QUITADO
606;4498;17083.72;977.76;18;3.02;2022-11-03;QUITADO
607;6005;1705.1;98.08;18;3.54;2021-01-23;QUITADO
608;1055;2093.87;90.59;24;3.83;2022-10-04;ATIVO
609;3998;7241.33;631.5;12;4.65;2022-08-09;ATIVO
610;2446;4529.29;392.46;12;3.98;2024-04-07;INADIMPLENTE
611;9655;13404.66;375.48;36;0.84;2024-12-09;ATIVO
612;3128;2141.26;190.95;12;7.01;2022-09-23;ATIVO
613;4469;1214.37;212.49;6;4.99;2021-03-07;QUITADO
614;445;13219.87;565.37;24;2.64;2024-10-18;ATIVO
615;7253;5641.42;119.4;48;1.59;2024-01-13;QUITADO
616;3525;3605.03;212.3;18;6.0;2022-05-13;ATIVO
617;4355;44887.93;7541.92;6;0.81;2021-07-01;QUITADO
618;5855;24983.23;2104.21;12;1.07;2024-06-16;ATIVO
619;6267;6350.21;136.74;48;3.36;2022-11-17;QUITADO
620;2412;7426.47;333.6;24;7.81;2022-11-16;QUITADO
621;7016;49821.01;1402.32;36;1.33;2024-01-18;QUITADO
622;2020;17286.99;1475.16;12;2.4;2021-06-29;QUITADO
623;184;15001.99;636.58;24;1.84;2022-10-01;QUITADO
624;1089;848.2;73.69;12;4.25;2023-05-09;ATIVO
625;30;17763.8;3044.72;6;2.84;2024-11-22;QUITADO
626;7230;8030.84;227.05;36;1.78;2022-01-18;ATIVO
627;5146;3964.58;171.55;24;3.85;2021-02-20;QUITADO
628;9102;3395.56;145.57;24;2.89;2021-08-23;ATIVO
629;7525;7540.79;638.96;12;1.68;2022-04-08;ATIVO
630;8635;11463.88;983.31;12;2.93;2022-01-23;ATIVO
631;7239;19191.27;3274.03;6;2.36;2024-08-18;ATIVO
632;9386;14785.59;1270.21;12;3.09;2021-05-19;QUITADO
633;3021;18297.33;3116.95;6;2.21;2023-12-06;QUITADO
634;7106;10287.83;1760.08;6;2.65;2024-11-06;ATIVO
635;8652;1208.48;211.79;6;5.15;2021-08-18;ATIVO
636;9321;5017.28;285.73;18;2.51;2022-11-12;QUITADO
637;8693;1111.65;32.73;36;5.98;2022-10-03;QUITADO
638;2911;9811.25;419.59;24;2.64;2021-12-09;QUITADO
639;5852;1206.47;35.75;36;6.67;2023-11-25;ATIVO
640;7064;1956.53;110.42;18;1.59;2022-04-30;INADIMPLENTE
641;1215;39451.45;831.27;48;1.14;2024-05-21;QUITADO
642;8649;8022.59;338.95;24;1.4;2024-05-31;QUITADO
643;9997;10661.89;306.2;36;3.39;2023-09-10;ATIVO
644;66;6527.79;390.04;18;7.55;2022-11-11;QUITADO
645;5777;18994.63;3212.31;6;1.47;2024-09-08;ATIVO
646;6229;10764.36;912.19;12;1.69;2023-09-04;ATIVO
647;2111;904.81;26.2;36;4.23;2022-03-14;ATIVO
648;6152;29149.46;614.75;48;1.23;2022-04-14;QUITADO
649;144;18964.77;3216.74;6;1.77;2022-06-01;QUITADO
650;9687;6296.15;355.66;18;1.68;2024-09-03;QUITADO
651;8747;3501.9;74.36;48;1.92;2023-12-11;QUITADO
652;4352;995.29;59.09;18;6.86;2024-03-28;INADIMPLENTE
653;1223;1972.12;349.1;6;6.21;2024-10-10;INADIMPLENTE
654;9684;33228.63;5587.39;6;0.89;2021-09-19;ATIVO
655;9018;4949.3;837.83;6;1.57;2022-07-22;ATIVO
656;7093;14221.69;1225.08;12;3.37;2021-09-26;ATIVO
657;4208;3791.8;219.27;18;4.09;2021-09-18;ATIVO
658;4162;9645.59;542.78;18;1.29;2022-02-02;ATIVO
659;4219;15760.08;1334.09;12;1.58;2023-10-28;QUITADO
660;9921;20095.93;3378.46;6;0.87;2023-04-14;ATIVO
661;2008;4743.79;100.82;48;2.01;2021-04-28;ATIVO
662;4337;16067.9;1368.32;12;2.19;2023-06-21;ATIVO
663;9026;7761.32;220.79;36;2.41;2021-07-16;QUITADO
664;2895;2181.84;386.37;6;6.25;2024-11-01;INADIMPLENTE
665;6335;4076.08;114.98;36;1.55;2021-07-03;QUITADO
666;9512;7125.95;156.43;48;5.37;2021-06-01;ATIVO
667;7541;3335.9;97.86;36;5.61;2021-03-25;ATIVO
668;362;1693.41;37.88;48;7.37;2023-12-24;ATIVO
669;1590;18938.14;3217.59;6;1.94;2022-06-24;ATIVO
670;5530;7740.21;224.94;36;4.62;2022-07-20;ATIVO
671;9760;3403.25;294.38;12;3.8;2021-11-05;QUITADO
672;9979;6510.94;575.4;12;6.05;2021-08-31;QUITADO
673;9748;604.94;106.26;6;5.39;2023-01-22;ATIVO
674;6294;44815.91;1887.5;24;1.08;2023-03-17;QUITADO
675;5090;38891.43;6554.5;6;1.12;2023-02-24;ATIVO
676;3369;8486.02;721.1;12;1.97;2021-06-22;QUITADO
677;7030;41188.18;2315.69;18;1.2;2023-01-11;QUITADO
678;4360;12043.06;679.9;18;1.62;2022-09-08;ATIVO
679;4155;3807.31;168.87;24;6.45;2023-03-13;ATIVO
680;3392;14012.3;402.7;36;3.46;2022-01-22;QUITADO
681;4779;4756.65;282.04;18;6.73;2021-01-18;ATIVO
682;9546;5033.89;439.88;12;4.86;2023-07-19;ATIVO
683;3556;6848.82;297.78;24;4.35;2021-10-03;QUITADO
684;3374;6755.17;1187.22;6;5.45;2022-08-29;QUITADO
685;3473;2417.95;108.67;24;7.86;2024-09-24;QUITADO
686;2724;6715.61;388.46;18;4.12;2024-09-02;QUITADO
687;9556;7090.67;151.58;48;2.61;2021-11-06;ATIVO
688;2031;10779.05;304.51;36;1.7;2024-07-27;ATIVO
689;4221;794.68;17.8;48;7.49;2023-10-07;ATIVO
690;2550;4955.89;111.27;48;7.77;2024-06-19;QUITADO
691;1929;5170.81;223.94;24;3.94;2021-10-30;ATIVO
692;8204;5932.66;131.48;48;6.38;2021-06-23;ATIVO
693;591;11846.98;507.54;24;2.82;2022-06-24;QUITADO
694;377;4697.79;409.06;12;4.49;2021-10-02;ATIVO
695;9528;19285.71;1102.93;18;2.94;2023-08-02;QUITADO
696;3481;13399.65;755.44;18;1.48;2024-09-27;QUITADO
697;4505;11100.95;940.07;12;1.62;2022-05-18;ATIVO
698;7897;2017.3;351.92;6;4.67;2024-11-13;ATIVO
699;4340;2495.03;141.36;18;1.98;2024-10-01;ATIVO
700;6650;3542.51;208.38;18;5.88;2022-07-01;INADIMPLENTE
701;4822;9871.19;210.26;48;2.24;2023-03-11;QUITADO
702;3745;11710.59;672.25;18;3.33;2023-10-20;ATIVO
703;4361;3901.49;113.78;36;4.99;2024-12-29;QUITADO
704;9176;6481.16;387.18;18;7.53;2024-07-25;QUITADO
705;6914;13971.57;1176.29;12;1.03;2023-06-14;QUITADO
706;7268;4041.41;236.13;18;5.17;2023-03-16;ATIVO
707;8498;5961.0;174.26;36;5.24;2023-02-22;ATIVO
708;1733;2208.06;190.3;12;3.42;2022-07-29;ATIVO
709;6139;1828.12;105.7;18;4.07;2023-01-28;ATIVO
710;2502;5733.06;989.91;6;3.6;2024-03-18;QUITADO
711;8536;16936.66;480.62;36;2.16;2022-09-20;QUITADO
712;5032;16480.55;1407.99;12;2.52;2023-03-29;ATIVO
713;7170;2923.22;172.44;18;6.18;2024-03-25;ATIVO
714;145;6739.65;287.17;24;2.26;2022-01-08;ATIVO
715;5136;7419.78;1286.22;6;4.01;2023-07-18;ATIVO
716;5531;2571.38;230.18;12;7.42;2023-01-24;ATIVO
717;5911;4913.76;876.29;6;7.0;2022-06-29;QUITADO
718;5880;3328.26;188.34;18;1.86;2021-04-18;QUITADO
719;338;7652.43;172.16;48;7.99;2024-01-21;ATIVO
720;9226;2358.59;208.6;12;6.13;2023-05-01;QUITADO
721;6806;6718.95;384.96;18;3.13;2022-09-25;QUITADO
722;4194;41431.7;1742.72;24;0.95;2024-03-06;ATIVO
723;9518;13497.92;575.52;24;2.33;2022-04-08;ATIVO
724;4;45835.72;7705.75;6;0.87;2021-03-03;QUITADO
725;9901;35881.63;6050.24;6;1.17;2023-10-13;QUITADO
726;3977;6664.64;598.32;12;7.73;2021-10-18;QUITADO
727;6790;1095.51;24.58;48;7.69;2024-01-30;INADIMPLENTE
728;7783;46226.76;1298.33;36;1.11;2022-07-30;ATIVO
729;520;4973.19;105.83;48;2.14;2022-07-27;ATIVO
730;1390;4348.15;124.38;36;2.98;2023-08-02;ATIVO
731;319;17038.69;362.14;48;2.02;2024-10-22;QUITADO
732;1042;1343.21;118.36;12;5.74;2024-08-09;INADIMPLENTE
733;6561;17524.18;377.61;48;3.43;2021-02-21;ATIVO
734;5501;3581.92;212.15;18;6.61;2021-10-30;QUITADO
735;3282;3835.32;167.0;24;4.5;2021-09-28;QUITADO
736;2557;8605.8;490.77;18;2.65;2023-04-13;ATIVO
737;1233;9892.58;1679.76;6;1.88;2022-07-25;ATIVO
738;4083;5342.79;958.14;6;7.6;2024-07-12;ATIVO
739;6272;6614.68;293.94;24;6.65;2024-01-05;ATIVO
740;3615;18623.86;1051.52;18;1.63;2022-10-29;ATIVO
741;8335;13507.42;2314.27;6;2.8;2021-03-16;ATIVO
742;553;11839.24;248.67;48;0.82;2021-12-31;QUITADO
743;9629;2248.54;192.92;12;2.96;2022-10-17;ATIVO
744;5017;17086.96;1458.51;12;2.43;2021-09-03;QUITADO
745;220;5031.61;441.99;12;5.41;2024-03-20;ATIVO
746;3287;10553.81;890.74;12;1.28;2023-03-27;QUITADO
747;5783;12923.38;2209.04;6;2.56;2023-10-10;ATIVO
748;1520;7313.25;658.01;12;7.97;2021-09-07;ATIVO
749;7240;5168.26;299.73;18;4.39;2024-12-23;QUITADO
750;5569;6316.74;548.45;12;4.19;2021-02-24;QUITADO
751;3743;1898.65;42.01;48;6.2;2024-07-16;ATIVO
752;3995;15897.77;911.56;18;3.21;2021-09-19;QUITADO
753;8832;7747.7;459.44;18;6.74;2024-09-12;ATIVO
754;3157;7321.58;650.22;12;6.57;2021-12-13;ATIVO
755;8750;14171.28;601.1;24;1.8;2022-04-10;QUITADO
756;1724;4611.98;131.83;36;2.9;2024-05-20;ATIVO
757;288;1027.06;58.61;18;2.72;2023-08-29;QUITADO
758;2811;6712.29;596.33;12;6.61;2022-12-27;INADIMPLENTE
759;1835;5306.11;225.4;24;1.95;2021-06-28;ATIVO
760;8541;48739.68;2054.38;24;1.16;2023-03-25;QUITADO
761;6976;867.16;37.54;24;3.91;2021-04-04;ATIVO
762;5521;3418.17;150.68;24;5.8;2021-09-05;QUITADO
763;3665;6551.94;583.89;12;6.94;2023-02-20;ATIVO
764;3362;1269.03;214.85;6;1.58;2021-11-16;ATIVO
765;5039;3156.66;92.31;36;5.28;2022-04-01;QUITADO
766;6872;4687.07;139.99;36;7.52;2024-07-18;ATIVO
767;9525;36773.91;1554.77;24;1.47;2024-09-26;ATIVO
768;4238;12975.07;278.67;48;3.09;2022-06-21;QUITADO
769;2812;2437.03;107.53;24;5.9;2023-09-07;ATIVO
770;5053;3819.62;221.54;18;4.4;2021-09-26;ATIVO
771;9396;19613.88;1663.75;12;1.79;2024-11-15;ATIVO
772;9727;3691.05;318.23;12;3.46;2024-12-29;ATIVO
773;2549;13060.07;371.92;36;2.52;2022-08-22;ATIVO
774;7938;3925.4;111.23;36;2.01;2024-10-04;QUITADO
775;9521;30473.31;643.75;48;1.4;2024-09-23;ATIVO
776;8862;5235.01;470.98;12;7.96;2022-01-01;ATIVO
777;2310;7721.04;1325.06;6;2.97;2023-02-12;ATIVO
778;7413;44979.25;2522.09;18;0.93;2022-03-09;QUITADO
779;1265;7218.9;303.98;24;1.06;2022-05-12;ATIVO
780;5142;13073.2;280.99;48;3.17;2023-09-08;ATIVO
781;3404;2334.82;52.24;48;7.39;2021-08-23;ATIVO
782;3519;2536.67;55.96;48;5.89;2023-10-05;ATIVO
783;1353;16725.79;2844.78;6;2.05;2023-09-22;QUITADO
784;3418;5353.19;152.92;36;2.84;2022-09-17;QUITADO
785;9099;13410.82;767.69;18;3.04;2021-11-01;QUITADO
786;1262;13539.84;1145.58;12;1.53;2023-03-01;ATIVO
787;4474;5458.24;158.12;36;4.29;2022-08-11;QUITADO
788;3610;2219.29;49.24;48;6.49;2023-08-28;ATIVO
789;4727;3395.87;200.85;18;6.46;2022-07-21;ATIVO
790;1471;1855.63;106.27;18;3.08;2022-05-30;ATIVO
791;2448;6494.62;143.5;48;6.06;2024-09-13;QUITADO
792;4985;2643.08;55.96;48;1.63;2022-07-03;QUITADO
793;9507;4746.7;102.67;48;3.82;2022-12-02;INADIMPLENTE
794;296;6160.76;174.83;36;2.16;2024-10-05;QUITADO
795;3728;5906.72;170.49;36;3.91;2022-03-10;INADIMPLENTE
796;5625;25288.67;1066.44;24;1.21;2023-01-03;ATIVO
797;9337;7708.92;1302.29;6;1.36;2021-10-08;ATIVO
798;1502;1765.45;152.39;12;3.58;2024-09-27;INADIMPLENTE
799;7857;12832.24;271.43;48;1.53;2023-10-14;QUITADO
800;1746;5967.23;1033.62;6;3.93;2021-11-03;QUITADO
801;3877;18875.21;535.37;36;2.11;2022-05-14;QUITADO
802;8836;3724.97;110.59;36;6.88;2023-04-07;ATIVO
803;5890;4748.97;208.92;24;5.58;2023-04-12;ATIVO
804;6053;19142.93;810.14;24;1.57;2022-03-18;ATIVO
805;7563;9100.89;385.46;24;1.65;2022-04-19;QUITADO
806;2024;12436.9;1053.61;12;1.66;2021-09-28;QUITADO
807;8503;3420.53;601.27;6;5.47;2023-08-01;QUITADO
808;3413;14213.6;408.33;36;3.42;2024-01-01;QUITADO
809;669;5365.61;237.65;24;6.3;2022-12-23;ATIVO
810;5950;5280.52;460.15;12;4.57;2024-07-16;ATIVO
811;7777;7250.82;161.0;48;6.58;2024-11-20;ATIVO
812;2521;3190.47;543.02;6;2.12;2024-07-14;QUITADO
813;2841;2966.12;264.38;12;6.96;2021-03-05;QUITADO
814;5613;13770.16;395.55;36;3.41;2024-07-28;QUITADO
815;7816;15492.87;1304.37;12;1.03;2021-04-04;QUITADO
816;7630;4895.7;283.43;18;4.21;2021-02-18;ATIVO
817;971;10239.51;439.66;24;3.05;2022-07-12;ATIVO
818;7594;30336.82;1282.99;24;1.5;2022-08-05;ATIVO
819;3423;36993.49;6235.87;6;1.14;2021-10-15;ATIVO
820;7188;11663.99;497.37;24;2.34;2022-09-20;ATIVO
821;2122;5490.36;239.95;24;4.89;2023-10-14;ATIVO
822;4970;4792.97;140.19;36;5.3;2023-07-11;QUITADO
823;9067;44816.61;7577.74;6;1.45;2023-05-10;QUITADO
824;6556;22354.56;1258.93;18;1.37;2023-05-24;ATIVO
825;6010;1641.72;93.83;18;2.88;2021-03-09;QUITADO
826;2511;5641.01;318.25;18;1.55;2024-12-02;QUITADO
827;8296;1993.85;57.87;36;4.49;2023-03-02;ATIVO
828;9072;30427.08;857.71;36;1.48;2022-01-17;QUITADO
829;1536;3810.35;684.78;6;7.83;2024-07-24;ATIVO
830;624;7803.77;222.47;36;2.63;2024-11-26;QUITADO
831;9459;7100.83;1210.22;6;2.26;2024-11-23;ATIVO
832;633;9853.08;1678.96;6;2.24;2022-01-03;ATIVO
833;7929;1325.91;38.73;36;5.16;2021-11-26;QUITADO
834;5112;5558.16;244.51;24;5.58;2022-09-06;QUITADO
835;7455;8526.34;478.23;18;0.96;2024-06-11;ATIVO
836;127;28603.41;802.48;36;1.0;2024-03-13;QUITADO
837;1010;12622.76;722.51;18;3.03;2022-07-31;ATIVO
838;3982;3759.68;220.07;18;5.36;2022-11-08;QUITADO
839;8086;7059.94;419.24;18;6.89;2022-03-30;QUITADO
840;5295;5890.56;1002.48;6;2.11;2022-09-18;ATIVO
841;4228;3466.41;102.31;36;6.25;2024-04-21;ATIVO
842;8539;12541.76;266.49;48;1.99;2022-06-14;ATIVO
843;451;9566.92;813.59;12;2.05;2024-03-23;QUITADO
844;110;7078.05;422.56;18;7.46;2021-02-05;QUITADO
845;3919;13844.41;295.78;48;2.55;2024-12-03;ATIVO
846;4553;1595.78;282.0;6;6.03;2024-04-30;QUITADO
847;2712;8982.44;254.9;36;2.16;2023-09-04;QUITADO
848;7370;2138.95;63.43;36;6.76;2024-10-02;INADIMPLENTE
849;8619;5319.09;158.36;36;7.18;2024-04-08;INADIMPLENTE
850;8191;2522.07;225.64;12;7.36;2021-11-19;ATIVO
851;9624;559.82;16.17;36;3.97;2023-07-02;INADIMPLENTE
852;7671;36107.24;6071.43;6;0.89;2023-09-08;ATIVO
853;6050;10099.67;578.04;18;3.02;2023-11-29;QUITADO
854;4227;2652.99;58.07;48;5.06;2023-04-26;QUITADO
855;1997;4044.63;118.16;36;5.17;2021-09-28;INADIMPLENTE
856;1355;1442.46;129.06;12;7.37;2021-01-21;QUITADO
857;8820;2586.03;111.73;24;3.69;2022-09-16;QUITADO
858;50;2217.68;47.25;48;2.26;2024-06-05;QUITADO
859;573;909.56;158.43;6;4.51;2021-10-17;QUITADO
860;8541;44358.87;7498.87;6;1.43;2021-10-07;QUITADO
861;6371;2030.3;90.52;24;7.0;2022-11-14;INADIMPLENTE
862;9347;17422.06;499.53;36;3.22;2024-12-18;ATIVO
863;7981;1927.36;56.85;36;6.18;2022-11-22;ATIVO
864;347;6796.87;1204.52;6;6.33;2024-02-12;INADIMPLENTE
865;2546;7781.39;1397.15;6;7.73;2024-03-20;QUITADO
866;6479;7582.86;447.56;18;6.24;2024-12-16;QUITADO
867;95;2737.58;159.87;18;5.12;2024-11-25;ATIVO
868;5559;8369.84;1424.97;6;2.15;2021-05-29;ATIVO
869;3519;4565.3;265.04;18;4.5;2021-04-09;QUITADO
870;8210;2724.68;244.04;12;7.48;2022-01-26;ATIVO
871;2731;3993.86;85.83;48;3.16;2021-10-05;ATIVO
872;9206;16189.75;906.81;18;0.82;2023-07-26;ATIVO
873;5957;6037.34;513.63;12;2.09;2024-09-05;ATIVO
874;465;18556.6;390.0;48;0.88;2023-07-13;ATIVO
875;6850;3617.64;80.42;48;6.71;2024-11-20;QUITADO
876;966;5435.25;160.85;36;6.54;2021-02-27;ATIVO
877;6984;16037.92;339.37;48;1.57;2022-10-05;ATIVO
878;6439;7228.9;214.26;36;6.7;2022-07-29;ATIVO
879;3882;4869.25;853.9;6;5.22;2021-11-10;ATIVO
880;2937;13422.55;288.78;48;3.27;2024-09-19;QUITADO
881;3607;3786.16;226.92;18;7.88;2021-05-12;ATIVO
882;6094;4578.15;781.57;6;2.43;2022-09-11;QUITADO
883;3302;7052.2;598.97;12;1.92;2022-04-13;QUITADO
884;7371;16036.13;913.79;18;2.57;2021-04-07;ATIVO
885;8516;16486.27;466.33;36;1.83;2022-07-29;INADIMPLENTE
886;2796;3037.55;133.4;24;5.4;2022-11-21;QUITADO
887;3777;6154.19;547.62;12;6.78;2022-02-12;ATIVO
888;918;4402.35;383.0;12;4.4;2024-07-01;ATIVO
889;8309;1177.07;202.24;6;3.09;2021-10-03;ATIVO
890;5187;11898.72;2025.96;6;2.16;2022-03-18;ATIVO
891;4805;574.71;100.02;6;4.42;2022-03-26;ATIVO
892;3034;3562.19;154.94;24;4.39;2021-05-19;ATIVO
893;8980;3334.26;143.05;24;2.97;2023-07-24;ATIVO
894;5159;41710.33;1756.35;24;1.06;2023-05-25;ATIVO
895;8206;26527.47;743.51;36;0.9;2022-12-13;QUITADO
896;2416;6988.59;149.96;48;3.0;2021-04-27;ATIVO
897;6185;13193.34;1119.78;12;1.85;2021-04-25;QUITADO
898;359;18166.72;1539.02;12;1.66;2024-04-06;ATIVO
899;9966;2437.36;107.65;24;6.0;2021-12-16;ATIVO
900;7402;2125.89;46.31;48;4.56;2021-09-27;ATIVO
901;1237;4551.38;196.68;24;3.71;2021-05-20;QUITADO
902;9494;16191.54;348.76;48;3.39;2021-02-03;ATIVO
903;723;14636.29;1240.18;12;1.68;2024-09-17;QUITADO
904;4747;2695.06;160.34;18;7.09;2021-04-30;QUITADO
905;9527;17694.81;754.83;24;2.38;2022-06-15;INADIMPLENTE
906;7654;11382.83;243.83;48;2.82;2021-07-28;ATIVO
907;2381;4072.15;90.98;48;7.24;2024-11-16;ATIVO
908;2221;6686.3;294.56;24;5.73;2021-08-05;INADIMPLENTE
909;419;42458.21;3582.06;12;1.24;2022-06-25;ATIVO
910;4479;3198.21;92.15;36;3.73;2022-04-11;INADIMPLENTE
911;5118;7403.74;653.5;12;5.92;2024-10-19;ATIVO
912;4363;3818.42;108.66;36;2.44;2021-05-12;INADIMPLENTE
913;8475;2874.93;499.81;6;4.31;2024-04-12;ATIVO
914;7328;3074.32;137.09;24;7.02;2023-12-30;ATIVO
915;1830;5839.73;165.56;36;2.06;2021-10-29;ATIVO
916;9805;4141.01;92.97;48;7.76;2022-01-20;ATIVO
917;6319;15619.0;2665.64;6;2.4;2022-01-17;QUITADO
918;1982;2606.19;441.75;6;1.7;2021-09-02;QUITADO
919;1482;7745.08;1366.88;6;5.89;2022-04-28;QUITADO
920;5486;19667.88;562.12;36;2.89;2023-05-02;QUITADO
921;1577;6070.6;1083.91;6;7.13;2024-10-03;ATIVO
922;3638;48919.91;8270.73;6;1.44;2023-07-20;QUITADO
923;8509;6972.15;311.86;24;7.35;2022-08-20;INADIMPLENTE
924;5781;16160.82;1385.66;12;2.89;2024-05-10;QUITADO
925;5134;1276.77;36.95;36;4.18;2024-06-18;ATIVO
926;2419;3162.2;91.91;36;4.63;2022-10-14;QUITADO
927;8366;7230.5;1287.15;6;6.81;2023-10-09;QUITADO
928;551;4334.55;183.68;24;1.7;2023-03-06;QUITADO
929;4863;2373.3;70.45;36;6.87;2023-07-20;ATIVO
930;8163;660.98;38.31;18;4.32;2021-11-03;QUITADO
931;4838;8137.93;345.15;24;1.79;2024-10-22;ATIVO
932;4562;16407.27;465.51;36;2.14;2024-08-16;ATIVO
933;4263;7685.86;673.92;12;5.22;2021-01-04;INADIMPLENTE
934;5675;41740.43;3522.89;12;1.28;2022-08-17;QUITADO
935;4609;24926.84;4196.43;6;1.01;2022-09-17;ATIVO
936;5182;10852.73;309.0;36;2.5;2024-05-12;ATIVO
937;3390;7281.28;415.28;18;2.66;2023-08-10;QUITADO
938;4791;12479.45;698.92;18;0.81;2024-06-11;ATIVO
939;2050;15553.15;333.32;48;2.87;2022-12-17;INADIMPLENTE
940;6215;6245.67;360.24;18;3.82;2022-01-24;ATIVO
941;5763;3861.46;229.65;18;7.05;2024-07-01;ATIVO
942;8488;1862.45;82.77;24;6.66;2024-07-23;QUITADO
943;5241;12198.12;343.11;36;1.26;2022-10-11;ATIVO
944;1020;6092.14;259.75;24;2.33;2023-10-17;ATIVO
945;2887;16101.02;1374.62;12;2.45;2023-01-05;QUITADO
946;1716;1333.2;228.04;6;2.63;2023-03-29;ATIVO
947;618;1127.86;32.92;36;5.07;2021-10-02;ATIVO
948;4914;3266.64;70.52;48;3.62;2021-11-19;QUITADO
949;4657;6430.91;1091.11;6;1.8;2022-10-23;QUITADO
950;8993;47977.26;2028.04;24;1.45;2022-03-24;ATIVO
951;8235;4935.59;284.32;18;3.69;2024-09-23;ATIVO
952;4074;8642.24;370.54;24;2.9;2022-05-16;ATIVO
953;9068;37409.07;3152.34;12;1.12;2024-08-15;QUITADO
954;1145;6700.01;147.04;48;5.34;2022-08-31;INADIMPLENTE
955;422;7654.67;1358.58;6;6.49;2023-06-03;ATIVO
956;2852;7369.27;418.62;18;2.25;2024-06-30;ATIVO
957;3619;5347.3;157.17;36;5.81;2022-11-27;QUITADO
958;2819;14214.32;2389.66;6;0.87;2022-04-02;ATIVO
959;9062;6202.12;1100.36;6;6.45;2021-03-31;QUITADO
960;7605;29049.47;2444.75;12;0.99;2024-12-13;QUITADO
961;2122;981.74;21.96;48;7.35;2021-06-21;ATIVO
962;6523;1638.8;142.44;12;4.3;2021-06-06;QUITADO
963;4538;18323.26;385.78;48;1.06;2021-08-19;QUITADO
964;4506;11228.2;481.5;24;2.92;2024-01-18;QUITADO
965;6013;10490.57;447.29;24;2.33;2022-09-03;ATIVO
966;2448;1279.86;38.23;36;7.52;2021-08-13;QUITADO
967;6156;16796.47;472.03;36;1.17;2021-04-30;ATIVO
968;2414;19787.61;1686.56;12;2.28;2024-10-11;QUITADO
969;4602;6459.59;557.14;12;3.5;2024-03-13;ATIVO
970;1242;46200.48;1952.93;24;1.45;2023-06-25;INADIMPLENTE
971;1141;4103.31;242.48;18;6.37;2023-12-03;ATIVO
972;8971;14998.23;638.36;24;2.15;2024-07-30;QUITADO
973;168;18968.9;808.55;24;2.3;2022-09-29;QUITADO
974;3914;3256.29;139.82;24;3.05;2021-09-22;ATIVO
975;1081;5438.78;947.07;6;4.48;2024-06-04;ATIVO
976;5403;18673.08;1583.79;12;1.78;2022-01-02;ATIVO
977;1629;1872.66;108.03;18;3.84;2024-11-14;QUITADO
978;6720;6402.12;180.74;36;1.63;2022-06-03;QUITADO
979;960;6468.78;1141.63;6;5.89;2022-07-31;INADIMPLENTE
980;1902;7532.46;223.46;36;6.8;2024-12-04;ATIVO
981;2151;1175.36;35.06;36;7.4;2023-07-04;QUITADO
982;2271;6202.64;179.51;36;4.19;2024-06-02;QUITADO
983;5249;5097.25;150.33;36;6.17;2024-11-15;QUITADO
984;4786;5387.66;158.44;36;5.87;2024-12-01;QUITADO
985;3075;6015.17;1046.64;6;4.4;2021-04-27;ATIVO
986;9891;9207.83;391.1;24;1.94;2021-02-12;ATIVO
987;4279;6088.45;135.49;48;6.82;2021-01-05;ATIVO
988;3517;7608.87;644.34;12;1.62;2021-11-27;INADIMPLENTE
989;7406;1950.44;86.09;24;5.93;2022-01-22;ATIVO
990;8841;1073.13;23.08;48;3.25;2021-04-06;ATIVO
991;3978;13075.72;1100.87;12;1.03;2023-12-21;QUITADO
992;9629;11446.83;1970.76;6;3.3;2022-12-29;QUITADO
993;4794;4074.94;174.22;24;2.61;2024-06-15;ATIVO
994;1206;15788.71;446.65;36;1.84;2021-05-08;QUITADO
995;2309;22914.84;481.4;48;0.84;2023-06-05;QUITADO
996;3935;3930.41;170.71;24;4.24;2022-05-15;ATIVO
997;8431;4368.9;125.27;36;3.22;2022-02-28;QUITADO
998;4609;27572.07;1165.15;24;1.42;2024-10-10;ATIVO
999;8828;48188.24;4069.9;12;1.35;2023-09-18;ATIVO
1000;5714;6102.38;178.55;36;5.33;2022-11-20;ATIVO
1001;3079;17782.18;507.63;36;2.77;2023-04-05;QUITADO
1002;3167;3911.57;339.98;12;4.3;2023-06-08;INADIMPLENTE
1003;2936;7738.49;1366.88;6;5.98;2021-01-02;ATIVO
1004;5995;13544.24;286.35;48;1.48;2023-11-02;ATIVO
1005;8959;14050.63;1186.69;12;1.35;2024-05-31;ATIVO
1006;6607;13787.51;389.88;36;1.8;2022-04-04;QUITADO
1007;6181;13407.57;282.23;48;1.04;2024-05-13;ATIVO
1008;1373;974.76;43.37;24;6.78;2022-10-29;ATIVO
1009;6181;39391.42;831.32;48;1.3;2021-02-10;ATIVO
1010;1576;18017.41;768.07;24;2.31;2023-03-01;QUITADO
1011;6526;1825.53;38.67;48;1.69;2023-01-29;ATIVO
1012;267;4173.91;89.7;48;3.15;2024-01-08;ATIVO
1013;5417;6922.25;407.07;18;5.85;2022-05-22;QUITADO
1014;9252;5158.77;229.93;24;6.97;2024-05-27;ATIVO
1015;7580;3573.14;157.07;24;5.5;2023-10-28;INADIMPLENTE
1016;7774;7694.52;219.91;36;2.89;2023-05-09;ATIVO
1017;1572;11131.58;952.31;12;2.66;2024-01-14;QUITADO
1018;4980;7648.93;327.92;24;2.89;2021-12-31;ATIVO
1019;9061;1316.09;28.23;48;2.97;2021-11-05;QUITADO
1020;131;3326.53;73.92;48;6.66;2023-03-29;QUITADO
1021;4337;15510.67;441.92;36;2.57;2022-12-26;QUITADO
1022;413;1206.51;71.11;18;6.09;2023-07-07;INADIMPLENTE
1023;8846;12718.11;360.03;36;1.91;2024-03-04;QUITADO
1024;6245;4087.65;234.54;18;3.28;2022-04-03;QUITADO
1025;9549;35202.31;742.33;48;1.22;2024-07-27;QUITADO
1026;192;3832.53;220.46;18;3.54;2021-10-07;INADIMPLENTE
1027;842;5058.72;223.66;24;6.11;2022-07-04;ATIVO
1028;4933;3711.67;105.94;36;2.75;2023-04-24;QUITADO
1029;291;19780.79;1124.76;18;2.35;2021-05-09;QUITADO
1030;851;11907.79;511.19;24;3.03;2023-09-20;ATIVO
1031;5807;1073.1;30.27;36;1.54;2023-07-26;QUITADO
1032;7631;5597.87;326.17;18;4.88;2024-02-20;ATIVO
1033;4931;12738.33;361.63;36;2.2;2022-08-06;ATIVO
1034;5509;1064.51;31.15;36;5.33;2022-02-01;QUITADO
1035;8013;6514.87;387.67;18;7.11;2021-08-19;INADIMPLENTE
1036;8542;2318.99;101.79;24;5.35;2023-11-29;ATIVO
1037;5038;7523.89;324.12;24;3.39;2024-04-05;QUITADO
1038;2340;11131.14;475.72;24;2.57;2022-08-23;ATIVO
1039;2742;11140.38;637.79;18;3.05;2022-08-17;QUITADO
1040;9564;16054.37;1366.36;12;2.13;2024-09-19;QUITADO
1041;7373;16317.87;2795.25;6;2.78;2022-11-01;ATIVO
1042;7083;1387.01;249.29;6;7.84;2021-12-02;QUITADO
1043;6184;7708.85;1352.77;6;5.29;2023-03-24;ATIVO
1044;9834;29879.46;5033.69;6;1.08;2021-02-07;ATIVO
1045;2342;13061.37;367.86;36;1.39;2022-06-02;ATIVO
1046;2283;2983.12;254.11;12;2.22;2021-01-02;QUITADO
1047;1002;4547.18;133.89;36;6.0;2022-01-25;ATIVO
1048;5918;6533.73;389.99;18;7.44;2023-09-16;INADIMPLENTE
1049;2109;41666.16;1169.08;36;1.01;2022-05-01;QUITADO
1050;8525;15000.97;856.22;18;2.74;2021-08-06;QUITADO
1051;8436;3619.96;319.73;12;5.99;2021-01-30;ATIVO
1052;559;48205.91;2702.21;18;0.9;2021-01-27;QUITADO
1053;8204;2096.41;45.3;48;3.71;2022-12-08;INADIMPLENTE
1054;7793;6198.29;275.67;24;6.74;2021-07-28;ATIVO
1055;1099;17519.34;499.69;36;2.68;2022-12-30;QUITADO
1056;599;1328.46;75.86;18;2.79;2023-03-05;INADIMPLENTE
1057;8049;11601.2;328.99;36;2.09;2022-01-28;ATIVO
1058;8785;7840.61;175.12;48;7.21;2022-08-26;QUITADO
1059;3562;4771.12;139.74;36;5.44;2023-09-10;ATIVO
1060;7559;7342.0;164.6;48;7.61;2021-08-31;QUITADO
1061;5553;4077.91;87.13;48;2.56;2021-03-13;ATIVO
1062;1073;5232.68;451.93;12;3.64;2023-05-26;QUITADO
1063;8067;5659.49;992.11;6;5.18;2022-04-18;QUITADO
1064;7309;2717.2;158.08;18;4.72;2021-09-27;ATIVO
1065;5955;7536.07;333.5;24;6.21;2023-09-19;ATIVO
1066;2247;3072.08;134.06;24;4.73;2024-02-19;ATIVO
1067;4935;8616.52;494.49;18;3.3;2021-12-04;ATIVO
1068;1822;789.65;69.0;12;4.85;2021-09-16;INADIMPLENTE
1069;6436;18293.06;516.93;36;1.73;2024-05-08;QUITADO
1070;1963;4082.65;239.2;18;5.46;2023-05-22;ATIVO
1071;63;4500.5;386.44;12;3.04;2021-09-13;QUITADO
1072;9970;2988.39;264.57;12;6.24;2024-07-24;ATIVO
1073;8433;2711.71;480.92;6;6.41;2022-06-14;ATIVO
1074;707;10127.61;432.53;24;2.5;2022-09-14;QUITADO
1075;1831;5635.51;331.68;18;5.94;2023-02-02;QUITADO
1076;538;12414.86;708.27;18;2.69;2021-12-16;QUITADO
1077;5893;6680.67;578.6;12;3.93;2023-12-31;INADIMPLENTE
1078;5891;1116.03;189.63;6;1.95;2021-10-08;ATIVO
1079;7844;5964.91;520.89;12;4.79;2021-07-28;QUITADO
1080;3762;16749.09;473.77;36;1.83;2021-04-26;QUITADO
1081;4729;5733.6;485.01;12;1.51;2024-09-10;QUITADO
1082;8112;2736.69;464.64;6;1.87;2023-08-26;QUITADO
1083;9948;40046.04;3369.54;12;0.97;2024-07-21;QUITADO
1084;2405;27259.41;1152.62;24;1.48;2022-07-09;QUITADO
1085;4772;11365.98;971.51;12;2.57;2024-06-18;ATIVO
1086;9609;19444.33;409.3;48;1.04;2022-10-20;ATIVO
1087;6919;4248.41;121.09;36;2.61;2024-10-01;QUITADO
1088;6571;13944.09;791.02;18;2.11;2021-10-14;ATIVO
1089;1790;2844.71;126.48;24;6.71;2021-08-25;ATIVO
1090;2604;19746.13;1113.24;18;1.48;2024-06-13;ATIVO
1091;5233;999.2;57.66;18;3.88;2021-04-17;QUITADO
1092;4714;5275.49;310.32;18;5.88;2022-09-24;QUITADO
1093;4589;16624.69;701.15;24;1.22;2022-09-22;ATIVO
1094;5539;2227.41;129.57;18;4.71;2024-07-31;ATIVO
1095;7166;15675.17;887.65;18;1.93;2023-06-17;INADIMPLENTE
1096;3417;5988.5;134.03;48;7.43;2022-08-29;INADIMPLENTE
1097;1141;6421.03;278.24;24;4.0;2021-09-01;INADIMPLENTE
1098;7787;6705.32;190.38;36;2.21;2023-07-30;ATIVO
1099;6437;6498.31;183.94;36;1.9;2022-02-21;ATIVO
1100;4841;2235.26;64.36;36;3.66;2023-12-31;ATIVO
1101;7546;1964.27;56.55;36;3.64;2022-03-22;INADIMPLENTE
1102;8411;7053.85;1239.13;6;5.4;2024-11-10;INADIMPLENTE
1103;5302;6691.24;194.05;36;4.4;2024-05-15;INADIMPLENTE
1104;4195;3703.43;666.06;6;7.91;2023-11-17;QUITADO
1105;4935;11164.01;953.13;12;2.45;2024-02-15;QUITADO
1106;489;6458.03;279.34;24;3.81;2024-01-18;INADIMPLENTE
1107;2619;572.32;16.79;36;5.64;2023-06-10;ATIVO
1108;2435;14001.15;792.39;18;1.87;2022-01-07;ATIVO
1109;4965;14138.68;599.36;24;1.74;2022-11-01;QUITADO
1110;8885;2095.3;124.83;18;7.24;2022-04-09;QUITADO
1111;8343;41259.97;1159.18;36;1.14;2021-04-13;ATIVO
1112;8671;4733.94;820.23;6;3.96;2022-12-31;ATIVO
1113;4108;4087.75;239.38;18;5.41;2022-07-26;INADIMPLENTE
1114;4856;4224.23;94.53;48;7.41;2023-09-09;ATIVO
1115;1139;8199.1;699.59;12;2.39;2024-04-28;ATIVO
1116;4874;12188.16;2094.74;6;3.12;2022-09-28;INADIMPLENTE
1117;8389;16459.02;1398.33;12;1.95;2024-04-18;QUITADO
1118;3599;5882.1;251.73;24;2.71;2024-07-12;QUITADO
1119;3115;5977.87;342.37;18;3.09;2021-04-18;QUITADO
1120;545;4813.37;852.29;6;6.24;2024-11-13;ATIVO
1121;3612;861.68;24.81;36;3.67;2024-02-09;ATIVO
1122;6166;2209.06;386.7;6;5.03;2023-12-25;INADIMPLENTE
1123;9776;16820.55;362.03;48;3.31;2024-12-22;ATIVO
1124;3917;2808.79;478.34;6;2.18;2024-01-12;QUITADO
1125;9172;34860.7;1960.33;18;1.22;2022-08-12;ATIVO
1126;6800;18266.41;1024.14;18;0.92;2023-11-20;ATIVO
1127;154;18389.34;388.24;48;1.34;2024-06-13;QUITADO
1128;7593;4871.29;216.69;24;6.76;2021-12-16;ATIVO
1129;5722;7076.31;312.6;24;6.02;2022-11-04;ATIVO
1130;3579;30695.66;863.23;36;1.24;2021-09-16;QUITADO
1131;8158;15096.05;433.55;36;3.39;2021-04-16;QUITADO
1132;5426;1035.93;22.51;48;4.31;2024-04-10;INADIMPLENTE
1133;1958;4541.1;99.89;48;5.58;2024-09-18;ATIVO
1134;9086;16933.24;1456.12;12;3.19;2022-09-05;QUITADO
1135;4490;4563.1;130.0;36;2.56;2023-07-15;QUITADO
1136;9832;9780.32;561.28;18;3.3;2024-04-04;QUITADO
1137;6222;7369.28;433.48;18;5.88;2022-11-05;ATIVO
1138;3991;6424.31;573.64;12;7.15;2023-05-22;ATIVO
1139;9743;17603.12;501.15;36;2.49;2023-03-13;QUITADO
1140;206;2991.41;257.91;12;3.46;2022-03-22;QUITADO
1141;748;14446.4;406.31;36;1.25;2022-12-01;ATIVO
1142;9457;6866.91;1223.23;6;6.88;2021-06-17;QUITADO
1143;3151;5073.16;224.28;24;6.1;2024-01-09;ATIVO
1144;640;18959.94;1070.82;18;1.66;2024-03-26;ATIVO
1145;3333;6658.0;143.63;48;3.55;2024-06-18;ATIVO
1146;1247;6998.5;155.22;48;6.46;2024-03-19;QUITADO
1147;1363;12511.58;2111.12;6;1.24;2023-07-01;INADIMPLENTE
1148;6263;852.46;50.02;18;5.61;2021-10-30;ATIVO
1149;644;3689.19;162.97;24;6.02;2024-04-13;QUITADO
1150;4645;16639.14;942.15;18;1.92;2021-07-03;QUITADO
1151;1394;5427.45;120.23;48;6.33;2023-10-31;QUITADO
1152;8122;1392.68;29.76;48;2.58;2023-08-10;ATIVO
1153;7054;5534.99;117.01;48;1.47;2022-10-15;ATIVO
1154;494;35300.05;5938.65;6;0.94;2021-09-06;ATIVO
1155;5377;2308.48;66.72;36;4.05;2021-06-13;ATIVO
1156;1126;19211.99;541.78;36;1.52;2021-09-15;ATIVO
1157;2431;7885.69;470.25;18;7.34;2021-10-03;QUITADO
1158;297;6987.83;1197.13;6;2.79;2022-05-14;QUITADO
1159;9680;816.97;145.37;6;6.76;2024-11-14;QUITADO
1160;3721;42185.83;7113.23;6;1.17;2023-10-26;QUITADO
1161;690;820.37;48.64;18;6.73;2021-05-05;ATIVO
1162;8525;6687.4;143.86;48;3.26;2023-08-03;ATIVO
1163;7925;8135.55;456.22;18;0.94;2024-11-28;INADIMPLENTE
1164;8932;4481.97;399.94;12;7.08;2023-02-16;QUITADO
1165;7386;1548.96;69.0;24;6.91;2021-06-11;ATIVO
1166;9475;3115.09;67.81;48;4.48;2024-05-12;ATIVO
1167;9901;16040.57;900.77;18;1.08;2022-05-11;QUITADO
1168;9317;2146.72;368.88;6;3.1;2024-07-07;INADIMPLENTE
1169;2084;2913.18;127.45;24;5.0;2021-07-05;ATIVO
1170;7159;19156.9;816.0;24;2.23;2024-09-25;INADIMPLENTE
1171;6438;5379.96;234.5;24;4.61;2023-02-09;QUITADO
1172;3163;4155.08;362.12;12;4.58;2023-01-02;QUITADO
1173;6070;7079.16;1239.56;6;5.06;2023-02-17;ATIVO
1174;5098;3446.66;75.26;48;4.81;2024-06-10;INADIMPLENTE
1175;4716;3546.45;100.08;36;1.59;2022-05-07;QUITADO
1176;1738;1862.83;327.92;6;5.62;2021-11-21;ATIVO
1177;3951;3663.68;80.87;48;5.95;2023-02-14;ATIVO
1178;4608;3073.37;269.79;12;5.34;2022-08-28;INADIMPLENTE
1179;3385;8699.31;487.74;18;0.92;2022-06-10;ATIVO
1180;2010;5785.97;250.27;24;3.81;2021-06-06;ATIVO
1181;5178;2992.02;63.31;48;1.57;2023-08-04;QUITADO
1182;7665;7143.27;615.63;12;3.42;2022-11-17;QUITADO
1183;494;41816.09;2350.3;18;1.17;2023-04-19;ATIVO
1184;3406;1814.22;103.97;18;3.16;2021-09-12;ATIVO
1185;6841;5519.59;158.95;36;3.67;2021-01-03;INADIMPLENTE
1186;7258;19622.46;3328.3;6;1.77;2022-06-25;ATIVO
1187;3262;3647.74;158.28;24;4.14;2021-10-03;QUITADO
1188;6960;10673.09;1838.8;6;3.37;2022-06-24;QUITADO
1189;6307;5573.24;246.96;24;6.35;2021-08-26;ATIVO
1190;2105;4842.59;142.43;36;5.88;2022-10-12;ATIVO
1191;1206;18604.74;532.77;36;3.09;2023-04-24;QUITADO
1192;1497;1853.17;79.26;24;2.65;2023-04-04;QUITADO
1193;3490;39027.72;821.05;48;0.98;2024-05-27;ATIVO
1194;1239;5690.42;1008.34;6;6.32;2024-03-12;ATIVO
1195;3274;4292.42;248.67;18;4.28;2024-06-10;ATIVO
1196;4053;6239.46;366.71;18;5.79;2022-12-20;QUITADO
1197;3454;5801.84;335.22;18;4.0;2024-01-07;QUITADO
1198;521;25415.35;1072.95;24;1.32;2021-09-10;INADIMPLENTE
1199;1617;7161.99;1259.79;6;5.54;2024-08-07;QUITADO
1200;2122;6545.33;196.11;36;7.86;2021-09-03;QUITADO
1201;2159;6181.69;367.64;18;7.05;2021-03-13;INADIMPLENTE
1202;649;18995.11;537.72;36;1.91;2023-10-29;QUITADO
1203;6752;18121.77;518.58;36;3.02;2023-10-08;ATIVO
1204;8756;9927.97;210.78;48;1.91;2023-01-06;QUITADO
1205;1840;15010.01;1269.22;12;1.47;2022-03-16;ATIVO
1206;9642;15458.64;658.99;24;2.31;2021-01-29;QUITADO
1207;3363;1207.2;26.97;48;7.23;2021-01-18;ATIVO
1208;4524;33020.99;5570.64;6;1.22;2022-12-16;QUITADO
1209;3658;6694.28;291.12;24;4.37;2021-02-17;ATIVO
1210;6442;1457.87;126.76;12;4.34;2022-12-16;QUITADO
1211;734;12508.64;2105.41;6;0.99;2022-06-21;ATIVO
1212;5949;6855.37;593.05;12;3.81;2021-06-24;ATIVO
1213;6847;37587.25;2113.87;18;1.23;2023-07-12;ATIVO
1214;9392;1139.13;64.82;18;2.42;2021-05-16;QUITADO
1215;7413;36827.42;1546.91;24;0.81;2024-11-13;QUITADO
1216;5680;5781.16;1022.88;6;6.16;2024-03-03;INADIMPLENTE
1217;136;17182.52;1445.48;12;0.95;2024-02-03;ATIVO
1218;1936;946.23;41.95;24;6.39;2024-06-15;ATIVO
1219;171;7660.64;669.6;12;4.89;2021-10-23;ATIVO
1220;9076;11335.74;486.49;24;3.0;2021-02-27;ATIVO
1221;3654;14972.2;640.5;24;2.67;2021-11-06;ATIVO
1222;5661;19676.31;562.91;36;2.99;2023-04-14;ATIVO
1223;3654;4371.67;742.53;6;1.91;2023-10-13;QUITADO
1224;1912;16075.57;1382.23;12;3.18;2022-08-17;QUITADO
1225;6150;6742.86;145.48;48;3.56;2024-08-15;QUITADO
1226;9334;1792.94;318.34;6;6.53;2021-08-09;INADIMPLENTE
1227;5724;5163.93;911.43;6;5.9;2022-01-30;QUITADO
1228;114;10990.97;1870.48;6;2.11;2024-11-09;ATIVO
1229;6183;1954.95;333.19;6;2.26;2021-11-02;ATIVO
1230;2384;3864.88;85.32;48;5.96;2021-12-14;QUITADO
1231;8690;18669.37;3161.66;6;1.61;2021-03-07;QUITADO
1232;720;15809.22;1352.87;12;2.69;2023-03-12;QUITADO
1233;6191;8867.99;763.31;12;3.29;2021-05-24;QUITADO
1234;7101;1974.45;58.17;36;6.07;2024-04-09;QUITADO
1235;2349;7440.32;314.85;24;1.56;2024-05-23;ATIVO
1236;6958;2138.72;91.01;24;2.13;2022-05-14;QUITADO
1237;8936;7664.86;221.66;36;4.11;2021-01-26;ATIVO
1238;2050;9766.5;275.5;36;1.55;2023-08-04;ATIVO
1239;6885;6144.76;1064.07;6;3.9;2024-09-02;QUITADO
1240;2769;1701.86;299.33;6;5.53;2022-02-23;ATIVO
1241;4910;3355.06;592.34;6;5.93;2023-11-10;INADIMPLENTE
1242;7155;1066.78;46.95;24;5.63;2023-10-13;QUITADO
1243;4701;3279.06;185.43;18;1.79;2022-10-10;ATIVO
1244;6708;14488.96;831.02;18;3.24;2023-04-15;QUITADO
1245;9097;19977.08;3432.06;6;3.08;2024-03-12;QUITADO
1246;2902;6558.07;1139.46;6;4.25;2023-08-29;QUITADO
1247;1651;9640.98;552.59;18;3.17;2022-05-17;ATIVO
1248;436;7874.38;691.17;12;5.33;2022-04-07;INADIMPLENTE
1249;1603;2698.52;240.44;12;6.92;2022-01-12;ATIVO
1250;3769;1196.32;52.4;24;5.12;2021-02-01;ATIVO
1251;6042;1858.13;53.76;36;4.15;2022-07-07;QUITADO
1252;5334;3696.41;79.33;48;3.01;2024-09-22;QUITADO
1253;9289;4875.06;289.23;18;6.79;2023-07-03;QUITADO
1254;2396;4058.45;362.18;12;7.09;2023-02-09;ATIVO
1255;7748;2061.83;182.61;12;6.28;2023-05-12;INADIMPLENTE
1256;3454;3148.42;558.27;6;6.39;2022-04-06;INADIMPLENTE
1257;331;4027.44;722.59;6;7.65;2024-08-27;ATIVO
1258;5708;16548.48;353.14;48;2.43;2024-02-16;QUITADO
1259;4830;48680.36;4089.96;12;0.82;2022-07-08;QUITADO
1260;8285;16716.06;960.24;18;3.4;2024-04-11;ATIVO
1261;9174;1339.6;236.51;6;5.93;2021-09-27;ATIVO
1262;9666;11924.48;2021.4;6;1.71;2022-10-17;QUITADO
1263;5457;4527.68;813.47;6;7.8;2021-12-16;ATIVO
1264;5713;4553.69;203.25;24;7.12;2024-12-10;QUITADO
1265;7531;32299.26;906.17;36;1.0;2023-04-28;QUITADO
1266;1651;11564.05;327.68;36;2.01;2024-10-13;QUITADO
1267;127;14625.23;616.03;24;1.09;2021-05-01;INADIMPLENTE
1268;4093;10503.8;602.92;18;3.32;2022-10-01;QUITADO
1269;7837;677.27;14.89;48;5.55;2022-04-18;INADIMPLENTE
1270;408;13489.63;2301.78;6;2.38;2024-03-02;QUITADO
1271;2388;743.97;42.98;18;3.99;2024-06-23;INADIMPLENTE
1272;7474;3481.96;149.71;24;3.19;2022-09-08;ATIVO
1273;9315;3527.48;76.21;48;3.7;2023-12-20;ATIVO
1274;925;15602.16;1344.0;12;3.37;2023-03-16;QUITADO
1275;6117;5977.72;529.23;12;6.24;2022-02-09;ATIVO
1276;2075;7847.36;466.61;18;7.03;2024-01-12;QUITADO
1277;249;3777.85;164.82;24;4.71;2021-03-22;ATIVO
1278;5561;3228.1;91.92;36;2.51;2023-12-17;QUITADO
1279;2759;6212.1;529.69;12;2.32;2021-10-31;ATIVO
1280;1294;572.96;101.9;6;6.71;2021-12-07;ATIVO
1281;9185;5951.4;129.44;48;4.4;2021-10-31;INADIMPLENTE
1282;9369;7826.31;448.84;18;3.23;2021-01-04;ATIVO
1283;3733;39261.31;6636.47;6;1.42;2021-05-05;ATIVO
1284;7152;29684.47;1246.87;24;0.81;2022-05-25;QUITADO
1285;4660;6078.33;271.17;24;7.07;2023-07-18;QUITADO
1286;457;3113.37;529.17;6;1.98;2021-01-07;ATIVO
1287;3509;11863.01;337.87;36;2.53;2021-07-04;ATIVO
1288;3850;3263.11;553.31;6;1.74;2021-02-17;QUITADO
1289;9523;17261.61;2953.46;6;2.66;2023-02-27;ATIVO
1290;2550;6060.37;535.59;12;6.05;2022-04-27;QUITADO
1291;8760;10394.97;440.83;24;1.78;2024-04-06;QUITADO
1292;268;7588.03;224.54;36;6.53;2023-07-31;QUITADO
1293;5031;12737.74;546.56;24;2.98;2021-01-19;ATIVO
1294;7616;14928.05;850.73;18;2.58;2024-01-18;ATIVO
1295;9518;19068.14;548.1;36;3.48;2023-05-21;ATIVO
1296;2774;16610.59;1400.0;12;1.14;2021-03-25;QUITADO
1297;9093;7410.2;213.52;36;3.73;2023-11-21;ATIVO
1298;2004;2143.39;93.55;24;4.75;2021-09-01;ATIVO
1299;2387;14737.24;1268.39;12;3.28;2023-07-02;QUITADO
1300;7505;1220.91;211.36;6;3.87;2022-10-14;INADIMPLENTE
1301;9814;5030.97;108.92;48;3.92;2023-01-27;INADIMPLENTE
1302;4330;7264.8;622.9;12;2.89;2024-03-20;ATIVO
1303;8377;2817.84;506.41;6;7.83;2022-01-23;QUITADO
1304;707;16293.48;348.85;48;2.77;2021-01-25;ATIVO
1305;8660;4865.61;412.12;12;1.64;2022-07-23;ATIVO
1306;5361;724.78;42.42;18;5.36;2023-02-08;QUITADO
1307;3498;5054.07;302.54;18;7.75;2022-08-04;ATIVO
1308;7833;14377.02;614.98;24;2.66;2023-06-04;ATIVO
1309;6495;5870.86;1032.2;6;5.49;2021-04-30;ATIVO
1310;3276;6072.93;129.81;48;2.6;2021-02-02;QUITADO
1311;8771;14420.46;413.07;36;3.12;2021-07-07;ATIVO
1312;3565;3891.94;333.67;12;2.88;2024-08-29;QUITADO
1313;7722;25103.23;1408.01;18;0.96;2021-01-03;ATIVO
1314;2754;7180.12;623.29;12;4.17;2021-03-10;QUITADO
1315;2384;4255.98;751.11;6;5.89;2023-10-15;ATIVO
1316;5871;7170.47;609.61;12;2.02;2023-08-16;QUITADO
1317;4279;7345.57;159.95;48;4.52;2022-01-30;QUITADO
1318;5896;1698.27;149.09;12;5.35;2022-12-07;QUITADO
1319;6065;5782.86;326.09;18;1.5;2021-06-28;ATIVO
1320;4341;1210.26;35.04;36;4.22;2021-10-13;QUITADO
1321;6925;7308.3;208.29;36;2.6;2021-08-26;QUITADO
1322;3529;7537.01;167.37;48;6.59;2021-12-28;QUITADO
1323;6997;19516.5;1117.54;18;3.07;2024-03-02;QUITADO
1324;3422;34950.14;1468.05;24;0.81;2021-08-23;QUITADO
1325;2296;956.24;28.55;36;7.48;2021-12-21;ATIVO
1326;4927;6025.54;255.93;24;1.94;2021-02-18;QUITADO
1327;2567;3427.95;290.26;12;1.61;2023-12-06;QUITADO
1328;1141;1149.99;199.6;6;4.14;2021-12-26;ATIVO
1329;8220;7280.6;211.14;36;4.4;2024-07-08;ATIVO
1330;476;3131.36;275.09;12;5.42;2021-03-02;ATIVO
1331;5163;6025.35;172.07;36;2.81;2023-02-06;QUITADO
1332;6960;14973.14;633.36;24;1.52;2022-10-28;ATIVO
1333;536;16483.04;350.09;48;1.95;2022-06-14;ATIVO
1334;1960;14782.72;838.67;18;2.12;2024-09-03;ATIVO
1335;573;1582.45;68.77;24;4.3;2023-05-09;QUITADO
1336;9476;6890.98;413.23;18;7.94;2023-02-24;QUITADO
1337;4314;688.65;20.51;36;7.21;2021-06-30;ATIVO
1338;5188;1130.03;48.11;24;2.17;2024-07-05;INADIMPLENTE
1339;1736;19316.74;1110.39;18;3.47;2023-10-05;QUITADO
1340;5482;2446.05;145.81;18;7.3;2024-02-18;QUITADO
1341;9013;2578.41;111.11;24;3.42;2024-01-01;QUITADO
1342;7625;7551.51;1312.2;6;4.26;2024-10-23;QUITADO
1343;2836;25648.13;2156.37;12;0.89;2023-03-19;QUITADO
1344;7112;1072.07;45.75;24;2.41;2023-05-07;ATIVO
1345;2855;3405.7;201.83;18;6.67;2024-12-02;INADIMPLENTE
1346;3716;19101.37;1640.65;12;3.07;2022-07-20;ATIVO
1347;1242;48037.67;1354.26;36;1.49;2023-06-25;QUITADO
1348;8130;8766.63;251.48;36;3.27;2023-06-25;ATIVO
1349;541;6832.32;200.79;36;5.8;2022-08-24;QUITADO
1350;9083;6724.02;147.97;48;5.63;2021-11-23;QUITADO
1351;6995;5293.34;312.01;18;6.1;2021-01-31;ATIVO
1352;6733;19524.38;3305.15;6;1.57;2023-11-12;ATIVO
1353;7592;4742.19;276.26;18;4.86;2021-10-26;INADIMPLENTE
1354;5803;2849.05;164.71;18;4.06;2022-03-06;QUITADO
1355;111;18825.74;792.41;24;1.02;2023-02-14;ATIVO
1356;1453;7606.06;671.62;12;5.96;2021-06-27;INADIMPLENTE
1357;6056;13106.77;743.95;18;2.17;2024-05-23;INADIMPLENTE
1358;3222;3172.1;188.25;18;6.82;2022-06-10;QUITADO
1359;8120;12743.04;537.33;24;1.2;2024-09-13;QUITADO
1360;7972;6507.72;144.54;48;6.61;2021-06-30;ATIVO
1361;1539;2920.43;62.69;48;3.03;2024-06-08;QUITADO
1362;2254;4715.73;134.25;36;2.49;2021-06-14;QUITADO
1363;4925;3976.99;701.87;6;5.89;2024-10-01;QUITADO
1364;1633;6827.74;388.27;18;2.36;2024-10-18;QUITADO
1365;8934;2656.25;78.32;36;6.14;2022-01-02;INADIMPLENTE
1366;3737;4461.76;264.63;18;6.76;2024-04-16;ATIVO
1367;7946;11199.97;481.13;24;3.1;2023-04-10;ATIVO
1368;1349;15708.5;890.32;18;2.02;2021-07-21;ATIVO
1369;7625;7947.22;709.75;12;7.17;2021-07-06;QUITADO
1370;2365;44517.32;2495.69;18;0.91;2022-02-06;ATIVO
1371;8041;2592.24;57.49;48;6.45;2022-01-17;ATIVO
1372;4418;1556.84;33.08;48;1.99;2023-04-03;QUITADO
1373;4900;12614.71;356.02;36;1.6;2023-05-19;QUITADO
1374;4386;7594.76;327.59;24;3.52;2021-10-19;QUITADO
1375;2070;14869.63;420.07;36;1.7;2023-02-28;QUITADO
1376;3961;7630.44;641.21;12;0.84;2021-05-08;QUITADO
1377;8555;4831.24;138.9;36;3.5;2023-07-04;QUITADO
1378;512;12252.31;349.19;36;2.6;2021-04-12;ATIVO
1379;2381;6556.91;1135.0;6;3.86;2021-01-28;QUITADO
1380;3802;18460.69;783.96;24;1.92;2021-08-28;ATIVO
1381;64;6126.59;266.97;24;4.58;2021-07-22;INADIMPLENTE
1382;8308;25998.56;548.19;48;1.21;2024-02-11;ATIVO
1383;1849;6355.06;1116.05;6;5.37;2024-07-14;ATIVO
1384;5197;44784.77;3781.7;12;1.33;2022-12-28;QUITADO
1385;54;32757.76;5529.51;6;1.28;2023-11-06;ATIVO
1386;1278;4863.76;282.8;18;4.66;2024-07-26;ATIVO
1387;5854;4429.13;259.84;18;5.6;2021-01-20;INADIMPLENTE
1388;6159;8466.86;357.16;24;1.24;2022-11-29;QUITADO
1389;75;11072.07;235.17;48;1.95;2021-09-02;ATIVO
1390;2050;18529.86;522.7;36;1.55;2023-12-19;ATIVO
1391;5045;16905.3;482.98;36;2.85;2021-01-08;QUITADO
1392;1706;6345.42;186.17;36;5.62;2021-04-26;QUITADO
1393;2922;4009.61;178.29;24;6.72;2021-08-05;ATIVO
1394;5427;4643.94;135.99;36;5.42;2021-08-16;ATIVO
1395;553;26149.17;2208.52;12;1.35;2021-09-23;QUITADO
1396;6809;13860.08;397.67;36;3.29;2024-07-21;ATIVO
1397;7550;5774.97;249.0;24;3.48;2021-09-05;QUITADO
1398;5312;10218.13;873.39;12;2.57;2021-03-24;ATIVO
1399;1627;8965.28;1529.93;6;2.39;2021-01-15;QUITADO
1400;5700;6449.12;1094.85;6;1.86;2024-10-11;INADIMPLENTE
1401;3487;29706.84;1672.0;18;1.31;2023-08-12;ATIVO
1402;1932;10509.52;1808.16;6;3.23;2021-12-14;QUITADO
1403;3210;13713.46;783.19;18;2.8;2022-02-02;ATIVO
1404;9559;3564.12;153.11;24;3.1;2022-01-17;ATIVO
1405;8823;16660.57;706.82;24;1.82;2024-04-13;QUITADO
1406;7360;7949.86;228.93;36;3.67;2024-10-01;ATIVO
1407;448;29816.87;1258.89;24;1.33;2022-06-16;ATIVO
1408;4807;4041.2;177.29;24;5.29;2023-06-26;QUITADO
1409;4812;7773.64;333.17;24;2.86;2024-06-23;ATIVO
1410;710;16065.85;903.97;18;1.28;2024-11-28;QUITADO
1411;7761;17671.97;1516.84;12;3.0;2021-07-03;ATIVO
1412;9703;14980.2;637.53;24;2.14;2022-09-03;QUITADO
1413;7029;22477.78;3798.0;6;1.38;2023-09-11;ATIVO
1414;8937;5134.13;294.81;18;3.36;2021-04-06;QUITADO
1415;7866;7662.43;172.26;48;7.91;2023-12-07;INADIMPLENTE
1416;1032;17962.97;1542.27;12;3.03;2022-08-01;ATIVO
1417;6793;14353.51;308.6;48;3.2;2021-08-19;QUITADO
1418;3048;17448.35;497.96;36;2.74;2021-10-08;INADIMPLENTE
1419;3786;6914.6;201.29;36;4.8;2021-05-16;ATIVO
1420;8062;1194.16;202.89;6;1.94;2023-05-21;ATIVO
1421;9738;6571.17;1163.1;6;6.2;2022-10-10;INADIMPLENTE
1422;4254;1890.16;325.17;6;3.22;2023-01-25;QUITADO
1423;2652;8164.08;175.73;48;3.32;2023-01-17;QUITADO
1424;1072;14571.83;625.56;24;3.03;2024-12-01;QUITADO
1425;6723;37081.18;3121.0;12;1.0;2022-04-19;QUITADO
1426;1361;47107.32;2650.31;18;1.27;2022-04-22;QUITADO
1427;5894;1180.36;206.35;6;4.89;2022-10-30;ATIVO
1428;1254;10332.12;578.66;18;0.81;2023-10-19;QUITADO
1429;4749;39591.83;3335.28;12;1.09;2023-10-02;QUITADO
1430;7225;16359.31;698.75;24;2.51;2021-09-08;QUITADO
1431;4257;5688.86;322.81;18;2.14;2022-10-20;ATIVO
1432;2805;18373.49;3153.81;6;2.99;2021-10-08;QUITADO
1433;5623;8436.2;355.66;24;1.18;2023-10-07;QUITADO
1434;1110;9431.62;794.06;12;1.03;2024-04-27;QUITADO
1435;6998;4720.9;137.92;36;5.17;2021-07-21;QUITADO
1436;9850;2446.98;107.1;24;5.04;2024-08-02;QUITADO
1437;5614;35215.1;986.32;36;0.83;2023-08-04;QUITADO
1438;6180;6007.64;1043.53;6;4.22;2021-11-11;ATIVO
1439;4581;2695.39;58.87;48;4.83;2023-01-28;INADIMPLENTE
1440;8238;3671.39;163.64;24;6.97;2023-08-18;INADIMPLENTE
1441;8391;7803.96;330.95;24;1.78;2021-07-28;ATIVO
1442;5064;4867.91;137.32;36;1.55;2023-08-08;QUITADO
1443;1235;8301.21;469.25;18;1.75;2024-08-28;QUITADO
1444;1095;7961.81;701.04;12;5.66;2023-09-13;INADIMPLENTE
1445;5186;959.01;170.21;6;6.49;2023-09-24;QUITADO
1446;6997;19595.3;555.96;36;2.14;2021-02-02;ATIVO
1447;9202;7165.0;425.88;18;6.99;2021-05-30;ATIVO
1448;43;4274.41;254.75;18;7.28;2024-12-16;ATIVO
1449;8640;13148.06;2215.89;6;1.12;2021-11-28;QUITADO
1450;1678;2992.48;132.21;24;6.03;2024-11-04;INADIMPLENTE
1451;8205;19644.04;839.46;24;2.56;2022-01-16;INADIMPLENTE
1452;7468;42525.75;7171.97;6;1.19;2023-07-08;ATIVO
1453;1693;16280.23;2742.95;6;1.09;2023-07-02;ATIVO
1454;992;3329.35;295.31;12;6.44;2021-10-22;ATIVO
1455;6965;8041.9;169.43;48;1.13;2022-02-27;QUITADO
1456;9095;2061.84;61.71;36;7.74;2023-04-02;QUITADO
1457;5410;14140.94;804.86;18;2.45;2024-05-21;ATIVO
1458;7918;7198.37;312.11;24;4.06;2023-10-30;QUITADO
1459;4472;12540.25;539.07;24;3.17;2024-10-07;ATIVO
1460;9506;6479.98;191.92;36;6.62;2023-12-08;QUITADO
1461;1468;12235.11;1055.18;12;3.49;2021-12-28;ATIVO
1462;9521;20057.4;1123.66;18;0.84;2022-04-27;ATIVO
1463;1834;7590.21;1290.59;6;2.02;2024-11-08;ATIVO
1464;3151;6756.83;596.07;12;5.86;2023-08-30;ATIVO
1465;1387;3635.9;632.65;6;4.4;2022-11-02;INADIMPLENTE
1466;9799;9538.07;544.15;18;2.69;2021-01-19;QUITADO
1467;4386;5613.59;122.69;48;4.91;2022-10-21;ATIVO
1468;9601;933.3;40.97;24;5.35;2023-10-22;ATIVO
1469;6310;9804.09;209.75;48;2.69;2022-11-26;QUITADO
1470;1414;12145.33;2045.27;6;1.04;2024-04-16;QUITADO
1471;7031;6242.96;175.65;36;1.29;2022-06-16;ATIVO
1472;8141;1856.96;161.18;12;4.16;2023-04-05;ATIVO
1473;6821;1476.78;32.88;48;6.87;2022-02-27;ATIVO
1474;9829;5796.25;503.84;12;4.31;2024-08-10;QUITADO
1475;4958;2962.46;502.58;6;1.79;2023-08-10;QUITADO
1476;172;13373.73;574.85;24;3.16;2023-05-23;ATIVO
1477;321;7765.34;1374.85;6;6.23;2023-05-17;ATIVO
1478;5711;15809.32;1341.55;12;1.83;2024-06-17;ATIVO
1479;5665;3289.62;196.41;18;7.47;2022-07-04;QUITADO
1480;3517;8678.82;248.72;36;3.17;2022-04-22;ATIVO
1481;2566;4338.71;734.4;6;1.56;2023-05-21;QUITADO
1482;7356;558.98;16.74;36;7.8;2022-01-02;ATIVO
1483;1637;18071.29;383.53;48;1.87;2023-04-27;ATIVO
1484;289;19694.99;566.18;36;3.49;2021-01-29;QUITADO
1485;458;19606.67;1107.67;18;1.69;2022-01-13;INADIMPLENTE
1486;5889;2514.78;446.58;6;6.55;2021-05-05;INADIMPLENTE
1487;8782;1480.19;252.47;6;2.34;2023-07-12;ATIVO
1488;7486;17854.12;3048.0;6;2.43;2022-03-19;ATIVO
1489;6000;2527.32;217.16;12;3.11;2023-07-02;ATIVO
1490;1717;1747.42;100.25;18;3.27;2024-11-04;QUITADO
1491;6645;746.74;21.48;36;3.55;2022-02-11;ATIVO
1492;6843;8852.11;375.92;24;1.92;2022-01-11;QUITADO
1493;2813;17584.83;493.25;36;0.98;2022-04-04;QUITADO
1494;4770;6972.69;311.85;24;7.34;2021-11-24;INADIMPLENTE
1495;3166;40213.39;1695.5;24;1.19;2022-05-10;ATIVO
1496;4569;539.97;48.43;12;7.62;2024-02-27;QUITADO
1497;3953;22896.43;1282.45;18;0.82;2022-06-17;QUITADO
1498;9674;44643.94;1250.53;36;0.84;2024-06-08;QUITADO
1499;7950;4625.31;826.23;6;7.18;2024-12-02;INADIMPLENTE
1500;930;15025.04;1286.02;12;2.71;2021-09-18;ATIVO
1501;6707;4002.07;170.79;24;2.42;2022-01-05;QUITADO
1502;8314;1152.55;33.91;36;5.93;2021-08-30;INADIMPLENTE
1503;8610;2166.57;48.39;48;7.2;2021-04-08;QUITADO
1504;4011;6293.03;274.9;24;4.84;2021-05-02;ATIVO
1505;956;24370.12;1024.46;24;0.89;2023-07-16;QUITADO
1506;1650;2983.46;261.75;12;5.28;2023-07-19;ATIVO
1507;36;11506.33;659.89;18;3.23;2022-12-30;ATIVO
1508;3861;4910.84;294.38;18;7.9;2024-06-30;INADIMPLENTE
1509;7798;12141.3;2084.26;6;3.0;2023-07-17;QUITADO
1510;7804;10607.64;303.35;36;2.95;2023-06-10;ATIVO
1511;4461;5125.51;107.86;48;1.01;2023-10-12;QUITADO
1512;2977;6151.53;1106.97;6;7.97;2021-12-14;ATIVO
1513;8859;5460.33;114.7;48;0.83;2021-07-31;ATIVO
1514;7875;17005.69;1454.41;12;2.63;2024-05-03;QUITADO
1515;632;4537.24;768.23;6;1.59;2023-01-31;ATIVO
1516;4487;7583.72;676.15;12;6.99;2024-06-23;QUITADO
1517;8350;5921.91;167.08;36;1.57;2021-03-12;QUITADO
1518;9970;1800.15;159.21;12;6.13;2022-12-15;QUITADO
1519;6446;5698.06;491.03;12;3.41;2021-01-14;QUITADO
1520;7443;5648.89;973.59;6;3.41;2021-03-25;QUITADO
1521;2235;8110.55;172.03;48;1.81;2022-11-10;ATIVO
1522;2718;19495.08;3320.34;6;2.19;2024-06-20;ATIVO
1523;8817;5298.6;303.99;18;3.27;2022-08-04;ATIVO
1524;2059;5884.35;1029.57;6;4.98;2022-04-08;ATIVO
1525;4318;4856.71;144.82;36;7.35;2024-02-22;ATIVO
1526;2213;6375.26;185.56;36;4.78;2022-02-01;ATIVO
1527;711;5666.46;486.42;12;3.01;2022-08-27;ATIVO
1528;4528;3455.86;309.07;12;7.32;2024-04-27;ATIVO
1529;2825;5325.91;149.57;36;1.1;2021-02-24;ATIVO
1530;7;15185.8;431.07;36;2.19;2024-08-14;ATIVO
1531;5972;3400.19;192.6;18;1.96;2022-07-08;ATIVO
1532;6380;17714.37;3002.0;6;1.68;2023-06-29;QUITADO
1533;8345;15275.78;655.97;24;3.06;2022-10-04;QUITADO
1534;6238;12622.84;362.28;36;3.32;2021-10-02;ATIVO
1535;8810;3240.18;279.2;12;3.4;2023-10-14;INADIMPLENTE
1536;8901;8386.43;353.21;24;1.08;2022-09-25;ATIVO
1537;7309;2583.91;457.14;6;6.15;2021-01-31;QUITADO
1538;890;4964.73;290.24;18;5.23;2024-08-05;ATIVO
1539;6660;4859.84;205.92;24;1.69;2022-12-02;QUITADO
1540;9218;6476.22;191.23;36;6.3;2021-09-29;ATIVO
1541;1402;9480.43;201.18;48;1.86;2022-04-15;ATIVO
1542;837;3292.83;71.31;48;3.95;2023-04-01;ATIVO
1543;4152;3676.64;212.59;18;4.08;2023-08-28;ATIVO
1544;9793;35050.09;983.54;36;1.02;2024-07-13;ATIVO
1545;1709;5785.62;996.48;6;3.34;2021-10-18;ATIVO
1546;6606;17916.77;768.18;24;2.9;2021-09-04;QUITADO
1547;6045;39490.36;6654.78;6;1.11;2021-01-10;ATIVO
1548;8162;4008.44;85.71;48;2.64;2023-12-28;ATIVO
1549;2063;6992.7;601.95;12;3.3;2022-07-08;ATIVO
1550;6809;4158.09;704.24;6;1.62;2021-05-09;QUITADO
1551;5340;2227.04;130.02;18;5.09;2022-12-28;ATIVO
1552;4288;2787.66;235.84;12;1.52;2021-10-13;QUITADO
1553;7228;5298.85;306.01;18;3.95;2022-05-02;ATIVO
1554;4059;870.27;38.62;24;6.5;2023-09-21;QUITADO
1555;9520;9758.91;840.32;12;3.33;2022-06-19;ATIVO
1556;1129;19502.67;1109.81;18;2.43;2024-11-19;ATIVO
1557;1089;6949.77;618.76;12;6.84;2021-07-11;ATIVO
1558;3737;2272.0;133.49;18;5.76;2024-07-10;ATIVO
1559;2730;2910.02;86.57;36;7.09;2021-08-13;ATIVO
1560;5687;14983.12;2564.11;6;2.68;2022-09-12;ATIVO
1561;9073;26739.61;4516.32;6;1.34;2023-06-03;ATIVO
1562;9547;8261.87;235.21;36;2.49;2022-02-11;QUITADO
1563;6384;17731.92;1528.2;12;3.42;2024-04-21;INADIMPLENTE
1564;6963;30118.55;1693.5;18;1.21;2021-07-15;ATIVO
1565;6464;32788.0;5522.05;6;1.05;2021-12-06;ATIVO
1566;906;5873.09;128.51;48;5.03;2022-08-17;QUITADO
1567;9289;2562.03;76.73;36;7.82;2022-11-15;QUITADO
1568;9167;6392.08;377.7;18;6.36;2023-12-16;QUITADO
1569;4179;16761.3;477.51;36;2.56;2021-12-18;ATIVO
1570;8432;7092.14;305.7;24;3.45;2024-12-26;INADIMPLENTE
1571;7070;1512.32;134.94;12;7.07;2021-02-06;ATIVO
1572;829;6056.38;259.87;24;2.98;2021-09-14;QUITADO
1573;3426;6341.89;375.09;18;6.46;2022-09-17;INADIMPLENTE
1574;8910;17383.01;374.28;48;3.35;2022-10-16;INADIMPLENTE
1575;4475;2522.91;72.16;36;2.97;2023-03-14;QUITADO
1576;2350;4021.46;341.29;12;1.84;2022-12-19;ATIVO
1577;843;1297.17;111.92;12;3.54;2022-12-24;INADIMPLENTE
1578;3257;5477.66;121.86;48;6.78;2023-04-11;ATIVO
1579;6821;7121.92;412.52;18;4.26;2023-07-05;QUITADO
1580;1111;3583.92;103.8;36;4.27;2022-05-31;QUITADO
1581;8835;13276.26;2284.84;6;3.26;2021-12-14;ATIVO
1582;9386;5667.99;324.62;18;3.09;2021-06-28;ATIVO
1583;9350;4800.48;139.73;36;4.79;2021-01-24;ATIVO
1584;1019;12504.21;268.53;48;3.08;2023-05-06;QUITADO
1585;9819;16798.03;715.95;24;2.29;2021-03-23;ATIVO
1586;6107;3488.76;201.77;18;4.1;2022-12-03;INADIMPLENTE
1587;4265;1999.69;57.3;36;3.16;2023-01-10;ATIVO
1588;8537;4517.12;192.66;24;2.36;2022-08-07;ATIVO
1589;2051;640.72;56.82;12;6.41;2024-06-12;INADIMPLENTE
1590;7139;15009.15;2542.8;6;1.65;2024-03-23;ATIVO
1591;7185;21683.1;1824.09;12;0.95;2024-01-09;QUITADO
1592;5274;3554.91;202.91;18;2.74;2023-08-08;ATIVO
1593;6396;19043.12;1613.75;12;1.69;2023-02-22;QUITADO
1594;6545;5711.21;255.41;24;7.33;2021-02-13;QUITADO
1595;1060;1576.75;70.75;24;7.69;2024-09-11;ATIVO
1596;8196;3499.81;151.18;24;3.67;2021-08-16;INADIMPLENTE
1597;3412;6112.72;1096.83;6;7.66;2023-08-29;QUITADO
1598;1267;17535.86;755.87;24;3.45;2022-07-31;QUITADO
1599;2018;4442.91;257.89;18;4.48;2021-01-22;ATIVO
1600;1514;7185.72;303.99;24;1.53;2021-12-22;ATIVO
1601;6768;9049.53;384.23;24;1.9;2023-05-22;QUITADO
1602;9094;17290.4;370.37;48;2.82;2021-08-16;INADIMPLENTE
1603;4755;7005.1;609.62;12;4.43;2023-04-21;ATIVO
1604;120;5321.86;153.77;36;4.02;2022-06-15;QUITADO
1605;3812;1198.65;52.33;24;4.77;2022-09-06;QUITADO
1606;8690;4800.94;814.32;6;1.77;2023-03-08;QUITADO
1607;33;18098.64;1027.6;18;2.2;2021-08-27;ATIVO
1608;5327;1974.71;177.1;12;7.62;2023-08-09;ATIVO
1609;3702;18000.43;512.21;36;2.44;2023-01-12;QUITADO
1610;9438;8984.24;1534.06;6;2.45;2023-05-15;INADIMPLENTE
1611;7082;4960.14;284.44;18;3.22;2024-05-22;ATIVO
1612;5068;5177.57;904.52;6;4.82;2022-07-23;ATIVO
1613;4033;6566.39;294.01;24;7.46;2022-11-03;QUITADO
1614;8287;9503.9;267.69;36;1.4;2023-06-23;QUITADO
1615;1047;2644.31;111.88;24;1.54;2024-06-23;QUITADO
1616;1662;1915.89;113.11;18;6.27;2024-11-29;ATIVO
1617;6726;17761.89;1005.22;18;1.87;2024-02-22;ATIVO
1618;5679;6845.4;387.68;18;1.94;2021-06-09;QUITADO
1619;751;4196.15;240.21;18;3.04;2022-12-09;ATIVO
1620;6173;3014.31;264.83;12;5.43;2023-10-24;ATIVO
1621;1762;4794.5;214.17;24;7.21;2024-03-13;QUITADO
1622;7051;580.85;34.5;18;6.92;2022-08-24;QUITADO
1623;7080;21637.54;1827.29;12;1.34;2023-02-15;QUITADO
1624;9264;1526.12;45.48;36;7.29;2024-03-08;ATIVO
1625;7689;35969.65;3022.35;12;0.83;2022-02-10;QUITADO
1626;9959;38027.4;2137.14;18;1.16;2021-05-10;ATIVO
1627;8681;7844.4;1391.6;6;6.44;2024-05-04;INADIMPLENTE
1628;5487;27538.69;1545.84;18;1.04;2024-07-05;QUITADO
1629;9046;10152.47;582.47;18;3.27;2021-12-24;ATIVO
1630;365;5945.85;514.86;12;3.91;2022-10-20;ATIVO
1631;6979;5025.54;896.31;6;7.01;2024-04-06;INADIMPLENTE
1632;5782;4077.17;727.16;6;7.01;2022-06-21;INADIMPLENTE
1633;201;874.33;38.81;24;6.52;2024-08-19;INADIMPLENTE
1634;8132;6027.79;356.18;18;6.36;2022-03-31;ATIVO
1635;6385;7671.39;224.92;36;5.55;2022-06-21;ATIVO
1636;8201;3927.77;171.41;24;4.74;2023-02-08;ATIVO
1637;2911;15296.39;323.96;48;1.66;2022-12-21;QUITADO
1638;6475;16538.32;698.81;24;1.41;2023-08-16;QUITADO
1639;6443;17659.94;1497.56;12;1.76;2023-04-08;ATIVO
1640;6364;16373.57;2800.15;6;2.61;2023-01-24;QUITADO
1641;2718;17763.09;3044.0;6;2.82;2023-11-30;ATIVO
1642;1976;10833.05;307.69;36;2.25;2024-03-15;ATIVO
1643;9418;2136.4;90.41;24;1.57;2023-09-01;QUITADO
1644;4523;1752.03;314.37;6;7.66;2021-01-23;ATIVO
1645;4445;6853.24;1177.04;6;3.05;2024-11-29;ATIVO
1646;4002;6809.43;199.63;36;5.54;2023-02-28;ATIVO
1647;3736;19549.57;1102.81;18;1.54;2023-04-24;QUITADO
1648;5546;9139.69;523.04;18;3.01;2021-03-16;ATIVO
1649;6065;16159.04;906.34;18;0.96;2023-05-21;ATIVO
1650;523;2342.35;414.44;6;6.16;2023-03-23;QUITADO
1651;909;3800.24;334.64;12;5.67;2021-02-15;ATIVO
1652;8083;4032.52;720.34;6;7.18;2024-01-28;ATIVO
1653;3889;4477.69;385.72;12;3.37;2023-05-12;ATIVO
1654;2425;6932.16;202.86;36;5.35;2024-08-08;ATIVO
1655;3107;1109.62;193.76;6;4.77;2023-11-15;ATIVO
1656;16;5352.82;235.37;24;5.53;2022-11-05;QUITADO
1657;5350;15438.62;327.88;48;1.94;2024-05-09;ATIVO
1658;858;850.18;37.95;24;7.14;2022-02-25;ATIVO
1659;5696;2032.63;44.92;48;6.08;2021-12-13;ATIVO
1660;4968;14178.39;405.23;36;2.89;2023-09-14;ATIVO
1661;6531;1457.34;83.77;18;3.47;2024-07-29;QUITADO
1662;4866;664.3;14.52;48;4.95;2024-07-28;ATIVO
1663;7851;3622.96;616.57;6;2.11;2024-11-23;ATIVO
1664;549;5984.87;170.25;36;2.41;2023-05-16;INADIMPLENTE
1665;7105;6236.32;185.25;36;6.94;2023-04-03;INADIMPLENTE
1666;2936;3820.86;169.66;24;6.57;2023-03-12;ATIVO
1667;4592;6792.02;1182.15;6;4.43;2023-04-04;QUITADO
1668;592;11979.73;257.14;48;3.03;2021-01-31;ATIVO
1669;8087;7576.29;222.32;36;5.64;2024-04-05;ATIVO
1670;91;16902.58;478.2;36;1.85;2021-06-14;ATIVO
1671;3873;11766.36;336.16;36;2.85;2021-11-24;QUITADO
1672;4291;11675.19;498.53;24;2.48;2024-12-09;QUITADO
1673;5887;17787.82;1514.19;12;2.15;2022-04-23;QUITADO
1674;8129;3931.56;691.89;6;5.59;2023-12-30;ATIVO
1675;661;16778.71;477.03;36;2.35;2022-06-22;QUITADO
1676;2485;4904.84;426.19;12;4.27;2021-03-03;QUITADO
1677;9301;14213.66;402.37;36;1.91;2024-11-07;QUITADO
1678;1563;5453.93;939.98;6;3.41;2024-10-13;QUITADO
1679;9949;19195.18;1098.82;18;3.04;2024-11-08;QUITADO
1680;847;12428.58;2143.52;6;3.48;2021-08-20;QUITADO
1681;8329;6313.16;183.73;36;4.77;2023-05-08;ATIVO
1682;4167;19883.79;565.58;36;2.4;2022-01-03;QUITADO
1683;2564;3049.84;87.93;36;3.79;2023-06-19;QUITADO
1684;5645;3258.98;94.47;36;4.35;2023-12-23;INADIMPLENTE
1685;9380;7995.04;694.44;12;4.23;2024-02-24;ATIVO
1686;2259;6068.74;362.81;18;7.61;2024-09-10;QUITADO
1687;3765;6587.92;146.91;48;7.04;2021-10-28;ATIVO
1688;277;36218.2;764.73;48;1.35;2021-06-04;QUITADO
1689;8616;11236.77;479.58;24;2.43;2023-08-24;QUITADO
1690;6365;18621.04;795.27;24;2.5;2024-07-22;QUITADO
1691;757;5306.7;116.31;48;5.2;2022-03-31;ATIVO
1692;2172;20468.29;431.84;48;1.27;2023-12-17;QUITADO
1693;792;6167.04;1090.64;6;6.11;2021-07-30;ATIVO
1694;4052;6881.86;201.12;36;5.21;2024-09-09;ATIVO
1695;2835;6874.41;198.86;36;4.14;2021-07-10;ATIVO
1696;3007;4794.55;204.09;24;2.16;2021-04-05;ATIVO
1697;1239;907.99;26.23;36;4.01;2021-11-16;ATIVO
1698;7067;18425.47;776.1;24;1.09;2021-04-09;QUITADO
1699;4604;10750.37;304.33;36;1.91;2021-03-06;ATIVO
1700;8086;7236.91;1276.47;6;5.83;2023-07-20;ATIVO
1701;7765;1626.67;141.28;12;4.22;2024-05-15;QUITADO
1702;5265;29762.05;629.1;48;1.46;2022-08-30;ATIVO
1703;5590;6818.35;406.26;18;7.25;2021-03-03;ATIVO
1704;7261;1365.57;117.01;12;2.82;2023-11-24;ATIVO
1705;4595;12009.62;684.01;18;2.52;2024-03-03;ATIVO
1706;7385;5351.34;116.31;48;4.33;2022-07-19;INADIMPLENTE
1707;8749;3642.11;630.69;6;3.9;2023-05-17;INADIMPLENTE
1708;7877;14023.04;301.99;48;3.37;2024-05-13;QUITADO
1709;160;8312.69;1430.75;6;3.27;2021-12-18;QUITADO
1710;53;8716.75;748.91;12;3.1;2021-02-01;INADIMPLENTE
1711;4747;4477.88;791.17;6;6.01;2022-05-07;QUITADO
1712;5996;3922.17;86.87;48;6.31;2021-12-25;ATIVO
1713;1020;9004.31;194.14;48;3.49;2022-06-26;QUITADO
1714;1000;5148.5;145.96;36;2.06;2023-02-21;QUITADO
1715;6951;4493.73;256.54;18;2.76;2022-11-16;QUITADO
1716;802;5603.5;252.13;24;7.99;2021-01-13;ATIVO
1717;504;1208.09;25.59;48;1.66;2022-08-28;QUITADO
1718;5921;18678.48;1605.1;12;3.12;2022-09-03;ATIVO
1719;3014;17661.2;1498.55;12;1.82;2023-04-16;QUITADO
1720;7463;12125.77;1037.66;12;2.69;2022-04-02;ATIVO
1721;9520;5724.24;488.56;12;2.42;2024-02-04;QUITADO
1722;3879;4774.07;214.02;24;7.59;2024-12-13;ATIVO
1723;7592;5075.34;109.71;48;3.76;2023-07-09;ATIVO
1724;4288;18447.53;1040.24;18;1.5;2022-05-12;ATIVO
1725;6488;10983.09;231.24;48;1.06;2022-09-24;ATIVO
1726;975;20968.69;440.47;48;0.83;2023-05-21;ATIVO
1727;6215;6154.24;134.18;48;4.65;2023-12-28;ATIVO
1728;655;40539.78;2283.07;18;1.37;2024-10-23;QUITADO
1729;754;5618.36;237.68;24;1.53;2024-12-08;ATIVO
1730;4296;44473.15;1247.6;36;0.99;2024-01-25;QUITADO
1731;5288;3142.09;68.18;48;4.16;2024-03-13;ATIVO
1732;4680;4238.1;124.24;36;5.53;2023-01-27;ATIVO
1733;5;5842.25;254.97;24;4.74;2021-11-08;INADIMPLENTE
1734;6146;7705.48;693.49;12;8.0;2023-05-27;QUITADO
1735;2457;8661.41;366.59;24;1.58;2024-05-22;QUITADO
1736;9664;19432.96;834.4;24;3.05;2022-08-05;QUITADO
1737;1107;3457.61;98.61;36;2.67;2022-09-28;ATIVO
1738;9384;4134.51;91.35;48;6.05;2021-12-23;QUITADO
1739;556;878.73;50.82;18;4.11;2022-01-16;QUITADO
1740;9513;3402.14;301.15;12;6.22;2023-04-22;INADIMPLENTE
1741;5252;3447.41;147.42;24;2.63;2023-05-04;QUITADO
1742;6940;19363.47;550.25;36;2.3;2024-04-09;INADIMPLENTE
1743;7523;4593.73;261.13;18;2.32;2023-02-12;QUITADO
1744;7012;4925.06;145.36;36;6.25;2024-09-08;ATIVO
1745;9695;4909.91;109.65;48;7.2;2024-05-20;ATIVO
1746;7711;14946.3;1283.89;12;3.08;2022-03-18;QUITADO
1747;6154;11504.07;489.59;24;2.14;2023-03-30;ATIVO
1748;5975;3979.93;175.78;24;6.0;2023-07-13;QUITADO
1749;6112;8071.21;345.45;24;2.72;2021-01-26;QUITADO
1750;5851;5694.12;161.49;36;2.1;2021-12-20;QUITADO
1751;2039;7606.45;438.3;18;3.72;2024-05-30;INADIMPLENTE
1752;181;2817.27;242.12;12;3.13;2024-05-20;QUITADO
1753;1888;1922.0;56.53;36;5.88;2021-06-23;INADIMPLENTE
1754;5734;1445.41;251.02;6;4.2;2021-03-02;ATIVO
1755;6277;2263.47;127.65;18;1.51;2021-04-12;QUITADO
1756;965;34620.1;1460.68;24;1.26;2023-03-28;QUITADO
1757;9513;5127.05;111.26;48;4.16;2021-05-18;QUITADO
1758;1609;2787.2;62.6;48;7.8;2024-09-16;INADIMPLENTE
1759;9463;1641.36;92.96;18;1.95;2024-03-01;ATIVO
1760;5731;6709.86;1136.65;6;1.64;2022-02-23;QUITADO
1761;4148;11923.32;679.17;18;2.53;2021-11-08;ATIVO
1762;3762;17028.71;732.94;24;3.3;2021-09-29;QUITADO
1763;5418;32580.39;1368.65;24;0.82;2024-08-12;QUITADO
1764;5406;5535.21;322.79;18;4.97;2021-11-24;QUITADO
1765;2929;5503.47;122.5;48;6.84;2021-10-05;ATIVO
1766;1487;585.17;17.04;36;4.84;2024-12-23;ATIVO
1767;4566;7502.5;633.02;12;1.25;2022-04-24;ATIVO
1768;3967;2240.96;65.37;36;5.02;2023-09-20;ATIVO
1769;4313;9134.04;1575.47;6;3.49;2024-06-28;QUITADO
1770;2157;11615.29;333.58;36;3.39;2023-04-01;QUITADO
1771;5794;7532.69;217.74;36;4.06;2021-03-11;ATIVO
1772;2514;6929.8;307.28;24;6.42;2023-12-30;QUITADO
1773;4259;532.35;23.09;24;4.09;2024-09-11;ATIVO
1774;4747;5209.61;912.9;6;5.14;2023-07-08;QUITADO
1775;4799;3567.8;105.32;36;6.27;2023-06-01;ATIVO
1776;9800;19585.24;1675.19;12;2.64;2024-08-27;ATIVO
1777;5077;5314.66;317.76;18;7.62;2021-01-14;QUITADO
1778;7336;16112.65;914.12;18;2.12;2023-10-03;QUITADO
1779;9004;5831.16;339.05;18;4.66;2022-04-07;ATIVO
1780;2479;5424.86;243.76;24;7.84;2024-09-14;ATIVO
1781;7428;17157.98;2938.02;6;2.74;2021-01-27;ATIVO
1782;7929;4176.44;361.02;12;3.73;2024-08-08;ATIVO
1783;2897;10430.25;590.12;18;1.84;2021-05-08;ATIVO
1784;321;1146.21;33.28;36;4.52;2024-09-20;ATIVO
1785;7193;7024.48;147.7;48;0.93;2022-11-15;ATIVO
1786;8946;6081.58;181.18;36;7.25;2024-05-08;INADIMPLENTE
1787;2185;4930.9;146.21;36;6.75;2023-09-19;INADIMPLENTE
1788;6032;3947.16;343.3;12;4.37;2022-09-03;ATIVO
1789;3672;16396.94;937.9;18;2.96;2022-07-18;QUITADO
1790;5192;2649.58;78.98;36;7.31;2021-01-01;INADIMPLENTE
1791;825;27202.2;4594.9;6;1.35;2023-06-29;ATIVO
1792;8765;11156.36;957.59;12;3.0;2022-04-07;ATIVO
1793;2535;2248.09;382.66;6;2.13;2024-11-17;ATIVO
1794;3217;3601.54;643.9;6;7.27;2024-05-30;ATIVO
1795;2410;9953.12;1686.06;6;1.64;2024-11-10;QUITADO
1796;2583;15843.73;903.18;18;2.61;2021-07-03;ATIVO
1797;4573;2291.69;50.45;48;5.67;2021-12-07;ATIVO
1798;9729;4948.17;885.64;6;7.39;2022-07-03;ATIVO
1799;3820;13666.36;767.21;18;1.05;2021-03-17;QUITADO
1800;6839;1050.31;61.98;18;6.22;2023-11-09;ATIVO
1801;1551;3097.38;66.79;48;3.51;2021-06-11;ATIVO
1802;5834;16347.45;935.07;18;2.96;2023-07-15;ATIVO
1803;375;5887.35;171.17;36;4.67;2023-03-15;INADIMPLENTE
1804;7374;5728.65;122.74;48;2.84;2021-08-28;QUITADO
1805;9459;1890.93;81.42;24;3.34;2023-08-27;QUITADO
1806;750;6416.07;180.92;36;1.51;2022-05-19;ATIVO
1807;3613;16222.03;349.04;48;3.28;2022-09-30;ATIVO
1808;6005;2838.19;82.73;36;4.94;2022-07-20;ATIVO
1809;2580;7958.46;715.8;12;7.93;2024-05-22;ATIVO
1810;9700;5838.82;523.79;12;7.65;2021-12-31;ATIVO
1811;5211;11252.93;238.33;48;1.66;2022-03-05;QUITADO
1812;1457;3452.42;305.4;12;6.15;2021-03-23;ATIVO
1813;7542;8063.19;228.41;36;1.98;2024-02-10;QUITADO
1814;645;7613.9;167.03;48;5.3;2024-11-21;ATIVO
1815;6499;13541.36;387.4;36;2.99;2024-01-12;QUITADO
1816;4328;8443.1;714.29;12;1.52;2024-05-30;ATIVO
1817;5370;1179.07;52.39;24;6.64;2022-08-02;ATIVO
1818;8834;36918.23;3115.9;12;1.28;2022-02-22;INADIMPLENTE
1819;7427;7508.37;322.05;24;2.94;2021-09-28;QUITADO
1820;7300;7494.05;217.33;36;4.4;2023-08-18;INADIMPLENTE
1821;8728;6875.03;200.24;36;4.85;2023-11-05;QUITADO
1822;5351;6215.65;278.54;24;7.55;2023-09-26;ATIVO
1823;1341;14676.85;414.17;36;1.59;2024-02-18;ATIVO
1824;742;48596.96;1365.3;36;1.14;2021-12-11;ATIVO
1825;7604;13910.48;2355.04;6;1.58;2024-05-12;QUITADO
1826;9989;1194.92;26.55;48;6.65;2024-11-19;ATIVO
1827;6793;19602.55;1678.63;12;2.76;2021-06-11;QUITADO
1828;8317;35633.73;2995.02;12;0.86;2023-03-10;QUITADO
1829;819;1221.86;35.71;36;5.2;2022-07-19;ATIVO
1830;6242;4706.58;277.14;18;5.99;2021-11-30;ATIVO
1831;7658;2307.27;51.48;48;7.1;2021-09-02;INADIMPLENTE
1832;2146;13467.76;2283.23;6;1.72;2022-08-28;QUITADO
1833;1474;16175.69;348.75;48;3.49;2021-11-22;ATIVO
1834;9358;6957.25;196.72;36;1.79;2023-08-22;QUITADO
1835;4463;4070.37;240.94;18;6.55;2023-01-15;INADIMPLENTE
1836;9405;6629.05;142.14;48;2.92;2024-11-30;ATIVO
1837;1552;7551.73;212.85;36;1.47;2024-10-22;ATIVO
1838;4231;6294.32;140.98;48;7.51;2022-02-07;QUITADO
1839;1116;6130.36;353.72;18;3.86;2023-03-11;QUITADO
1840;8760;16634.61;475.89;36;2.99;2022-11-26;ATIVO
1841;5522;4824.34;214.64;24;6.78;2023-09-23;INADIMPLENTE
1842;1167;7983.52;712.66;12;7.12;2023-04-15;INADIMPLENTE
1843;2556;2950.38;85.49;36;4.31;2023-02-09;QUITADO
1844;5901;7902.74;1361.25;6;3.35;2021-10-10;ATIVO
1845;1671;2399.78;68.66;36;3.0;2022-09-09;ATIVO
1846;3157;3304.78;95.08;36;3.57;2023-07-08;INADIMPLENTE
1847;7553;18230.14;514.04;36;1.51;2023-04-02;ATIVO
1848;4766;18634.4;3155.43;6;1.6;2023-03-17;QUITADO
1849;6382;3471.7;302.5;12;4.56;2023-06-08;ATIVO
1850;6510;3282.23;293.29;12;7.23;2023-12-24;INADIMPLENTE
1851;3613;2666.87;57.38;48;3.27;2023-05-29;QUITADO
1852;3482;1152.27;32.66;36;2.03;2024-04-18;ATIVO
1853;6470;6946.86;200.76;36;4.04;2021-03-31;ATIVO
1854;1725;7913.27;1400.25;6;6.17;2022-05-01;QUITADO
1855;7945;11442.31;965.44;12;1.25;2021-02-17;ATIVO
1856;4553;3042.25;67.34;48;6.24;2022-02-14;ATIVO
1857;3743;3950.51;234.73;18;6.95;2024-03-10;QUITADO
1858;890;4980.92;438.32;12;5.6;2021-08-18;QUITADO
1859;9569;6682.85;295.41;24;6.09;2021-03-27;ATIVO
1860;9072;37247.35;1564.85;24;0.83;2021-03-30;ATIVO
1861;7511;19373.15;1095.34;18;1.77;2023-10-07;QUITADO
1862;8034;13570.14;779.3;18;3.37;2022-07-14;ATIVO
1863;2903;31574.11;2670.38;12;1.49;2021-03-31;ATIVO
1864;2931;38622.5;1083.79;36;1.02;2022-07-31;QUITADO
1865;6464;46657.8;3938.31;12;1.29;2023-11-19;QUITADO
1866;9604;11591.32;245.54;48;1.68;2024-02-24;QUITADO
1867;8979;29661.08;1246.75;24;0.88;2022-12-14;ATIVO
1868;5543;28822.66;1621.11;18;1.24;2022-08-03;ATIVO
1869;69;3486.03;155.32;24;6.93;2021-11-18;QUITADO
1870;4137;4978.38;111.39;48;7.4;2023-01-30;QUITADO
1871;6310;10373.15;439.99;24;1.8;2021-04-18;ATIVO
1872;6183;8740.62;1487.8;6;2.13;2022-04-26;QUITADO
1873;8391;8759.39;377.53;24;3.44;2021-10-13;QUITADO
1874;7244;9038.09;384.57;24;2.12;2021-01-22;QUITADO
1875;5005;6977.7;609.56;12;4.83;2023-05-14;ATIVO
1876;3032;3545.79;317.82;12;7.56;2022-02-07;ATIVO
1877;5119;49743.73;2792.56;18;1.05;2023-10-30;ATIVO
1878;9730;8195.28;690.18;12;1.06;2024-10-26;ATIVO
1879;1861;9383.16;198.43;48;1.51;2024-07-24;ATIVO
1880;1269;9040.05;1557.9;6;3.4;2022-10-10;QUITADO
1881;7304;3101.46;136.21;24;5.4;2024-03-17;INADIMPLENTE
1882;4136;1467.11;84.59;18;3.78;2022-09-11;ATIVO
1883;5124;2339.71;134.98;18;3.84;2022-09-22;ATIVO
1884;6840;16940.67;356.85;48;1.11;2023-02-08;ATIVO
1885;9122;14906.54;856.63;18;3.44;2022-03-14;QUITADO
1886;6182;16421.36;347.89;48;1.69;2023-08-16;QUITADO
1887;6849;7067.04;302.32;24;2.67;2021-09-10;ATIVO
1888;3725;38090.29;803.07;48;1.2;2023-12-11;QUITADO
1889;8660;11098.82;475.26;24;2.77;2022-09-08;ATIVO
1890;6290;3534.62;316.08;12;7.31;2023-05-30;ATIVO
1891;6254;17818.32;505.64;36;2.16;2022-04-27;ATIVO
1892;6617;7123.11;201.6;36;1.89;2023-10-11;QUITADO
1893;6044;13740.5;584.14;24;2.03;2023-03-22;ATIVO
1894;2935;551.87;12.18;48;5.96;2023-08-18;ATIVO
1895;2255;4528.97;383.45;12;1.6;2024-11-22;ATIVO
1896;8756;10006.91;213.61;48;2.46;2021-07-01;QUITADO
1897;255;5642.85;964.74;6;2.58;2024-08-08;QUITADO
1898;1739;4526.56;767.25;6;1.7;2024-05-20;QUITADO
1899;6676;4166.52;364.99;12;5.12;2022-01-24;ATIVO
1900;2704;1577.42;35.27;48;7.33;2024-05-21;ATIVO
1901;1177;5041.33;108.07;48;2.9;2021-09-30;ATIVO
1902;1818;19967.54;847.95;24;1.92;2022-08-16;ATIVO
1903;9157;13371.95;375.08;36;0.98;2021-10-01;QUITADO
1904;8309;15498.64;659.6;24;2.14;2023-08-01;ATIVO
1905;1910;6946.0;152.22;48;5.19;2022-01-18;QUITADO
1906;8189;24768.32;2084.25;12;0.98;2024-06-27;ATIVO
1907;1624;4029.62;86.78;48;3.37;2024-01-01;QUITADO
1908;6736;13382.41;2302.44;6;3.23;2021-10-07;ATIVO
1909;3341;1867.71;54.25;36;4.57;2021-07-12;INADIMPLENTE
1910;8769;19839.93;3372.79;6;2.0;2023-05-17;ATIVO
1911;9987;2209.65;195.7;12;6.28;2023-11-24;QUITADO
1912;8672;1537.25;89.47;18;4.76;2023-10-11;ATIVO
1913;8342;5034.87;148.91;36;6.47;2021-11-02;QUITADO
1914;9597;568.2;12.73;48;7.5;2023-09-17;QUITADO
1915;4348;7100.56;1208.99;6;2.16;2022-11-04;QUITADO
1916;2182;14110.83;1213.41;12;3.19;2023-03-08;QUITADO
1917;2158;7444.86;429.15;18;3.76;2023-06-13;QUITADO
1918;5231;5070.14;896.23;6;6.06;2022-02-18;ATIVO
1919;7907;2158.53;381.27;6;5.98;2021-01-08;INADIMPLENTE
1920;5631;3450.11;204.55;18;6.72;2022-05-19;QUITADO
1921;2913;1660.44;72.27;24;4.46;2024-07-04;INADIMPLENTE
1922;273;1629.11;144.94;12;6.76;2023-10-07;INADIMPLENTE
1923;6062;9870.38;842.27;12;2.4;2021-06-04;QUITADO
1924;947;5944.82;130.49;48;5.36;2021-03-11;ATIVO
1925;91;8634.37;496.04;18;3.41;2023-09-07;ATIVO
1926;3133;6519.91;1126.1;6;3.63;2022-03-01;ATIVO
1927;9886;892.7;39.43;24;6.01;2021-03-12;ATIVO
1928;4203;19093.64;535.84;36;1.03;2023-10-29;QUITADO
1929;8721;3570.17;204.47;18;3.09;2021-06-23;QUITADO
1930;2569;1714.28;73.54;24;2.96;2024-12-21;ATIVO
1931;389;902.34;39.42;24;4.84;2022-07-08;ATIVO
1932;9286;5360.03;231.33;24;3.58;2023-08-28;QUITADO
1933;2852;7969.65;684.46;12;3.06;2023-05-27;QUITADO
1934;3271;3616.68;102.88;36;2.41;2021-01-05;QUITADO
1935;4421;3722.75;332.84;12;7.29;2021-01-29;QUITADO
1936;6252;2338.33;104.53;24;7.29;2022-01-26;QUITADO
1937;3309;34806.19;1959.98;18;1.36;2024-07-23;ATIVO
1938;7255;16381.88;704.35;24;3.19;2022-06-22;QUITADO
1939;4750;14849.64;852.95;18;3.39;2024-03-20;ATIVO
1940;1035;19177.76;807.94;24;1.11;2024-08-15;QUITADO
1941;3711;1283.65;113.54;12;6.14;2024-04-17;INADIMPLENTE
1942;2274;11843.93;507.81;24;2.9;2024-03-22;QUITADO
1943;7399;14453.28;414.25;36;3.18;2021-06-08;QUITADO
1944;9420;7354.21;213.8;36;4.66;2023-05-26;QUITADO
1945;4663;6050.7;348.42;18;3.65;2022-10-05;ATIVO
1946;9884;6359.82;134.52;48;1.53;2024-09-17;QUITADO
1947;6447;6676.6;290.52;24;4.43;2022-08-31;ATIVO
1948;3850;3503.97;297.63;12;1.93;2024-04-24;QUITADO
1949;4295;3357.55;292.83;12;4.66;2021-07-26;ATIVO
1950;2951;11413.0;242.07;48;1.81;2023-12-29;ATIVO
1951;9328;1059.72;189.21;6;7.13;2022-11-06;QUITADO
1952;980;11685.31;666.91;18;2.73;2022-04-12;ATIVO
1953;2053;1077.59;183.19;6;2.0;2022-01-09;ATIVO
1954;4654;9301.81;199.35;48;2.87;2021-12-01;ATIVO
1955;7681;1948.31;56.35;36;4.12;2023-12-24;INADIMPLENTE
1956;2649;6779.53;290.7;24;2.91;2022-09-07;QUITADO
1957;1569;17900.57;379.83;48;1.85;2021-11-27;QUITADO
1958;2346;14587.52;310.53;48;2.18;2023-10-30;QUITADO
1959;6812;2220.07;63.45;36;2.89;2023-10-24;INADIMPLENTE
1960;7509;7317.45;645.58;12;5.87;2022-02-24;ATIVO
1961;2744;13216.24;281.95;48;2.4;2023-09-17;QUITADO
1962;2894;13488.03;761.47;18;1.62;2021-05-19;ATIVO
1963;2369;871.07;19.1;48;5.25;2021-06-07;INADIMPLENTE
1964;8613;13996.78;295.94;48;1.49;2022-06-08;ATIVO
1965;5093;3275.58;193.06;18;6.09;2023-08-16;ATIVO
1966;2064;4812.16;142.84;36;6.86;2022-07-10;ATIVO
1967;2774;38886.73;2183.49;18;1.07;2023-11-22;QUITADO
1968;9809;9432.63;536.4;18;2.36;2024-03-07;QUITADO
1969;5658;8349.59;179.26;48;3.05;2024-01-15;INADIMPLENTE
1970;6775;5166.83;144.92;36;0.97;2023-06-30;ATIVO
1971;7518;3462.29;601.23;6;4.19;2021-04-14;ATIVO
1972;8053;7670.93;648.13;12;1.39;2023-05-05;ATIVO
1973;4858;8614.75;1459.77;6;1.67;2021-07-22;ATIVO
1974;3370;21034.79;1181.34;18;1.09;2023-07-10;ATIVO
1975;1663;23285.84;1310.22;18;1.28;2022-11-08;ATIVO
1976;8415;46705.51;1968.44;24;1.15;2022-10-23;INADIMPLENTE
1977;4941;15414.33;656.14;24;2.16;2022-12-23;QUITADO
1978;3972;7745.47;447.3;18;3.95;2023-08-22;ATIVO
1979;1859;5257.44;885.88;6;1.1;2023-03-03;QUITADO
1980;2651;3031.84;133.73;24;5.86;2023-12-24;INADIMPLENTE
1981;374;6532.23;1123.65;6;3.21;2023-01-02;ATIVO
1982;8653;22217.65;1244.81;18;0.85;2022-10-28;QUITADO
1983;1789;1813.44;104.76;18;3.98;2022-09-12;INADIMPLENTE
1984;965;39642.81;1111.98;36;0.98;2024-06-06;ATIVO
1985;6673;6626.02;565.64;12;2.44;2022-02-18;ATIVO
1986;6446;8724.18;246.94;36;1.9;2023-05-23;QUITADO
1987;1160;6316.49;363.48;18;3.58;2023-08-21;INADIMPLENTE
1988;9773;14873.61;639.75;24;3.23;2021-02-10;QUITADO
1989;8202;8755.98;1509.24;6;3.42;2024-06-28;ATIVO
1990;1802;47147.44;3968.64;12;1.01;2022-03-11;QUITADO
1991;8531;8813.03;753.0;12;2.53;2021-04-03;ATIVO
1992;4622;7322.91;1258.2;6;3.09;2024-01-13;QUITADO
1993;9359;4510.06;798.66;6;6.25;2024-05-31;QUITADO
1994;10;2584.83;460.96;6;7.0;2022-03-12;ATIVO
1995;7461;11989.34;339.83;36;2.04;2023-06-07;QUITADO
1996;956;42065.26;1774.63;24;1.25;2024-05-06;QUITADO
1997;2304;6834.75;200.64;36;5.68;2023-09-25;ATIVO
1998;7716;2545.52;220.85;12;4.11;2024-02-12;ATIVO
1999;6382;2073.09;90.45;24;4.71;2024-06-02;QUITADO
2000;5009;598.87;34.84;18;4.72;2021-03-28;ATIVO
2001;4774;7724.81;329.69;24;2.43;2024-11-16;ATIVO
2002;7589;19769.29;3376.59;6;2.48;2024-03-19;ATIVO
2003;3831;33809.89;2846.51;12;1.03;2024-03-19;QUITADO
2004;3522;1357.93;76.95;18;2.0;2024-04-12;ATIVO
2005;4377;15464.1;2658.79;6;3.16;2021-10-15;QUITADO
2006;1508;3741.47;331.93;12;6.46;2024-06-17;INADIMPLENTE
2007;1538;1603.54;279.63;6;4.63;2022-04-23;ATIVO
2008;6577;3153.31;94.48;36;7.86;2024-05-14;INADIMPLENTE
2009;9069;1549.34;46.43;36;7.89;2022-07-29;ATIVO
2010;8878;7032.53;311.34;24;6.25;2022-01-27;ATIVO
2011;1237;1651.74;147.69;12;7.3;2021-07-17;QUITADO
2012;8236;24800.83;1045.66;24;1.19;2023-08-23;ATIVO
2013;427;3775.9;219.82;18;4.79;2024-06-02;INADIMPLENTE
2014;4488;19023.76;405.17;48;2.23;2022-09-25;QUITADO
2015;5958;7245.16;156.68;48;3.8;2022-07-02;ATIVO
2016;3717;14047.98;302.88;48;3.49;2021-11-22;ATIVO
2017;8348;10516.34;223.25;48;1.9;2021-09-22;ATIVO
2018;806;2900.0;64.81;48;7.28;2023-12-01;QUITADO
2019;6981;5722.49;341.54;18;7.43;2021-08-06;INADIMPLENTE
2020;4235;1693.8;37.43;48;6.07;2022-03-27;ATIVO
2021;5965;7186.25;1248.73;6;4.26;2024-08-09;QUITADO
2022;7667;29688.63;625.01;48;1.05;2024-06-29;ATIVO
2023;4675;4149.18;178.09;24;3.01;2023-09-12;ATIVO
2024;6607;10810.72;1839.44;6;2.09;2023-06-28;ATIVO
2025;6127;5111.95;214.98;24;0.93;2022-01-08;QUITADO
2026;9528;5059.09;108.76;48;3.19;2024-10-27;ATIVO
2027;5238;2753.18;77.75;36;1.67;2021-07-04;QUITADO
2028;1393;4254.9;249.64;18;5.61;2021-10-28;ATIVO
2029;3325;42049.79;2369.27;18;1.42;2024-02-28;ATIVO
2030;3492;5171.43;150.7;36;4.91;2021-02-17;ATIVO
2031;1761;18629.17;1604.75;12;3.37;2021-10-01;ATIVO
2032;6054;3743.82;79.88;48;2.42;2023-08-29;ATIVO
2033;3858;33110.32;927.82;36;0.88;2021-02-25;QUITADO
2034;6224;7129.28;641.1;12;7.91;2023-08-24;ATIVO
2035;7863;11890.97;2038.51;6;2.86;2024-12-21;QUITADO
2036;1111;6221.83;277.8;24;7.16;2022-10-10;QUITADO
2037;3540;17585.5;377.91;48;3.15;2024-01-16;ATIVO
2038;9420;3860.16;85.5;48;6.32;2024-02-05;ATIVO
2039;7637;9854.29;419.05;24;2.06;2024-04-04;ATIVO
2040;5958;2446.18;53.48;48;4.95;2023-07-01;INADIMPLENTE
2041;1326;2854.7;250.71;12;5.39;2024-04-30;ATIVO
2042;3799;7916.25;232.78;36;5.86;2024-01-13;INADIMPLENTE
2043;5018;798.44;35.37;24;6.31;2022-03-07;QUITADO
2044;7065;2259.87;64.3;36;2.43;2021-05-13;INADIMPLENTE
2045;2134;12448.04;353.18;36;2.14;2024-04-04;ATIVO
2046;5986;10688.63;303.14;36;2.1;2024-12-29;QUITADO
2047;9534;1757.36;51.9;36;6.32;2022-03-07;ATIVO
2048;7033;11459.39;489.46;24;2.51;2023-04-22;QUITADO
2049;9531;1434.23;121.8;12;1.91;2021-02-04;ATIVO
2050;3533;8573.28;734.94;12;2.87;2022-05-03;ATIVO
2051;5345;35656.64;3007.64;12;1.22;2021-08-23;QUITADO
2052;9830;6397.63;191.41;36;7.71;2021-02-27;QUITADO
2053;5390;7341.05;1257.28;6;2.76;2024-01-26;QUITADO
2054;8716;11389.63;980.08;12;3.26;2024-03-07;QUITADO
2055;3810;4550.15;100.87;48;6.41;2023-03-04;INADIMPLENTE
2056;4295;6381.03;1141.25;6;7.31;2023-11-13;QUITADO
2057;3455;6616.1;1179.32;6;6.95;2024-08-21;INADIMPLENTE
2058;5754;5316.93;224.6;24;1.38;2023-03-06;ATIVO
2059;9672;17146.38;490.24;36;2.93;2021-03-17;QUITADO
2060;9268;1894.43;54.33;36;3.25;2021-09-28;QUITADO
2061;2716;6345.02;184.16;36;4.49;2024-02-11;ATIVO
2062;6505;11512.31;976.53;12;1.79;2022-04-04;ATIVO
2063;783;14422.36;306.63;48;2.05;2023-06-14;ATIVO
2064;5977;5056.04;224.32;24;6.48;2021-04-05;QUITADO
2065;7936;2871.37;125.13;24;4.59;2023-10-03;ATIVO
2066;3142;10709.62;455.87;24;2.16;2023-11-29;ATIVO
2067;4540;6987.73;623.19;12;7.02;2022-11-24;INADIMPLENTE
2068;326;25074.1;1055.72;24;1.05;2023-06-25;ATIVO
2069;2675;1261.71;109.94;12;4.56;2024-09-09;ATIVO
2070;7260;14810.92;834.6;18;1.43;2022-11-06;ATIVO
2071;556;820.31;47.87;18;5.03;2023-06-21;QUITADO
2072;322;745.51;66.19;12;6.54;2024-08-11;QUITADO
2073;7293;4088.31;118.02;36;3.92;2024-10-15;ATIVO
2074;1152;2169.83;129.53;18;7.45;2024-12-26;QUITADO
2075;9668;16853.34;949.22;18;1.38;2023-01-23;QUITADO
2076;4051;4530.46;814.88;6;7.92;2021-06-06;ATIVO
2077;1287;2814.27;123.01;24;4.9;2021-04-16;QUITADO
2078;5460;5761.71;511.02;12;6.43;2022-04-10;ATIVO
2079;9434;16072.3;2771.4;6;3.46;2022-02-11;ATIVO
2080;2307;49571.61;8351.16;6;1.08;2022-10-27;ATIVO
2081;2301;3451.58;101.95;36;6.33;2024-05-17;QUITADO
2082;8394;781.06;16.9;48;3.84;2023-06-16;QUITADO
2083;4956;9556.35;411.16;24;3.26;2024-01-07;INADIMPLENTE
2084;907;44711.61;3757.27;12;0.84;2024-08-01;ATIVO
2085;3543;6532.22;146.81;48;7.88;2022-07-01;ATIVO
2086;9048;4342.84;253.6;18;5.11;2023-04-24;ATIVO
2087;7322;4808.79;288.23;18;7.89;2021-02-20;ATIVO
2088;3581;19803.84;852.64;24;3.33;2023-05-26;QUITADO
2089;3395;6608.03;1187.13;6;7.79;2023-06-04;ATIVO
2090;7976;3559.54;201.59;18;1.94;2023-09-10;QUITADO
2091;1545;4239.57;92.28;48;4.48;2022-03-03;ATIVO
2092;3053;3163.0;141.56;24;7.41;2023-01-20;ATIVO
2093;7283;7377.47;216.28;36;5.54;2024-12-11;QUITADO
2094;1104;34814.59;2938.06;12;1.27;2021-08-02;ATIVO
2095;6735;19272.91;411.64;48;2.52;2022-03-03;INADIMPLENTE
2096;4383;3597.4;617.07;6;2.92;2022-11-10;QUITADO
2097;7415;46479.5;979.85;48;1.19;2022-09-16;QUITADO
2098;6849;19922.67;1706.54;12;2.79;2022-04-10;INADIMPLENTE
2099;7171;9071.16;190.72;48;0.92;2023-02-03;QUITADO
2100;2085;7592.23;160.77;48;1.64;2022-06-05;ATIVO
2101;219;31238.51;1316.96;24;1.18;2021-02-19;ATIVO
2102;2764;45967.19;2591.02;18;1.46;2022-08-21;ATIVO
2103;8323;43095.16;910.03;48;1.36;2022-06-06;QUITADO
2104;504;14815.95;841.88;18;2.28;2024-07-18;QUITADO
2105;3975;11350.62;242.71;48;2.64;2021-06-18;INADIMPLENTE
2106;3262;4152.92;93.14;48;7.65;2024-06-02;INADIMPLENTE
2107;2944;977.32;169.43;6;4.02;2022-11-21;ATIVO
2108;6665;4069.68;344.33;12;1.53;2021-06-07;ATIVO
2109;8261;2786.82;79.37;36;2.53;2024-02-05;QUITADO
2110;9923;6755.97;389.67;18;3.82;2021-07-22;ATIVO
2111;30;15500.96;878.04;18;1.96;2024-09-29;ATIVO
2112;2162;36457.27;6145.48;6;1.14;2024-12-15;QUITADO
2113;2186;6629.74;586.51;12;6.16;2024-11-22;INADIMPLENTE
2114;6377;3873.11;682.25;6;5.69;2021-09-21;ATIVO
2115;4253;5892.24;521.27;12;6.16;2024-01-03;ATIVO
2116;7556;34899.71;2939.72;12;1.08;2022-02-17;QUITADO
2117;2223;715.04;63.74;12;6.97;2023-05-20;ATIVO
2118;2990;13053.88;281.26;48;3.42;2021-03-02;QUITADO
2119;9216;13270.38;567.59;24;2.65;2024-12-19;ATIVO
2120;8025;3214.93;276.32;12;3.14;2023-05-02;ATIVO
2121;2667;9733.91;276.47;36;2.25;2023-02-13;ATIVO
2122;3502;8863.4;1528.64;6;3.48;2021-01-04;ATIVO
2123;7145;2850.86;123.69;24;4.13;2022-05-08;ATIVO
2124;4754;16414.85;2792.17;6;2.06;2021-10-03;ATIVO
2125;8776;16927.45;1454.21;12;3.09;2024-10-24;ATIVO
2126;255;5183.42;148.16;36;2.9;2024-04-20;ATIVO
2127;1901;1042.78;92.07;12;5.95;2023-06-16;INADIMPLENTE
2128;2074;11520.81;496.55;24;3.44;2023-09-27;ATIVO
2129;1773;38316.62;6453.16;6;1.05;2023-08-30;QUITADO
2130;401;12671.1;726.69;18;3.23;2021-11-03;QUITADO
2131;4747;2570.59;113.92;24;6.36;2021-09-04;ATIVO
2132;8171;1511.13;128.51;12;2.05;2022-03-09;QUITADO
2133;6283;6937.6;1209.45;6;4.6;2023-07-27;INADIMPLENTE
2134;585;8513.6;482.96;18;2.11;2023-06-09;QUITADO
2135;4681;11305.06;477.73;24;1.42;2021-04-18;ATIVO
2136;1632;3377.98;146.38;24;4.0;2021-09-20;ATIVO
2137;9209;7991.8;224.37;36;1.07;2023-01-01;QUITADO
2138;8422;5321.34;157.88;36;6.81;2024-07-21;ATIVO
2139;7044;31219.15;2628.39;12;1.03;2024-08-02;ATIVO
2140;6649;14020.87;595.13;24;1.87;2022-06-23;ATIVO
2141;5151;18438.38;3115.16;6;1.37;2021-02-23;ATIVO
2142;1707;43624.17;1223.29;36;0.95;2022-10-25;ATIVO
2143;7044;13050.53;730.83;18;0.8;2022-12-05;ATIVO
2144;7640;14718.12;1246.5;12;1.63;2022-07-10;ATIVO
2145;8587;7440.2;442.32;18;7.01;2024-01-31;ATIVO
2146;2436;11330.68;318.14;36;1.08;2024-01-03;QUITADO
2147;8980;1015.08;43.12;24;1.96;2022-05-09;QUITADO
2148;3260;995.79;59.64;18;7.81;2022-07-20;QUITADO
2149;393;15039.81;2563.28;6;2.26;2023-02-05;QUITADO
2150;4487;2693.08;239.21;12;6.59;2021-11-01;ATIVO
2151;1621;3174.68;67.61;48;2.22;2024-04-19;ATIVO
2152;9765;4377.94;128.37;36;5.56;2022-10-11;INADIMPLENTE
2153;3239;3546.25;75.31;48;1.93;2021-01-17;QUITADO
2154;8119;12080.09;685.08;18;2.08;2022-05-15;QUITADO
2155;8442;5379.74;236.44;24;5.48;2021-07-14;ATIVO
2156;9324;1983.58;56.49;36;2.53;2023-02-05;QUITADO
2157;274;2135.72;45.61;48;2.5;2024-11-27;QUITADO
2158;6997;19335.55;3305.41;6;2.57;2022-10-02;QUITADO
2159;5861;1132.31;197.08;6;4.43;2021-05-13;QUITADO
2160;814;3748.51;108.95;36;4.63;2023-04-25;QUITADO
2161;841;2973.81;504.75;6;1.84;2023-09-23;ATIVO
2162;5530;1082.12;48.29;24;7.09;2021-07-19;QUITADO
2163;1976;13756.37;291.15;48;1.59;2023-12-11;QUITADO
2164;3315;2758.94;160.85;18;4.94;2023-07-20;QUITADO
2165;5512;8724.38;250.05;36;3.18;2024-08-27;ATIVO
2166;7994;1570.91;70.21;24;7.27;2024-03-30;ATIVO
2167;1160;2332.93;51.74;48;6.45;2021-05-28;QUITADO
2168;154;16847.51;354.71;48;1.06;2022-02-06;ATIVO
2169;6104;1631.57;138.03;12;1.52;2022-02-04;QUITADO
2170;2475;7692.03;332.49;24;3.74;2022-11-18;ATIVO
2171;2900;14136.27;812.44;18;3.45;2024-11-25;QUITADO
2172;383;19689.84;1654.11;12;0.81;2021-12-11;ATIVO
2173;7492;1216.82;70.85;18;4.8;2021-11-11;QUITADO
2174;980;8768.3;1484.03;6;1.55;2021-07-31;QUITADO
2175;4157;5865.8;124.81;48;2.13;2024-04-20;QUITADO
2176;9885;1362.77;58.28;24;2.63;2023-05-20;QUITADO
2177;7363;2043.55;45.78;48;7.52;2023-11-30;ATIVO
2178;8583;1517.63;131.69;12;4.13;2022-07-24;QUITADO
2179;452;19833.06;1678.7;12;1.57;2024-04-17;QUITADO
2180;8040;13631.95;2311.98;6;1.76;2023-02-02;ATIVO
2181;3254;34475.68;5806.85;6;1.06;2024-09-20;ATIVO
2182;5618;15392.66;2641.89;6;2.98;2021-08-22;ATIVO
2183;4331;16521.17;930.05;18;1.33;2022-03-05;ATIVO
2184;9397;9546.29;803.16;12;0.96;2024-08-07;ATIVO
2185;7191;4449.17;188.81;24;1.85;2021-08-28;QUITADO
2186;7468;12124.57;256.03;48;1.36;2024-05-09;ATIVO
2187;1317;16815.67;714.74;24;2.01;2024-10-23;ATIVO
2188;982;3398.57;192.72;18;2.07;2022-01-16;ATIVO
2189;944;2738.01;160.86;18;5.75;2024-06-02;ATIVO
2190;3353;6447.88;566.82;12;5.49;2022-06-25;ATIVO
2191;4370;24352.18;2053.9;12;1.21;2022-07-03;ATIVO
2192;2766;7452.89;208.93;36;0.92;2023-01-01;QUITADO
2193;1192;15256.73;324.21;48;2.0;2024-10-04;QUITADO
2194;5037;18193.3;1553.25;12;2.45;2022-07-21;ATIVO
2195;4125;29756.59;627.74;48;1.26;2023-01-09;ATIVO
2196;1613;9966.06;845.87;12;1.85;2022-12-31;INADIMPLENTE
2197;726;15713.54;893.14;18;2.31;2024-11-10;QUITADO
2198;5860;3377.36;146.77;24;4.3;2023-01-30;ATIVO
2199;4140;4720.4;843.06;6;7.16;2022-07-02;QUITADO
2200;2537;18047.28;1541.24;12;2.48;2023-01-28;QUITADO
2201;9975;17574.41;503.21;36;3.08;2021-05-05;QUITADO
2202;3877;8914.56;508.82;18;2.74;2021-08-04;QUITADO
2203;2432;6370.67;370.56;18;4.7;2022-03-25;QUITADO
2204;7034;17130.92;364.03;48;2.0;2023-01-30;QUITADO
2205;9515;17684.98;1000.38;18;1.82;2023-03-18;ATIVO
2206;5534;2883.36;253.38;12;5.45;2022-11-24;INADIMPLENTE
2207;1873;4854.2;105.62;48;4.44;2024-12-04;INADIMPLENTE
2208;3982;1454.61;32.63;48;7.67;2024-03-26;ATIVO
2209;2183;3043.13;268.76;12;5.98;2021-11-12;INADIMPLENTE
2210;8747;17671.16;375.81;48;2.08;2023-03-07;ATIVO
2211;8598;4942.93;290.31;18;5.72;2021-07-31;QUITADO
2212;1650;1113.47;24.36;48;5.02;2023-07-27;QUITADO
2213;1542;5733.82;256.56;24;7.39;2022-02-07;ATIVO
2214;9085;29617.35;2500.69;12;1.32;2022-10-26;QUITADO
2215;7308;7551.4;439.32;18;4.72;2023-04-22;INADIMPLENTE
2216;9456;10504.01;449.05;24;2.6;2022-05-20;QUITADO
2217;8354;1496.55;256.51;6;2.84;2023-03-17;QUITADO
2218;6934;3795.18;108.54;36;2.96;2023-08-22;QUITADO
2219;9846;5490.92;156.61;36;2.68;2024-01-24;QUITADO
2220;4760;1078.73;192.45;6;7.04;2022-12-27;QUITADO
2221;913;13802.41;395.75;36;3.22;2021-06-20;ATIVO
2222;6568;18041.81;509.68;36;1.7;2024-09-05;ATIVO
2223;4228;3964.28;689.72;6;4.39;2022-05-17;ATIVO
2224;5539;6548.02;282.66;24;3.6;2021-09-25;ATIVO
2225;6199;26218.87;2208.28;12;1.07;2021-01-09;QUITADO
2226;6506;6203.52;178.16;36;3.39;2023-05-18;QUITADO
2227;1026;19219.59;412.94;48;3.13;2021-02-09;ATIVO
2228;4613;1549.53;34.22;48;6.0;2022-07-18;ATIVO
2229;1450;1383.68;244.63;6;6.08;2022-08-08;QUITADO
2230;2499;4732.73;268.98;18;2.3;2023-06-25;ATIVO
2231;3526;7142.98;405.92;18;2.29;2021-10-23;QUITADO
2232;5304;19838.41;425.7;48;3.0;2021-12-03;QUITADO
2233;2120;36613.91;2055.87;18;1.07;2023-04-11;QUITADO
2234;6334;16502.95;467.17;36;1.91;2021-08-11;ATIVO
2235;4087;15212.97;432.81;36;2.42;2024-04-20;ATIVO
2236;3672;6710.93;574.68;12;2.76;2023-03-21;QUITADO
2237;3953;16801.9;354.84;48;1.37;2021-06-13;QUITADO
2238;6364;3086.91;66.56;48;3.49;2023-04-28;QUITADO
2239;1173;3374.51;199.96;18;6.66;2024-03-07;INADIMPLENTE
2240;4418;12788.02;545.73;24;2.42;2024-10-08;ATIVO
2241;6335;13956.63;393.69;36;1.55;2022-04-05;QUITADO
2242;1145;2155.05;375.27;6;4.48;2021-03-09;ATIVO
2243;8175;8402.96;712.22;12;1.71;2022-12-18;ATIVO
2244;4722;4784.14;853.41;6;7.03;2023-04-02;ATIVO
2245;4304;2351.74;69.89;36;6.99;2022-07-12;ATIVO
2246;533;754.16;134.23;6;6.79;2022-02-03;ATIVO
2247;7702;2541.32;147.57;18;4.52;2022-03-18;QUITADO
2248;5584;5494.13;241.83;24;5.64;2024-09-07;ATIVO
2249;9855;19182.95;1098.76;18;3.1;2023-12-29;ATIVO
2250;4905;2610.85;77.66;36;7.08;2024-01-23;QUITADO
2251;5296;2489.77;55.55;48;7.09;2021-05-08;ATIVO
2252;5453;17434.53;751.21;24;3.41;2024-05-14;QUITADO
2253;9983;2404.36;136.15;18;1.93;2024-01-20;ATIVO
2254;5516;3503.43;202.25;18;3.91;2024-03-30;QUITADO
2255;2827;12215.98;261.65;48;2.81;2021-06-20;QUITADO
2256;6369;856.7;50.91;18;6.97;2024-09-05;INADIMPLENTE
2257;7886;1711.62;306.81;6;7.55;2021-11-05;QUITADO
2258;8714;6730.95;296.95;24;5.88;2023-05-05;QUITADO
2259;970;23188.93;653.48;36;1.45;2021-03-09;ATIVO
2260;8494;2374.72;67.94;36;3.0;2024-05-18;QUITADO
2261;4664;2689.84;464.8;6;3.68;2022-02-15;ATIVO
2262;4148;18011.06;1020.83;18;2.02;2022-09-12;QUITADO
2263;9290;44966.98;7583.68;6;1.19;2022-03-06;QUITADO
2264;7989;2419.06;411.8;6;2.14;2024-11-25;QUITADO
2265;3253;19703.03;3364.62;6;2.46;2023-09-22;ATIVO
2266;7415;46766.42;7902.75;6;1.39;2022-02-25;QUITADO
2267;3721;22197.09;3752.79;6;1.44;2022-10-26;QUITADO
2268;8085;9449.69;199.53;48;1.35;2021-06-26;ATIVO
2269;6200;1370.05;122.23;12;7.06;2024-12-15;QUITADO
2270;8406;13955.06;2365.38;6;1.7;2021-10-05;ATIVO
2271;42;25876.87;4356.37;6;1.01;2021-11-27;QUITADO
2272;3585;28433.95;601.14;48;1.48;2021-06-30;QUITADO
2273;4867;10365.4;290.81;36;1.0;2023-07-30;QUITADO
2274;1629;2743.05;245.34;12;7.33;2023-09-20;QUITADO
2275;3993;2426.58;69.68;36;3.37;2022-03-13;ATIVO
2276;1323;4073.28;122.04;36;7.86;2023-01-25;QUITADO
2277;9578;6596.72;281.68;24;2.48;2022-01-20;ATIVO
2278;5049;5538.0;948.01;6;2.71;2021-03-18;QUITADO
2279;2284;10487.02;301.04;36;3.34;2021-08-16;ATIVO
2280;2717;8200.07;234.2;36;2.82;2022-08-10;ATIVO
2281;3062;5310.62;922.81;6;4.26;2022-12-15;ATIVO
2282;9243;1909.82;40.61;48;2.07;2022-05-02;ATIVO
2283;8197;20098.19;1126.17;18;0.86;2021-04-16;QUITADO
2284;5522;5475.95;120.19;48;5.35;2022-01-15;ATIVO
2285;3966;8723.88;495.71;18;2.28;2022-12-07;QUITADO
2286;7218;19968.47;1700.15;12;2.17;2024-09-05;ATIVO
2287;5976;19034.95;3208.98;6;1.15;2021-01-05;ATIVO
2288;1282;3224.63;139.91;24;4.13;2021-05-14;QUITADO
2289;7326;25994.51;732.54;36;1.45;2024-05-08;QUITADO
2290;3987;2569.38;76.13;36;6.67;2023-01-06;QUITADO
2291;3167;5033.82;147.41;36;5.42;2024-03-13;ATIVO
2292;4425;4984.13;896.48;6;7.92;2021-03-04;ATIVO
2293;1023;4931.35;108.04;48;5.16;2024-12-06;INADIMPLENTE
2294;5538;3745.14;222.19;18;6.79;2024-09-20;QUITADO
2295;4476;4955.94;284.5;18;3.33;2023-10-31;QUITADO
2296;9571;11554.0;972.56;12;1.01;2023-07-08;QUITADO
2297;7267;2642.02;226.29;12;2.78;2023-03-10;ATIVO
2298;6000;15448.01;878.05;18;2.31;2023-04-10;ATIVO
2299;7631;2442.43;428.04;6;5.15;2023-09-03;ATIVO
2300;8336;821.25;47.27;18;3.6;2024-09-01;QUITADO
2301;7306;10005.42;845.79;12;1.44;2021-01-11;QUITADO
2302;8531;8183.39;176.4;48;3.47;2023-05-13;QUITADO
2303;8000;5952.86;128.01;48;3.22;2023-11-15;QUITADO
2304;7053;6560.2;1153.5;6;5.5;2021-01-08;ATIVO
2305;1970;7853.49;352.95;24;7.86;2023-04-18;ATIVO
2306;1220;942.46;55.47;18;5.94;2021-07-25;ATIVO
2307;6256;4522.24;796.59;6;5.69;2023-08-25;INADIMPLENTE
2308;6175;1941.3;42.6;48;5.33;2021-08-16;ATIVO
2309;4995;7026.36;152.31;48;4.05;2021-11-27;ATIVO
2310;4638;1571.19;136.34;12;4.13;2022-01-06;QUITADO
2311;3761;3945.44;669.74;6;1.85;2024-01-03;ATIVO
2312;735;2950.57;257.56;12;4.75;2023-12-14;QUITADO
2313;9224;19998.55;566.01;36;1.89;2024-05-04;ATIVO
2314;3225;509.67;89.06;6;4.84;2021-03-21;ATIVO
2315;7896;29941.02;1263.89;24;1.31;2024-05-24;ATIVO
2316;2499;5335.29;916.87;6;3.11;2024-12-13;ATIVO
2317;2764;16082.36;338.0;48;0.88;2021-03-02;INADIMPLENTE
2318;237;7592.7;452.27;18;7.22;2022-02-02;ATIVO
2319;5305;40089.59;1687.44;24;1.02;2021-10-26;ATIVO
2320;9489;13219.44;373.93;36;1.83;2021-09-26;QUITADO
2321;5466;557.42;25.0;24;7.66;2022-08-16;INADIMPLENTE
2322;9895;5751.57;124.65;48;4.03;2023-01-07;INADIMPLENTE
2323;4091;4673.93;839.75;6;7.8;2024-05-11;INADIMPLENTE
2324;3385;28588.59;4828.14;6;1.33;2021-09-19;ATIVO
2325;2402;628.95;112.87;6;7.67;2021-02-18;QUITADO
2326;3429;2944.21;168.95;18;3.29;2024-12-29;ATIVO
2327;8193;2319.39;416.49;6;7.74;2024-06-09;ATIVO
2328;8374;39157.44;1098.91;36;1.03;2021-07-15;QUITADO
2329;643;2469.78;110.81;24;7.68;2024-02-13;ATIVO
2330;4654;9628.51;205.25;48;2.32;2024-07-11;QUITADO
2331;5117;773.09;134.11;6;4.08;2024-08-06;ATIVO
2332;937;4665.99;137.12;36;5.79;2022-04-03;ATIVO
2333;2095;2165.1;124.61;18;3.6;2023-10-17;ATIVO
2334;6586;4694.34;105.54;48;7.92;2021-02-21;INADIMPLENTE
2335;7285;2205.08;65.25;36;6.53;2024-04-13;INADIMPLENTE
2336;2821;13685.05;2350.41;6;3.05;2022-03-31;ATIVO
2337;5064;12790.74;274.87;48;3.15;2023-06-30;ATIVO
2338;4776;18436.53;1567.11;12;2.0;2023-04-05;QUITADO
2339;9178;603.06;35.57;18;6.18;2024-02-06;ATIVO
2340;9820;7545.13;321.14;24;2.15;2023-02-02;QUITADO
2341;2010;2795.46;494.66;6;6.17;2024-01-21;INADIMPLENTE
2342;4216;1899.29;42.31;48;6.92;2021-01-02;ATIVO
2343;6695;12452.11;535.29;24;3.17;2024-03-06;ATIVO
2344;8409;5671.03;335.13;18;6.37;2021-11-10;ATIVO
2345;8288;6507.52;286.98;24;5.84;2021-01-31;ATIVO
2346;9727;14829.87;631.81;24;2.25;2022-11-11;QUITADO
2347;919;2304.45;101.19;24;5.39;2022-07-14;ATIVO
2348;323;7202.6;1262.5;6;5.17;2023-03-29;ATIVO
2349;8382;3831.2;670.01;6;4.93;2022-04-02;ATIVO
2350;4064;11642.64;661.95;18;2.34;2024-04-18;INADIMPLENTE
2351;8855;2113.14;121.27;18;3.3;2022-03-27;QUITADO
2352;2020;10728.54;918.81;12;2.77;2023-09-08;ATIVO
2353;7995;12703.34;1089.84;12;2.95;2024-08-04;QUITADO
2354;9022;3483.27;205.63;18;6.26;2022-09-10;QUITADO
2355;8430;6780.23;596.49;12;5.57;2022-10-24;ATIVO
2356;1378;16420.25;470.3;36;3.11;2022-08-01;ATIVO
2357;9123;2302.91;204.46;12;6.54;2022-05-29;QUITADO
2358;4534;2761.11;479.88;6;4.28;2021-03-07;ATIVO
2359;2178;9633.01;819.21;12;2.05;2022-09-23;ATIVO
2360;6482;2982.46;258.48;12;4.0;2023-03-27;INADIMPLENTE
2361;2485;2957.21;174.48;18;6.2;2022-10-08;QUITADO
2362;2830;43063.0;1209.59;36;1.12;2021-02-28;ATIVO
2363;8719;42534.34;1194.15;36;1.07;2023-02-15;ATIVO
2364;5881;6273.46;353.86;18;1.53;2023-07-16;QUITADO
2365;7558;7975.62;689.76;12;3.78;2022-03-30;ATIVO
2366;3799;5154.37;304.85;18;6.46;2024-10-15;ATIVO
2367;1318;21147.63;1783.8;12;1.22;2021-06-19;ATIVO
2368;1400;4533.65;396.51;12;4.95;2023-12-12;QUITADO
2369;2488;845.68;148.33;6;5.24;2021-10-14;QUITADO
2370;1558;8453.89;180.9;48;2.71;2024-06-18;QUITADO
2371;2310;9409.82;1610.65;6;2.7;2023-09-22;ATIVO
2372;9724;1677.31;146.53;12;4.83;2021-09-26;ATIVO
2373;27;1152.6;49.76;24;3.62;2024-01-15;ATIVO
2374;1950;4359.84;751.06;6;3.36;2023-01-06;QUITADO
2375;168;12216.47;523.63;24;2.87;2023-02-23;QUITADO
2376;4929;4061.29;718.98;6;6.22;2023-03-23;INADIMPLENTE
2377;4575;1446.51;83.98;18;4.5;2021-03-09;INADIMPLENTE
2378;2127;3301.09;284.55;12;3.44;2024-04-15;ATIVO
2379;2354;7032.1;197.11;36;0.91;2023-01-04;QUITADO
2380;7880;1634.18;70.49;24;3.53;2021-07-15;ATIVO
2381;5064;1926.23;55.03;36;2.84;2022-05-06;QUITADO
2382;1769;5021.28;143.37;36;2.79;2022-04-08;QUITADO
2383;7618;10257.06;291.98;36;2.48;2021-05-07;ATIVO
2384;9690;5345.96;461.13;12;3.51;2024-12-22;ATIVO
2385;9346;3061.94;541.56;6;6.12;2023-02-11;QUITADO
2386;1019;16992.04;720.67;24;1.79;2024-10-18;QUITADO
2387;3820;27150.32;761.72;36;1.0;2023-01-25;ATIVO
2388;4697;4997.77;875.36;6;5.09;2023-07-10;ATIVO
2389;2403;5162.37;456.48;12;6.11;2022-04-10;QUITADO
2390;3544;16084.51;906.99;18;1.5;2022-03-21;ATIVO
2391;6903;5452.32;231.2;24;1.77;2024-08-26;ATIVO
2392;2239;3991.05;117.87;36;6.32;2021-06-04;ATIVO
2393;6649;8160.04;347.04;24;2.07;2022-08-13;QUITADO
2394;2170;3829.53;85.58;48;7.27;2021-08-31;ATIVO
2395;7060;7587.36;447.95;18;6.27;2022-02-06;INADIMPLENTE
2396;10;5744.75;1020.17;6;6.55;2021-06-14;INADIMPLENTE
2397;3059;19506.66;835.86;24;2.84;2023-05-12;QUITADO
2398;8941;7459.65;426.53;18;2.92;2021-12-29;QUITADO
2399;8478;13313.95;570.39;24;2.82;2021-05-18;ATIVO
2400;8357;15891.32;1347.45;12;1.75;2024-02-09;ATIVO
2401;3282;5752.2;332.0;18;3.89;2023-09-04;ATIVO
2402;3430;3550.85;627.08;6;5.96;2024-07-03;INADIMPLENTE
2403;82;10942.04;1838.99;6;0.84;2024-10-14;QUITADO
2404;413;4088.45;118.12;36;4.01;2024-10-24;ATIVO
2405;578;6081.82;128.54;48;1.45;2023-09-06;ATIVO
2406;3994;4885.46;418.4;12;2.77;2021-10-05;QUITADO
2407;4505;13995.15;2374.51;6;1.8;2024-01-10;QUITADO
2408;9260;3950.93;336.52;12;2.21;2023-02-15;ATIVO
2409;4514;4376.13;260.57;18;7.18;2024-08-18;ATIVO
2410;1797;23633.83;996.17;24;1.16;2021-06-21;ATIVO
2411;5375;6843.52;197.45;36;3.87;2022-10-01;INADIMPLENTE
2412;6971;1760.81;37.38;48;1.89;2022-05-17;QUITADO
2413;593;3024.89;266.04;12;5.54;2024-03-12;QUITADO
2414;8561;4734.49;105.43;48;6.89;2021-11-01;QUITADO
2415;8854;14357.74;2470.73;6;3.25;2022-03-01;ATIVO
2416;4614;3780.15;109.35;36;4.14;2024-09-11;QUITADO
2417;5912;17177.68;735.42;24;2.75;2024-06-08;ATIVO
2418;5396;7781.74;225.76;36;4.44;2022-06-13;ATIVO
2419;6214;5443.33;471.57;12;3.96;2024-10-30;INADIMPLENTE
2420;4145;3068.74;540.81;6;5.74;2022-11-30;INADIMPLENTE
2421;1778;7395.12;662.66;12;7.53;2021-03-26;ATIVO
2422;827;15799.92;334.73;48;1.69;2021-03-04;QUITADO
2423;8522;6528.71;583.07;12;7.17;2024-12-05;ATIVO
2424;1528;18177.67;765.73;24;1.1;2023-07-01;QUITADO
2425;8725;17659.66;1012.78;18;3.23;2021-05-11;INADIMPLENTE
2426;2544;10269.18;588.25;18;3.11;2022-10-10;ATIVO
2427;5556;2154.56;193.44;12;7.74;2023-09-29;ATIVO
2428;5287;3240.74;145.54;24;7.78;2022-10-06;INADIMPLENTE
2429;3090;22365.63;945.41;24;1.45;2023-04-22;ATIVO
2430;9245;9384.45;531.89;18;2.02;2024-04-20;QUITADO
2431;1126;4129.05;117.39;36;2.35;2022-08-13;QUITADO
2432;5313;42370.74;7153.59;6;1.3;2022-09-21;QUITADO
2433;8761;3623.71;617.9;6;2.31;2023-04-27;INADIMPLENTE
2434;445;19443.2;831.68;24;2.66;2022-11-01;QUITADO
2435;3232;7466.07;1309.3;6;5.22;2021-10-20;ATIVO
2436;1443;906.77;40.49;24;7.18;2021-09-16;ATIVO
2437;5830;17640.5;378.54;48;3.0;2023-10-06;QUITADO
2438;7446;7584.93;164.83;48;4.31;2022-10-17;ATIVO
2439;2824;5104.17;151.23;36;6.66;2022-03-18;ATIVO
2440;2189;7080.02;617.5;12;4.66;2021-05-30;ATIVO
2441;9595;1326.85;57.55;24;4.09;2024-09-07;INADIMPLENTE
2442;1086;1083.04;92.28;12;2.24;2022-02-06;QUITADO
2443;9613;4200.71;122.31;36;4.82;2024-11-13;QUITADO
2444;1177;14285.46;307.64;48;3.37;2024-12-02;ATIVO
2445;435;18303.45;774.16;24;1.51;2024-03-07;ATIVO
2446;404;17667.19;1005.36;18;2.43;2021-08-27;QUITADO
2447;4400;18108.8;382.55;48;1.4;2021-04-17;QUITADO
2448;9521;14162.53;298.36;48;1.12;2024-06-05;ATIVO
2449;8841;2778.54;118.74;24;2.56;2024-02-12;QUITADO
2450;2738;7601.26;674.99;12;6.56;2022-05-13;QUITADO
2451;7241;5338.31;464.3;12;4.37;2024-11-21;INADIMPLENTE
2452;8058;30532.37;641.43;48;0.84;2022-07-07;ATIVO
2453;2804;5883.26;257.2;24;4.92;2023-09-27;QUITADO
2454;9844;14867.03;2534.83;6;2.3;2023-03-21;ATIVO
2455;2280;5226.05;113.66;48;4.39;2021-10-15;ATIVO
2456;5295;15892.64;455.59;36;3.2;2023-05-24;QUITADO
2457;3915;3143.65;266.95;12;1.9;2021-11-07;QUITADO
2458;9848;7618.61;1315.73;6;3.62;2024-10-16;QUITADO
2459;7116;10564.22;601.81;18;2.54;2021-09-17;QUITADO
2460;7138;16390.73;460.17;36;1.07;2022-02-21;ATIVO
2461;2875;15302.02;649.76;24;1.91;2023-07-14;ATIVO
2462;1623;3357.69;99.37;36;6.54;2021-12-07;QUITADO
2463;1283;5685.03;170.11;36;7.72;2023-04-11;QUITADO
2464;3451;15061.26;2572.97;6;2.5;2024-11-29;QUITADO
2465;8381;565.45;32.81;18;4.43;2024-08-03;ATIVO
2466;4679;12525.2;715.68;18;2.85;2023-06-10;ATIVO
2467;4166;4995.45;894.6;6;7.45;2024-02-26;ATIVO
2468;4803;18427.31;1059.26;18;3.47;2024-03-09;ATIVO
2469;8338;1987.97;170.52;12;2.93;2021-10-26;QUITADO
2470;4406;8022.23;1364.05;6;2.02;2024-02-29;ATIVO
2471;4152;3306.5;74.18;48;7.69;2021-01-02;ATIVO
2472;2084;7241.91;417.82;18;3.85;2023-03-13;ATIVO
2473;958;3087.35;89.18;36;3.99;2024-11-16;ATIVO
2474;9897;13203.35;378.83;36;3.29;2021-04-10;ATIVO
2475;2002;10954.53;310.17;36;1.93;2024-03-27;ATIVO
2476;2934;5961.9;1057.04;6;6.38;2022-08-09;ATIVO
2477;8154;1011.03;58.78;18;4.65;2021-05-06;QUITADO
2478;7973;2213.61;94.12;24;2.04;2023-02-28;ATIVO
2479;6385;3049.48;68.31;48;7.52;2022-03-14;QUITADO
2480;9715;1931.99;43.17;48;7.25;2024-09-02;ATIVO
2481;9037;10785.98;914.2;12;1.71;2023-09-05;ATIVO
2482;9225;7074.66;200.68;36;2.12;2021-04-13;ATIVO
2483;5301;33100.94;5568.68;6;0.94;2021-07-31;QUITADO
2484;5788;4372.4;261.49;18;7.65;2023-02-21;ATIVO
2485;804;3089.81;131.39;24;2.06;2024-01-30;ATIVO
2486;8412;1184.08;34.43;36;4.68;2021-03-18;ATIVO
2487;6054;9789.2;207.63;48;1.81;2021-07-30;QUITADO
2488;6729;5047.32;110.75;48;5.32;2024-02-19;ATIVO
2489;4463;2031.54;45.04;48;6.41;2021-07-30;ATIVO
2490;4404;1300.27;38.09;36;5.46;2023-03-09;QUITADO
2491;7629;16177.83;689.92;24;2.35;2021-08-20;ATIVO
2492;5602;4784.65;207.1;24;3.88;2023-06-18;INADIMPLENTE
2493;9279;6018.82;175.72;36;5.1;2022-02-18;QUITADO
2494;8788;4036.8;691.84;6;2.83;2023-09-03;ATIVO
2495;1312;14668.93;2524.03;6;3.24;2022-11-13;QUITADO
2496;7628;4522.32;270.99;18;7.86;2022-01-24;INADIMPLENTE
2497;9511;5327.18;929.15;6;4.65;2024-04-19;ATIVO
2498;8623;7215.83;153.64;48;2.2;2021-11-04;ATIVO
2499;6542;2351.85;207.65;12;5.95;2022-05-22;QUITADO
2500;8487;12272.07;349.96;36;2.66;2021-12-01;ATIVO
2501;1813;22455.33;472.5;48;1.0;2021-10-18;QUITADO
2502;5242;7290.66;157.84;48;3.92;2023-09-15;QUITADO
2503;5855;6949.15;146.27;48;1.03;2022-11-08;INADIMPLENTE
2504;9981;6086.01;260.13;24;2.58;2023-05-27;ATIVO
2505;8201;5035.64;444.69;12;5.97;2021-01-09;ATIVO
2506;3283;15750.99;2707.33;6;3.13;2021-11-07;QUITADO
2507;5677;20343.76;1718.2;12;1.35;2023-08-05;QUITADO
2508;4149;38927.74;1637.07;24;0.93;2024-04-28;QUITADO
2509;6561;13299.63;758.23;18;2.62;2022-10-11;QUITADO
2510;2321;8048.53;170.43;48;1.64;2024-12-25;QUITADO
2511;8071;2899.51;83.59;36;3.78;2023-01-30;ATIVO
2512;3275;9102.91;784.29;12;3.39;2021-01-10;ATIVO
2513;8493;4003.37;357.37;12;7.12;2021-01-16;QUITADO
2514;872;11721.76;500.96;24;2.57;2021-09-14;QUITADO
2515;9029;6817.78;152.68;48;7.49;2023-07-25;ATIVO
2516;9687;5251.45;112.72;48;3.03;2021-12-08;ATIVO
2517;2511;16073.8;692.51;24;3.4;2023-07-23;INADIMPLENTE
2518;7653;19052.4;3281.46;6;3.34;2021-09-05;ATIVO
2519;2060;4259.47;381.4;12;7.45;2022-10-16;ATIVO
2520;6106;5993.66;129.96;48;4.08;2023-10-30;ATIVO
2521;6646;13928.88;392.52;36;1.45;2021-05-06;ATIVO
2522;6600;18240.6;1543.15;12;1.52;2021-05-30;QUITADO
2523;9035;3689.56;208.26;18;1.6;2021-10-16;ATIVO
2524;9402;5563.52;241.94;24;4.37;2022-03-20;QUITADO
2525;7030;48394.04;2726.74;18;1.42;2024-09-10;ATIVO
2526;8856;41974.29;884.43;48;1.14;2023-07-05;QUITADO
2527;5813;9227.1;260.13;36;1.49;2024-12-28;ATIVO
2528;4095;18758.84;403.74;48;3.31;2024-04-02;ATIVO
2529;2643;26363.15;1111.76;24;1.21;2023-01-18;QUITADO
2530;1680;9255.55;396.91;24;2.92;2023-04-05;QUITADO
2531;1546;3550.4;632.92;6;6.96;2024-05-28;ATIVO
2532;229;13943.97;397.87;36;2.72;2022-04-26;QUITADO
2533;8703;6342.34;1103.36;6;4.38;2021-02-05;QUITADO
2534;3908;7966.26;681.98;12;2.73;2022-07-31;ATIVO
2535;9138;19741.86;850.46;24;3.39;2024-10-29;QUITADO
2536;5564;1972.07;87.68;24;6.71;2024-07-02;ATIVO
2537;4832;5709.18;496.7;12;4.4;2021-06-30;ATIVO
2538;2231;39210.76;3307.1;12;1.21;2024-07-01;ATIVO
2539;9359;3939.91;233.48;18;6.67;2024-11-20;ATIVO
2540;1437;5538.21;241.79;24;4.78;2021-04-13;QUITADO
2541;5891;7356.92;157.9;48;3.02;2024-04-16;ATIVO
2542;8290;45854.28;2569.88;18;0.88;2021-03-18;ATIVO
2543;5455;1221.37;217.51;6;6.85;2023-03-24;QUITADO
2544;608;7321.48;325.47;24;6.69;2021-01-19;INADIMPLENTE
2545;5665;745.23;32.18;24;3.64;2022-12-16;ATIVO
2546;905;5883.26;129.95;48;6.02;2022-06-20;ATIVO
2547;1446;18284.97;524.12;36;3.19;2023-07-23;ATIVO
2548;8468;7388.85;661.24;12;7.39;2022-03-28;INADIMPLENTE
2549;1747;10644.4;226.5;48;2.14;2022-02-28;QUITADO
2550;4013;7208.23;210.46;36;5.11;2022-01-18;INADIMPLENTE
2551;3648;11838.65;501.76;24;1.72;2024-03-13;ATIVO
2552;2163;2391.12;207.05;12;3.91;2024-12-26;INADIMPLENTE
2553;5052;3598.76;79.3;48;5.77;2023-03-05;ATIVO
2554;2126;13896.79;1195.24;12;3.21;2021-11-16;ATIVO
2555;3317;2057.51;88.82;24;3.6;2024-11-19;ATIVO
2556;4837;5430.5;235.59;24;4.12;2023-01-18;QUITADO
2557;4109;28330.15;1588.06;18;0.9;2023-03-16;QUITADO
2558;8437;2479.02;72.94;36;5.92;2021-12-07;ATIVO
2559;2271;4235.45;381.01;12;7.95;2022-08-18;ATIVO
2560;6165;6581.33;141.92;48;3.51;2024-10-15;QUITADO
2561;8077;655.93;29.1;24;6.46;2024-09-22;QUITADO
2562;1669;2781.46;60.1;48;3.72;2023-02-12;QUITADO
2563;7627;7072.96;202.52;36;3.08;2021-02-19;QUITADO
2564;7027;3034.4;268.09;12;6.02;2021-10-21;ATIVO
2565;1717;3176.29;67.82;48;2.49;2022-02-20;ATIVO
2566;2590;17703.06;379.73;48;2.96;2022-02-10;QUITADO
2567;4017;19412.07;820.89;24;1.49;2024-09-04;ATIVO
2568;807;8246.4;177.5;48;3.32;2022-02-16;QUITADO
2569;6377;1170.57;209.04;6;7.15;2021-04-27;QUITADO
2570;3518;31519.98;887.02;36;1.31;2024-05-03;INADIMPLENTE
2571;8964;2253.36;96.41;24;2.68;2023-12-04;QUITADO
2572;8102;526.64;30.43;18;4.01;2023-12-25;ATIVO
2573;1652;4296.31;92.58;48;3.43;2022-04-18;INADIMPLENTE
2574;4080;19084.95;3249.85;6;2.17;2022-11-18;QUITADO
2575;5190;7574.94;668.8;12;5.95;2024-07-03;QUITADO
2576;6232;5162.28;458.45;12;6.57;2021-04-12;QUITADO
2577;9699;14419.27;310.46;48;3.35;2023-06-28;QUITADO
2578;9865;2681.89;114.35;24;2.33;2023-03-18;QUITADO
2579;298;18407.61;3124.39;6;1.84;2023-11-15;ATIVO
2580;3828;8705.63;735.26;12;1.35;2024-10-13;ATIVO
2581;9369;10878.34;621.09;18;2.77;2024-03-17;QUITADO
2582;3464;9718.41;206.74;48;2.11;2022-06-10;QUITADO
2583;6395;6851.03;407.1;18;6.96;2022-03-28;QUITADO
2584;4557;16735.97;2835.35;6;1.65;2021-03-16;QUITADO
2585;7104;5606.6;504.17;12;7.91;2024-10-13;ATIVO
2586;6492;2333.8;69.37;36;7.01;2023-06-06;ATIVO
2587;368;4853.26;207.25;24;2.49;2024-06-21;QUITADO
2588;3716;19595.91;3347.96;6;2.51;2024-02-17;QUITADO
2589;7120;3371.05;192.28;18;2.67;2021-10-14;QUITADO
2590;5582;5048.03;224.01;24;6.5;2023-04-16;QUITADO
2591;4375;3169.84;564.23;6;6.8;2021-08-01;INADIMPLENTE
2592;7095;4143.66;181.84;24;5.32;2024-11-14;INADIMPLENTE
2593;5472;10672.66;459.06;24;3.23;2023-03-27;QUITADO
2594;8803;1439.49;42.95;36;7.41;2024-01-17;INADIMPLENTE
2595;8599;14753.48;1246.3;12;1.37;2023-06-05;ATIVO
2596;8430;7295.39;161.03;48;5.95;2023-01-03;ATIVO
2597;8633;37791.94;1587.58;24;0.82;2024-08-03;ATIVO
2598;2549;18562.05;1574.99;12;1.82;2024-04-27;ATIVO
2599;2694;24130.14;1014.57;24;0.91;2023-06-29;ATIVO
2600;939;5683.47;1002.37;6;5.82;2024-03-13;ATIVO
2601;227;1960.37;43.56;48;6.65;2023-03-25;QUITADO
2602;5171;3463.8;199.92;18;3.89;2021-12-13;ATIVO
2603;613;7375.83;213.78;36;4.34;2024-10-16;ATIVO
2604;493;11217.74;321.82;36;3.28;2021-01-02;QUITADO
2605;1312;12034.82;1027.27;12;2.43;2022-10-14;ATIVO
2606;4032;1296.29;76.37;18;6.05;2022-12-01;QUITADO
2607;5987;4102.04;363.37;12;6.3;2023-06-08;QUITADO
2608;4235;5024.46;219.72;24;4.95;2023-02-18;ATIVO
2609;8357;11431.85;972.56;12;2.09;2024-02-15;QUITADO
2610;139;15098.99;2572.87;6;2.24;2022-10-12;QUITADO
2611;9555;8259.79;173.49;48;0.82;2022-08-19;ATIVO
2612;1016;9375.52;397.48;24;1.75;2022-11-07;QUITADO
2613;6667;12071.53;343.6;36;2.47;2021-05-24;ATIVO
2614;2581;3642.43;209.26;18;3.41;2023-03-23;ATIVO
2615;9379;9176.57;257.58;36;1.05;2023-06-23;QUITADO
2616;209;10136.78;568.0;18;0.86;2023-12-13;QUITADO
2617;2573;2065.57;44.05;48;2.36;2023-01-10;ATIVO
2618;3490;5196.33;146.28;36;1.34;2022-01-12;QUITADO
2619;1701;12292.95;261.28;48;2.02;2022-01-06;ATIVO
2620;3720;3854.04;169.98;24;5.85;2022-12-17;ATIVO
2621;8596;19855.94;425.17;48;2.78;2022-04-23;QUITADO
2622;1680;15704.89;448.42;36;2.79;2022-02-06;QUITADO
2623;8744;1262.57;108.98;12;3.58;2022-11-28;ATIVO
2624;5815;7871.35;221.36;36;1.24;2023-03-13;QUITADO
2625;9237;770.97;45.94;18;7.26;2021-12-17;QUITADO
2626;7995;19411.74;830.18;24;2.64;2024-09-16;ATIVO
2627;4011;3084.72;273.49;12;6.39;2021-11-28;ATIVO
2628;5055;4591.62;130.03;36;1.95;2022-03-08;QUITADO
2629;9141;5254.91;938.79;6;7.19;2023-02-27;INADIMPLENTE
2630;4822;1795.11;76.17;24;1.84;2024-08-01;ATIVO
2631;8613;47318.91;2653.54;18;0.94;2021-12-20;QUITADO
2632;9827;13372.96;575.65;24;3.31;2021-10-12;ATIVO
2633;7972;6536.98;285.09;24;4.67;2023-01-15;INADIMPLENTE
2634;5295;18958.62;402.79;48;1.98;2024-07-24;ATIVO
2635;2988;1472.77;83.52;18;2.08;2023-10-11;QUITADO
2636;9069;5677.85;127.14;48;7.48;2022-07-22;ATIVO
2637;2407;18974.7;538.2;36;2.11;2023-01-23;QUITADO
2638;5233;5587.17;250.4;24;7.56;2022-06-08;ATIVO
2639;1573;8228.16;348.33;24;1.6;2022-03-03;QUITADO
2640;4835;2779.47;162.34;18;5.13;2022-03-25;QUITADO
2641;4460;5934.15;344.97;18;4.64;2023-02-19;ATIVO
2642;7920;18030.15;514.91;36;2.81;2024-09-19;ATIVO
2643;5831;3154.52;93.93;36;7.2;2022-02-11;QUITADO
2644;4468;17579.04;502.13;36;2.83;2022-02-11;ATIVO
2645;2301;4711.73;420.29;12;7.04;2024-09-16;ATIVO
2646;8821;7710.3;221.41;36;3.38;2023-05-29;ATIVO
2647;1280;17238.84;738.11;24;2.76;2022-03-19;ATIVO
2648;3156;3437.28;201.37;18;5.45;2023-11-27;QUITADO
2649;9534;1656.93;36.21;48;4.91;2023-08-02;QUITADO
2650;2693;10965.97;1872.44;6;2.45;2023-11-07;QUITADO
2651;707;6523.83;561.59;12;3.3;2024-08-25;QUITADO
2652;7517;16279.46;462.7;36;2.32;2022-03-24;QUITADO
2653;9575;5366.21;317.38;18;6.46;2022-05-15;ATIVO
2654;23;5966.0;178.02;36;7.42;2024-11-15;QUITADO
2655;3105;11175.87;634.35;18;2.17;2021-02-18;ATIVO
2656;6082;16018.47;916.88;18;3.03;2021-05-03;ATIVO
2657;7611;14693.89;417.22;36;2.22;2021-12-25;QUITADO
2658;8801;8616.97;736.46;12;2.56;2021-01-17;ATIVO
2659;8348;4744.4;401.69;12;1.6;2024-05-20;QUITADO
2660;5045;11775.75;252.74;48;3.02;2023-08-16;ATIVO
2661;4554;18378.89;784.09;24;2.39;2021-10-18;QUITADO
2662;9405;12215.52;700.29;18;3.19;2024-07-24;ATIVO
2663;6326;20541.18;433.72;48;1.35;2024-11-05;QUITADO
2664;2866;11682.33;1976.46;6;1.51;2021-05-10;QUITADO
2665;46;7366.57;418.83;18;2.34;2021-08-14;ATIVO
2666;2552;13855.1;295.03;48;2.21;2024-11-28;ATIVO
2667;3664;18495.38;1040.37;18;1.25;2021-02-17;ATIVO
2668;3206;19229.01;3295.21;6;2.82;2022-10-01;ATIVO
2669;6543;5312.54;902.42;6;1.92;2021-10-13;QUITADO
2670;7027;4974.69;111.51;48;7.59;2024-11-07;ATIVO
2671;7462;5418.27;464.35;12;2.84;2023-10-04;ATIVO
2672;1879;16816.28;959.84;18;2.74;2022-01-21;QUITADO
2673;7312;5911.63;1023.2;6;3.85;2021-08-17;ATIVO
2674;3530;34556.92;968.55;36;0.9;2021-03-01;QUITADO
2675;4589;44102.18;1855.78;24;0.99;2023-01-04;ATIVO
2676;5478;3955.39;229.26;18;4.33;2021-11-02;ATIVO
2677;1392;6803.7;300.44;24;5.98;2022-01-11;ATIVO
2678;6551;7534.97;161.86;48;3.11;2021-04-15;ATIVO
2679;1897;10422.29;296.89;36;2.55;2022-01-30;ATIVO
2680;9023;5576.73;328.38;18;5.99;2022-08-23;QUITADO
2681;9944;1101.85;24.11;48;5.04;2023-06-03;INADIMPLENTE
2682;4234;16165.54;348.4;48;3.45;2021-06-15;ATIVO
2683;1677;7159.4;1225.09;6;2.67;2023-09-04;INADIMPLENTE
2684;1384;18540.03;1059.15;18;2.83;2023-01-03;ATIVO
2685;6018;35791.84;753.27;48;1.02;2023-07-19;QUITADO
2686;8608;46571.28;1965.5;24;1.29;2021-10-05;QUITADO
2687;3434;29471.73;4967.46;6;1.13;2023-05-02;QUITADO
2688;634;5701.56;324.39;18;2.41;2023-03-01;QUITADO
2689;5359;17025.38;2885.52;6;1.69;2024-09-29;ATIVO
2690;9762;4067.21;177.82;24;4.93;2021-12-08;QUITADO
2691;3989;2429.96;433.02;6;6.92;2021-12-22;QUITADO
2692;809;1546.2;88.49;18;3.01;2023-12-13;ATIVO
2693;8693;7817.8;169.43;48;4.03;2023-06-25;INADIMPLENTE
2694;3323;605.87;17.72;36;5.27;2021-05-02;ATIVO
2695;7108;5446.79;154.86;36;2.35;2023-06-03;ATIVO
2696;1073;6425.75;560.0;12;4.58;2024-06-20;INADIMPLENTE
2697;6714;7623.65;337.31;24;6.19;2023-10-09;ATIVO
2698;3349;6904.53;1189.65;6;3.38;2024-12-29;QUITADO
2699;4419;5116.59;149.21;36;4.98;2024-01-11;ATIVO
2700;5627;6656.67;144.42;48;4.14;2024-12-12;QUITADO
2701;859;9373.55;201.04;48;2.95;2021-07-24;INADIMPLENTE
2702;1450;7642.01;686.25;12;7.76;2022-07-29;QUITADO
2703;1665;6708.38;199.43;36;7.02;2024-02-13;INADIMPLENTE
2704;3154;788.59;23.2;36;5.89;2022-12-06;INADIMPLENTE
2705;6122;2718.58;155.87;18;3.2;2024-08-24;ATIVO
2706;4543;11536.24;323.37;36;0.91;2022-05-12;QUITADO
2707;8679;3247.01;71.23;48;5.3;2021-10-24;INADIMPLENTE
2708;3772;15923.23;1361.57;12;2.61;2021-08-08;QUITADO
2709;6285;1493.86;86.82;18;4.61;2023-01-30;INADIMPLENTE
2710;7908;9864.61;280.54;36;2.38;2024-06-02;ATIVO
2711;3891;5887.52;339.48;18;3.79;2024-04-24;QUITADO
2712;8157;2639.28;151.92;18;3.61;2022-02-02;QUITADO
2713;5059;10905.41;234.67;48;3.29;2022-02-20;QUITADO
2714;3374;2365.49;69.92;36;6.41;2023-02-02;ATIVO
2715;4341;6466.59;1126.37;6;4.51;2024-11-05;INADIMPLENTE
2716;5346;1675.87;49.55;36;6.44;2023-09-18;QUITADO
2717;8434;35519.17;5987.35;6;1.14;2022-10-19;QUITADO
2718;6458;1603.08;46.12;36;3.57;2021-08-23;QUITADO
2719;5840;7520.96;225.15;36;7.77;2021-09-17;ATIVO
2720;721;15862.93;901.37;18;2.28;2021-05-12;QUITADO
2721;8335;5058.96;435.58;12;3.32;2023-11-09;QUITADO
2722;4244;9119.85;193.26;48;1.72;2024-06-12;QUITADO
2723;4532;2017.93;56.99;36;1.67;2023-09-29;ATIVO
2724;5191;32834.89;2762.51;12;0.96;2021-07-20;ATIVO
2725;562;5677.53;161.95;36;2.69;2021-06-04;QUITADO
2726;752;3819.9;85.18;48;7.04;2023-08-02;ATIVO
2727;4390;26782.09;4512.78;6;1.1;2023-01-06;ATIVO
2728;5219;4353.84;188.88;24;4.12;2023-09-26;ATIVO
2729;3244;5326.02;306.25;18;3.5;2024-05-03;INADIMPLENTE
2730;3020;16969.26;2912.49;6;2.98;2023-02-04;ATIVO
2731;7224;2073.11;118.89;18;3.23;2022-10-13;QUITADO
2732;2457;16368.43;1385.86;12;1.6;2021-01-13;QUITADO
2733;4577;13277.84;281.49;48;1.76;2023-12-03;ATIVO
2734;8380;10392.98;294.44;36;1.99;2021-03-12;ATIVO
2735;5550;15150.75;869.23;18;3.27;2024-07-30;QUITADO
2736;7435;2050.51;58.21;36;2.19;2022-10-10;QUITADO
2737;8607;9599.19;410.01;24;2.51;2021-04-07;ATIVO
2738;5751;15803.12;895.33;18;1.98;2021-01-18;ATIVO
2739;3892;14657.71;1254.58;12;2.71;2022-07-14;ATIVO
2740;5330;14105.7;300.69;48;2.32;2022-12-14;QUITADO
2741;9613;1016.06;22.19;48;4.84;2021-10-27;QUITADO
2742;7433;9055.32;256.52;36;1.98;2021-07-17;ATIVO
2743;8513;7164.99;206.39;36;3.7;2024-09-23;ATIVO
2744;5746;1793.92;311.22;6;4.09;2022-10-05;QUITADO
2745;4734;16005.52;672.7;24;0.87;2021-05-04;QUITADO
2746;6228;2828.78;245.04;12;3.95;2021-01-06;ATIVO
2747;9057;11172.93;315.64;36;1.7;2021-12-13;QUITADO
2748;7067;15622.07;2631.02;6;1.05;2024-02-01;QUITADO
2749;8297;14017.69;2405.9;6;2.98;2024-10-08;QUITADO
2750;804;3309.61;70.52;48;2.27;2023-04-22;QUITADO
2751;2034;16980.83;1442.52;12;1.94;2024-01-06;QUITADO
2752;8997;5506.73;973.22;6;6.04;2024-08-21;ATIVO
2753;2904;4091.63;367.29;12;7.72;2023-02-19;INADIMPLENTE
2754;1024;9851.28;281.04;36;2.7;2024-04-28;ATIVO
2755;6083;34160.72;1441.72;24;1.29;2023-09-15;QUITADO
2756;6920;1812.09;102.55;18;1.87;2021-09-23;ATIVO
2757;5199;5740.62;993.7;6;3.86;2021-04-14;ATIVO
2758;9139;7349.94;330.29;24;7.85;2021-08-22;INADIMPLENTE
2759;4638;2517.46;147.48;18;5.45;2021-02-26;QUITADO
2760;6461;5534.69;164.63;36;7.08;2022-10-19;INADIMPLENTE
2761;7824;2125.19;368.26;6;3.97;2023-12-20;ATIVO
2762;7674;6235.61;182.17;36;5.17;2021-06-14;ATIVO
2763;4736;16172.4;923.08;18;2.74;2023-01-11;ATIVO
2764;8568;7904.0;223.99;36;2.02;2023-08-26;QUITADO
2765;4732;8513.13;481.37;18;1.78;2023-03-09;ATIVO
2766;3839;5000.3;223.35;24;7.2;2023-05-27;ATIVO
2767;9732;5490.22;234.48;24;2.5;2024-11-02;INADIMPLENTE
2768;7896;35964.44;759.52;48;1.37;2023-10-24;QUITADO
2769;7496;38753.76;1633.31;24;1.15;2022-05-08;QUITADO
2770;5051;23035.64;1942.86;12;1.21;2023-04-03;QUITADO
2771;6511;8251.97;354.25;24;3.03;2024-01-19;QUITADO
2772;9700;689.45;40.02;18;4.48;2023-10-10;INADIMPLENTE
2773;7104;1238.34;35.92;36;4.43;2023-12-11;ATIVO
2774;6335;6443.41;1100.32;6;2.46;2021-12-06;ATIVO
2775;6564;5130.89;110.06;48;2.96;2022-08-15;ATIVO
2776;3220;19266.88;1100.67;18;2.83;2022-09-01;ATIVO
2777;9164;7143.1;637.16;12;7.04;2023-10-10;ATIVO
2778;2527;14822.9;2528.54;6;2.35;2022-08-31;ATIVO
2779;6529;1328.37;59.65;24;7.78;2023-05-03;ATIVO
2780;7908;13999.76;1202.35;12;3.06;2024-07-06;QUITADO
2781;3990;8117.27;463.77;18;2.84;2023-11-14;ATIVO
2782;9588;5007.24;145.38;36;4.52;2023-05-14;ATIVO
2783;1212;7423.11;430.66;18;4.43;2023-09-09;ATIVO
2784;4180;2376.89;136.83;18;3.62;2023-02-12;INADIMPLENTE
2785;8526;4740.32;139.47;36;5.92;2023-11-12;INADIMPLENTE
2786;7628;7452.29;667.97;12;7.56;2023-02-12;QUITADO
2787;5981;15808.78;1351.65;12;2.6;2021-01-07;QUITADO
2788;1937;4559.63;196.88;24;3.63;2024-10-30;QUITADO
2789;4836;13173.23;563.76;24;2.71;2022-04-10;QUITADO
2790;9993;2496.4;142.68;18;2.88;2024-03-26;ATIVO
2791;4776;15189.58;1309.47;12;3.45;2024-12-18;ATIVO
2792;929;31723.66;670.76;48;1.49;2024-08-11;ATIVO
2793;6429;18765.8;796.3;24;1.84;2022-11-07;ATIVO
2794;3016;2601.2;460.37;6;6.19;2022-06-26;INADIMPLENTE
2795;6258;15113.71;319.91;48;1.6;2021-10-25;ATIVO
2796;7972;1114.67;49.28;24;6.11;2021-12-15;QUITADO
2797;7533;3980.69;168.78;24;1.76;2021-09-12;ATIVO
2798;4957;653.17;19.2;36;5.83;2021-08-22;ATIVO
2799;4630;31252.5;1316.64;24;1.11;2024-08-28;ATIVO
2800;9766;6705.38;386.45;18;3.74;2024-10-18;ATIVO
2801;9534;5096.16;112.03;48;5.52;2023-12-03;QUITADO
2802;7192;42468.38;1791.81;24;1.26;2022-08-07;ATIVO
2803;2797;3865.97;113.96;36;6.12;2021-04-27;ATIVO
2804;4733;18667.31;1588.74;12;2.13;2021-08-07;ATIVO
2805;2104;3097.2;88.17;36;2.48;2023-04-19;ATIVO
2806;754;19769.05;1132.11;18;3.08;2023-11-25;QUITADO
2807;2472;11504.95;329.11;36;2.98;2024-09-19;ATIVO
2808;1504;18869.23;3198.33;6;1.7;2023-06-06;ATIVO
2809;4857;2084.44;45.1;48;3.85;2024-12-18;INADIMPLENTE
2810;6294;43770.68;7369.52;6;1.02;2023-04-16;QUITADO
2811;8714;1205.89;34.97;36;4.4;2023-08-03;QUITADO
2812;9941;7963.94;457.75;18;3.46;2023-07-08;QUITADO
2813;8637;15152.08;651.16;24;3.14;2021-07-31;ATIVO
2814;1304;2788.16;122.42;24;5.38;2022-03-23;ATIVO
2815;6587;4704.15;828.71;6;5.7;2021-07-01;INADIMPLENTE
2816;5448;7187.28;211.79;36;6.08;2024-11-13;ATIVO
2817;4771;13317.13;380.72;36;2.92;2021-04-20;QUITADO
2818;1855;19582.57;1669.09;12;2.28;2024-11-29;ATIVO
2819;247;15508.59;328.23;48;1.59;2021-01-27;QUITADO
2820;4429;9094.35;388.4;24;2.5;2022-12-14;ATIVO
2821;4016;5624.51;489.1;12;4.35;2021-08-24;ATIVO
2822;7239;16247.04;346.2;48;2.28;2022-02-03;ATIVO
2823;8438;1404.01;123.32;12;5.4;2021-06-07;INADIMPLENTE
2824;4490;17358.67;987.9;18;2.44;2022-07-03;QUITADO
2825;8924;6157.35;1088.82;6;6.1;2022-09-28;QUITADO
2826;2757;16861.08;1445.56;12;2.88;2023-09-03;ATIVO
2827;1225;5010.32;111.2;48;6.53;2022-08-29;QUITADO
2828;5130;6323.94;184.75;36;5.17;2022-04-06;QUITADO
2829;4720;9000.86;766.42;12;2.18;2024-10-24;ATIVO
2830;9161;12133.94;2076.93;6;2.7;2021-11-10;QUITADO
2831;2902;2588.39;56.98;48;5.67;2022-03-23;ATIVO
2832;9247;3928.42;224.16;18;2.71;2022-12-02;QUITADO
2833;1797;41392.49;6958.77;6;0.87;2024-05-14;QUITADO
2834;2291;4500.87;128.65;36;2.9;2021-05-17;QUITADO
2835;503;17017.81;971.53;18;2.76;2023-10-08;QUITADO
2836;8623;18062.58;3107.97;6;3.24;2024-12-11;ATIVO
2837;1352;36800.08;1556.18;24;1.49;2021-03-18;ATIVO
2838;6690;29390.0;2470.96;12;0.89;2024-03-16;ATIVO
2839;2430;7802.14;1335.47;6;2.7;2022-03-02;ATIVO
2840;7752;29968.64;1686.73;18;1.31;2022-04-24;ATIVO
2841;5340;3422.09;592.71;6;3.92;2024-05-20;INADIMPLENTE
2842;2302;45264.03;1904.3;24;0.97;2024-05-09;QUITADO
2843;5082;13568.07;771.12;18;2.3;2024-06-27;QUITADO
2844;8476;31421.45;660.05;48;0.83;2024-09-16;QUITADO
2845;7421;17756.66;503.65;36;2.11;2024-01-08;ATIVO
2846;1836;12963.12;276.63;48;2.43;2021-03-07;QUITADO
2847;2771;38716.62;1088.26;36;1.19;2021-12-27;ATIVO
2848;3909;3956.77;87.92;48;6.66;2022-01-21;QUITADO
2849;2840;18968.45;3229.69;6;2.16;2023-05-08;ATIVO
2850;460;982.79;86.24;12;5.3;2022-03-18;INADIMPLENTE
2851;888;4028.51;181.0;24;7.83;2023-07-17;ATIVO
2852;2546;5693.08;983.29;6;3.63;2023-09-08;ATIVO
2853;6611;14425.64;2471.83;6;2.81;2024-12-17;ATIVO
2854;254;2792.22;62.62;48;7.64;2021-12-18;QUITADO
2855;6519;38073.89;2141.66;18;1.25;2021-07-12;ATIVO
2856;8267;10979.0;235.32;48;2.88;2022-04-16;QUITADO
2857;5592;2165.29;46.52;48;3.12;2022-05-19;ATIVO
2858;4825;5459.08;308.95;18;1.87;2022-09-24;ATIVO
2859;3995;2788.75;80.02;36;3.3;2021-07-24;QUITADO
2860;7474;6890.07;393.5;18;2.8;2021-12-11;QUITADO
2861;4721;7790.18;453.69;18;4.83;2021-11-15;QUITADO
2862;8785;5511.15;489.16;12;6.51;2024-11-20;ATIVO
2863;9302;6563.82;382.01;18;4.76;2021-01-15;ATIVO
2864;2874;2807.38;124.74;24;6.64;2022-12-20;QUITADO
2865;942;7534.85;1339.45;6;6.66;2024-09-30;ATIVO
2866;3441;9090.14;1560.02;6;2.97;2022-11-20;QUITADO
2867;8801;6205.32;176.39;36;2.33;2024-03-25;QUITADO
2868;110;2816.97;163.98;18;4.78;2022-01-30;ATIVO
2869;7381;5150.31;912.38;6;6.29;2022-01-30;QUITADO
2870;829;7078.46;151.05;48;2.43;2021-10-02;QUITADO
2871;8172;2935.91;513.05;6;4.85;2024-11-02;ATIVO
2872;6588;2060.25;176.44;12;2.77;2023-03-01;ATIVO
2873;6171;5505.48;985.21;6;7.37;2021-02-25;ATIVO
2874;9194;7047.82;402.47;18;2.79;2024-06-16;QUITADO
2875;9698;6120.12;177.99;36;4.7;2021-12-26;ATIVO
2876;8354;19179.39;1623.38;12;1.57;2023-09-11;ATIVO
2877;8348;8250.49;234.36;36;2.26;2024-09-21;QUITADO
2878;5773;9045.1;779.16;12;3.37;2021-12-10;QUITADO
2879;2604;15517.74;436.22;36;1.2;2023-02-25;QUITADO
2880;5795;2375.36;411.41;6;3.92;2024-07-04;INADIMPLENTE
2881;1817;6368.27;568.9;12;7.2;2024-05-31;ATIVO
2882;9734;16879.72;1446.73;12;2.85;2022-09-18;QUITADO
2883;1601;13420.4;1137.94;12;1.75;2022-08-26;ATIVO
2884;7609;3684.8;317.84;12;3.51;2023-11-16;ATIVO
2885;6496;2526.19;224.94;12;6.85;2022-02-17;INADIMPLENTE
2886;5595;13816.37;395.72;36;3.11;2024-05-23;QUITADO
2887;2261;2285.97;199.15;12;4.54;2023-08-26;ATIVO
2888;1140;18842.35;401.34;48;2.24;2023-12-15;QUITADO
2889;1285;18148.07;1031.01;18;2.26;2021-03-18;INADIMPLENTE
2890;8152;6320.35;371.43;18;5.78;2022-08-13;ATIVO
2891;8241;2368.17;68.6;36;4.29;2021-12-28;INADIMPLENTE
2892;562;12784.22;1089.54;12;2.27;2024-02-10;ATIVO
2893;2863;656.18;38.27;18;4.98;2022-02-23;ATIVO
2894;1539;16824.41;477.53;36;2.18;2022-12-13;ATIVO
2895;4812;15423.25;436.26;36;1.83;2024-07-21;QUITADO
2896;5658;10938.17;313.9;36;3.31;2023-02-04;ATIVO
2897;4560;17703.62;757.71;24;2.72;2024-07-17;ATIVO
2898;5081;2365.54;105.86;24;7.4;2024-05-24;ATIVO
2899;7293;3664.62;218.72;18;7.43;2022-03-06;ATIVO
2900;1767;2826.4;120.3;24;2.15;2023-04-10;QUITADO
2901;6640;2439.61;426.85;6;4.98;2024-01-31;ATIVO
2902;7877;1086.07;30.94;36;2.55;2024-04-20;QUITADO
2903;8405;3591.11;101.93;36;2.18;2023-07-22;QUITADO
2904;7485;6220.66;352.23;18;1.92;2024-06-04;QUITADO
2905;8538;5502.22;162.62;36;6.4;2023-06-08;ATIVO
2906;8565;12191.81;346.65;36;2.36;2024-04-01;ATIVO
2907;1514;1311.62;27.88;48;2.02;2021-08-07;ATIVO
2908;4763;6900.14;151.75;48;5.56;2021-02-15;ATIVO
2909;2999;43994.16;1858.94;24;1.41;2024-04-11;ATIVO
2910;5791;17079.31;482.02;36;1.6;2023-06-21;QUITADO
2911;5902;1105.95;99.16;12;7.59;2023-12-09;QUITADO
2912;3936;47812.9;1005.86;48;0.98;2023-07-07;ATIVO
2913;3043;8451.59;477.56;18;1.71;2023-05-08;QUITADO
2914;8605;2943.44;64.66;48;5.44;2022-11-25;INADIMPLENTE
2915;1937;5959.78;257.86;24;3.84;2021-02-10;INADIMPLENTE
2916;6799;8302.83;177.94;48;2.87;2022-08-23;ATIVO
2917;5904;7151.14;155.94;48;4.67;2022-01-06;ATIVO
2918;8818;5707.21;331.08;18;4.42;2024-06-04;INADIMPLENTE
2919;1532;19684.27;564.72;36;3.28;2023-11-26;QUITADO
2920;4186;7122.08;415.34;18;4.97;2022-10-26;ATIVO
2921;8420;1316.14;75.33;18;3.02;2023-04-18;ATIVO
2922;2619;5805.57;509.63;12;5.34;2023-09-20;INADIMPLENTE
2923;9714;1865.66;39.72;48;2.19;2022-06-26;QUITADO
2924;6953;6465.54;289.76;24;7.56;2021-05-28;ATIVO
2925;3088;14357.15;408.54;36;2.44;2021-12-10;QUITADO
2926;2993;41069.18;6942.74;6;1.43;2022-09-08;QUITADO
2927;6685;6833.63;409.33;18;7.82;2021-04-25;QUITADO
2928;2196;13967.29;1204.21;12;3.46;2024-01-09;QUITADO
2929;5746;5792.94;253.34;24;4.96;2023-05-27;QUITADO
2930;3473;6166.77;366.07;18;6.85;2023-11-20;ATIVO
2931;8528;2355.55;101.57;24;3.49;2022-05-26;QUITADO
2932;7809;2656.42;234.27;12;5.83;2023-04-14;INADIMPLENTE
2933;3911;17495.28;376.22;48;3.22;2023-03-01;ATIVO
2934;5663;10730.83;911.14;12;1.89;2021-02-08;ATIVO
2935;7734;2607.02;447.28;6;2.94;2021-10-17;ATIVO
2936;8143;11984.01;340.81;36;2.38;2022-11-14;ATIVO
2937;3157;6548.84;141.73;48;3.88;2022-03-03;ATIVO
2938;3994;6584.97;185.66;36;1.5;2023-01-26;ATIVO
2939;4130;7011.7;152.15;48;4.16;2023-09-30;ATIVO
2940;5290;10959.44;467.69;24;2.42;2021-04-10;QUITADO
2941;4682;8358.53;359.7;24;3.28;2021-10-28;QUITADO
2942;5420;1957.27;84.59;24;3.73;2022-03-18;ATIVO
2943;3812;5600.02;488.32;12;4.64;2024-07-11;ATIVO
2944;386;8656.36;246.92;36;2.69;2023-02-13;ATIVO
2945;2007;5890.48;524.55;12;6.86;2021-08-03;ATIVO
2946;7373;13811.04;1180.5;12;2.57;2022-02-06;QUITADO
2947;7979;3798.08;165.37;24;4.5;2021-07-01;INADIMPLENTE
2948;363;17002.03;2903.1;6;2.45;2023-07-08;QUITADO
2949;8930;16925.77;728.3;24;3.27;2022-09-10;ATIVO
2950;4576;7789.23;331.24;24;2.06;2023-05-27;QUITADO
2951;5500;8856.05;751.66;12;1.85;2023-03-06;QUITADO
2952;1107;8455.85;239.56;36;1.99;2022-10-04;QUITADO
2953;9489;10679.36;305.22;36;2.89;2024-05-24;INADIMPLENTE
2954;6098;10422.06;445.02;24;2.48;2023-02-06;QUITADO
2955;8772;35786.23;754.72;48;1.23;2022-05-06;ATIVO
2956;6225;16946.91;364.99;48;3.38;2022-11-16;QUITADO
2957;1067;7728.69;655.52;12;1.78;2023-07-03;ATIVO
2958;4023;15957.02;2739.29;6;3.0;2022-05-07;QUITADO
2959;6067;3992.98;117.17;36;5.64;2023-09-01;INADIMPLENTE
2960;5697;6037.63;513.5;12;2.06;2021-02-16;ATIVO
2961;1683;4100.14;184.18;24;7.81;2022-12-28;ATIVO
2962;5590;4975.8;287.1;18;3.86;2022-02-14;QUITADO
2963;4657;2444.6;104.0;24;2.1;2022-03-02;QUITADO
2964;5563;4951.26;141.39;36;2.8;2024-04-19;INADIMPLENTE
2965;9390;742.39;16.05;48;3.76;2021-04-06;QUITADO
2966;2270;2583.22;456.67;6;6.07;2023-04-18;QUITADO
2967;2802;3178.01;92.85;36;5.18;2021-11-04;QUITADO
2968;1139;6519.59;369.37;18;1.98;2022-12-05;QUITADO
2969;2868;7873.93;457.56;18;4.6;2024-09-02;ATIVO
2970;8921;7943.68;453.72;18;2.81;2022-01-05;ATIVO
2971;3837;17433.46;1501.17;12;3.33;2023-04-23;QUITADO
2972;1152;739.19;16.24;48;5.43;2024-10-06;INADIMPLENTE
2973;6908;6962.76;1240.88;6;6.93;2022-06-17;ATIVO
2974;1564;6916.0;202.87;36;5.6;2021-06-11;INADIMPLENTE
2975;8310;14976.63;845.68;18;1.64;2024-04-12;QUITADO
2976;7430;5492.56;247.05;24;7.95;2021-06-09;QUITADO
2977;1598;5670.76;163.59;36;3.85;2023-10-25;ATIVO
2978;6375;14976.37;853.99;18;2.64;2021-06-14;ATIVO
2979;7645;9581.1;536.86;18;0.86;2023-10-26;QUITADO
2980;5585;19271.57;1091.31;18;1.93;2023-04-03;ATIVO
2981;5154;6927.22;393.89;18;2.35;2023-08-22;QUITADO
2982;191;7424.88;217.63;36;5.52;2024-08-09;QUITADO
2983;8969;23376.32;986.97;24;1.33;2024-10-01;ATIVO
2984;2031;14690.4;310.64;48;1.5;2024-04-10;QUITADO
2985;276;13753.08;586.34;24;2.32;2024-01-27;ATIVO
2986;9791;5811.27;1040.99;6;7.48;2023-02-03;INADIMPLENTE
2987;4727;3266.45;193.63;18;6.7;2024-05-14;INADIMPLENTE
2988;1892;625.82;13.84;48;6.14;2024-06-21;ATIVO
2989;2712;14648.25;310.18;48;1.64;2022-04-22;QUITADO
2990;436;527.07;46.83;12;6.61;2024-03-22;ATIVO
2991;3555;4222.85;250.25;18;6.67;2021-02-05;INADIMPLENTE
2992;24;6786.32;148.34;48;4.92;2022-05-11;ATIVO
2993;2905;24004.9;2025.21;12;1.24;2021-05-18;QUITADO
2994;9069;3159.15;275.48;12;4.64;2021-06-30;QUITADO
2995;4452;3320.72;195.35;18;5.89;2023-09-20;QUITADO
2996;8553;44042.67;3707.66;12;1.02;2024-02-05;ATIVO
2997;6477;9062.99;382.19;24;1.21;2023-10-22;QUITADO
2998;4879;5961.85;338.43;18;2.18;2022-09-12;ATIVO
2999;9495;1050.59;60.21;18;3.16;2024-05-25;QUITADO
3000;1693;9640.02;202.8;48;0.98;2024-10-08;QUITADO
3001;6268;5915.05;171.29;36;4.25;2023-09-12;INADIMPLENTE
3002;3066;16927.75;2900.01;6;2.79;2024-01-06;ATIVO
3003;4654;13957.21;600.92;24;3.33;2023-04-28;ATIVO
3004;1188;44017.88;1852.79;24;1.02;2023-09-09;QUITADO
3005;4293;2028.4;177.25;12;4.86;2023-01-21;QUITADO
3006;3585;35344.22;5940.77;6;0.85;2021-10-17;ATIVO
3007;4596;3304.16;192.93;18;5.1;2023-05-07;ATIVO
3008;34;11155.72;1915.81;6;3.04;2022-12-17;ATIVO
3009;7518;5165.01;149.86;36;4.45;2024-01-07;INADIMPLENTE
3010;7696;1758.41;308.13;6;5.14;2023-09-29;QUITADO
3011;8492;2959.01;87.11;36;5.98;2024-06-23;INADIMPLENTE
3012;6245;11969.39;675.74;18;1.62;2024-12-16;ATIVO
3013;9184;16079.41;2767.53;6;3.27;2021-12-16;QUITADO
3014;3713;4655.0;209.22;24;7.87;2022-11-08;INADIMPLENTE
3015;6014;4391.22;769.34;6;5.12;2023-02-11;ATIVO
3016;4194;39105.43;3295.28;12;1.12;2022-03-17;ATIVO
3017;7608;18906.82;3232.44;6;2.58;2024-04-18;ATIVO
3018;9504;11117.38;314.81;36;1.94;2021-07-07;ATIVO
3019;8681;5873.58;1037.27;6;5.96;2021-04-24;INADIMPLENTE
3020;7591;7703.88;1386.31;6;7.97;2022-06-13;QUITADO
3021;3050;4592.49;395.07;12;3.23;2024-12-11;QUITADO
3022;6554;6623.23;390.88;18;6.23;2021-11-18;QUITADO
3023;889;5062.0;292.36;18;3.96;2024-03-22;QUITADO
3024;353;6808.88;1198.14;6;5.58;2024-04-18;ATIVO
3025;977;1262.04;224.66;6;6.81;2023-11-21;ATIVO
3026;5335;9971.46;848.65;12;2.13;2022-08-28;ATIVO
3027;4672;8922.02;187.47;48;0.86;2023-04-03;QUITADO
3028;4297;16225.64;909.18;18;0.86;2024-08-06;ATIVO
3029;8403;4719.77;804.01;6;2.21;2021-05-09;QUITADO
3030;9326;6754.62;1137.25;6;1.02;2022-09-22;ATIVO
3031;3546;3873.35;112.8;36;4.84;2021-06-30;ATIVO
3032;3309;9491.37;1601.99;6;1.27;2024-06-16;QUITADO
3033;5226;15067.64;866.39;18;3.5;2024-06-11;QUITADO
3034;7254;13609.23;775.73;18;2.6;2022-10-17;ATIVO
3035;7679;6060.67;133.27;48;5.55;2023-06-05;ATIVO
3036;9178;6501.65;377.71;18;4.57;2022-09-14;ATIVO
3037;6116;11608.87;984.24;12;1.74;2024-05-08;ATIVO
3038;6683;3685.82;105.13;36;2.68;2024-05-09;ATIVO
3039;4729;3901.32;165.85;24;2.03;2022-09-21;ATIVO
3040;3946;18763.78;402.13;48;2.87;2021-07-30;QUITADO
3041;6809;19462.28;411.75;48;1.55;2023-02-23;QUITADO
3042;2222;8230.17;236.53;36;3.46;2021-07-11;QUITADO
3043;579;7213.79;155.67;48;3.58;2023-12-15;INADIMPLENTE
3044;7226;1700.28;100.47;18;6.36;2021-10-02;ATIVO
3045;898;3346.46;95.84;36;3.1;2021-10-17;QUITADO
3046;8556;4275.93;375.5;12;5.38;2021-11-08;QUITADO
3047;2026;5246.15;232.99;24;6.59;2022-12-30;ATIVO
3048;8118;3515.81;78.87;48;7.68;2023-02-20;ATIVO
3049;1892;4763.61;212.89;24;7.26;2021-10-27;ATIVO
3050;9366;13709.87;767.91;18;0.82;2023-10-14;QUITADO
3051;8940;7492.99;1324.76;6;6.08;2021-01-08;QUITADO
3052;2537;11805.36;998.73;12;1.52;2024-09-17;ATIVO
3053;2103;13033.7;279.95;48;3.1;2022-12-22;QUITADO
3054;2990;15441.2;439.56;36;2.48;2024-07-08;QUITADO
3055;6684;5775.94;508.04;12;5.55;2021-10-26;QUITADO
3056;9880;48207.34;1012.56;48;0.82;2023-08-07;ATIVO
3057;8374;17029.91;959.73;18;1.44;2024-06-14;QUITADO
3058;6019;1466.13;129.17;12;5.72;2024-02-14;ATIVO
3059;13;1415.72;41.52;36;5.58;2022-12-18;ATIVO
3060;3320;3010.08;65.16;48;3.9;2021-04-02;ATIVO
3061;4798;19921.14;423.99;48;2.16;2021-02-17;ATIVO
3062;8722;3800.98;81.49;48;2.91;2023-11-23;QUITADO
3063;2207;6545.1;1148.67;6;5.3;2022-08-13;ATIVO
3064;9542;4296.55;367.36;12;2.6;2022-06-21;QUITADO
3065;1628;15880.34;895.74;18;1.53;2023-09-05;QUITADO
3066;8944;19137.77;813.59;24;2.03;2024-11-19;QUITADO
3067;9170;48471.75;8199.0;6;1.49;2024-04-01;QUITADO
3068;701;7029.68;151.72;48;3.6;2023-10-27;QUITADO
3069;6606;12104.05;695.58;18;3.44;2023-06-12;QUITADO
3070;2413;14068.4;1199.1;12;2.28;2021-03-14;QUITADO
3071;2641;3416.97;73.98;48;3.92;2022-12-27;QUITADO
3072;4962;1509.03;44.2;36;5.44;2024-02-19;ATIVO
3073;6385;4314.94;126.7;36;5.71;2023-06-26;ATIVO
3074;2568;3356.88;149.35;24;6.78;2024-11-28;ATIVO
3075;1822;7824.85;234.57;36;7.92;2022-05-02;INADIMPLENTE
3076;9400;3420.15;591.86;6;3.83;2023-05-04;ATIVO
3077;7341;7137.87;632.95;12;6.41;2024-04-26;QUITADO
3078;5443;2675.5;452.83;6;1.55;2022-02-01;QUITADO
3079;9796;1173.31;66.89;18;2.61;2023-09-15;ATIVO
3080;5677;17469.24;737.93;24;1.38;2021-06-13;ATIVO
3081;5451;5115.49;455.66;12;6.89;2023-11-09;ATIVO
3082;1996;2969.53;64.08;48;3.58;2022-06-10;INADIMPLENTE
3083;3529;4407.92;262.91;18;7.36;2022-05-19;ATIVO
3084;8538;7630.54;224.72;36;6.02;2022-08-17;QUITADO
3085;3877;12193.31;2075.3;6;2.12;2022-06-16;QUITADO
3086;657;30351.1;5115.17;6;1.12;2023-01-11;ATIVO
3087;4775;3803.75;110.47;36;4.55;2022-05-06;ATIVO
3088;3219;7120.29;157.46;48;6.15;2023-04-18;QUITADO
3089;649;13152.49;374.3;36;2.45;2022-11-10;ATIVO
3090;3556;1445.71;32.16;48;6.78;2023-03-18;INADIMPLENTE
3091;7432;6558.71;385.21;18;5.72;2023-11-12;QUITADO
3092;4584;3530.09;78.63;48;6.92;2023-12-19;ATIVO
3093;7579;3604.04;213.98;18;6.87;2023-02-18;ATIVO
3094;8831;1619.37;143.85;12;6.6;2023-01-23;QUITADO
3095;1361;47266.75;1330.56;36;1.34;2024-09-20;ATIVO
3096;8105;44865.77;1257.86;36;0.93;2021-12-04;QUITADO
3097;5077;7258.03;1291.08;6;6.73;2023-12-16;QUITADO
3098;3182;2341.02;203.82;12;4.48;2021-03-27;ATIVO
3099;5413;4324.65;253.4;18;5.47;2023-05-25;ATIVO
3100;2893;6662.5;284.74;24;2.57;2023-09-21;ATIVO
3101;1513;5293.54;158.19;36;7.58;2021-02-07;INADIMPLENTE
3102;8673;3494.18;206.25;18;6.25;2024-02-04;QUITADO
3103;4007;19497.75;414.08;48;1.94;2022-07-29;ATIVO
3104;7734;16788.07;718.04;24;2.65;2022-11-17;QUITADO
3105;7392;5389.97;114.3;48;1.79;2022-02-15;QUITADO
3106;1010;10073.94;568.95;18;1.66;2024-11-01;QUITADO
3107;9664;7265.31;156.01;48;3.07;2021-11-21;ATIVO
3108;2763;5750.15;257.94;24;7.66;2022-07-17;ATIVO
3109;6050;9689.73;552.15;18;2.57;2021-06-28;QUITADO
3110;1547;2223.03;47.9;48;3.43;2022-08-20;QUITADO
3111;3519;3393.29;305.03;12;7.87;2023-05-28;QUITADO
3112;3737;6204.6;136.37;48;5.5;2024-08-28;ATIVO
3113;1729;32769.32;1377.4;24;0.88;2023-05-20;QUITADO
3114;5225;2180.15;63.38;36;4.66;2023-04-13;QUITADO
3115;1079;2887.2;168.58;18;5.1;2024-08-06;QUITADO
3116;5603;44902.43;1261.13;36;1.11;2023-04-06;ATIVO
3117;8142;12378.18;1056.07;12;2.38;2021-01-17;ATIVO
3118;3693;873.65;78.34;12;7.61;2022-12-20;ATIVO
3119;9425;6636.32;1181.38;6;6.81;2021-08-14;INADIMPLENTE
3120;4218;1937.53;339.97;6;5.28;2021-06-25;QUITADO
3121;749;19727.65;832.92;24;1.33;2024-08-28;QUITADO
3122;136;12764.84;718.02;18;1.25;2021-10-24;ATIVO
3123;828;6334.52;179.04;36;1.75;2022-03-17;ATIVO
3124;6572;13593.55;1156.7;12;2.11;2023-09-10;QUITADO
3125;5789;4649.73;135.9;36;5.22;2024-07-11;ATIVO
3126;1111;2405.3;53.04;48;5.84;2024-11-22;ATIVO
3127;2946;1121.09;24.22;48;3.72;2023-11-03;ATIVO
3128;4366;2559.46;230.07;12;7.87;2022-02-07;QUITADO
3129;1742;4651.62;834.11;6;7.59;2022-11-15;ATIVO
3130;5952;3789.75;339.25;12;7.42;2023-02-07;ATIVO
3131;7541;4452.38;198.65;24;7.08;2023-09-23;ATIVO
3132;5794;3094.4;178.74;18;3.97;2022-07-13;QUITADO
3133;1240;618.29;54.3;12;5.38;2024-04-14;ATIVO
3134;9871;3447.13;99.77;36;4.19;2023-06-15;QUITADO
3135;4682;6079.15;129.78;48;2.47;2023-04-06;ATIVO
3136;6022;3617.94;309.85;12;2.77;2021-04-09;QUITADO
3137;8479;38722.41;1633.44;24;1.24;2024-11-27;ATIVO
3138;5848;2741.84;81.75;36;7.34;2021-05-09;ATIVO
3139;5882;5681.55;123.08;48;3.98;2023-12-23;ATIVO
3140;1708;3117.68;139.24;24;7.19;2024-07-07;ATIVO
3141;4953;3917.71;112.47;36;3.35;2023-01-17;QUITADO
3142;778;1780.34;316.96;6;6.82;2023-01-02;INADIMPLENTE
3143;4831;14730.44;317.44;48;3.44;2024-09-06;ATIVO
3144;8543;2344.25;408.21;6;4.48;2024-10-11;ATIVO
3145;720;7463.5;424.96;18;2.49;2024-01-30;QUITADO
3146;2358;18369.53;779.02;24;1.78;2022-01-09;ATIVO
3147;3904;5133.34;145.92;36;2.33;2023-01-30;QUITADO
3148;61;13185.61;749.38;18;2.3;2022-08-14;ATIVO
3149;3668;1048.03;29.99;36;3.0;2024-06-02;QUITADO
3150;164;6006.91;253.64;24;1.34;2022-12-05;ATIVO
3151;7598;15844.26;447.42;36;1.66;2024-11-28;ATIVO
3152;2055;1250.41;36.84;36;6.06;2021-05-13;ATIVO
3153;1644;3309.83;582.25;6;5.55;2021-11-10;QUITADO
3154;3186;5659.94;333.56;18;6.08;2021-07-16;QUITADO
3155;9554;5030.11;448.81;12;7.07;2022-11-26;INADIMPLENTE
3156;3419;2905.89;164.52;18;1.91;2024-06-23;ATIVO
3157;1048;10880.26;232.52;48;2.58;2022-05-16;QUITADO
3158;2614;5330.7;117.53;48;5.83;2024-03-14;ATIVO
3159;8858;3799.81;167.25;24;5.64;2022-12-19;INADIMPLENTE
3160;4466;2894.29;507.51;6;5.21;2023-09-13;QUITADO
3161;9241;7196.73;152.24;48;1.54;2024-06-08;QUITADO
3162;712;6453.44;562.96;12;4.68;2024-07-31;QUITADO
3163;3622;2169.91;96.98;24;7.26;2024-01-05;ATIVO
3164;2959;10359.95;589.6;18;2.44;2023-04-21;ATIVO
3165;4854;12862.46;1086.45;12;1.36;2021-01-06;ATIVO
3166;6049;16953.42;477.43;36;1.38;2021-04-21;ATIVO
3167;9599;18985.57;405.3;48;2.47;2022-05-09;QUITADO
3168;5511;3138.51;267.03;12;2.1;2023-01-08;QUITADO
3169;4572;9865.8;1688.53;6;2.69;2024-09-21;QUITADO
3170;6881;10538.12;590.31;18;0.83;2024-08-10;ATIVO
3171;7849;9642.23;819.59;12;2.0;2022-08-13;ATIVO
3172;5028;2471.23;54.71;48;6.27;2021-05-27;QUITADO
3173;424;13526.0;290.64;48;3.14;2024-01-04;QUITADO
3174;7683;1797.12;105.51;18;5.68;2023-08-18;ATIVO
3175;3369;7398.56;425.09;18;3.42;2021-08-01;ATIVO
3176;9501;6136.91;130.35;48;1.95;2024-07-22;QUITADO
3177;5219;1214.23;35.65;36;5.7;2022-11-05;ATIVO
3178;3790;3305.69;295.97;12;7.44;2024-06-22;QUITADO
3179;7453;1637.36;145.3;12;6.49;2024-01-04;INADIMPLENTE
3180;3720;3296.59;96.29;36;5.15;2021-02-06;ATIVO
3181;1451;13808.87;395.74;36;3.17;2022-12-06;INADIMPLENTE
3182;7447;12358.29;527.65;24;2.47;2023-01-12;QUITADO
3183;8756;2856.7;123.03;24;3.36;2023-04-05;ATIVO
3184;1727;15960.88;450.41;36;1.59;2022-06-22;INADIMPLENTE
3185;913;3233.6;276.9;12;2.76;2023-04-21;ATIVO
3186;4716;5054.69;107.24;48;1.84;2024-09-03;ATIVO
3187;3595;5285.63;235.74;24;7.04;2021-01-04;QUITADO
3188;7618;9835.27;557.88;18;2.1;2023-04-01;ATIVO
3189;9650;19944.73;856.88;24;3.11;2024-07-21;ATIVO
3190;8192;2408.64;107.1;24;6.72;2024-10-03;ATIVO
3191;3836;14686.92;314.18;48;2.68;2022-05-18;ATIVO
3192;2938;10601.85;597.71;18;1.48;2022-10-17;QUITADO
3193;2385;19899.19;567.35;36;2.64;2024-12-30;QUITADO
3194;2741;47247.35;2649.79;18;0.95;2023-04-05;ATIVO
3195;6581;9768.11;826.79;12;1.57;2024-05-31;QUITADO
3196;1983;1255.8;224.39;6;7.21;2023-08-01;ATIVO
3197;2005;5583.53;122.22;48;5.07;2021-03-22;ATIVO
3198;5151;24724.82;4175.61;6;1.33;2023-02-24;ATIVO
3199;884;40575.99;2279.47;18;1.12;2024-03-22;ATIVO
3200;8695;29434.82;618.25;48;0.82;2024-05-08;QUITADO
3201;3609;4467.52;258.87;18;4.3;2024-10-24;ATIVO
3202;5351;7278.99;630.48;12;3.94;2021-08-13;QUITADO
3203;5360;21432.44;1809.61;12;1.32;2024-09-23;QUITADO
3204;2604;40615.75;1141.53;36;1.18;2023-05-19;ATIVO
3205;5918;5576.42;326.84;18;5.5;2022-02-10;ATIVO
3206;8547;10249.33;880.42;12;3.08;2023-01-24;QUITADO
3207;48;6466.88;144.78;48;7.46;2023-12-16;INADIMPLENTE
3208;772;7046.39;1188.73;6;1.22;2023-07-20;QUITADO
3209;9212;29029.03;2440.62;12;0.89;2022-07-08;QUITADO
3210;9050;7752.79;691.36;12;7.01;2022-12-09;INADIMPLENTE
3211;6151;15312.35;438.7;36;3.14;2021-01-15;ATIVO
3212;9939;1921.71;55.43;36;3.83;2023-08-17;ATIVO
3213;6589;2824.16;126.62;24;7.6;2024-07-24;INADIMPLENTE
3214;1055;5108.65;223.27;24;4.89;2023-04-10;QUITADO
3215;7911;18534.8;1062.66;18;3.2;2023-09-10;ATIVO
3216;2569;14816.42;635.38;24;2.92;2023-06-24;QUITADO
3217;9738;7133.29;158.95;48;6.96;2022-07-03;ATIVO
3218;10;667.6;14.72;48;5.84;2024-09-29;ATIVO
3219;2281;886.62;38.25;24;3.55;2024-10-11;QUITADO
3220;49;16287.26;349.29;48;2.94;2023-06-14;QUITADO
3221;2147;4705.4;420.74;12;7.3;2023-03-10;ATIVO
3222;8636;4352.5;259.24;18;7.21;2022-01-07;ATIVO
3223;1372;13718.38;1182.07;12;3.4;2023-08-23;ATIVO
3224;3736;18973.54;407.61;48;3.12;2021-05-20;ATIVO
3225;7048;10625.02;300.39;36;1.78;2023-03-11;QUITADO
3226;4977;4874.55;856.54;6;5.43;2021-09-16;ATIVO
3227;8955;19181.37;1643.84;12;2.84;2021-06-04;ATIVO
3228;7502;13495.82;764.99;18;2.03;2021-11-22;ATIVO
3229;1209;2569.56;441.58;6;3.11;2024-04-14;ATIVO
3230;2965;33886.0;952.01;36;1.14;2021-10-28;ATIVO
3231;4520;16390.23;939.62;18;3.19;2023-03-19;ATIVO
3232;8633;39145.06;1655.18;24;1.48;2022-06-25;ATIVO
3233;7790;6184.12;353.04;18;2.76;2024-12-04;QUITADO
3234;2758;21865.31;1226.28;18;0.95;2022-07-28;ATIVO
3235;607;1073.08;31.24;36;4.79;2021-07-19;ATIVO
3236;1044;5656.49;126.2;48;7.09;2024-11-26;QUITADO
3237;8106;14622.31;615.6;24;1.04;2022-01-20;ATIVO
3238;7120;1347.52;76.75;18;2.52;2021-10-23;ATIVO
3239;5617;11499.72;243.46;48;1.62;2024-08-10;ATIVO
3240;9978;14110.32;1206.2;12;2.58;2023-06-30;QUITADO
3241;6588;14723.26;421.98;36;3.18;2022-09-09;QUITADO
3242;3523;11204.1;641.5;18;3.06;2023-10-15;QUITADO
3243;2464;2451.28;55.02;48;7.73;2021-10-03;INADIMPLENTE
3244;3488;47575.34;2667.39;18;0.92;2024-09-17;QUITADO
3245;5612;4768.2;271.63;18;2.54;2022-07-01;ATIVO
3246;6540;18088.6;3118.78;6;3.45;2022-01-14;QUITADO
3247;1971;11292.35;481.76;24;2.39;2021-01-24;ATIVO
3248;5935;10655.01;452.35;24;1.89;2022-08-20;QUITADO
3249;4683;26730.71;563.18;48;1.13;2024-03-19;ATIVO
3250;9319;9013.97;190.65;48;1.52;2023-09-17;ATIVO
3251;2849;7784.93;684.17;12;5.46;2023-08-11;INADIMPLENTE
3252;3052;6053.47;353.79;18;5.2;2021-01-06;ATIVO
3253;5881;13429.91;286.7;48;2.47;2021-05-15;ATIVO
3254;1794;1891.56;335.31;6;6.36;2023-10-19;QUITADO
3255;8569;6356.84;179.74;36;1.79;2023-11-24;QUITADO
3256;7483;1937.19;110.09;18;2.29;2021-07-30;INADIMPLENTE
3257;5200;6604.42;582.01;12;5.75;2021-04-02;ATIVO
3258;1535;16715.09;1420.09;12;1.95;2023-03-04;QUITADO
3259;8133;13432.49;577.54;24;3.19;2022-06-10;ATIVO
3260;3349;9878.1;1691.3;6;2.73;2024-04-20;QUITADO
3261;9348;3509.59;207.18;18;6.26;2024-11-03;QUITADO
3262;7406;5069.2;903.08;6;6.89;2023-03-04;QUITADO
3263;9804;2376.29;70.65;36;7.03;2021-03-09;INADIMPLENTE
3264;6553;14667.04;632.09;24;3.43;2024-08-14;QUITADO
3265;5273;2737.76;157.53;18;3.57;2024-09-17;QUITADO
3266;1857;14398.18;413.95;36;3.5;2023-07-12;ATIVO
3267;7776;1425.37;253.17;6;6.57;2023-02-05;INADIMPLENTE
3268;8175;2896.98;123.87;24;2.62;2024-01-21;ATIVO
3269;6454;8433.94;1430.68;6;1.78;2023-08-05;QUITADO
3270;4387;1383.99;80.54;18;4.75;2022-05-21;INADIMPLENTE
3271;8310;5730.4;242.66;24;1.63;2021-10-11;QUITADO
3272;1086;7477.63;642.2;12;3.06;2023-04-03;ATIVO
3273;3407;1554.47;277.42;6;7.08;2023-05-18;QUITADO
3274;3827;18655.22;3191.29;6;2.64;2024-02-02;ATIVO
3275;9699;9654.42;552.02;18;2.92;2023-11-20;ATIVO
3276;1730;17431.95;491.58;36;1.52;2022-04-20;ATIVO
3277;693;19879.44;562.7;36;1.9;2022-04-18;ATIVO
3278;1162;16723.57;1435.58;12;3.01;2024-10-29;QUITADO
3279;879;13136.79;2259.09;6;3.18;2023-04-17;ATIVO
3280;6566;5546.95;315.01;18;2.22;2021-06-22;ATIVO
3281;4294;20213.24;1135.76;18;1.14;2023-02-12;QUITADO
3282;6605;15658.28;334.86;48;2.65;2022-12-08;ATIVO
3283;2390;7070.61;153.27;48;4.05;2021-06-16;INADIMPLENTE
3284;6333;7305.1;1276.81;6;4.87;2021-11-05;ATIVO
3285;7909;16004.46;2705.82;6;1.44;2024-03-16;ATIVO
3286;9185;4349.2;95.13;48;4.99;2024-04-08;QUITADO
3287;656;11758.97;2016.86;6;2.91;2022-03-28;ATIVO
3288;6677;15408.97;437.36;36;2.18;2023-07-19;QUITADO
3289;5515;18649.99;3161.17;6;1.7;2023-09-23;ATIVO
3290;8681;1941.84;115.05;18;6.65;2023-04-22;ATIVO
3291;7549;18243.54;519.43;36;2.5;2022-09-14;INADIMPLENTE
3292;7427;5819.33;123.24;48;1.65;2023-02-22;ATIVO
3293;3307;1199.17;51.72;24;3.52;2022-06-03;ATIVO
3294;3572;5405.32;115.52;48;2.58;2024-07-16;QUITADO
3295;9491;7094.44;606.63;12;2.61;2023-07-07;QUITADO
3296;1364;5918.48;168.13;36;2.27;2023-07-18;QUITADO
3297;4520;8670.52;372.22;24;3.03;2024-09-28;ATIVO
3298;8972;954.81;41.96;24;5.46;2022-07-28;INADIMPLENTE
3299;7026;7167.35;152.23;48;1.95;2024-04-17;ATIVO
3300;2761;3912.85;87.31;48;7.1;2024-09-30;ATIVO
3301;8985;6820.69;152.46;48;7.29;2023-08-26;INADIMPLENTE
3302;1789;834.55;74.36;12;6.92;2021-12-29;INADIMPLENTE
3303;2214;16033.66;340.82;48;2.03;2023-07-14;QUITADO
3304;3625;6161.98;269.59;24;5.0;2022-06-25;ATIVO
3305;3096;7465.43;1287.66;6;3.49;2022-09-11;QUITADO
3306;2387;18041.2;3084.74;6;2.59;2024-04-16;ATIVO
3307;6606;17591.67;748.45;24;2.11;2022-03-21;QUITADO
3308;9519;11286.62;647.04;18;3.19;2023-03-04;QUITADO
3309;7293;3056.79;175.92;18;3.59;2021-11-29;ATIVO
3310;1447;9645.27;274.54;36;2.47;2023-01-08;QUITADO
3311;2215;14644.26;839.12;18;3.14;2023-09-05;ATIVO
3312;3156;1380.25;242.37;6;5.36;2021-04-15;INADIMPLENTE
3313;816;19871.36;848.42;24;2.47;2023-03-15;ATIVO
3314;4296;25230.87;1415.87;18;1.01;2024-10-11;QUITADO
3315;9476;3637.46;161.93;24;6.84;2021-11-03;ATIVO
3316;9625;6426.87;566.64;12;5.8;2021-12-07;QUITADO
3317;1101;30947.68;1737.71;18;1.07;2023-11-05;ATIVO
3318;9291;18922.19;402.81;48;2.18;2021-02-20;QUITADO
3319;3372;4849.78;144.02;36;6.91;2023-11-06;ATIVO
3320;4363;14020.34;397.32;36;2.02;2022-12-16;INADIMPLENTE
3321;7996;585.56;26.07;24;6.84;2023-02-16;ATIVO
3322;5798;14849.36;1273.95;12;2.95;2024-08-24;ATIVO
3323;6693;3557.93;316.45;12;6.73;2023-11-30;QUITADO
3324;6480;8785.57;248.34;36;1.76;2023-09-03;QUITADO
3325;1950;15583.06;659.49;24;1.57;2023-06-22;QUITADO
3326;144;9341.62;536.0;18;3.28;2023-08-18;QUITADO
3327;4122;5406.91;155.72;36;3.68;2024-03-03;INADIMPLENTE
3328;5559;8719.09;375.25;24;3.29;2022-04-02;ATIVO
3329;1038;4919.45;108.37;48;5.74;2023-06-29;ATIVO
3330;3329;6389.93;1105.56;6;3.81;2023-06-16;QUITADO
3331;9602;7912.67;1410.04;6;6.92;2021-09-24;INADIMPLENTE
3332;3821;3645.82;322.02;12;5.99;2024-09-15;QUITADO
3333;5240;23309.0;492.21;48;1.36;2021-12-10;ATIVO
3334;5502;12378.36;1041.85;12;1.0;2024-11-02;ATIVO
3335;7238;2313.92;207.75;12;7.74;2022-03-18;QUITADO
3336;9994;7468.05;440.95;18;6.28;2022-07-28;INADIMPLENTE
3337;2035;6406.24;140.42;48;5.21;2021-02-26;ATIVO
3338;8248;19086.72;820.49;24;3.17;2024-03-05;INADIMPLENTE
3339;5752;5913.21;509.87;12;3.47;2024-10-24;QUITADO
3340;533;3491.2;208.75;18;7.63;2024-09-02;QUITADO
3341;8341;7479.45;211.42;36;1.76;2023-03-14;QUITADO
3342;42;11325.87;635.7;18;1.03;2021-07-05;ATIVO
3343;8817;7529.06;319.26;24;1.77;2021-04-10;QUITADO
3344;3236;8268.26;466.56;18;1.57;2022-06-04;QUITADO
3345;3532;6710.21;394.75;18;5.89;2022-08-12;ATIVO
3346;7140;15817.58;901.25;18;2.56;2022-05-18;ATIVO
3347;8104;48283.1;1014.65;48;0.87;2023-12-02;QUITADO
3348;4727;2419.44;143.85;18;7.02;2022-12-18;ATIVO
3349;5329;45703.14;1288.19;36;1.47;2021-01-14;QUITADO
3350;9346;7808.2;341.48;24;4.96;2022-09-12;INADIMPLENTE
3351;346;3238.73;582.27;6;7.87;2023-09-10;QUITADO
3352;9851;19447.63;831.47;24;2.61;2024-02-02;ATIVO
3353;5271;7704.39;226.62;36;5.89;2023-03-24;QUITADO
3354;8275;13119.18;1102.23;12;0.82;2024-04-23;QUITADO
3355;7836;1765.88;158.61;12;7.78;2021-06-03;ATIVO
3356;186;1649.47;284.07;6;3.33;2024-06-26;ATIVO
3357;1628;18167.77;522.02;36;3.44;2023-04-02;ATIVO
3358;528;7418.78;222.23;36;7.84;2024-03-27;QUITADO
3359;1348;11258.97;482.35;24;2.82;2024-03-04;ATIVO
3360;5541;10196.69;290.46;36;2.55;2023-10-15;ATIVO
3361;4201;16154.04;2743.76;6;1.91;2022-05-31;QUITADO
3362;2864;6541.74;194.63;36;7.11;2023-01-12;QUITADO
3363;4482;4299.94;738.8;6;3.09;2023-08-29;INADIMPLENTE
3364;2984;11971.31;687.22;18;3.33;2022-09-08;ATIVO
3365;4110;562.56;48.76;12;4.02;2022-01-10;QUITADO
3366;5486;10624.61;454.11;24;2.58;2021-01-10;ATIVO
3367;140;2493.04;421.91;6;1.54;2022-01-02;ATIVO
3368;1068;2841.65;62.68;48;5.87;2021-06-12;ATIVO
3369;8424;659.02;14.3;48;4.18;2021-11-23;ATIVO
3370;5568;13465.59;2310.7;6;2.96;2021-06-18;ATIVO
3371;4939;27009.43;1520.18;18;1.31;2023-01-21;ATIVO
3372;7730;1001.17;59.94;18;7.76;2023-12-22;QUITADO
3373;6737;1531.17;33.73;48;5.74;2021-05-20;INADIMPLENTE
3374;7502;17872.87;756.69;24;1.61;2023-05-01;ATIVO
3375;7018;3998.51;86.71;48;4.09;2021-02-06;ATIVO
3376;8268;3166.34;141.18;24;7.01;2024-10-26;ATIVO
3377;2433;9499.01;542.82;18;2.86;2021-12-16;QUITADO
3378;7117;2223.59;49.66;48;7.21;2023-03-27;INADIMPLENTE
3379;1377;4509.15;259.9;18;3.75;2022-08-22;ATIVO
3380;846;18708.08;1605.31;12;2.97;2022-02-18;QUITADO
3381;1136;19384.31;546.69;36;1.53;2023-10-08;QUITADO
3382;7126;15705.85;440.2;36;0.9;2022-03-19;ATIVO
3383;7292;14437.14;2461.53;6;2.3;2023-05-23;QUITADO
3384;3275;2670.57;150.74;18;1.6;2022-11-19;QUITADO
3385;2057;31748.84;2675.1;12;1.11;2021-10-03;ATIVO
3386;1696;1066.08;23.39;48;5.31;2024-09-21;INADIMPLENTE
3387;8023;10503.18;1795.34;6;2.56;2024-06-25;INADIMPLENTE
3388;192;552.25;32.63;18;6.35;2021-04-01;INADIMPLENTE
3389;7280;4741.22;210.89;24;6.75;2024-06-01;QUITADO
3390;6062;19533.19;421.02;48;3.46;2021-09-28;QUITADO
3391;5842;10810.7;1816.56;6;0.82;2024-03-16;ATIVO
3392;6257;1393.69;40.3;36;4.09;2021-11-13;INADIMPLENTE
3393;4189;5906.53;521.6;12;5.97;2022-05-03;ATIVO
3394;7909;11722.76;328.76;36;0.96;2023-07-11;QUITADO
3395;1290;16795.47;481.38;36;3.18;2024-08-18;QUITADO
3396;9064;6154.63;183.49;36;7.33;2022-11-29;ATIVO
3397;76;12274.41;2097.08;6;2.51;2022-12-05;ATIVO
3398;2644;7534.31;443.31;18;5.91;2022-10-23;QUITADO
3399;5197;8479.64;716.32;12;1.37;2024-05-22;QUITADO
3400;7836;1124.61;33.24;36;6.41;2021-12-04;QUITADO
3401;7364;18176.72;783.49;24;3.45;2022-11-16;QUITADO
3402;6617;9730.32;209.12;48;3.16;2021-08-15;QUITADO
3403;181;19300.27;1664.49;12;3.49;2022-09-05;ATIVO
3404;9511;4008.08;354.15;12;6.03;2024-04-08;QUITADO
3405;3971;3391.09;198.47;18;5.35;2024-05-16;INADIMPLENTE
3406;8761;18587.85;1574.7;12;1.66;2024-11-20;QUITADO
3407;9996;18517.06;518.73;36;0.85;2023-08-21;ATIVO
3408;2167;5477.05;117.48;48;2.96;2023-06-09;QUITADO
3409;6117;3958.16;351.91;12;6.69;2022-06-13;INADIMPLENTE
3410;931;13071.77;1112.08;12;2.09;2024-07-13;ATIVO
3411;7782;17338.63;497.38;36;3.27;2023-08-06;ATIVO
3412;4138;1735.93;76.55;24;5.84;2023-01-12;ATIVO
3413;3550;3031.69;133.44;24;5.64;2024-12-27;QUITADO
3414;2094;15026.02;423.23;36;1.4;2024-10-17;ATIVO
3415;4468;16863.44;481.54;36;2.8;2024-03-16;QUITADO
3416;6257;6545.61;377.14;18;3.71;2023-12-30;ATIVO
3417;1066;13173.44;1128.41;12;2.79;2022-08-24;QUITADO
3418;6223;6981.08;1228.9;6;5.62;2024-07-07;QUITADO
3419;3813;7242.77;405.68;18;0.82;2021-01-20;ATIVO
3420;7555;8960.05;511.22;18;2.7;2023-09-17;ATIVO
3421;7098;3614.0;209.87;18;4.53;2021-12-10;ATIVO
3422;7440;14195.93;302.58;48;2.31;2021-10-11;ATIVO
3423;3576;5972.28;506.4;12;1.75;2021-03-09;ATIVO
3424;1626;15855.91;1346.96;12;1.94;2021-04-19;QUITADO
3425;7886;1133.96;66.89;18;6.18;2024-07-13;ATIVO
3426;9696;46056.69;973.72;48;1.48;2022-11-12;QUITADO
3427;3664;15877.71;333.76;48;0.9;2021-08-21;ATIVO
3428;915;4502.59;386.47;12;3.0;2023-03-23;QUITADO
3429;9705;2250.84;95.77;24;2.12;2022-11-04;ATIVO
3430;3109;19423.51;3313.0;6;2.34;2021-01-24;ATIVO
3431;9289;4412.78;391.08;12;6.35;2024-06-04;QUITADO
3432;8749;2130.71;126.77;18;7.09;2024-06-04;ATIVO
3433;1767;15002.27;641.03;24;2.55;2022-09-20;QUITADO
3434;7276;4814.06;104.55;48;4.24;2022-05-12;INADIMPLENTE
3435;7186;7721.2;172.52;48;7.25;2022-10-24;ATIVO
3436;3130;5632.94;124.71;48;6.27;2023-09-13;INADIMPLENTE
3437;4734;40876.27;6904.68;6;1.35;2022-12-24;ATIVO
3438;3794;4963.46;432.73;12;4.62;2021-12-07;ATIVO
3439;5674;7345.82;161.36;48;5.44;2022-09-09;QUITADO
3440;8059;15808.08;674.68;24;2.43;2022-10-27;ATIVO
3441;9405;14674.36;1241.45;12;1.52;2024-05-24;ATIVO
3442;1178;30859.22;650.55;48;1.19;2024-07-26;ATIVO
3443;1558;6711.67;284.16;24;1.61;2023-04-13;ATIVO
3444;2776;6805.33;392.44;18;3.8;2022-09-09;ATIVO
3445;3129;27645.72;2324.54;12;0.9;2024-12-16;ATIVO
3446;2136;5936.34;1010.66;6;2.15;2022-08-05;INADIMPLENTE
3447;6798;5723.1;242.87;24;1.85;2024-06-22;ATIVO
3448;7297;11462.37;241.52;48;1.14;2021-05-06;QUITADO
3449;5126;3821.56;226.77;18;6.81;2022-07-03;QUITADO
3450;9950;5268.04;453.89;12;3.39;2022-09-19;QUITADO
3451;9521;35775.95;1512.58;24;1.47;2024-04-18;ATIVO
3452;7783;19375.91;1627.74;12;0.81;2024-10-07;ATIVO
3453;9029;1874.19;41.45;48;6.15;2022-12-12;ATIVO
3454;1049;9907.39;210.22;48;1.85;2022-04-01;ATIVO
3455;8460;1985.96;57.92;36;5.0;2021-07-21;ATIVO
3456;6586;2347.05;105.14;24;7.51;2022-04-22;QUITADO
3457;2021;5722.49;121.66;48;2.05;2022-03-03;QUITADO
3458;4898;7893.2;341.15;24;3.73;2022-09-28;ATIVO
3459;6975;13042.1;730.86;18;0.87;2023-09-02;ATIVO
3460;4294;5973.75;168.34;36;1.45;2024-01-09;QUITADO
3461;3916;5859.35;256.79;24;5.18;2021-11-19;ATIVO
3462;3543;2226.14;384.94;6;3.75;2022-10-26;INADIMPLENTE
3463;7124;22989.25;1943.36;12;1.44;2022-05-25;QUITADO
3464;3495;7206.42;1238.78;6;3.14;2023-09-26;QUITADO
3465;9775;3242.28;192.18;18;6.69;2022-10-27;ATIVO
3466;2611;27439.53;771.13;36;1.17;2022-07-01;QUITADO
3467;6330;14267.02;814.57;18;2.77;2021-11-08;QUITADO
3468;1518;13304.98;282.18;48;1.8;2024-10-14;ATIVO
3469;226;7476.89;424.11;18;2.1;2021-05-26;QUITADO
3470;4983;32929.24;1845.14;18;0.86;2023-02-02;QUITADO
3471;3456;1486.97;133.02;12;7.35;2023-11-12;ATIVO
3472;906;766.95;34.23;24;7.1;2023-11-25;INADIMPLENTE
3473;9332;1183.5;102.41;12;3.84;2022-12-09;ATIVO
3474;6397;20718.34;437.8;48;1.43;2022-04-03;ATIVO
3475;6963;18952.72;1066.72;18;1.31;2021-05-21;ATIVO
3476;9402;7058.65;1250.2;6;6.27;2022-11-14;ATIVO
3477;3446;17308.11;989.25;18;2.88;2023-01-04;ATIVO
3478;3896;3304.25;141.11;24;2.49;2023-06-05;QUITADO
3479;441;12815.49;360.83;36;1.36;2024-07-17;ATIVO
3480;4793;49129.77;2072.66;24;1.25;2022-05-19;ATIVO
3481;5122;6378.75;1101.18;6;3.58;2023-04-21;QUITADO
3482;2300;17189.41;364.45;48;1.77;2024-10-03;ATIVO
3483;597;5428.5;121.5;48;7.43;2023-06-05;ATIVO
3484;3149;1485.67;258.93;6;4.57;2023-07-28;QUITADO
3485;7927;1048.68;184.32;6;5.46;2022-08-16;QUITADO
3486;4416;2857.94;82.71;36;4.19;2024-09-12;ATIVO
3487;7716;6565.07;143.93;48;5.23;2024-08-28;ATIVO
3488;224;9462.46;1613.98;6;2.34;2022-09-19;INADIMPLENTE
3489;5230;2118.29;92.1;24;4.35;2021-02-19;ATIVO
3490;3446;10598.54;228.16;48;3.33;2024-04-29;ATIVO
3491;7605;6985.91;391.33;18;0.83;2023-05-06;QUITADO
3492;2832;17142.0;367.73;48;2.97;2022-03-20;ATIVO
3493;2608;10226.25;291.73;36;2.7;2023-12-11;ATIVO
3494;6850;1236.22;36.31;36;5.75;2022-03-01;ATIVO
3495;3444;6494.37;280.53;24;3.67;2024-09-06;ATIVO
3496;92;7537.03;217.78;36;4.02;2023-12-08;QUITADO
3497;8547;19370.82;821.08;24;1.73;2024-12-20;ATIVO
3498;6025;7693.97;219.21;36;2.57;2024-11-03;ATIVO
3499;676;3653.48;106.65;36;5.09;2021-04-04;QUITADO
3500;7867;12926.5;278.7;48;3.49;2024-04-25;QUITADO
3501;3594;7949.46;232.35;36;5.22;2024-01-04;ATIVO
3502;6196;22108.71;1866.9;12;1.33;2023-12-10;QUITADO
3503;6834;26562.53;2231.7;12;0.82;2023-09-27;ATIVO
3504;4411;1033.77;21.93;48;1.81;2024-02-09;QUITADO
3505;1163;13706.53;774.57;18;1.72;2023-07-06;ATIVO
3506;9837;4669.95;396.21;12;1.81;2022-12-22;QUITADO
3507;2759;1337.11;38.01;36;2.34;2022-04-03;ATIVO
3508;7753;5839.41;1039.12;6;6.77;2023-12-29;ATIVO
3509;771;15604.28;441.86;36;1.94;2023-06-28;QUITADO
3510;8675;10888.15;312.73;36;3.4;2024-04-11;ATIVO
3511;4070;4772.7;845.8;6;6.33;2024-08-06;INADIMPLENTE
3512;2700;7827.07;227.53;36;4.65;2024-01-29;INADIMPLENTE
3513;2171;9767.56;1659.02;6;1.91;2022-06-17;ATIVO
3514;2081;6005.27;1023.7;6;2.28;2023-06-10;ATIVO
3515;4777;10786.94;459.61;24;2.26;2023-07-10;ATIVO
3516;455;17499.55;994.07;18;2.25;2023-10-04;ATIVO
3517;345;2596.02;148.97;18;3.29;2022-12-27;QUITADO
3518;3150;3133.21;91.77;36;5.44;2023-01-19;QUITADO
3519;7313;2054.21;122.33;18;7.19;2022-05-25;ATIVO
3520;4326;1170.54;210.05;6;7.67;2024-07-05;ATIVO
3521;508;14427.91;1217.48;12;1.26;2021-02-03;QUITADO
3522;6322;1510.27;44.78;36;6.74;2022-12-10;ATIVO
3523;9428;6188.16;543.68;12;5.43;2022-05-07;ATIVO
3524;5952;5776.29;257.45;24;6.97;2022-05-11;ATIVO
3525;2101;4801.19;203.13;24;1.54;2023-10-12;QUITADO
3526;7061;4107.74;121.62;36;6.59;2021-11-26;ATIVO
3527;4781;1307.98;77.96;18;7.28;2024-01-27;ATIVO
3528;3064;11916.45;2008.72;6;1.14;2021-10-22;ATIVO
3529;5124;931.83;54.19;18;4.68;2022-08-18;QUITADO
3530;4287;1451.73;247.21;6;2.17;2022-12-02;ATIVO
3531;351;7944.14;231.33;36;4.83;2021-03-16;ATIVO
3532;7947;12136.83;346.68;36;2.83;2022-03-04;QUITADO
3533;8607;10423.53;222.89;48;2.64;2023-07-28;ATIVO
3534;4000;27950.09;2351.77;12;0.97;2022-09-27;QUITADO
3535;8640;22627.75;3811.27;6;1.06;2022-02-19;QUITADO
3536;833;39737.26;3356.47;12;1.36;2023-12-14;QUITADO
3537;1305;13753.76;2336.76;6;1.94;2021-03-03;ATIVO
3538;3854;18097.24;1017.57;18;1.21;2021-11-19;QUITADO
3539;3784;5138.46;455.05;12;6.27;2021-02-06;ATIVO
3540;1823;7802.44;458.22;18;5.71;2021-08-06;INADIMPLENTE
3541;8237;11794.64;251.57;48;2.38;2023-04-26;QUITADO
3542;8146;2536.02;110.86;24;4.91;2021-11-09;QUITADO
3543;7874;27343.88;2305.09;12;1.16;2023-01-06;QUITADO
3544;9600;12507.07;529.99;24;1.7;2021-11-18;QUITADO
3545;2743;1664.02;96.28;18;4.15;2024-07-18;INADIMPLENTE
3546;2761;531.33;46.63;12;5.32;2022-05-27;ATIVO
3547;5126;2183.41;125.75;18;3.67;2021-03-21;ATIVO
3548;4721;6076.69;266.31;24;5.18;2021-07-29;QUITADO
3549;929;8546.56;479.22;18;0.93;2023-11-29;ATIVO
3550;9621;1826.12;104.12;18;2.63;2021-07-29;QUITADO
3551;1622;6881.3;617.31;12;7.65;2023-11-05;ATIVO
3552;7508;1227.48;211.27;6;3.27;2023-04-26;QUITADO
3553;6562;825.83;24.16;36;5.31;2021-08-24;QUITADO
3554;9432;2131.32;190.61;12;7.32;2023-09-27;ATIVO
3555;1800;6584.34;375.12;18;2.55;2023-09-23;ATIVO
3556;4722;752.34;22.23;36;6.36;2023-02-21;ATIVO
3557;5053;3622.13;215.52;18;7.1;2021-10-15;QUITADO
3558;6340;12618.48;359.1;36;2.45;2022-08-01;ATIVO
3559;7252;3950.56;336.16;12;2.11;2021-11-24;ATIVO
3560;9291;5930.91;169.85;36;3.1;2021-11-02;ATIVO
3561;7334;11340.18;481.96;24;2.0;2022-01-27;QUITADO
3562;2852;5642.01;242.02;24;2.95;2022-04-26;ATIVO
3563;5536;2751.53;484.18;6;5.58;2022-04-09;QUITADO
3564;9065;16914.37;2914.63;6;3.39;2023-12-28;ATIVO
3565;3307;1643.75;35.49;48;3.64;2023-02-19;ATIVO
3566;7342;16431.29;938.04;18;2.76;2021-09-06;QUITADO
3567;1103;2364.02;69.75;36;6.22;2023-04-18;ATIVO
3568;7163;1139.52;65.54;18;3.53;2023-07-20;ATIVO
3569;1112;15971.17;458.55;36;3.36;2024-03-08;ATIVO
3570;1969;10586.32;1788.74;6;1.38;2024-04-03;QUITADO
3571;3921;12697.13;272.75;48;3.11;2022-10-08;ATIVO
3572;1528;22026.43;465.26;48;1.39;2024-10-17;QUITADO
3573;4937;7162.93;158.48;48;6.2;2023-09-23;INADIMPLENTE
3574;6638;11492.02;979.89;12;2.32;2022-08-16;QUITADO
3575;467;839.5;48.41;18;3.79;2021-06-10;ATIVO
3576;8309;4762.08;810.03;6;2.06;2023-11-23;ATIVO
3577;5812;18933.5;534.92;36;1.71;2024-07-21;QUITADO
3578;3106;1184.44;66.93;18;1.71;2021-06-25;QUITADO
3579;1986;2235.92;132.47;18;6.64;2024-07-26;ATIVO
3580;12;17603.61;373.09;48;1.73;2021-01-05;ATIVO
3581;4548;25269.62;709.09;36;1.02;2023-01-10;QUITADO
3582;8366;4793.93;280.6;18;5.36;2021-04-08;QUITADO
3583;7501;18151.96;779.85;24;3.11;2021-07-24;ATIVO
3584;8798;6631.46;289.66;24;4.83;2023-12-15;ATIVO
3585;691;1413.84;240.19;6;1.93;2022-06-22;QUITADO
3586;9071;20915.94;883.44;24;1.37;2022-07-11;ATIVO
3587;1354;3377.72;287.47;12;2.13;2023-07-27;ATIVO
3588;6372;48952.25;1373.79;36;1.03;2022-07-05;QUITADO
3589;6393;3912.45;232.7;18;7.06;2021-02-25;ATIVO
3590;2616;43603.31;1834.25;24;0.96;2022-06-28;QUITADO
3591;4117;5205.41;151.33;36;4.66;2023-12-12;ATIVO
3592;6115;12481.1;1065.05;12;2.4;2022-05-21;ATIVO
3593;7897;5810.14;257.2;24;6.24;2024-06-13;ATIVO
3594;5804;1893.67;41.35;48;4.8;2023-04-09;ATIVO
3595;5078;2345.36;101.08;24;3.43;2021-02-04;ATIVO
3596;5083;3699.7;161.11;24;4.51;2022-12-20;INADIMPLENTE
3597;740;990.26;21.57;48;4.55;2024-02-14;QUITADO
3598;1783;10289.3;435.54;24;1.59;2022-05-10;QUITADO
3599;8735;6773.87;1172.9;6;3.89;2021-02-24;INADIMPLENTE
3600;5735;5019.21;112.91;48;7.98;2022-11-12;QUITADO
3601;8548;15949.3;1356.89;12;2.09;2022-10-22;QUITADO
3602;4190;1711.59;96.94;18;1.95;2021-02-13;QUITADO
3603;9273;9375.43;264.65;36;1.62;2023-03-31;ATIVO
3604;6133;2752.35;80.73;36;5.59;2023-02-15;INADIMPLENTE
3605;7729;13086.84;374.61;36;3.05;2024-04-25;ATIVO
3606;3340;2392.44;417.56;6;4.72;2023-08-16;ATIVO
3607;8915;13343.0;564.41;24;1.52;2021-08-07;QUITADO
3608;6180;901.68;38.93;24;3.61;2023-08-18;ATIVO
3609;4500;1038.62;44.8;24;3.52;2022-03-31;ATIVO
3610;8354;6950.77;397.0;18;2.81;2024-05-04;QUITADO
3611;315;4837.79;821.54;6;1.89;2023-06-29;INADIMPLENTE
3612;497;1329.86;234.68;6;5.88;2023-06-25;ATIVO
3613;5848;5776.13;250.25;24;3.98;2021-04-17;ATIVO
3614;5207;2585.24;465.21;6;7.97;2021-12-15;INADIMPLENTE
3615;4894;6092.94;349.8;18;3.34;2021-06-26;QUITADO
3616;1489;41456.92;2336.79;18;1.46;2024-04-27;QUITADO
3617;4998;17569.22;1480.21;12;1.1;2022-04-23;QUITADO
3618;7199;28354.23;598.22;48;1.27;2024-03-02;QUITADO
3619;8912;7886.95;467.92;18;6.79;2023-02-06;QUITADO
3620;7237;2216.09;397.9;6;7.73;2023-09-11;QUITADO
3621;7332;698.85;62.31;12;6.99;2022-04-25;ATIVO
3622;8999;7301.54;1279.23;6;5.12;2022-09-30;QUITADO
3623;3447;6477.25;191.22;36;6.28;2022-01-04;INADIMPLENTE
3624;1255;3531.64;206.46;18;5.23;2022-03-16;QUITADO
3625;7593;5882.25;130.81;48;6.74;2024-06-10;QUITADO
3626;6716;6736.04;593.05;12;5.65;2021-08-01;ATIVO
3627;6981;2123.42;63.69;36;7.98;2022-09-14;ATIVO
3628;6697;14194.94;1218.75;12;3.03;2022-07-14;ATIVO
3629;368;14635.48;1250.24;12;2.51;2022-02-06;QUITADO
3630;3734;6588.41;391.9;18;7.07;2023-12-14;QUITADO
3631;713;2971.77;65.13;48;5.19;2022-05-14;ATIVO
3632;4180;1650.75;73.77;24;7.26;2024-09-11;INADIMPLENTE
3633;3790;4650.56;103.81;48;7.15;2021-07-09;INADIMPLENTE
3634;8097;1086.81;94.8;12;4.67;2022-07-15;QUITADO
3635;6645;6432.73;284.35;24;6.09;2024-06-01;INADIMPLENTE
3636;5394;18807.29;801.5;24;2.28;2021-01-13;ATIVO
3637;7828;11625.09;1980.72;6;2.23;2023-09-06;QUITADO
3638;7268;6685.67;299.27;24;7.43;2024-05-29;ATIVO
3639;684;17735.89;3007.71;6;1.75;2023-03-07;ATIVO
3640;5846;683.73;14.83;48;4.11;2024-04-18;ATIVO
3641;7056;1909.84;112.48;18;6.01;2022-06-23;QUITADO
3642;2576;23028.99;646.6;36;1.08;2024-01-01;QUITADO
3643;9711;3858.95;685.74;6;6.62;2022-08-30;ATIVO
3644;5345;33277.64;1872.05;18;1.26;2023-01-09;QUITADO
3645;5913;6852.16;603.5;12;5.69;2024-05-12;QUITADO
3646;4860;5760.21;494.08;12;2.93;2023-09-01;QUITADO
3647;4667;7866.42;174.75;48;6.63;2024-01-13;QUITADO
3648;6383;8553.12;184.37;48;3.47;2024-04-09;QUITADO
3649;7636;3215.87;289.0;12;7.84;2024-05-22;QUITADO
3650;6230;5363.35;319.57;18;7.25;2021-02-18;ATIVO
3651;8624;1802.26;319.3;6;6.3;2021-01-15;QUITADO
3652;4309;1101.53;190.42;6;3.72;2024-09-28;INADIMPLENTE
3653;4324;915.37;54.4;18;6.97;2023-05-19;ATIVO
3654;7721;2337.85;66.01;36;1.65;2023-07-31;QUITADO
3655;3578;2434.42;141.16;18;4.37;2024-06-30;QUITADO
3656;7028;2556.11;437.73;6;2.75;2022-04-19;ATIVO
3657;3696;35266.37;987.46;36;0.8;2023-11-15;ATIVO
3658;4383;15511.85;438.55;36;1.78;2022-09-13;QUITADO
3659;6557;8133.89;232.34;36;2.83;2024-07-02;QUITADO
3660;5297;13927.59;294.8;48;1.6;2024-02-23;QUITADO
3661;5283;26513.21;2240.37;12;1.4;2024-10-12;ATIVO
3662;251;2397.95;137.7;18;3.36;2024-09-24;ATIVO
3663;7991;1436.52;31.33;48;4.68;2023-08-13;INADIMPLENTE
3664;6711;2337.59;104.97;24;7.77;2023-01-14;ATIVO
3665;8445;5934.8;1066.88;6;7.86;2024-05-25;QUITADO
3666;4512;7908.69;228.74;36;4.12;2024-01-26;ATIVO
3667;118;11286.91;474.52;24;0.9;2022-03-13;QUITADO
3668;3005;28682.12;1210.98;24;1.33;2022-08-12;ATIVO
3669;2154;3383.05;73.33;48;4.05;2024-07-13;ATIVO
3670;3768;5883.38;1042.53;6;6.32;2021-11-15;INADIMPLENTE
3671;3451;5974.17;1014.41;6;1.88;2024-11-14;QUITADO
3672;8679;5056.63;224.03;24;6.33;2023-11-04;INADIMPLENTE
3673;6924;18348.16;519.25;36;1.88;2024-04-25;ATIVO
3674;9908;6857.13;296.57;24;3.8;2022-07-15;INADIMPLENTE
3675;3343;5632.55;476.56;12;1.53;2024-03-28;ATIVO
3676;9388;5847.63;129.74;48;6.5;2022-04-13;QUITADO
3677;6110;19572.71;1677.06;12;2.82;2023-12-29;ATIVO
3678;1834;17850.55;757.16;24;1.8;2023-07-20;QUITADO
3679;6224;1811.04;54.13;36;7.6;2022-05-08;QUITADO
3680;1970;2450.28;71.85;36;5.57;2024-03-08;QUITADO
3681;6833;17341.44;1476.05;12;2.14;2022-10-04;ATIVO
3682;4815;5111.76;296.28;18;4.33;2022-06-13;ATIVO
3683;248;28410.63;2391.46;12;1.01;2024-07-13;INADIMPLENTE
3684;438;14366.02;408.47;36;2.36;2023-06-10;ATIVO
3685;164;44244.87;7459.69;6;1.16;2021-06-02;ATIVO
3686;2975;7783.2;680.32;12;4.89;2021-04-05;ATIVO
3687;8980;1461.86;31.17;48;2.35;2023-12-01;ATIVO
3688;3967;4714.46;203.53;24;3.61;2021-06-24;ATIVO
3689;8814;19276.88;1085.82;18;1.39;2024-05-01;QUITADO
3690;5499;15852.97;2717.46;6;2.85;2024-08-04;QUITADO
3691;6037;14273.41;1228.94;12;3.32;2023-09-14;ATIVO
3692;3305;7468.03;1317.98;6;5.89;2021-12-18;QUITADO
3693;6328;11965.42;257.61;48;3.34;2021-11-08;QUITADO
3694;9708;5973.02;257.76;24;3.57;2022-04-28;ATIVO
3695;19;3208.37;273.89;12;2.44;2023-03-24;QUITADO
3696;3019;1427.26;121.66;12;2.29;2022-01-25;QUITADO
3697;9999;18363.05;515.34;36;1.03;2021-01-14;QUITADO
3698;2409;19376.37;407.39;48;0.92;2024-06-22;ATIVO
3699;5670;47812.46;2016.29;24;1.21;2022-04-11;QUITADO
3700;6392;19433.26;555.68;36;2.94;2022-02-05;ATIVO
3701;6169;3192.52;141.28;24;6.21;2024-03-31;QUITADO
3702;2383;3096.93;90.26;36;4.92;2024-08-10;QUITADO
3703;848;5842.26;251.05;24;3.13;2022-07-06;QUITADO
3704;7133;2396.32;102.7;24;2.86;2024-10-15;ATIVO
3705;4031;8438.76;358.4;24;1.93;2021-01-25;QUITADO
3706;2694;28746.77;2418.32;12;0.95;2022-12-29;ATIVO
3707;7712;34382.12;1448.06;24;1.08;2021-08-02;ATIVO
3708;7798;7930.59;224.06;36;1.71;2022-08-21;ATIVO
3709;4539;1702.76;151.53;12;6.79;2021-03-04;INADIMPLENTE
3710;2668;4572.8;272.03;18;7.08;2023-03-26;QUITADO
3711;4426;6443.3;181.61;36;1.47;2024-12-03;QUITADO
3712;7804;19316.14;409.62;48;1.79;2022-06-02;ATIVO
3713;4511;11613.77;333.86;36;3.49;2023-08-14;QUITADO
3714;2907;18273.14;1552.46;12;1.95;2021-08-15;ATIVO
3715;2980;4037.77;87.22;48;3.68;2023-12-05;INADIMPLENTE
3716;410;2581.27;55.15;48;2.55;2023-06-23;ATIVO
3717;4451;9108.42;515.94;18;1.96;2022-08-19;ATIVO
3718;5358;1620.09;286.08;6;5.95;2023-08-25;QUITADO
3719;4080;2217.01;94.01;24;1.77;2021-02-16;QUITADO
3720;2285;11197.7;472.12;24;1.19;2022-06-03;QUITADO
3721;6078;2317.74;49.81;48;3.16;2021-11-25;ATIVO
3722;540;36418.42;3069.47;12;1.14;2024-07-12;QUITADO
3723;7808;996.67;29.15;36;5.28;2022-11-02;ATIVO
3724;8407;2736.11;58.26;48;2.21;2021-02-09;QUITADO
3725;3312;7905.21;1337.83;6;1.54;2021-03-08;QUITADO
3726;1109;5138.33;113.27;48;5.81;2024-01-07;QUITADO
3727;6265;14490.1;1244.22;12;3.04;2023-05-30;QUITADO
3728;6915;4951.83;852.13;6;3.25;2021-01-27;ATIVO
3729;99;580.52;25.26;24;4.44;2021-10-03;QUITADO
3730;4798;7122.54;603.99;12;1.76;2024-09-01;QUITADO
3731;3297;5126.93;432.24;12;1.17;2024-10-03;ATIVO
3732;8458;3704.56;78.75;48;2.04;2022-07-17;QUITADO
3733;9186;3926.72;341.59;12;4.39;2024-03-22;ATIVO
3734;1330;9260.04;261.67;36;1.73;2021-10-17;QUITADO
3735;6478;11644.83;333.82;36;3.2;2021-08-18;ATIVO
3736;9234;14479.82;1245.75;12;3.24;2021-09-11;ATIVO
3737;1879;18097.19;771.69;24;2.34;2024-06-07;ATIVO
3738;2390;4686.14;102.73;48;5.23;2024-10-16;ATIVO
3739;4171;5725.86;974.45;6;2.11;2022-06-05;QUITADO
3740;518;7324.11;1283.92;6;5.18;2021-02-08;QUITADO
3741;2797;3769.21;220.39;18;5.25;2024-04-03;INADIMPLENTE
3742;2809;729.71;21.4;36;5.59;2022-08-12;INADIMPLENTE
3743;1878;6007.86;174.91;36;4.81;2021-02-26;QUITADO
3744;929;37799.07;6354.65;6;0.87;2023-10-01;QUITADO
3745;261;1570.26;68.91;24;5.33;2024-11-20;QUITADO
3746;7072;1068.27;90.66;12;1.84;2022-08-29;ATIVO
3747;6270;3189.99;184.19;18;3.93;2021-02-07;QUITADO
3748;6774;7732.43;342.93;24;6.44;2024-06-14;ATIVO
3749;8864;14396.5;2463.0;6;2.65;2022-02-04;QUITADO
3750;49;16892.69;358.05;48;1.74;2022-11-10;ATIVO
3751;974;14264.49;303.83;48;2.24;2021-11-30;INADIMPLENTE
3752;6550;16070.48;454.3;36;1.77;2021-04-09;QUITADO
3753;6466;6780.9;593.1;12;4.96;2023-07-23;INADIMPLENTE
3754;3163;5269.71;467.34;12;6.42;2022-12-18;ATIVO
3755;5929;6051.28;135.71;48;7.65;2024-12-31;INADIMPLENTE
3756;4501;19906.11;1693.84;12;2.11;2022-11-28;QUITADO
3757;5230;5572.72;165.42;36;6.86;2023-01-16;ATIVO
3758;7266;1298.8;224.5;6;3.71;2022-11-07;ATIVO
3759;4957;6628.04;393.96;18;6.99;2023-11-04;QUITADO
3760;4742;6761.18;300.28;24;6.59;2023-07-02;QUITADO
3761;7029;29847.35;2519.37;12;1.29;2023-04-04;ATIVO
3762;1681;1118.42;48.32;24;3.68;2022-07-20;ATIVO
3763;9110;640.11;56.48;12;5.89;2021-02-10;ATIVO
3764;4157;19312.98;547.25;36;2.01;2023-11-06;ATIVO
3765;7660;6194.24;267.2;24;3.53;2021-08-30;ATIVO
3766;9398;9203.56;527.52;18;3.17;2021-09-26;QUITADO
3767;2667;19841.43;1684.21;12;1.86;2023-01-24;QUITADO
3768;121;2963.58;66.56;48;7.81;2022-08-28;QUITADO
3769;5293;3233.49;286.89;12;6.47;2021-04-03;ATIVO
3770;193;6450.89;188.1;36;4.97;2023-04-14;ATIVO
3771;3868;9453.43;268.87;36;2.39;2024-05-28;QUITADO
3772;8438;1161.97;26.12;48;7.92;2022-01-21;INADIMPLENTE
3773;5039;7920.79;235.49;36;7.03;2022-04-03;ATIVO
3774;3034;2790.88;160.6;18;3.58;2023-08-16;ATIVO
3775;9848;1570.97;91.95;18;5.35;2022-10-28;ATIVO
3776;1397;5621.22;1001.98;6;6.95;2023-03-08;QUITADO
3777;8168;11829.75;667.07;18;1.5;2023-12-23;ATIVO
3778;2390;7336.73;1297.01;6;6.07;2021-08-12;ATIVO
3779;2861;5444.73;487.53;12;7.45;2022-01-07;INADIMPLENTE
3780;277;14229.77;598.12;24;0.88;2024-12-23;QUITADO
3781;6326;39958.35;6737.64;6;1.17;2021-01-16;QUITADO
3782;1905;4719.39;203.19;24;3.33;2023-06-06;QUITADO
3783;3693;1027.61;22.81;48;6.56;2023-11-06;ATIVO
3784;2065;7160.92;211.57;36;6.36;2024-06-18;ATIVO
3785;6691;1133.62;48.62;24;2.94;2022-07-30;QUITADO
3786;4140;1293.71;226.96;6;5.26;2022-05-20;ATIVO
3787;6730;11872.65;254.67;48;2.96;2023-09-09;ATIVO
3788;4185;43713.5;1228.84;36;1.2;2021-09-17;QUITADO
3789;5823;13034.62;741.74;18;2.43;2024-11-26;ATIVO
3790;1197;864.79;75.86;12;5.27;2022-03-09;QUITADO
3791;4396;4143.13;121.81;36;5.84;2023-11-30;ATIVO
3792;6023;44713.17;3773.42;12;1.27;2023-11-18;ATIVO
3793;3691;13211.46;375.17;36;2.23;2024-06-13;QUITADO
3794;945;4343.97;765.99;6;5.8;2024-01-24;QUITADO
3795;8045;2436.52;217.22;12;6.98;2024-03-24;ATIVO
3796;2318;5725.07;1007.61;6;5.6;2024-12-28;ATIVO
3797;874;11800.98;254.02;48;3.32;2021-01-09;ATIVO
3798;5364;4223.31;247.81;18;5.62;2024-06-14;ATIVO
3799;7695;12622.67;269.97;48;2.66;2024-08-31;ATIVO
3800;6822;6363.75;379.03;18;7.21;2023-08-06;ATIVO
3801;9716;33915.66;1908.32;18;1.28;2022-09-27;ATIVO
3802;9421;6874.99;1200.26;6;4.75;2023-07-15;ATIVO
3803;7035;7292.2;639.95;12;5.31;2023-05-23;ATIVO
3804;7856;33811.23;1895.12;18;0.89;2022-08-07;QUITADO
3805;6622;2732.89;121.2;24;6.44;2022-12-28;QUITADO
3806;3384;9910.63;419.14;24;1.5;2021-03-05;ATIVO
3807;7910;14938.89;1286.86;12;3.37;2022-11-30;ATIVO
3808;6325;7397.02;654.08;12;6.11;2024-06-05;ATIVO
3809;2244;19141.29;408.87;48;2.53;2024-12-26;QUITADO
3810;9002;15074.67;648.34;24;3.22;2024-05-26;QUITADO
3811;9620;30753.58;1297.93;24;1.29;2023-01-16;ATIVO
3812;7600;19140.16;537.79;36;1.15;2022-04-02;QUITADO
3813;1930;4226.59;189.58;24;7.65;2024-09-25;ATIVO
3814;9864;11491.12;495.41;24;3.47;2023-09-04;QUITADO
3815;7535;7969.98;703.15;12;5.87;2022-09-20;QUITADO
3816;5256;4166.04;92.48;48;6.55;2022-03-08;QUITADO
3817;417;3821.43;82.61;48;3.76;2021-07-20;ATIVO
3818;3857;6801.48;303.6;24;7.13;2023-03-06;QUITADO
3819;4369;18502.91;391.99;48;1.69;2022-01-31;QUITADO
3820;7121;691.55;15.12;48;4.92;2021-01-06;INADIMPLENTE
3821;6631;11157.43;476.42;24;2.48;2024-04-10;ATIVO
3822;6970;13583.63;285.57;48;0.91;2024-12-28;QUITADO
3823;6066;17713.45;1493.1;12;1.15;2022-01-23;QUITADO
3824;1531;12169.5;691.77;18;2.32;2021-09-24;QUITADO
3825;7378;7327.58;1262.91;6;3.41;2022-01-19;ATIVO
3826;4929;6237.34;543.22;12;4.51;2024-10-31;INADIMPLENTE
3827;3795;6986.16;600.23;12;3.1;2023-07-29;QUITADO
3828;157;14192.76;301.54;48;1.98;2022-11-09;QUITADO
3829;1329;2635.58;117.66;24;7.14;2021-11-16;QUITADO
3830;6585;5674.79;495.03;12;4.68;2021-10-14;ATIVO
3831;7043;2342.5;105.28;24;7.86;2023-09-25;ATIVO
3832;1606;24074.64;674.42;36;0.85;2022-11-07;ATIVO
3833;3019;12118.04;260.71;48;3.27;2023-01-02;QUITADO
3834;3986;20510.44;863.32;24;1.02;2021-03-27;QUITADO
3835;2527;3827.13;659.1;6;3.33;2023-04-22;QUITADO
3836;6576;5778.05;489.83;12;1.73;2023-05-07;QUITADO
3837;8277;2491.02;149.3;18;7.88;2024-02-29;ATIVO
3838;7271;9932.04;422.32;24;2.05;2021-08-16;ATIVO
3839;1053;1308.3;38.87;36;6.95;2022-05-26;QUITADO
3840;4982;12344.24;265.79;48;3.35;2021-10-30;ATIVO
3841;8546;5993.14;1055.29;6;5.65;2023-05-08;ATIVO
3842;8515;3782.0;165.4;24;4.96;2021-07-31;QUITADO
3843;9115;4208.34;362.3;12;3.31;2024-01-14;QUITADO
3844;2626;5421.61;120.2;48;6.42;2021-02-24;INADIMPLENTE
3845;8446;6624.75;282.19;24;2.23;2024-02-16;ATIVO
3846;4012;2362.49;419.85;6;6.63;2022-06-10;ATIVO
3847;3220;7153.0;406.29;18;2.24;2024-04-04;QUITADO
3848;3558;3395.32;144.54;24;2.17;2022-03-11;ATIVO
3849;384;9145.37;392.15;24;2.91;2023-10-18;QUITADO
3850;4276;4542.0;100.01;48;5.69;2022-10-01;QUITADO
3851;7923;5111.36;110.05;48;3.35;2021-10-08;ATIVO
3852;2769;6933.69;610.74;12;5.7;2024-03-26;QUITADO
3853;9667;2172.61;46.6;48;2.95;2023-04-22;ATIVO
3854;8078;28379.69;596.09;48;0.82;2022-05-16;QUITADO
3855;4158;8163.56;173.99;48;2.3;2021-10-19;QUITADO
3856;70;9057.69;260.16;36;3.4;2021-02-05;QUITADO
3857;4220;14027.39;1190.81;12;1.87;2021-05-08;QUITADO
3858;3364;3308.94;194.93;18;6.04;2024-10-17;QUITADO
3859;2229;1281.38;36.88;36;3.61;2021-03-18;QUITADO
3860;6779;7539.13;331.22;24;5.44;2021-02-18;ATIVO
3861;5986;2275.57;130.64;18;3.34;2024-10-20;ATIVO
3862;8567;1734.78;147.05;12;1.72;2024-04-11;QUITADO
3863;1871;2396.39;71.44;36;7.32;2021-03-09;INADIMPLENTE
3864;5768;12383.52;1056.83;12;2.41;2021-08-23;QUITADO
3865;980;14834.2;421.37;36;2.26;2024-08-22;ATIVO
3866;8375;5515.74;117.08;48;1.89;2022-04-19;ATIVO
3867;22;13068.67;2236.49;6;2.68;2024-05-06;ATIVO
3868;2334;7398.99;160.64;48;4.21;2024-06-02;QUITADO
3869;8050;518.33;29.99;18;4.16;2022-04-05;ATIVO
3870;5014;2615.75;221.36;12;1.55;2023-05-06;ATIVO
3871;8834;7504.4;210.19;36;0.83;2021-09-15;ATIVO
3872;5585;10707.25;230.36;48;3.27;2023-08-07;ATIVO
3873;4547;2597.96;114.2;24;5.5;2021-04-21;ATIVO
3874;4902;32919.91;1847.54;18;1.02;2023-10-03;ATIVO
3875;3455;4515.86;200.97;24;6.81;2021-12-08;ATIVO
3876;8550;18737.11;3225.28;6;3.28;2023-03-31;QUITADO
3877;9328;1690.85;36.77;48;4.37;2023-11-28;QUITADO
3878;7319;15198.52;2613.13;6;3.16;2021-06-12;ATIVO
3879;8837;4180.81;120.15;36;3.46;2024-02-08;ATIVO
3880;6073;2683.52;116.0;24;3.74;2024-12-12;ATIVO
3881;8590;27647.12;1552.69;18;1.09;2021-10-09;ATIVO
3882;1975;2530.64;112.65;24;6.83;2021-01-27;QUITADO
3883;6870;8922.16;191.81;48;3.19;2021-02-09;ATIVO
3884;8784;44875.24;2524.23;18;1.25;2023-06-21;QUITADO
3885;2818;5207.2;301.44;18;4.2;2021-12-29;QUITADO
3886;9321;5132.86;145.74;36;2.22;2023-08-12;ATIVO
3887;2639;4019.55;119.06;36;6.63;2024-01-04;ATIVO
3888;5048;9388.86;199.55;48;2.02;2024-12-02;INADIMPLENTE
3889;8185;3624.31;160.42;24;6.23;2023-08-17;INADIMPLENTE
3890;3824;7006.45;308.17;24;5.56;2021-06-26;ATIVO
3891;6372;32666.98;915.58;36;0.9;2024-05-27;QUITADO
3892;2314;7409.6;217.22;36;5.54;2022-09-20;ATIVO
3893;3575;28510.37;799.16;36;0.91;2021-10-07;ATIVO
3894;2177;7916.78;349.03;24;5.81;2024-11-08;QUITADO
3895;9308;5805.83;258.21;24;6.74;2022-06-11;ATIVO
3896;6000;1510.07;85.35;18;1.74;2022-02-06;ATIVO
3897;9396;2416.1;69.28;36;3.23;2023-05-19;ATIVO
3898;7274;8356.66;176.83;48;1.57;2023-03-26;ATIVO
3899;7093;1200.91;102.67;12;2.59;2021-06-02;ATIVO
3900;938;48366.28;2041.06;24;1.28;2023-02-14;ATIVO
3901;8075;4039.63;117.69;36;4.88;2023-01-24;ATIVO
3902;4301;1582.59;46.76;36;6.36;2023-12-09;QUITADO
3903;3667;10544.48;886.88;12;0.93;2022-06-22;ATIVO
3904;1116;5635.34;488.87;12;4.1;2023-02-04;ATIVO
3905;1526;2525.43;112.1;24;6.53;2021-02-06;INADIMPLENTE
3906;6223;5029.48;145.13;36;3.88;2024-02-14;INADIMPLENTE
3907;6348;4671.23;138.27;36;6.56;2023-06-21;ATIVO
3908;8208;14346.57;606.8;24;1.51;2021-01-03;QUITADO
3909;1574;6345.83;140.94;48;6.61;2023-03-31;ATIVO
3910;1060;7238.09;425.0;18;5.69;2021-12-16;ATIVO
3911;7775;4005.04;692.07;6;3.68;2021-04-23;QUITADO
3912;3837;6419.41;365.34;18;2.44;2022-04-09;ATIVO
3913;7032;7812.81;226.81;36;4.51;2023-02-03;QUITADO
3914;3765;4978.27;221.51;24;6.79;2024-12-03;ATIVO
3915;7365;18328.23;777.42;24;1.8;2021-06-20;QUITADO
3916;6328;7222.94;1238.01;6;2.84;2021-07-07;ATIVO
3917;124;6715.08;1160.14;6;3.66;2021-04-15;ATIVO
3918;3210;1968.93;337.51;6;2.85;2023-10-14;ATIVO
3919;7013;3215.9;71.02;48;6.0;2021-12-28;QUITADO
3920;4288;1913.24;107.91;18;1.52;2024-09-24;ATIVO
3921;8781;26309.99;553.61;48;1.0;2024-07-07;QUITADO
3922;6648;35720.5;3005.28;12;0.96;2021-03-09;QUITADO
3923;1462;7923.18;685.82;12;3.87;2024-06-23;ATIVO
3924;4754;9942.69;285.3;36;3.3;2024-05-20;ATIVO
3925;1085;5363.17;118.02;48;5.63;2024-11-19;QUITADO
3926;5553;17341.82;990.51;18;2.81;2024-08-03;ATIVO
3927;4794;12383.78;701.47;18;1.96;2024-05-03;QUITADO
3928;1322;7908.23;176.95;48;7.4;2022-09-26;ATIVO
3929;8054;15441.6;875.11;18;2.01;2021-11-06;QUITADO
3930;3596;13885.83;394.47;36;2.27;2022-06-13;ATIVO
3931;9840;4149.51;237.08;18;2.84;2021-06-20;ATIVO
3932;8320;1347.54;29.57;48;5.32;2022-03-09;ATIVO
3933;6287;1747.64;37.28;48;2.38;2023-01-21;ATIVO
3934;2598;7235.53;626.6;12;3.92;2022-05-04;ATIVO
3935;2069;15838.56;450.61;36;2.42;2022-04-16;QUITADO
3936;8092;15998.88;688.22;24;3.24;2024-03-20;QUITADO
3937;2846;14047.81;603.12;24;3.04;2023-02-16;ATIVO
3938;9114;6076.57;268.13;24;5.9;2021-01-10;INADIMPLENTE
3939;9379;19410.38;820.01;24;1.39;2021-07-01;ATIVO
3940;7964;3933.54;117.07;36;7.14;2024-09-08;ATIVO
3941;1410;7900.23;445.88;18;1.59;2024-06-14;QUITADO
3942;2036;10808.01;1854.47;6;2.95;2022-07-18;ATIVO
3943;5404;5092.06;148.14;36;4.73;2021-04-30;ATIVO
3944;5464;6646.15;385.66;18;4.45;2023-10-28;QUITADO
3945;9189;2624.31;460.57;6;5.3;2024-10-12;QUITADO
3946;1206;5854.34;332.43;18;2.21;2021-02-24;ATIVO
3947;8911;4831.69;213.48;24;6.04;2022-03-05;ATIVO
3948;7439;8103.82;687.95;12;1.87;2022-10-12;QUITADO
3949;7445;24861.74;696.82;36;0.9;2021-08-12;QUITADO
3950;7118;3214.64;68.1;48;1.69;2021-04-27;QUITADO
3951;4014;4385.59;98.31;48;7.6;2021-05-26;ATIVO
3952;687;2377.14;53.4;48;7.83;2023-05-19;ATIVO
3953;803;5072.66;113.65;48;7.54;2022-10-21;ATIVO
3954;9523;16551.62;2832.81;6;2.69;2022-05-13;ATIVO
3955;8018;4826.56;845.53;6;5.11;2023-10-22;ATIVO
3956;7805;1993.99;42.72;48;2.83;2023-07-19;ATIVO
3957;2625;4772.63;272.97;18;2.95;2024-11-20;QUITADO
3958;1393;4489.05;805.93;6;7.72;2021-11-16;ATIVO
3959;6342;17310.1;978.98;18;1.8;2021-11-14;ATIVO
3960;4015;7758.54;339.63;24;5.06;2024-09-19;ATIVO
3961;9060;5389.34;303.75;18;1.45;2022-08-31;ATIVO
3962;5288;1729.74;50.91;36;5.96;2023-11-25;QUITADO
3963;8654;7454.23;222.41;36;7.41;2021-07-28;ATIVO
3964;5145;1556.8;276.93;6;6.73;2022-08-01;QUITADO
3965;7332;5623.17;164.98;36;5.62;2024-01-11;ATIVO
3966;5020;6795.89;1155.98;6;2.06;2022-08-27;ATIVO
3967;1439;2359.3;102.52;24;4.29;2021-08-01;QUITADO
3968;877;4607.32;270.48;18;5.67;2024-10-29;INADIMPLENTE
3969;2453;16093.63;1373.99;12;2.45;2021-06-15;ATIVO
3970;3198;1088.92;94.99;12;4.68;2023-10-20;QUITADO
3971;7836;855.64;49.92;18;5.01;2022-12-06;ATIVO
3972;9103;5161.21;460.64;12;7.1;2023-05-18;ATIVO
3973;6830;18912.05;806.84;24;2.39;2024-06-23;QUITADO
3974;8689;10850.93;311.48;36;3.34;2023-07-21;QUITADO
3975;9381;11293.41;483.17;24;2.68;2023-08-22;QUITADO
3976;1216;6296.83;178.69;36;2.16;2022-06-13;ATIVO
3977;5805;6188.69;1108.6;6;7.48;2022-04-28;INADIMPLENTE
3978;5326;1366.6;39.76;36;4.75;2021-10-06;ATIVO
3979;4842;12043.65;258.29;48;2.94;2022-03-13;QUITADO
3980;5756;17919.9;3056.24;6;2.33;2024-11-16;INADIMPLENTE
3981;1435;12439.27;1059.0;12;2.16;2024-11-25;QUITADO
3982;4699;13606.28;2322.37;6;2.41;2024-12-01;QUITADO
3983;8644;2383.76;210.8;12;6.12;2023-11-23;QUITADO
3984;313;9989.6;561.75;18;1.22;2023-12-18;ATIVO
3985;4502;6597.51;187.06;36;2.07;2022-05-12;ATIVO
3986;7334;15978.15;908.45;18;2.34;2023-04-14;ATIVO
3987;8189;44918.91;2517.46;18;0.88;2023-04-19;QUITADO
3988;2686;3515.47;77.63;48;5.99;2021-09-28;ATIVO
3989;8426;15799.66;2667.25;6;1.29;2023-08-12;QUITADO
3990;4797;23849.85;667.93;36;0.82;2022-06-01;ATIVO
3991;3338;17461.39;1492.08;12;2.54;2021-07-29;QUITADO
3992;5197;10909.39;918.84;12;1.07;2023-07-10;QUITADO
3993;1617;2746.32;243.42;12;6.36;2021-04-19;QUITADO
3994;1098;9359.86;198.76;48;1.93;2021-12-27;ATIVO
3995;7076;7351.93;164.1;48;7.14;2023-10-05;QUITADO
3996;5281;3603.92;77.93;48;3.8;2021-11-28;ATIVO
3997;8804;9674.8;548.61;18;2.07;2023-05-07;ATIVO
3998;2843;969.7;168.65;6;4.35;2021-09-24;QUITADO
3999;2363;4984.43;106.7;48;2.75;2021-01-30;QUITADO
4000;6238;17101.28;486.82;36;2.48;2023-09-27;ATIVO
4001;4952;6484.6;286.21;24;5.93;2023-05-03;INADIMPLENTE
4002;989;36362.95;2037.34;18;0.85;2022-12-12;QUITADO
4003;6753;10702.48;305.47;36;2.75;2023-04-02;QUITADO
4004;5028;3152.3;184.23;18;5.2;2024-12-22;ATIVO
4005;6513;2518.19;433.0;6;3.17;2021-12-05;QUITADO
4006;5416;29793.89;837.87;36;1.24;2021-12-27;ATIVO
4007;3460;8421.19;709.06;12;1.04;2024-09-19;QUITADO
4008;5699;11265.6;481.37;24;2.55;2024-04-11;ATIVO
4009;8586;7439.95;214.29;36;3.69;2022-07-13;ATIVO
4010;3709;18524.51;526.3;36;2.28;2023-12-14;QUITADO
4011;6934;4336.46;124.1;36;3.02;2021-11-17;QUITADO
4012;8730;16973.27;975.87;18;3.49;2023-07-09;ATIVO
4013;2537;7238.43;1245.85;6;3.27;2022-05-12;ATIVO
4014;9944;2151.64;46.56;48;3.86;2021-12-10;QUITADO
4015;2045;29317.73;1238.31;24;1.37;2021-07-06;QUITADO
4016;1464;15338.08;1317.67;12;3.09;2022-03-06;QUITADO
4017;4865;7384.73;657.61;12;6.86;2023-06-05;INADIMPLENTE
4018;961;4422.16;264.72;18;7.75;2021-09-17;ATIVO
4019;55;18659.88;400.72;48;3.08;2023-09-12;QUITADO
4020;6351;1521.38;44.78;36;5.95;2024-12-09;QUITADO
4021;4998;20206.59;852.55;24;1.26;2021-10-22;QUITADO
4022;6711;6040.86;1066.01;6;5.88;2022-05-14;ATIVO
4023;1255;4293.64;186.36;24;4.17;2023-07-09;ATIVO
4024;9600;16792.07;718.0;24;2.62;2021-06-13;ATIVO
4025;2875;1137.81;98.05;12;3.41;2024-09-25;ATIVO
4026;687;6679.09;393.03;18;5.92;2024-07-30;INADIMPLENTE
4027;2919;6599.49;146.22;48;6.35;2024-12-13;ATIVO
4028;338;2320.38;101.67;24;5.16;2021-12-22;INADIMPLENTE
4029;2014;5377.81;233.87;24;4.37;2023-10-21;QUITADO
4030;9004;6253.28;1108.91;6;6.4;2022-06-06;INADIMPLENTE
4031;8877;20284.56;1138.53;18;1.03;2024-12-16;ATIVO
4032;3840;2137.43;189.04;12;6.13;2023-08-05;QUITADO
4033;1721;13084.54;1111.53;12;1.94;2021-12-15;INADIMPLENTE
4034;6498;41711.66;1758.67;24;1.19;2021-02-16;QUITADO
4035;7681;1724.13;100.48;18;4.9;2021-03-27;ATIVO
4036;811;19448.21;1113.19;18;3.03;2022-12-02;INADIMPLENTE
4037;3842;7311.81;213.3;36;5.02;2024-05-21;ATIVO
4038;1893;14306.8;1227.4;12;2.95;2024-03-31;ATIVO
4039;7246;17955.09;771.25;24;3.09;2024-08-22;QUITADO
4040;6660;2980.96;126.17;24;1.58;2023-09-04;ATIVO
4041;7826;11211.3;1932.83;6;3.44;2023-01-07;ATIVO
4042;4132;3659.94;217.66;18;7.05;2023-03-30;QUITADO
4043;2123;9744.46;279.45;36;3.24;2023-03-12;ATIVO
4044;9056;19743.4;1131.74;18;3.18;2023-02-18;QUITADO
4045;3259;18365.9;1032.88;18;1.23;2023-11-21;QUITADO
4046;4725;7233.33;160.52;48;6.52;2024-10-06;ATIVO
4047;7501;15176.11;1294.52;12;2.36;2022-01-19;QUITADO
4048;6558;33061.99;5581.97;6;1.3;2024-11-13;ATIVO
4049;1735;4582.72;265.36;18;4.23;2022-12-23;QUITADO
4050;7602;7385.15;325.9;24;5.91;2021-03-01;QUITADO
4051;7570;17131.28;1449.31;12;1.52;2022-05-05;INADIMPLENTE
4052;8134;5973.64;341.33;18;2.85;2024-04-08;ATIVO
4053;7729;13872.29;795.19;18;3.18;2021-11-23;ATIVO
4054;6784;1603.7;68.38;24;2.34;2021-02-19;QUITADO
4055;267;12298.16;1053.23;12;2.77;2021-05-02;ATIVO
4056;5149;7580.41;1312.42;6;3.88;2022-04-07;INADIMPLENTE
4057;1386;2337.04;69.7;36;7.37;2021-03-01;QUITADO
4058;6262;2309.93;68.41;36;6.62;2023-10-19;INADIMPLENTE
4059;7080;39164.31;3291.76;12;0.86;2024-01-20;QUITADO
4060;6074;7761.22;219.79;36;1.95;2024-07-03;QUITADO
4061;8663;45099.16;1263.28;36;0.84;2021-06-05;QUITADO
4062;5742;5552.44;959.37;6;3.67;2023-01-20;QUITADO
4063;6503;4927.41;282.34;18;3.14;2022-02-09;QUITADO
4064;1893;9709.3;826.5;12;2.15;2024-07-26;QUITADO
4065;6205;4182.52;123.67;36;6.45;2023-08-02;INADIMPLENTE
4066;4140;2890.78;125.05;24;3.82;2023-01-20;QUITADO
4067;8258;13540.95;772.74;18;2.72;2023-08-06;ATIVO
4068;2833;4860.25;287.94;18;6.64;2022-12-25;QUITADO
4069;4259;3054.7;182.98;18;7.82;2024-06-06;ATIVO
4070;3840;7821.97;1382.79;6;6.07;2022-12-03;QUITADO
4071;9069;5364.04;117.29;48;4.96;2024-07-12;QUITADO
4072;99;4723.59;103.56;48;5.24;2021-06-19;INADIMPLENTE
4073;61;6706.89;381.51;18;2.39;2022-08-10;QUITADO
4074;3586;4693.63;140.21;36;7.54;2022-12-08;QUITADO
4075;7348;14103.9;1215.05;12;3.38;2024-09-19;QUITADO
4076;112;3724.83;641.23;6;3.29;2023-07-18;ATIVO
4077;2802;6302.3;141.17;48;7.52;2023-10-23;ATIVO
4078;4882;15426.84;654.55;24;1.83;2024-08-24;QUITADO
4079;8868;17599.66;499.29;36;2.13;2024-07-12;ATIVO
4080;377;1193.99;70.77;18;6.69;2023-10-04;ATIVO
4081;9748;2718.89;237.52;12;4.83;2021-05-03;ATIVO
4082;2026;802.7;17.91;48;7.12;2021-10-05;ATIVO
4083;9872;3392.88;99.55;36;5.63;2022-06-21;ATIVO
4084;6067;692.9;15.24;48;5.58;2024-01-26;QUITADO
4085;4223;19070.36;1617.48;12;1.78;2023-01-13;ATIVO
4086;5577;2314.79;51.39;48;6.57;2021-07-07;INADIMPLENTE
4087;8225;15018.71;859.99;18;3.07;2022-08-09;ATIVO
4088;3007;14342.38;404.46;36;1.52;2022-02-15;ATIVO
4089;6215;3773.81;226.41;18;7.99;2024-08-11;ATIVO
4090;1812;6394.9;190.53;36;7.26;2022-05-29;ATIVO
4091;3666;40874.76;6871.05;6;0.86;2024-02-04;QUITADO
4092;1429;3212.73;71.99;48;7.56;2021-12-04;ATIVO
4093;8444;4787.56;139.76;36;5.09;2024-03-09;INADIMPLENTE
4094;3265;1511.28;63.99;24;1.62;2024-05-29;ATIVO
4095;6781;2682.27;57.74;48;3.33;2022-04-30;ATIVO
4096;8674;2936.88;131.63;24;7.57;2021-01-17;ATIVO
4097;8929;7250.33;1255.39;6;3.89;2021-08-22;QUITADO
4098;8081;2769.53;60.25;48;4.42;2022-04-23;INADIMPLENTE
4099;3363;4267.55;248.18;18;4.68;2023-08-27;ATIVO
4100;2799;5072.44;107.41;48;1.64;2024-06-30;ATIVO
4101;1908;1819.25;79.93;24;5.45;2023-05-26;QUITADO
4102;424;2656.5;113.55;24;2.59;2022-05-05;QUITADO
4103;2846;3440.02;585.26;6;2.08;2021-11-05;QUITADO
4104;5958;1740.68;300.62;6;3.62;2024-11-26;ATIVO
4105;8582;10547.52;904.63;12;2.92;2021-03-22;QUITADO
4106;6629;31642.84;1773.05;18;0.86;2024-02-22;QUITADO
4107;5994;12743.31;359.54;36;1.57;2021-04-14;ATIVO
4108;4202;13249.77;283.24;48;2.61;2021-05-24;QUITADO
4109;9268;13871.11;791.12;18;2.66;2023-01-09;ATIVO
4110;8906;3223.33;91.17;36;1.82;2021-08-09;ATIVO
4111;1714;17508.33;3001.22;6;2.85;2023-11-17;ATIVO
4112;7352;13743.32;1166.01;12;1.81;2022-10-20;QUITADO
4113;6197;30271.45;637.4;48;1.07;2022-02-28;ATIVO
4114;6535;7693.26;666.24;12;3.92;2023-06-02;ATIVO
4115;9331;12894.67;554.79;24;3.26;2021-04-21;ATIVO
4116;2076;19502.19;420.43;48;3.48;2024-11-25;QUITADO
4117;9727;18314.39;3158.62;6;3.48;2021-01-24;ATIVO
4118;9414;5135.45;147.24;36;3.22;2024-02-28;ATIVO
4119;1477;3187.88;90.04;36;1.68;2023-09-09;ATIVO
4120;5452;2907.95;507.97;6;4.81;2021-08-18;QUITADO
4121;2242;2044.58;178.19;12;4.58;2021-02-16;ATIVO
4122;4597;19735.95;1129.66;18;3.03;2022-06-24;QUITADO
4123;8064;24343.58;1026.59;24;1.21;2021-06-06;QUITADO
4124;3541;10865.53;461.83;24;2.01;2022-12-08;ATIVO
4125;1009;5866.69;253.64;24;3.76;2022-12-12;QUITADO
4126;7541;1651.22;36.77;48;6.88;2024-08-30;QUITADO
4127;2531;2195.7;96.58;24;5.57;2022-03-04;ATIVO
4128;9356;1495.85;126.82;12;1.74;2024-09-18;QUITADO
4129;3177;5318.67;117.17;48;5.74;2021-06-07;ATIVO
4130;6076;7793.15;168.72;48;3.92;2021-04-23;QUITADO
4131;6179;7166.1;313.28;24;4.92;2021-03-05;ATIVO
4132;6102;6197.69;185.57;36;7.79;2024-06-07;QUITADO
4133;516;6286.15;1102.28;6;5.21;2023-05-20;QUITADO
4134;876;3962.42;695.4;6;5.3;2022-12-09;INADIMPLENTE
4135;9302;2607.02;76.89;36;6.17;2023-03-24;INADIMPLENTE
4136;7760;12487.32;266.11;48;2.29;2021-10-08;QUITADO
4137;9028;5708.55;123.05;48;3.47;2023-08-03;QUITADO
4138;5771;4198.64;90.77;48;3.77;2024-10-27;ATIVO
4139;5709;16557.05;2818.56;6;2.14;2024-04-02;ATIVO
4140;825;46088.22;2589.9;18;1.15;2024-09-05;ATIVO
4141;7890;3656.42;316.04;12;3.72;2022-01-09;ATIVO
4142;7312;2116.19;368.46;6;4.47;2023-04-12;ATIVO
4143;9737;4508.88;197.3;24;5.02;2022-08-24;INADIMPLENTE
4144;5015;5718.84;124.84;48;4.78;2023-12-14;INADIMPLENTE
4145;6171;5172.88;114.21;48;5.98;2021-12-17;QUITADO
4146;5044;3012.9;65.66;48;4.6;2021-01-11;ATIVO
4147;1221;27179.94;2296.48;12;1.39;2023-12-11;ATIVO
4148;3871;7175.43;205.7;36;3.2;2024-11-19;QUITADO
4149;8352;8102.84;458.17;18;1.78;2022-07-16;ATIVO
4150;910;7992.02;1399.94;6;5.1;2022-03-10;QUITADO
4151;647;3172.23;90.53;36;2.74;2023-05-12;QUITADO
4152;5117;7728.91;459.53;18;7.02;2023-11-30;INADIMPLENTE
4153;5282;15787.42;1357.98;12;3.22;2023-05-28;QUITADO
4154;2373;30235.72;2548.62;12;1.15;2024-01-27;QUITADO
4155;5053;1965.89;58.27;36;6.7;2024-07-24;QUITADO
4156;9884;19104.1;540.7;36;1.89;2021-02-04;QUITADO
4157;5327;5711.43;246.66;24;3.65;2022-06-07;QUITADO
4158;3673;4391.61;193.01;24;5.48;2023-05-13;QUITADO
4159;7154;2551.03;114.31;24;7.54;2023-09-10;ATIVO
4160;1069;6049.23;260.6;24;3.39;2022-04-18;ATIVO
4161;1299;1162.52;204.82;6;5.71;2023-03-31;QUITADO
4162;4587;9690.0;548.88;18;1.96;2021-12-12;QUITADO
4163;8832;4105.89;725.99;6;6.09;2021-09-07;INADIMPLENTE
4164;6455;10754.33;1828.59;6;2.02;2023-11-17;ATIVO
4165;6232;6119.73;353.48;18;3.97;2022-06-03;ATIVO
4166;5074;3274.04;292.21;12;7.1;2024-01-20;ATIVO
4167;9432;2837.04;245.9;12;4.01;2024-12-10;ATIVO
4168;6705;8079.89;340.26;24;1.07;2024-01-09;ATIVO
4169;7243;2937.57;125.16;24;2.26;2021-03-05;ATIVO
4170;1808;17671.56;3040.1;6;3.22;2021-07-02;QUITADO
4171;679;1747.89;38.53;48;5.82;2021-02-15;QUITADO
4172;8629;3062.71;68.29;48;7.02;2024-07-15;ATIVO
4173;4159;7785.11;452.88;18;4.71;2021-12-26;QUITADO
4174;7965;10514.75;902.34;12;2.98;2023-02-17;ATIVO
4175;5314;16496.96;1390.56;12;1.15;2023-10-21;QUITADO
4176;1646;49488.74;8340.5;6;1.12;2022-02-11;QUITADO
4177;641;16186.62;917.96;18;2.08;2024-07-18;ATIVO
4178;8841;6335.39;362.07;18;2.87;2024-03-06;QUITADO
4179;7206;8795.16;374.56;24;2.21;2021-02-28;ATIVO
4180;9499;19857.05;3359.81;6;1.52;2021-07-09;ATIVO
4181;6100;3602.47;318.82;12;6.2;2021-11-08;INADIMPLENTE
4182;8140;11742.61;989.8;12;1.15;2023-12-07;ATIVO
4183;7070;4902.84;286.52;18;5.19;2024-11-07;ATIVO
4184;1825;2880.71;61.07;48;1.75;2023-07-01;QUITADO
4185;2658;6521.91;290.36;24;6.85;2023-12-23;QUITADO
4186;3300;3257.38;567.54;6;4.54;2024-04-04;INADIMPLENTE
4187;190;35563.11;1497.06;24;1.03;2021-02-13;QUITADO
4188;3574;12124.06;696.86;18;3.46;2021-03-02;ATIVO
4189;5571;5034.19;897.85;6;7.01;2023-04-13;QUITADO
4190;5681;45809.77;7732.69;6;1.28;2024-01-19;QUITADO
4191;2300;4590.54;97.29;48;1.73;2022-06-16;QUITADO
4192;7168;6152.13;1100.72;6;7.35;2022-05-08;QUITADO
4193;8788;11026.11;625.12;18;2.05;2024-02-25;ATIVO
4194;2607;7037.04;307.05;24;4.72;2023-08-08;ATIVO
4195;3502;14129.52;1195.95;12;1.57;2023-09-25;ATIVO
4196;6153;2980.4;66.86;48;7.68;2024-03-26;ATIVO
4197;8574;14486.66;822.28;18;2.17;2022-01-07;QUITADO
4198;7715;7752.59;442.29;18;2.69;2024-06-09;ATIVO
4199;763;3708.1;220.16;18;6.87;2022-08-25;QUITADO
4200;6618;8804.46;185.08;48;0.9;2024-11-27;ATIVO
4201;9796;14210.94;808.84;18;2.45;2023-06-11;ATIVO
4202;8846;7513.1;212.37;36;1.76;2021-01-16;ATIVO
4203;6129;3132.67;67.5;48;3.43;2021-05-17;QUITADO
4204;5478;3851.22;227.69;18;6.42;2022-09-19;ATIVO
4205;3396;13583.02;772.87;18;2.42;2024-11-28;ATIVO
4206;6955;4888.07;435.36;12;6.88;2022-10-04;QUITADO
4207;9959;41725.16;880.31;48;1.27;2022-03-12;QUITADO
4208;7052;16642.93;711.49;24;2.6;2022-07-25;ATIVO
4209;3968;4357.9;195.36;24;7.59;2021-07-06;QUITADO
4210;1341;13986.8;2398.04;6;2.87;2021-04-19;ATIVO
4211;8384;595.69;17.19;36;3.91;2021-07-31;ATIVO
4212;9512;5840.77;337.66;18;4.06;2024-07-27;ATIVO
4213;8238;3863.54;685.46;6;6.45;2022-05-06;ATIVO
4214;465;17176.28;481.08;36;0.83;2022-09-10;ATIVO
4215;714;9043.8;508.41;18;1.19;2021-12-22;ATIVO
4216;5494;45096.21;3804.62;12;1.24;2022-10-04;ATIVO
4217;7258;15703.5;448.99;36;2.93;2022-02-18;INADIMPLENTE
4218;3865;10184.47;218.07;48;2.78;2024-01-01;ATIVO
4219;9068;37082.38;1566.27;24;1.37;2024-09-10;QUITADO
4220;1256;19877.38;3395.06;6;2.48;2024-09-12;ATIVO
4221;9497;18447.78;783.42;24;1.92;2022-10-30;QUITADO
4222;9880;33674.62;708.99;48;1.06;2023-08-26;ATIVO
4223;3795;2572.96;72.68;36;1.69;2024-02-22;QUITADO
4224;206;14846.44;2517.96;6;1.76;2023-12-11;INADIMPLENTE
4225;9683;19242.54;3310.68;6;3.23;2024-10-14;ATIVO
4226;8602;6427.97;383.93;18;7.51;2021-05-30;ATIVO
4227;6183;18784.17;808.97;24;3.36;2024-03-27;ATIVO
4228;503;19788.06;3355.4;6;1.74;2021-06-05;ATIVO
4229;1749;8625.25;489.24;18;2.1;2023-02-21;INADIMPLENTE
4230;7125;2552.79;437.93;6;2.93;2024-04-08;QUITADO
4231;6594;2308.38;68.83;36;7.35;2023-07-26;ATIVO
4232;5549;2775.73;60.79;48;5.13;2022-09-11;ATIVO
4233;7833;10299.98;221.56;48;3.25;2024-10-05;QUITADO
4234;4895;4599.65;101.4;48;5.82;2022-11-21;QUITADO
4235;4687;1885.44;84.74;24;7.87;2024-10-02;INADIMPLENTE
4236;4676;6555.45;139.95;48;2.47;2023-10-12;QUITADO
4237;9596;2073.62;58.99;36;2.42;2024-02-22;ATIVO
4238;9872;5243.92;313.15;18;7.49;2022-05-12;INADIMPLENTE
4239;3948;7485.66;650.5;12;4.28;2021-06-27;QUITADO
4240;172;14814.4;423.86;36;3.0;2021-03-05;QUITADO
4241;3132;4105.07;350.98;12;2.6;2023-04-12;QUITADO
4242;8247;7786.92;1371.41;6;5.67;2024-06-12;ATIVO
4243;1146;23263.98;489.95;48;1.09;2021-02-09;ATIVO
4244;2269;9177.18;194.63;48;1.8;2022-02-21;ATIVO
4245;752;2112.56;62.19;36;5.97;2024-08-17;QUITADO
4246;7909;25671.84;1085.7;24;1.5;2022-09-22;QUITADO
4247;1118;6689.56;195.69;36;5.31;2021-10-01;QUITADO
4248;131;6264.02;1126.38;6;7.89;2021-01-29;ATIVO
4249;4410;19867.46;843.37;24;1.88;2021-01-20;ATIVO
4250;6772;6119.47;1093.75;6;7.24;2023-07-05;QUITADO
4251;6849;5673.38;160.1;36;1.59;2021-05-05;ATIVO
4252;2538;10730.2;229.27;48;2.56;2023-05-04;QUITADO
4253;1059;5787.87;259.59;24;7.64;2024-04-02;QUITADO
4254;3485;1695.1;36.0;48;1.95;2021-03-13;ATIVO
4255;1353;17896.74;510.26;36;2.64;2022-04-26;INADIMPLENTE
4256;8109;2534.9;221.23;12;4.73;2024-10-09;ATIVO
4257;6787;9268.69;198.68;48;2.89;2022-09-16;ATIVO
4258;1500;17439.41;372.69;48;2.58;2021-12-27;ATIVO
4259;1581;3107.1;137.58;24;6.27;2022-08-10;ATIVO
4260;1784;6111.41;349.2;18;2.85;2023-03-20;QUITADO
4261;2554;1499.24;65.54;24;4.92;2023-03-21;ATIVO
4262;1796;6247.36;177.39;36;2.22;2023-11-11;QUITADO
4263;2934;1272.22;36.83;36;4.22;2022-07-10;QUITADO
4264;7490;4830.46;851.29;6;5.74;2021-03-24;ATIVO
4265;9362;3003.83;261.26;12;4.37;2021-11-02;ATIVO
4266;9282;3780.97;326.96;12;3.77;2023-03-25;ATIVO
4267;1042;7825.22;1385.72;6;6.25;2022-03-20;ATIVO
4268;9521;38443.63;808.04;48;0.89;2022-06-08;ATIVO
4269;555;7647.73;446.33;18;5.05;2023-06-27;ATIVO
4270;7513;1192.07;25.32;48;1.95;2021-03-09;QUITADO
4271;5248;3960.85;237.65;18;8.0;2021-03-22;ATIVO
4272;9102;5314.91;912.04;6;2.96;2023-06-06;ATIVO
4273;7595;3786.12;323.49;12;2.53;2022-07-11;QUITADO
4274;9393;6084.74;356.94;18;5.59;2021-09-08;QUITADO
4275;601;14453.71;1225.55;12;1.75;2023-09-15;QUITADO
4276;7020;11920.36;2046.73;6;3.02;2021-05-07;QUITADO
4277;5154;7805.06;669.54;12;2.94;2023-03-30;ATIVO
4278;9728;6253.02;185.42;36;6.75;2022-03-04;ATIVO
4279;9531;10358.77;879.55;12;1.89;2022-03-21;ATIVO
4280;6313;1471.39;44.13;36;7.97;2022-12-28;ATIVO
4281;6128;1695.06;50.21;36;6.64;2022-04-18;ATIVO
4282;9222;7214.07;634.78;12;5.59;2023-10-16;ATIVO
4283;970;13380.73;376.41;36;1.27;2022-03-02;ATIVO
4284;823;2248.08;194.76;12;3.96;2023-08-24;ATIVO
4285;4593;6000.12;134.02;48;7.21;2021-04-19;ATIVO
4286;7249;5696.95;327.67;18;3.53;2021-10-19;ATIVO
4287;5011;16294.25;2749.93;6;1.26;2022-02-23;QUITADO
4288;111;5501.32;464.49;12;1.32;2022-01-27;QUITADO
4289;1512;6212.47;135.32;48;4.55;2021-09-11;ATIVO
4290;9205;4530.55;133.84;36;6.35;2022-03-08;QUITADO
4291;7238;3253.51;71.78;48;5.9;2021-06-18;QUITADO
4292;5012;34055.14;954.4;36;0.89;2024-07-05;ATIVO
4293;6351;2520.37;226.1;12;7.65;2023-06-20;QUITADO
4294;3475;4428.24;95.9;48;3.95;2024-08-07;INADIMPLENTE
4295;4022;6145.56;136.12;48;6.32;2024-10-19;ATIVO
4296;8771;19040.07;538.04;36;1.73;2024-09-11;QUITADO
4297;1626;1314.69;28.01;48;2.27;2024-07-09;QUITADO
4298;1161;8021.05;170.9;48;2.27;2023-01-01;ATIVO
4299;862;14830.22;315.48;48;2.11;2021-10-23;QUITADO
4300;8274;4171.01;90.31;48;3.93;2024-01-10;ATIVO
4301;5053;3976.76;88.7;48;7.06;2021-11-19;ATIVO
4302;5123;6355.28;535.43;12;1.1;2024-12-31;ATIVO
4303;7591;6679.31;579.71;12;4.15;2024-08-19;QUITADO
4304;7671;48573.12;2053.83;24;1.48;2023-12-06;QUITADO
4305;2199;5125.55;301.5;18;5.88;2021-09-29;ATIVO
4306;5695;11565.76;247.1;48;2.55;2024-03-17;ATIVO
4307;2318;5024.23;144.68;36;3.67;2024-05-28;QUITADO
4308;9529;7372.17;162.2;48;5.61;2023-11-27;ATIVO
4309;5170;5582.9;999.15;6;7.38;2024-11-21;INADIMPLENTE
4310;2807;5522.43;941.02;6;2.24;2024-05-01;ATIVO
4311;5843;39090.24;823.83;48;1.16;2023-05-12;QUITADO
4312;2543;16159.49;2785.63;6;3.43;2024-10-26;QUITADO
4313;4816;6343.4;356.92;18;1.28;2021-01-24;QUITADO
4314;9371;3758.01;82.43;48;5.28;2024-08-22;ATIVO
4315;2231;33705.34;5683.28;6;1.17;2023-04-06;QUITADO
4316;5720;5239.93;299.23;18;2.79;2023-10-10;QUITADO
4317;3023;2778.79;157.99;18;2.34;2024-03-09;ATIVO
4318;3811;4489.19;396.92;12;6.1;2021-10-19;INADIMPLENTE
4319;2868;3187.81;93.88;36;6.02;2021-07-02;ATIVO
4320;7166;1018.42;29.22;36;3.28;2022-11-17;ATIVO
4321;6363;3786.09;160.7;24;1.87;2023-02-20;QUITADO
4322;1862;1273.73;73.78;18;4.26;2024-03-05;ATIVO
4323;8890;2315.1;51.57;48;6.92;2023-06-24;ATIVO
4324;122;11882.46;505.45;24;2.09;2022-04-12;QUITADO
4325;5282;5886.25;335.81;18;2.69;2024-05-06;QUITADO
4326;6772;2007.97;58.45;36;4.8;2022-12-14;QUITADO
4327;5827;15137.88;644.24;24;2.14;2023-01-12;ATIVO
4328;7268;5468.92;320.42;18;5.46;2022-02-11;QUITADO
4329;8005;936.56;40.52;24;3.84;2022-03-21;QUITADO
4330;2842;1622.13;280.2;6;3.64;2021-02-02;ATIVO
4331;2942;14989.73;642.19;24;2.82;2022-02-22;QUITADO
4332;3617;8144.82;173.52;48;2.26;2021-12-10;ATIVO
4333;1258;8419.91;358.55;24;2.2;2022-02-24;QUITADO
4334;3835;16709.76;1433.42;12;2.94;2022-02-23;ATIVO
4335;2655;4287.44;249.58;18;4.78;2024-03-01;QUITADO
4336;3148;7847.66;341.57;24;4.46;2024-09-29;ATIVO
4337;1255;6477.11;189.38;36;5.26;2021-09-11;INADIMPLENTE
4338;8803;577.82;16.64;36;3.65;2023-11-30;INADIMPLENTE
4339;1002;5899.98;129.6;48;5.44;2021-02-16;QUITADO
4340;9988;2059.05;45.84;48;6.87;2021-11-12;QUITADO
4341;9290;18689.31;787.21;24;1.09;2024-02-17;QUITADO
4342;1394;5209.62;466.65;12;7.49;2024-09-22;QUITADO
4343;5135;7790.67;443.38;18;2.44;2024-07-14;QUITADO
4344;1659;2735.95;117.85;24;3.38;2021-04-30;ATIVO
4345;3187;32736.2;5529.69;6;1.35;2024-05-12;QUITADO
4346;8896;1225.46;53.3;24;4.39;2022-08-23;QUITADO
4347;6107;6283.73;140.89;48;7.62;2024-09-17;INADIMPLENTE
4348;6256;7621.9;1335.74;6;5.15;2021-01-30;QUITADO
4349;301;15273.32;1299.12;12;2.07;2022-07-11;ATIVO
4350;6684;7710.25;451.39;18;5.38;2022-06-07;ATIVO
4351;109;6445.81;144.51;48;7.61;2022-04-24;QUITADO
4352;7715;15594.16;2666.08;6;2.58;2024-12-28;QUITADO
4353;355;4258.8;124.18;36;4.97;2021-03-03;QUITADO
4354;6987;8390.83;479.3;18;2.82;2021-06-29;QUITADO
4355;9603;9407.54;536.28;18;2.61;2023-07-10;QUITADO
4356;4234;12274.89;349.12;36;2.39;2023-10-27;ATIVO
4357;3432;25027.73;2105.87;12;0.97;2022-06-25;QUITADO
4358;7735;5046.73;221.0;24;5.1;2023-11-07;ATIVO
4359;4259;2107.41;368.59;6;4.94;2023-03-21;QUITADO
4360;5213;2925.28;254.04;12;4.21;2022-05-06;QUITADO
4361;7848;6954.3;150.24;48;3.7;2024-04-26;QUITADO
4362;7020;8408.76;361.44;24;3.16;2024-05-30;ATIVO
4363;9996;12442.98;1052.16;12;1.47;2022-09-03;QUITADO
4364;132;2241.46;133.23;18;6.99;2023-12-19;ATIVO
4365;1749;7269.56;1239.58;6;2.31;2022-01-18;ATIVO
4366;7079;35871.32;1515.11;24;1.37;2021-03-07;ATIVO
4367;553;27698.18;4680.07;6;1.38;2021-01-11;ATIVO
4368;481;1855.13;105.68;18;2.54;2022-09-28;ATIVO
4369;6639;2680.53;117.71;24;5.39;2021-01-02;ATIVO
4370;9697;31433.25;5313.79;6;1.43;2022-03-11;QUITADO
4371;1596;2446.68;143.61;18;5.65;2023-07-31;ATIVO
4372;9390;7355.05;1292.53;6;5.44;2024-09-07;INADIMPLENTE
4373;3580;1114.39;198.44;6;6.84;2022-01-17;ATIVO
4374;884;41562.04;6990.74;6;0.92;2022-05-02;ATIVO
4375;9556;16506.81;708.07;24;2.95;2024-12-02;ATIVO
4376;657;20801.65;875.58;24;1.02;2024-12-25;ATIVO
4377;7446;7446.46;1312.56;6;5.76;2024-07-31;ATIVO
4378;7907;5291.23;935.05;6;6.03;2022-09-12;QUITADO
4379;2770;4408.5;382.25;12;4.05;2022-03-17;QUITADO
4380;5811;1482.67;43.03;36;4.48;2023-05-02;QUITADO
4381;7655;5461.31;971.39;6;6.72;2021-07-25;ATIVO
4382;8595;4367.19;260.02;18;7.17;2021-01-01;ATIVO
4383;5882;694.34;20.63;36;6.95;2022-11-25;INADIMPLENTE
4384;3782;10156.49;290.79;36;3.07;2021-01-24;QUITADO
4385;7229;17643.45;2990.86;6;1.71;2021-05-21;ATIVO
4386;5828;2707.27;156.92;18;4.33;2023-08-12;INADIMPLENTE
4387;8619;4564.83;263.57;18;3.93;2024-02-19;QUITADO
4388;4299;6107.55;132.01;48;3.75;2021-07-05;ATIVO
4389;8023;12544.12;357.86;36;2.7;2021-08-26;QUITADO
4390;7030;23052.73;484.73;48;0.93;2023-02-05;QUITADO
4391;9985;21030.87;3534.24;6;0.83;2024-03-24;QUITADO
4392;3977;6597.34;190.46;36;3.93;2022-04-01;ATIVO
4393;1916;4822.91;143.68;36;7.25;2023-06-17;ATIVO
4394;3228;3748.25;81.11;48;3.87;2023-10-06;QUITADO
4395;3522;1147.95;194.48;6;1.65;2024-08-07;QUITADO
4396;5392;7609.4;221.73;36;4.9;2022-02-22;INADIMPLENTE
4397;5410;15273.06;436.6;36;2.91;2023-01-19;ATIVO
4398;9022;7388.07;159.43;48;3.58;2021-07-27;INADIMPLENTE
4399;962;1127.97;33.28;36;6.2;2022-03-27;QUITADO
4400;2984;3669.45;311.66;12;1.92;2022-07-27;ATIVO
4401;7192;12343.7;1040.99;12;1.2;2021-03-28;QUITADO
4402;2709;7565.09;445.63;18;6.03;2021-03-26;ATIVO
4403;3418;18929.72;1622.12;12;2.83;2023-09-06;QUITADO
4404;2860;2387.79;102.72;24;3.25;2023-10-13;ATIVO
4405;4548;30005.21;1263.34;24;1.05;2021-11-13;ATIVO
4406;9353;2411.65;428.95;6;6.72;2023-03-07;INADIMPLENTE
4407;1573;2297.57;195.87;12;2.3;2023-04-29;ATIVO
4408;3714;6054.92;135.04;48;7.05;2021-03-09;ATIVO
4409;3444;7376.38;327.08;24;6.42;2024-04-27;INADIMPLENTE
4410;7784;3279.49;590.2;6;7.98;2023-05-30;QUITADO
4411;9719;35319.84;2973.34;12;1.02;2021-08-14;ATIVO
4412;8969;24422.97;513.29;48;0.88;2021-05-10;QUITADO
4413;3387;7244.13;159.88;48;5.94;2021-09-27;INADIMPLENTE
4414;217;5828.42;521.6;12;7.39;2024-10-23;ATIVO
4415;832;5065.25;448.57;12;6.27;2022-02-05;INADIMPLENTE
4416;7785;2934.1;84.58;36;3.77;2023-11-07;INADIMPLENTE
4417;902;4856.07;432.84;12;6.96;2021-05-02;INADIMPLENTE
4418;8117;3862.22;658.89;6;2.36;2022-08-06;ATIVO
4419;4736;7476.03;321.25;24;3.13;2024-02-11;ATIVO
4420;9429;4286.71;126.77;36;6.46;2021-08-04;ATIVO
4421;8465;7111.05;158.98;48;7.31;2023-03-04;INADIMPLENTE
4422;2147;4780.4;211.83;24;6.35;2024-01-27;QUITADO
4423;1775;2661.55;460.09;6;3.72;2022-12-06;ATIVO
4424;1192;2236.94;379.65;6;1.83;2022-03-21;QUITADO
4425;2074;1111.83;191.03;6;3.09;2023-04-10;INADIMPLENTE
4426;7333;15743.51;338.06;48;3.07;2024-02-15;ATIVO
4427;6708;5810.28;124.73;48;3.04;2023-04-14;QUITADO
4428;365;7073.32;158.09;48;7.28;2021-06-04;ATIVO
4429;804;10491.7;1798.98;6;2.88;2022-06-10;ATIVO
4430;3590;6308.15;544.97;12;3.67;2022-07-14;QUITADO
4431;7267;7187.98;408.72;18;2.35;2024-03-05;ATIVO
4432;2422;1566.91;67.41;24;3.25;2021-01-24;ATIVO
4433;5152;41519.98;875.47;48;1.21;2022-11-12;QUITADO
4434;9897;18322.72;3150.29;6;3.16;2023-04-28;QUITADO
4435;7294;36153.99;1527.2;24;1.38;2022-06-22;ATIVO
4436;1388;3741.49;109.16;36;5.03;2022-03-28;QUITADO
4437;9939;5282.59;312.79;18;6.58;2024-03-16;ATIVO
4438;7347;4153.34;368.4;12;6.44;2024-05-30;ATIVO
4439;6706;1086.31;97.7;12;7.92;2024-09-24;INADIMPLENTE
4440;835;1305.45;37.26;36;2.74;2023-01-06;ATIVO
4441;3829;43672.76;920.04;48;1.12;2023-06-27;QUITADO
4442;5539;1843.56;165.28;12;7.58;2024-10-13;ATIVO
4443;2211;29014.43;1225.01;24;1.33;2023-04-12;QUITADO
4444;2538;12491.57;357.43;36;3.01;2022-12-09;ATIVO
4445;7025;1217.95;70.63;18;4.38;2023-10-12;QUITADO
4446;2004;7853.08;340.73;24;4.13;2021-09-10;ATIVO
4447;598;2701.2;59.43;48;5.61;2023-02-08;INADIMPLENTE
4448;3042;19407.6;3280.53;6;1.42;2021-10-03;ATIVO
4449;3410;19276.67;830.74;24;3.43;2021-09-23;ATIVO
4450;9140;3844.93;170.2;24;6.24;2021-06-23;ATIVO
4451;1108;3426.72;297.1;12;4.04;2024-01-12;QUITADO
4452;403;559.08;49.06;12;5.3;2022-09-24;INADIMPLENTE
4453;892;1456.06;64.42;24;6.19;2024-01-29;INADIMPLENTE
4454;2908;5234.95;115.8;48;6.18;2023-04-26;QUITADO
4455;1334;1873.48;79.99;24;2.47;2023-01-27;ATIVO
4456;7134;16944.56;360.99;48;2.26;2023-10-03;QUITADO
4457;8482;2715.14;242.55;12;7.2;2021-05-09;ATIVO
4458;1338;6663.95;298.6;24;7.54;2021-09-28;QUITADO
4459;6541;14619.17;1241.53;12;1.91;2022-10-23;QUITADO
4460;4149;13069.01;1098.89;12;0.9;2022-11-28;INADIMPLENTE
4461;9956;6708.53;291.21;24;4.18;2021-03-11;ATIVO
4462;7465;2907.72;83.6;36;3.5;2024-06-22;INADIMPLENTE
4463;2449;3428.59;599.37;6;4.89;2023-07-16;ATIVO
4464;7194;3214.74;558.88;6;4.31;2022-11-27;ATIVO
4465;5183;561.91;33.4;18;6.98;2022-04-12;ATIVO
4466;6318;15583.3;1326.66;12;2.16;2021-09-01;ATIVO
4467;6570;8057.87;344.24;24;2.53;2021-02-04;ATIVO
4468;693;19252.92;546.36;36;2.16;2022-04-16;ATIVO
4469;7292;3838.86;326.56;12;2.08;2021-09-17;ATIVO
4470;6206;36999.85;6247.42;6;1.31;2024-05-23;ATIVO
4471;7386;1601.63;46.22;36;3.88;2022-07-09;QUITADO
4472;1409;17893.01;1540.74;12;3.33;2021-08-12;QUITADO
4473;1868;6266.11;134.58;48;3.09;2024-08-05;QUITADO
4474;3730;2607.78;465.45;6;7.09;2024-01-08;ATIVO
4475;7476;26846.49;2269.65;12;1.45;2022-06-28;QUITADO
4476;8841;16206.82;1389.6;12;2.89;2024-10-26;ATIVO
4477;3603;3991.82;178.45;24;7.29;2024-04-26;ATIVO
4478;9556;3871.48;221.58;18;3.02;2021-04-03;INADIMPLENTE
4479;2287;2836.71;487.02;6;3.01;2023-05-25;ATIVO
4480;2629;1604.54;287.99;6;7.69;2022-03-21;ATIVO
4481;1982;18866.13;402.79;48;2.48;2023-11-25;ATIVO
4482;6478;3071.94;520.49;6;1.66;2021-03-29;QUITADO
4483;795;4751.47;424.15;12;7.12;2022-09-29;ATIVO
4484;3086;3563.0;154.74;24;4.23;2023-11-30;QUITADO
4485;4929;6161.15;274.63;24;6.98;2022-03-21;ATIVO
4486;8567;7870.82;337.33;24;2.86;2023-07-14;QUITADO
4487;2733;6322.26;378.91;18;7.88;2021-09-19;QUITADO
4488;4591;15577.65;885.59;18;2.33;2023-10-26;ATIVO
4489;4139;28993.39;2444.38;12;1.17;2023-10-09;QUITADO
4490;6947;3832.78;219.64;18;3.15;2022-08-29;ATIVO
4491;9177;3436.97;196.67;18;3.0;2022-02-19;ATIVO
4492;1332;2284.56;97.24;24;2.15;2023-12-15;ATIVO
4493;2994;6179.2;182.9;36;6.56;2021-02-21;INADIMPLENTE
4494;5480;19713.19;1118.83;18;2.16;2022-11-20;QUITADO
4495;1489;29930.85;840.23;36;1.06;2022-01-18;ATIVO
4496;1076;4037.95;712.03;6;5.8;2022-06-21;ATIVO
4497;5601;9983.49;425.88;24;2.38;2023-02-15;QUITADO
4498;3400;4492.08;133.13;36;6.69;2024-01-24;ATIVO
4499;5456;6685.33;144.07;48;3.44;2024-11-27;QUITADO
4500;4116;9488.18;203.92;48;3.16;2024-09-24;INADIMPLENTE
4501;2214;12889.61;728.69;18;1.76;2022-03-02;QUITADO
4502;5469;16998.07;1439.74;12;1.64;2023-03-10;QUITADO
4503;9960;12479.37;2134.18;6;2.61;2023-01-31;ATIVO
4504;7015;14477.61;621.63;24;3.05;2021-09-20;QUITADO
4505;1818;13441.96;569.55;24;1.69;2022-08-29;QUITADO
4506;825;47325.55;2663.38;18;1.3;2022-06-24;QUITADO
4507;4054;13075.84;2221.59;6;1.94;2021-02-01;QUITADO
4508;8009;1112.15;66.19;18;7.12;2022-12-30;INADIMPLENTE
4509;7413;40480.42;1134.58;36;0.9;2023-02-22;QUITADO
4510;4749;20863.72;881.93;24;1.45;2022-10-01;ATIVO
4511;2168;4890.09;831.64;6;2.04;2024-05-03;QUITADO
4512;4285;17153.87;2947.32;6;3.09;2021-09-08;QUITADO
4513;2337;7886.07;676.03;12;2.87;2022-05-13;QUITADO
4514;13;6391.18;286.24;24;7.49;2021-12-04;QUITADO
4515;1124;6815.0;301.85;24;6.3;2021-02-28;ATIVO
4516;6855;6125.04;132.61;48;3.92;2022-02-26;ATIVO
4517;422;2769.08;164.7;18;7.06;2022-09-10;QUITADO
4518;1382;10430.35;223.17;48;2.7;2024-12-28;ATIVO
4519;9853;7762.95;221.22;36;2.59;2023-04-27;QUITADO
4520;2995;14939.57;426.4;36;2.75;2023-11-04;ATIVO
4521;7470;7494.44;216.34;36;3.92;2023-04-07;QUITADO
4522;3966;14500.54;1227.83;12;1.61;2021-08-25;ATIVO
4523;1838;12224.51;520.71;24;2.23;2024-05-28;ATIVO
4524;7689;25535.5;2148.81;12;0.98;2023-11-21;QUITADO
4525;1252;7272.67;210.24;36;4.07;2021-04-03;ATIVO
4526;1577;2079.92;373.66;6;7.79;2021-11-25;INADIMPLENTE
4527;8909;2218.34;64.24;36;4.25;2022-10-21;ATIVO
4528;7553;1778.19;75.6;24;2.03;2021-01-29;ATIVO
4529;8623;4928.05;838.43;6;2.08;2022-10-02;QUITADO
4530;8099;7087.84;210.25;36;6.79;2022-03-24;QUITADO
4531;2636;30000.9;1689.38;18;1.36;2023-07-31;ATIVO
4532;1164;6938.77;407.15;18;5.62;2021-01-14;ATIVO
4533;456;2158.85;94.96;24;5.57;2023-04-22;INADIMPLENTE
4534;4572;19658.28;1127.29;18;3.22;2023-04-04;QUITADO
4535;5966;5541.58;239.12;24;3.56;2023-02-13;ATIVO
4536;9724;1544.37;46.26;36;7.83;2021-11-13;ATIVO
4537;7564;19374.02;410.65;48;1.74;2024-08-13;QUITADO
4538;5858;3297.52;281.88;12;2.58;2023-10-29;QUITADO
4539;7814;7687.9;675.06;12;5.37;2023-09-12;QUITADO
4540;7349;5970.19;255.25;24;2.61;2021-10-01;QUITADO
4541;981;14457.98;1233.15;12;2.35;2024-05-11;QUITADO
4542;9349;6878.66;399.08;18;4.43;2023-01-08;ATIVO
4543;8346;7987.25;354.1;24;6.4;2024-03-13;QUITADO
4544;9290;39222.06;1649.29;24;0.92;2023-04-02;ATIVO
4545;6936;3478.19;205.73;18;6.47;2024-01-18;ATIVO
4546;9310;2237.1;195.91;12;5.09;2022-02-19;INADIMPLENTE
4547;434;18368.77;1561.35;12;2.0;2022-11-28;ATIVO
4548;9031;14813.08;421.93;36;2.54;2024-02-26;ATIVO
4549;3338;19365.15;410.22;48;1.68;2022-09-26;ATIVO
4550;4058;6487.53;388.96;18;7.92;2021-07-20;ATIVO
4551;6715;2460.41;427.25;6;4.19;2021-03-01;ATIVO
4552;291;15237.87;655.55;24;3.25;2024-02-16;INADIMPLENTE
4553;3541;10002.95;214.35;48;2.86;2021-02-08;ATIVO
4554;1177;14496.11;1233.5;12;2.11;2023-02-10;ATIVO
4555;6565;7622.68;1329.4;6;4.64;2021-06-20;QUITADO
4556;7042;14805.62;423.11;36;2.88;2022-12-18;ATIVO
4557;4155;6035.85;180.52;36;7.67;2024-07-04;QUITADO
4558;7162;30772.23;1731.79;18;1.3;2021-12-08;ATIVO
4559;7594;16103.48;451.12;36;0.85;2022-02-09;ATIVO
4560;4440;4962.9;213.69;24;3.34;2022-02-01;ATIVO
4561;6580;3454.08;103.23;36;7.59;2023-10-14;QUITADO
4562;5157;3498.12;152.02;24;4.3;2023-12-01;ATIVO
4563;2041;10274.2;292.47;36;2.48;2022-03-06;QUITADO
4564;5693;4692.5;822.13;6;5.12;2022-03-04;QUITADO
4565;1388;2814.49;125.77;24;7.25;2022-06-11;ATIVO
4566;7616;2386.5;137.22;18;3.5;2022-03-27;QUITADO
4567;3076;49814.44;8413.66;6;1.34;2024-01-27;ATIVO
4568;1383;16189.5;1386.9;12;2.8;2023-06-05;QUITADO
4569;4436;17244.34;1481.15;12;3.07;2022-02-15;ATIVO
4570;8584;597.4;26.44;24;6.24;2023-04-12;ATIVO
4571;5188;17451.84;2958.96;6;1.73;2021-07-12;ATIVO
4572;3595;2179.58;377.21;6;3.84;2022-11-16;ATIVO
4573;4648;48515.78;2722.81;18;1.02;2022-08-03;ATIVO
4574;5702;1991.07;115.4;18;4.33;2023-10-20;QUITADO
4575;5107;15404.67;879.26;18;2.74;2024-04-13;ATIVO
4576;1996;1152.73;25.51;48;6.22;2023-12-11;ATIVO
4577;478;2847.73;122.69;24;3.4;2022-05-28;QUITADO
4578;216;5780.27;1032.84;6;7.21;2022-10-01;INADIMPLENTE
4579;1167;7855.78;175.58;48;7.28;2024-05-19;ATIVO
4580;8480;1171.72;51.79;24;6.07;2022-04-05;ATIVO
4581;656;18520.61;791.45;24;2.56;2023-07-20;QUITADO
4582;9049;11873.62;508.24;24;2.73;2024-09-26;QUITADO
4583;9846;9589.72;1629.61;6;1.96;2024-04-11;ATIVO
4584;5301;10317.72;870.73;12;1.27;2022-02-01;ATIVO
4585;4771;9214.62;786.47;12;2.42;2024-10-13;QUITADO
4586;1762;3228.75;140.29;24;4.28;2024-03-08;ATIVO
4587;6061;19637.4;1119.66;18;2.63;2023-01-14;QUITADO
4588;5636;26103.76;550.52;48;1.23;2024-08-15;QUITADO
4589;9284;18385.1;783.13;24;2.23;2024-06-19;ATIVO
4590;2000;39569.94;1664.25;24;0.94;2023-08-15;QUITADO
4591;450;10203.42;571.39;18;0.8;2022-09-24;ATIVO
4592;6919;2821.62;120.93;24;2.86;2024-10-16;ATIVO
4593;7867;12881.66;1100.31;12;2.5;2023-04-28;ATIVO
4594;420;19361.82;818.92;24;1.51;2023-11-07;QUITADO
4595;1219;10659.34;226.91;48;2.18;2024-01-03;QUITADO
4596;5185;5650.0;252.84;24;7.4;2021-05-09;QUITADO
4597;4667;6171.41;355.4;18;3.66;2024-10-11;ATIVO
4598;6245;4808.86;274.4;18;2.71;2023-10-23;ATIVO
4599;8503;7761.7;226.81;36;5.2;2022-08-24;INADIMPLENTE
4600;5413;7616.69;680.61;12;7.23;2023-04-22;QUITADO
4601;2459;17790.45;3025.86;6;2.05;2021-12-11;ATIVO
4602;4192;3857.23;164.37;24;2.27;2023-10-07;ATIVO
4603;756;7137.66;422.15;18;6.46;2024-05-02;ATIVO
4604;6357;17565.67;998.22;18;2.29;2022-11-17;ATIVO
4605;651;5418.67;238.94;24;5.83;2023-02-28;INADIMPLENTE
4606;9515;16566.03;354.58;48;2.74;2022-06-27;ATIVO
4607;4646;6084.36;364.66;18;7.88;2022-12-26;ATIVO
4608;8015;41411.68;3498.94;12;1.39;2022-07-18;ATIVO
4609;3162;7303.43;435.53;18;7.34;2024-08-19;ATIVO
4610;2148;33733.68;1889.65;18;0.83;2021-02-18;QUITADO
4611;7512;15860.19;669.7;24;1.34;2021-12-14;QUITADO
4612;6730;1105.64;23.66;48;2.7;2022-07-13;ATIVO
4613;1197;6110.28;180.86;36;6.56;2023-03-27;ATIVO
4614;9404;15214.58;426.94;36;1.02;2022-06-14;ATIVO
4615;5878;702.39;30.73;24;5.0;2022-12-17;ATIVO
4616;3456;7001.75;1222.51;6;4.76;2023-09-15;QUITADO
4617;3592;8117.35;231.23;36;2.55;2022-03-19;ATIVO
4618;8506;4502.58;195.84;24;4.39;2024-04-03;QUITADO
4619;9328;5912.12;1028.22;6;4.35;2022-05-23;ATIVO
4620;8617;3348.31;73.47;48;5.33;2023-12-11;ATIVO
4621;7765;7391.03;1277.29;6;3.69;2023-08-31;INADIMPLENTE
4622;3346;4971.61;281.56;18;1.94;2021-06-28;QUITADO
4623;9964;5912.83;258.88;24;5.08;2022-03-24;QUITADO
4624;2276;49524.59;2776.68;18;0.92;2021-03-02;QUITADO
4625;2064;844.17;18.45;48;4.91;2021-10-17;QUITADO
4626;1240;4373.94;127.97;36;5.33;2023-07-15;ATIVO
4627;8352;9205.74;788.32;12;2.76;2022-08-20;QUITADO
4628;1255;4004.59;89.82;48;7.66;2023-05-25;INADIMPLENTE
4629;7826;19685.54;836.88;24;2.03;2023-06-04;QUITADO
4630;915;5705.16;489.65;12;2.99;2023-09-22;QUITADO
4631;5486;15892.02;449.79;36;1.89;2023-08-30;QUITADO
4632;6691;7377.81;627.3;12;2.03;2021-04-20;QUITADO
4633;8419;15400.21;880.55;18;2.92;2021-05-23;INADIMPLENTE
4634;4986;1165.91;100.79;12;3.74;2024-07-10;INADIMPLENTE
4635;3712;836.9;24.57;36;5.7;2021-08-14;QUITADO
4636;6236;31834.6;5373.68;6;1.28;2023-03-14;ATIVO
4637;1387;4383.11;127.66;36;4.85;2023-08-04;QUITADO
4638;1713;5253.86;462.51;12;5.64;2023-11-28;QUITADO
4639;6272;2270.44;394.98;6;4.38;2023-05-25;ATIVO
4640;6508;2387.08;137.77;18;3.89;2023-07-05;QUITADO
4641;6869;8052.89;173.17;48;3.22;2023-08-27;ATIVO
4642;4978;4997.1;284.72;18;2.56;2021-02-16;ATIVO
4643;5674;7334.64;164.66;48;7.76;2024-08-06;ATIVO
4644;8651;3574.21;317.48;12;6.59;2023-08-16;ATIVO
4645;6243;3526.16;101.5;36;3.63;2023-08-22;INADIMPLENTE
4646;4162;39029.78;6571.96;6;1.03;2023-09-12;QUITADO
4647;3185;6846.04;148.16;48;3.88;2024-01-15;QUITADO
4648;8800;1398.13;124.15;12;6.56;2024-05-13;QUITADO
4649;8896;7122.85;309.61;24;4.32;2021-07-14;INADIMPLENTE
4650;5054;11829.72;1017.65;12;3.23;2022-01-20;ATIVO
4651;4098;5817.52;165.61;36;2.48;2024-08-13;ATIVO
4652;7085;7740.44;171.18;48;6.15;2021-07-29;INADIMPLENTE
4653;5975;7745.24;688.36;12;6.65;2023-10-18;ATIVO
4654;563;27524.69;4637.45;6;1.09;2022-11-16;QUITADO
4655;5386;27726.09;4687.56;6;1.44;2023-09-30;QUITADO
4656;2708;6188.71;136.8;48;6.1;2023-04-09;ATIVO
4657;6731;3225.24;576.78;6;7.3;2023-05-26;ATIVO
4658;7164;10423.2;443.12;24;2.03;2023-12-17;ATIVO
4659;4298;11219.0;238.19;48;1.91;2022-09-10;QUITADO
4660;1747;14884.27;423.29;36;2.38;2022-02-06;QUITADO
4661;4997;5331.96;152.72;36;3.11;2022-12-21;ATIVO
4662;9359;3746.45;219.75;18;5.58;2024-09-13;ATIVO
4663;2852;13889.47;787.61;18;2.07;2022-06-22;ATIVO
4664;4511;10104.97;288.38;36;2.74;2021-04-29;QUITADO
4665;3479;4593.7;196.63;24;2.73;2024-02-09;QUITADO
4666;2900;10614.95;228.31;48;3.24;2023-03-10;QUITADO
4667;1695;5870.25;126.1;48;3.11;2021-06-19;QUITADO
4668;9735;38489.26;2161.81;18;1.1;2024-07-02;ATIVO
4669;8863;6072.62;345.84;18;2.51;2022-07-02;ATIVO
4670;1526;4631.19;103.72;48;7.5;2024-03-18;INADIMPLENTE
4671;7108;19933.79;571.99;36;3.3;2022-03-18;ATIVO
4672;7634;19921.12;421.46;48;1.55;2021-03-10;QUITADO
4673;7930;44935.91;1893.3;24;1.12;2021-01-11;ATIVO
4674;171;6686.37;597.87;12;7.3;2023-05-17;ATIVO
4675;6892;6359.28;1126.55;6;6.29;2023-01-11;QUITADO
4676;6647;16834.7;357.11;48;1.82;2021-03-19;QUITADO
4677;2830;32317.33;910.54;36;1.43;2024-09-10;ATIVO
4678;5058;3358.23;297.48;12;6.3;2021-02-13;QUITADO
4679;1985;42013.44;3552.59;12;1.47;2022-05-19;QUITADO
4680;3085;19322.21;1097.29;18;2.22;2022-06-27;ATIVO
4681;7703;19590.96;3377.48;6;3.44;2023-06-21;QUITADO
4682;1638;4948.76;291.95;18;6.19;2022-07-18;ATIVO
4683;6324;42871.45;3621.21;12;1.36;2024-10-30;ATIVO
4684;4017;46597.61;7853.25;6;1.12;2021-08-29;ATIVO
4685;4882;19518.99;551.9;36;1.79;2023-01-02;QUITADO
4686;3931;30129.18;1689.74;18;0.95;2021-01-09;ATIVO
4687;6536;3432.43;580.88;6;1.54;2024-09-22;ATIVO
4688;2511;3660.6;630.78;6;3.39;2024-11-19;ATIVO
4689;7525;18732.33;1611.14;12;3.21;2021-04-24;ATIVO
4690;6155;17615.24;374.69;48;2.1;2021-03-08;QUITADO
4691;8564;18290.9;3128.66;6;2.63;2022-12-11;ATIVO
4692;9890;2659.14;116.16;24;4.84;2022-03-22;INADIMPLENTE
4693;6175;3191.87;143.13;24;7.62;2024-05-13;QUITADO
4694;839;14205.81;398.99;36;1.11;2021-11-04;ATIVO
4695;1162;14617.11;310.74;48;2.04;2024-10-24;QUITADO
4696;2769;4447.0;778.0;6;4.97;2023-02-07;ATIVO
4697;9184;11179.9;480.83;24;3.22;2021-10-25;ATIVO
4698;3415;1908.45;56.92;36;7.37;2021-10-10;ATIVO
4699;1299;2558.66;224.86;12;5.46;2024-04-16;ATIVO
4700;2056;48051.01;1348.77;36;1.05;2022-12-05;QUITADO
4701;9605;3217.52;69.93;48;4.33;2023-08-15;INADIMPLENTE
4702;3839;6305.04;186.68;36;6.59;2024-09-16;ATIVO
4703;1673;3024.08;179.36;18;6.76;2024-04-26;ATIVO
4704;2944;902.28;25.99;36;3.68;2021-09-11;QUITADO
4705;1474;14830.69;422.88;36;2.65;2022-11-04;ATIVO
4706;9526;2463.51;73.43;36;7.3;2023-07-18;QUITADO
4707;5785;13828.94;785.79;18;2.28;2021-01-31;ATIVO
4708;9260;15481.93;443.6;36;3.15;2024-02-10;ATIVO
4709;2437;6045.88;131.96;48;4.77;2022-10-29;INADIMPLENTE
4710;1056;4328.16;385.28;12;6.82;2024-09-02;INADIMPLENTE
4711;1056;3554.16;206.63;18;4.65;2021-03-26;QUITADO
4712;2804;2993.27;130.42;24;4.57;2023-04-26;INADIMPLENTE
4713;8842;21250.03;1194.96;18;1.22;2024-05-16;ATIVO
4714;3591;15698.21;1346.12;12;2.9;2023-01-25;QUITADO
4715;7351;4312.28;771.68;6;7.37;2021-05-07;ATIVO
4716;1638;5838.54;128.68;48;5.79;2021-11-09;QUITADO
4717;8925;15743.32;895.53;18;2.39;2023-07-05;QUITADO
4718;5539;3890.19;173.36;24;6.95;2023-10-07;QUITADO
4719;9396;11914.05;1013.09;12;2.04;2023-01-28;ATIVO
4720;5482;5810.3;507.34;12;4.78;2022-03-21;QUITADO
4721;6207;3819.31;217.55;18;2.53;2024-04-16;ATIVO
4722;1329;2362.4;70.32;36;7.16;2023-08-21;ATIVO
4723;9299;627.7;111.18;6;6.27;2024-12-26;QUITADO
4724;8723;7287.74;413.26;18;2.07;2024-05-13;QUITADO
4725;5086;29633.86;1670.86;18;1.49;2024-03-11;QUITADO
4726;9029;3620.41;214.41;18;6.6;2021-08-05;ATIVO
4727;4883;3518.86;75.05;48;2.37;2024-02-29;QUITADO
4728;7272;9013.7;383.76;24;2.18;2021-08-29;QUITADO
4729;3306;7916.26;671.63;12;1.81;2022-12-05;ATIVO
4730;8464;7475.97;335.05;24;7.56;2023-06-02;ATIVO
4731;5601;12857.24;2194.09;6;2.39;2023-02-09;QUITADO
4732;7791;15862.53;1349.64;12;2.1;2023-10-03;ATIVO
4733;8310;10170.83;575.22;18;1.8;2022-02-09;QUITADO
4734;3677;7564.35;450.16;18;7.12;2021-08-20;INADIMPLENTE
4735;1085;2014.69;358.01;6;6.62;2023-10-14;INADIMPLENTE
4736;7530;33663.63;5690.84;6;1.43;2021-04-25;QUITADO
4737;6021;19247.26;1092.6;18;2.18;2024-02-13;QUITADO
4738;9400;2673.43;155.33;18;4.58;2024-06-28;ATIVO
4739;5164;17866.87;1026.65;18;3.43;2023-06-11;QUITADO
4740;1165;19206.17;825.07;24;3.1;2024-02-18;QUITADO
4741;770;5476.71;491.99;12;7.8;2023-02-03;ATIVO
4742;5440;7458.44;332.74;24;7.07;2024-12-03;INADIMPLENTE
4743;7326;39393.04;1665.67;24;1.48;2023-11-09;ATIVO
4744;9191;16587.07;468.17;36;1.61;2022-12-31;ATIVO
4745;7220;2761.42;61.5;48;6.91;2024-04-03;ATIVO
4746;8757;27623.39;580.44;48;0.86;2021-04-15;QUITADO
4747;4985;2509.7;427.03;6;2.09;2023-01-29;ATIVO
4748;4579;13929.36;399.77;36;3.32;2022-10-20;ATIVO
4749;944;1201.17;26.76;48;6.95;2024-03-31;ATIVO
4750;4761;5398.76;230.37;24;2.41;2024-02-13;ATIVO
4751;1616;846.69;24.75;36;5.23;2024-10-28;QUITADO
4752;4986;7027.55;157.89;48;7.84;2024-10-24;ATIVO
4753;4658;10946.73;311.19;36;2.34;2023-11-03;ATIVO
4754;4655;13278.37;2270.38;6;2.59;2021-06-30;QUITADO
4755;5211;8064.31;227.53;36;1.57;2022-02-08;QUITADO
4756;6964;1196.26;70.57;18;6.19;2022-02-24;ATIVO
4757;1003;1713.23;99.25;18;4.28;2021-04-10;ATIVO
4758;7216;5811.22;125.49;48;3.65;2024-10-20;ATIVO
4759;8052;36842.67;1036.81;36;1.31;2023-06-07;ATIVO
4760;5276;4905.77;427.58;12;4.59;2021-01-05;ATIVO
4761;8956;7171.05;212.14;36;6.5;2024-02-22;INADIMPLENTE
4762;846;10856.44;232.44;48;2.77;2021-05-09;ATIVO
4763;2304;5112.04;150.55;36;6.02;2022-09-01;ATIVO
4764;1848;18843.44;534.26;36;2.07;2021-07-23;ATIVO
4765;7466;23549.64;994.29;24;1.33;2023-06-05;ATIVO
4766;81;6107.98;357.38;18;5.32;2021-10-04;QUITADO
4767;195;11329.87;648.19;18;2.98;2023-11-16;ATIVO
4768;1673;1891.96;168.15;12;6.65;2023-04-09;INADIMPLENTE
4769;8547;10133.96;864.51;12;2.37;2023-04-26;QUITADO
4770;2058;43170.24;2422.57;18;1.01;2023-08-07;QUITADO
4771;9444;4688.36;100.41;48;2.8;2021-12-07;QUITADO
4772;7527;4994.53;222.53;24;6.93;2023-04-13;QUITADO
4773;60;31724.75;667.34;48;0.97;2022-11-02;QUITADO
4774;6530;13978.89;398.17;36;2.54;2023-08-30;QUITADO
4775;8609;17240.01;980.67;18;2.39;2024-06-02;ATIVO
4776;7043;2833.25;83.46;36;6.05;2023-07-03;ATIVO
4777;463;18767.99;1055.8;18;1.26;2023-02-26;ATIVO
4778;4689;2129.2;63.39;36;7.17;2024-06-16;ATIVO
4779;7693;5737.11;328.0;18;2.91;2022-11-08;QUITADO
4780;8401;23151.89;488.94;48;1.37;2021-10-23;ATIVO
4781;8660;6303.83;535.25;12;1.89;2024-07-07;ATIVO
4782;7161;6454.45;1131.68;6;5.2;2024-02-12;ATIVO
4783;6398;41234.17;2324.23;18;1.46;2024-04-21;QUITADO
4784;874;8947.69;254.21;36;2.28;2021-05-11;ATIVO
4785;9471;3312.97;95.17;36;3.42;2022-01-08;ATIVO
4786;6282;4824.04;431.27;12;7.28;2022-05-13;INADIMPLENTE
4787;1689;5374.45;119.23;48;6.49;2021-10-07;INADIMPLENTE
4788;2268;11643.51;989.99;12;2.03;2022-01-16;QUITADO
4789;4335;5304.57;456.68;12;3.31;2022-04-17;QUITADO
4790;9483;11601.95;660.47;18;2.47;2021-04-20;ATIVO
4791;8966;5566.17;1001.17;6;7.92;2022-02-22;ATIVO
4792;5007;4189.55;246.3;18;5.82;2024-12-18;QUITADO
4793;8326;28437.2;1602.28;18;1.42;2023-10-13;QUITADO
4794;5132;1977.7;112.62;18;2.5;2022-11-07;INADIMPLENTE
4795;7293;3387.82;197.59;18;4.98;2024-10-15;ATIVO
4796;5976;34816.66;735.07;48;1.34;2024-09-26;QUITADO
4797;6743;7856.73;352.31;24;7.62;2023-10-26;ATIVO
4798;442;5577.51;978.2;6;5.23;2022-12-24;ATIVO
4799;2241;6872.97;601.5;12;5.02;2023-03-22;INADIMPLENTE
4800;5258;10100.57;432.51;24;2.77;2022-06-19;QUITADO
4801;7299;18872.14;1077.6;18;2.78;2022-03-16;QUITADO
4802;9744;7366.16;662.1;12;7.86;2023-08-15;ATIVO
4803;5502;23498.91;1316.33;18;0.83;2023-06-09;QUITADO
4804;5947;7121.08;415.79;18;5.1;2021-12-30;QUITADO
4805;4011;2688.79;464.67;6;3.69;2024-11-03;ATIVO
4806;3549;24938.46;1051.16;24;1.16;2021-07-24;QUITADO
4807;1861;3608.47;310.42;12;3.23;2022-10-30;ATIVO
4808;8579;4808.29;138.73;36;3.87;2023-12-17;QUITADO
4809;9570;18937.07;3225.61;6;2.2;2022-11-28;ATIVO
4810;8597;12919.64;1101.61;12;2.32;2022-04-04;QUITADO
4811;1838;17192.13;975.46;18;2.13;2021-04-12;ATIVO
4812;7753;5194.31;458.61;12;5.95;2022-01-16;INADIMPLENTE
4813;3312;14481.88;415.03;36;3.17;2023-09-02;QUITADO
4814;649;8804.38;757.91;12;3.3;2022-01-17;QUITADO
4815;6498;35222.82;744.08;48;1.4;2021-04-08;ATIVO
4816;3086;1466.43;130.77;12;7.01;2024-01-28;QUITADO
4817;8038;8642.02;183.08;48;1.69;2023-11-02;QUITADO
4818;2133;2470.98;105.77;24;2.73;2021-03-30;QUITADO
4819;4156;1633.26;47.03;36;3.67;2021-06-16;ATIVO
4820;5102;7641.86;163.28;48;2.56;2022-08-29;QUITADO
4821;3196;6249.67;368.42;18;6.11;2024-06-19;INADIMPLENTE
4822;5833;7341.29;628.29;12;2.7;2023-08-27;QUITADO
4823;6723;13108.56;367.08;36;0.81;2024-06-24;ATIVO
4824;4142;19192.09;1091.39;18;2.36;2022-03-18;ATIVO
4825;5966;7850.84;686.43;12;4.92;2021-04-02;ATIVO
4826;7364;17479.59;371.88;48;2.12;2023-09-19;ATIVO
4827;3479;18040.15;385.08;48;2.46;2023-01-21;QUITADO
4828;2821;1762.82;298.94;6;1.75;2021-01-23;ATIVO
4829;4138;1648.57;145.87;12;6.18;2021-08-11;ATIVO
4830;7023;12165.81;691.42;18;2.3;2022-11-26;ATIVO
4831;2793;14052.48;593.48;24;1.36;2021-08-14;ATIVO
4832;8929;3852.58;336.36;12;4.77;2021-03-31;ATIVO
4833;695;2571.01;218.69;12;2.07;2023-06-28;QUITADO
4834;5411;6498.87;567.41;12;4.77;2023-04-28;ATIVO
4835;8826;3135.43;550.84;6;5.41;2021-12-26;INADIMPLENTE
4836;9962;3512.8;152.95;24;4.5;2022-12-30;ATIVO
4837;4893;666.28;58.32;12;5.03;2022-05-29;INADIMPLENTE
4838;304;2988.18;262.81;12;5.54;2023-05-13;QUITADO
4839;1855;3638.07;620.96;6;2.41;2024-10-13;ATIVO
4840;9794;5217.93;227.39;24;4.59;2021-04-28;QUITADO
4841;8272;14756.44;2503.43;6;1.79;2021-01-16;ATIVO
4842;5802;7701.23;166.11;48;3.53;2024-11-04;QUITADO
4843;6182;11447.32;1971.8;6;3.35;2023-05-23;ATIVO
4844;2075;2894.05;511.81;6;6.11;2021-05-26;ATIVO
4845;5191;8745.31;246.52;36;1.48;2021-07-07;QUITADO
4846;6076;3902.3;87.25;48;7.32;2024-05-11;INADIMPLENTE
4847;5141;4424.34;375.74;12;1.91;2023-01-18;INADIMPLENTE
4848;5977;1907.17;170.21;12;7.1;2024-11-26;QUITADO
4849;6644;5751.41;324.12;18;1.44;2022-07-13;QUITADO
4850;3016;6005.57;132.47;48;5.88;2022-10-17;ATIVO
4851;9088;7031.55;316.01;24;7.86;2022-11-09;INADIMPLENTE
4852;6357;2065.24;88.16;24;2.45;2024-04-06;INADIMPLENTE
4853;9946;3760.32;639.82;6;2.09;2024-12-17;ATIVO
4854;3474;740.5;43.56;18;5.88;2021-12-28;ATIVO
4855;2936;2488.0;54.57;48;5.28;2023-12-19;QUITADO
4856;4378;5210.6;116.19;48;7.03;2022-11-09;ATIVO
4857;4534;4801.53;427.46;12;6.83;2021-03-12;ATIVO
4858;1081;6921.45;151.22;48;4.87;2021-05-13;QUITADO
4859;341;6790.85;192.69;36;2.15;2021-03-09;QUITADO
4860;1753;1238.95;36.83;36;7.01;2022-03-30;QUITADO
4861;2875;8435.66;477.46;18;1.88;2022-05-23;ATIVO
4862;5308;8916.3;757.51;12;1.95;2021-01-14;ATIVO
4863;4880;14464.7;820.71;18;2.13;2024-12-04;QUITADO
4864;4475;9843.78;1675.25;6;2.11;2021-01-06;QUITADO
4865;8900;11264.93;642.48;18;2.66;2021-09-02;ATIVO
4866;8103;19826.22;1690.35;12;2.31;2023-07-13;ATIVO
4867;1075;1627.09;35.04;48;3.36;2021-10-28;QUITADO
4868;8399;3968.17;85.92;48;3.93;2022-07-07;QUITADO
4869;1554;1334.89;117.34;12;5.48;2022-11-30;INADIMPLENTE
4870;4209;17602.65;1509.57;12;2.91;2024-02-05;QUITADO
4871;9986;42560.34;3597.41;12;1.43;2022-03-11;QUITADO
4872;5492;5206.9;155.69;36;7.64;2023-08-22;QUITADO
4873;3317;5314.58;153.41;36;3.92;2023-02-06;ATIVO
4874;4749;9879.83;416.06;24;1.07;2024-05-24;QUITADO
4875;938;6656.46;186.95;36;1.11;2021-07-13;ATIVO
4876;7305;6046.23;133.17;48;5.72;2024-02-27;QUITADO
4877;3018;6226.05;1085.2;6;4.58;2021-04-28;ATIVO
4878;4640;5908.32;174.94;36;6.59;2021-06-21;ATIVO
4879;4596;5049.32;150.06;36;6.99;2022-01-23;QUITADO
4880;7111;13358.74;567.69;24;1.99;2024-04-20;ATIVO
4881;5276;7170.23;416.07;18;4.45;2024-08-11;ATIVO
4882;6267;10863.51;231.98;48;2.5;2022-06-12;ATIVO
4883;2153;823.7;48.85;18;6.75;2024-12-13;ATIVO
4884;581;5221.1;309.58;18;6.73;2021-11-02;ATIVO
4885;2845;3005.37;270.26;12;7.91;2023-01-25;ATIVO
4886;3471;5479.6;241.1;24;5.6;2023-01-26;ATIVO
4887;8522;2457.2;211.99;12;3.53;2021-01-26;INADIMPLENTE
4888;2568;7105.52;416.9;18;5.61;2023-05-22;QUITADO
4889;4900;18894.05;1602.69;12;1.79;2023-07-11;ATIVO
4890;6236;34773.71;2923.31;12;0.88;2023-04-22;ATIVO
4891;6142;3444.74;72.88;48;1.55;2024-09-08;QUITADO
4892;2576;38282.76;6448.73;6;1.07;2021-09-06;QUITADO
4893;6716;4344.0;767.66;6;6.03;2021-08-29;ATIVO
4894;6646;32286.38;2712.59;12;0.82;2023-06-12;ATIVO
4895;2784;31443.58;5313.44;6;1.39;2024-04-22;ATIVO
4896;3426;4788.29;139.33;36;4.75;2021-05-18;QUITADO
4897;6491;867.19;76.92;12;6.44;2021-10-06;QUITADO
4898;6503;8718.11;744.67;12;2.5;2023-12-17;ATIVO
4899;9530;46808.0;983.16;48;0.82;2024-09-27;ATIVO
4900;8167;3963.74;176.07;24;6.61;2023-10-13;ATIVO
4901;3905;8808.21;185.98;48;1.35;2024-04-20;QUITADO
4902;6601;14255.55;405.61;36;2.43;2021-09-23;INADIMPLENTE
4903;3497;2910.58;83.49;36;3.26;2022-11-19;ATIVO
4904;3708;34521.71;727.11;48;1.1;2024-05-13;INADIMPLENTE
4905;157;6812.26;1173.07;6;3.32;2023-10-03;QUITADO
4906;3537;5268.05;154.41;36;5.52;2023-01-12;ATIVO
4907;1073;6486.18;142.24;48;5.26;2021-08-18;ATIVO
4908;8765;16531.27;1425.55;12;3.48;2021-03-17;QUITADO
4909;6331;6619.66;1159.43;6;5.09;2022-02-24;QUITADO
4910;920;5563.0;118.49;48;2.24;2024-03-11;ATIVO
4911;7352;13595.02;780.73;18;3.37;2023-12-23;QUITADO
4912;9193;12586.42;720.64;18;3.06;2021-04-02;ATIVO
4913;894;3176.93;137.3;24;3.72;2023-08-15;QUITADO
4914;2490;17706.33;379.91;48;2.99;2023-12-12;ATIVO
4915;7216;4046.63;236.89;18;5.37;2024-01-14;ATIVO
4916;8725;3483.64;590.71;6;1.74;2023-10-01;ATIVO
4917;7807;16796.31;709.01;24;1.31;2022-08-01;ATIVO
4918;4792;5054.1;296.93;18;5.75;2024-06-11;INADIMPLENTE
4919;4994;5500.01;329.02;18;7.68;2024-09-02;QUITADO
4920;6424;14727.21;1241.87;12;1.19;2023-02-03;ATIVO
4921;8381;4840.17;212.24;24;5.24;2021-09-12;INADIMPLENTE
4922;3269;1584.46;275.43;6;4.3;2021-06-14;QUITADO
4923;6549;7771.19;327.78;24;1.23;2022-06-05;ATIVO
4924;2759;11980.67;1021.85;12;2.35;2023-02-21;QUITADO
4925;2893;3126.78;537.39;6;3.12;2024-03-10;QUITADO
4926;6529;4889.51;429.42;12;5.39;2022-03-08;ATIVO
4927;9564;13886.63;1183.14;12;2.24;2024-07-08;QUITADO
4928;6182;15528.45;657.69;24;1.65;2024-02-15;ATIVO
4929;136;19442.15;817.79;24;0.95;2023-12-23;ATIVO
4930;2384;6483.82;140.62;48;4.1;2023-09-05;QUITADO
4931;6822;2265.66;132.39;18;5.18;2021-12-31;QUITADO
4932;3062;1787.48;157.02;12;5.41;2024-05-10;ATIVO
4933;1378;15735.49;674.33;24;2.85;2022-06-04;ATIVO
4934;5239;1429.18;125.84;12;5.66;2024-02-18;QUITADO
4935;3675;4931.68;107.07;48;4.21;2024-04-21;QUITADO
4936;7604;15174.16;2576.83;6;1.89;2023-07-15;ATIVO
4937;2370;7801.66;679.65;12;4.54;2021-10-09;ATIVO
4938;2318;1120.28;24.77;48;6.11;2023-08-01;ATIVO
4939;462;7377.3;1260.53;6;2.52;2022-05-16;ATIVO
4940;4531;6261.16;133.88;48;2.64;2023-06-19;QUITADO
4941;274;15402.67;328.11;48;2.25;2021-04-24;QUITADO
4942;4840;19343.29;411.57;48;2.13;2024-09-14;ATIVO
4943;4975;4118.87;120.97;36;5.73;2021-06-11;ATIVO
4944;6706;2028.8;178.47;12;5.56;2024-10-02;ATIVO
4945;2935;2763.57;160.99;18;4.86;2022-02-27;QUITADO
4946;663;10555.18;224.74;48;2.2;2021-06-06;ATIVO
4947;385;2978.19;171.76;18;3.81;2021-03-06;QUITADO
4948;1654;3673.73;157.99;24;3.21;2021-11-20;ATIVO
4949;6630;6161.8;1043.4;6;1.6;2022-01-21;QUITADO
4950;3490;36582.33;2054.1;18;1.07;2023-07-13;QUITADO
4951;6319;19844.42;1699.84;12;2.79;2024-06-06;ATIVO
4952;4876;1996.0;348.14;6;4.65;2023-04-14;QUITADO
4953;2152;7174.34;316.6;24;5.91;2021-01-10;ATIVO
4954;6026;11205.04;641.86;18;3.11;2021-02-03;QUITADO
4955;1497;15421.32;1314.67;12;2.3;2024-04-01;INADIMPLENTE
4956;7866;2544.4;451.16;6;6.39;2021-05-04;INADIMPLENTE
4957;1192;2281.72;130.65;18;3.07;2021-10-26;ATIVO
4958;9879;6346.41;189.26;36;7.36;2023-08-29;QUITADO
4959;7787;4666.08;264.46;18;2.02;2024-04-12;QUITADO
4960;364;18495.63;3138.09;6;1.8;2021-08-07;QUITADO
4961;9830;6497.72;193.72;36;7.33;2024-01-23;ATIVO
4962;1087;5112.14;152.58;36;7.45;2024-06-28;ATIVO
4963;8140;14635.76;1234.89;12;1.25;2024-07-09;QUITADO
4964;1370;21636.99;1216.6;18;1.21;2022-03-07;QUITADO
4965;7822;6474.31;142.81;48;5.88;2021-06-08;ATIVO
4966;4696;7174.06;304.0;24;1.7;2021-03-18;QUITADO
4967;9669;2746.76;163.81;18;7.35;2023-03-22;ATIVO
4968;5446;2757.66;116.75;24;1.61;2022-08-10;ATIVO
4969;4350;17697.0;1521.65;12;3.18;2023-02-27;ATIVO
4970;3207;6741.27;390.77;18;4.34;2022-10-25;ATIVO
4971;1971;19793.71;3367.24;6;2.07;2021-12-31;QUITADO
4972;3530;42373.8;2388.71;18;1.47;2024-12-23;QUITADO
4973;3702;8398.34;178.46;48;2.0;2024-11-25;INADIMPLENTE
4974;8674;5477.09;158.62;36;4.26;2022-08-06;ATIVO
4975;6263;6774.0;1168.74;6;3.52;2023-06-30;QUITADO
4976;8598;2713.28;157.69;18;4.61;2023-02-28;QUITADO
4977;6705;7792.65;218.78;36;1.07;2022-11-29;ATIVO
4978;9773;5924.57;127.34;48;3.17;2021-04-12;ATIVO
4979;7949;7278.64;1228.88;6;1.3;2022-05-27;QUITADO
4980;8018;4441.17;796.97;6;7.67;2021-04-16;ATIVO
4981;8521;7964.09;466.74;18;5.49;2021-08-10;QUITADO
4982;349;7408.64;1262.93;6;2.28;2022-06-16;ATIVO
4983;4089;38216.27;806.04;48;1.24;2021-12-30;QUITADO
4984;5594;4238.68;239.01;18;1.5;2024-07-20;QUITADO
4985;3836;7421.12;1258.0;6;1.71;2023-02-24;ATIVO
4986;2828;7290.85;428.62;18;5.82;2023-06-13;ATIVO
4987;9341;16770.02;475.2;36;2.01;2022-11-19;ATIVO
4988;7636;1938.09;42.28;48;4.71;2022-02-08;QUITADO
4989;3786;3197.42;562.0;6;5.46;2021-10-15;INADIMPLENTE
4990;7824;7853.93;230.88;36;5.83;2021-05-18;ATIVO
4991;5998;9190.79;521.63;18;2.16;2024-02-05;ATIVO
4992;8637;13289.14;2253.17;6;1.73;2024-09-27;QUITADO
4993;3427;9995.44;851.69;12;2.25;2024-03-04;INADIMPLENTE
4994;3514;7254.67;153.59;48;1.62;2022-09-15;QUITADO
4995;9530;12658.28;355.87;36;1.21;2021-08-26;ATIVO
4996;8649;9618.98;541.07;18;1.25;2021-11-24;ATIVO
4997;4814;18299.28;1043.47;18;2.64;2023-10-29;ATIVO
4998;5067;1326.19;229.9;6;4.01;2021-06-22;INADIMPLENTE
4999;6875;28095.32;1575.68;18;0.95;2024-11-21;QUITADO
5000;1155;18124.33;518.1;36;2.91;2022-01-24;ATIVO
5001;4563;6405.69;548.01;12;2.66;2023-04-25;ATIVO
5002;724;542.91;94.96;6;4.95;2021-11-29;QUITADO
5003;8450;1580.05;67.9;24;3.14;2022-09-11;ATIVO
5004;2903;11846.61;333.75;36;1.42;2023-11-03;QUITADO
5005;6090;5763.81;255.55;24;6.41;2024-06-20;INADIMPLENTE
5006;4586;4351.17;130.43;36;7.91;2023-03-12;ATIVO
5007;8126;12860.59;365.49;36;2.31;2021-06-01;QUITADO
5008;2008;3790.64;324.98;12;2.88;2024-05-13;ATIVO
5009;922;5465.56;236.98;24;4.06;2024-09-30;ATIVO
5010;8273;5050.03;883.5;6;4.97;2023-05-03;ATIVO
5011;1508;2548.33;55.69;48;4.9;2024-03-27;QUITADO
5012;6238;18268.31;1032.67;18;1.75;2022-01-27;ATIVO
5013;4194;37369.54;1052.16;36;1.36;2024-09-02;QUITADO
5014;1461;1213.27;104.76;12;3.61;2021-05-07;QUITADO
5015;4442;17770.71;1518.36;12;2.53;2021-07-29;QUITADO
5016;1582;6716.16;196.11;36;5.12;2021-12-16;ATIVO
5017;1682;2268.67;203.22;12;7.49;2024-01-18;ATIVO
5018;6878;14590.04;2480.31;6;2.0;2021-09-14;ATIVO
5019;3157;5948.96;129.09;48;4.16;2022-05-31;ATIVO
5020;6063;18910.72;805.99;24;2.29;2021-06-17;QUITADO
5021;2356;7993.04;708.25;12;6.33;2021-01-21;ATIVO
5022;3637;6949.56;399.56;18;3.49;2021-11-22;ATIVO
5023;3951;3679.34;641.37;6;4.59;2023-07-07;ATIVO
5024;1191;722.28;63.58;12;5.63;2024-06-21;ATIVO
5025;286;4760.16;102.48;48;3.34;2024-09-15;ATIVO
5026;3842;6134.71;272.15;24;6.47;2024-08-03;QUITADO
5027;3129;45489.7;959.93;48;1.29;2023-03-21;QUITADO
5028;5585;6745.29;193.59;36;3.32;2024-12-06;ATIVO
5029;8307;6988.71;312.86;24;7.44;2021-10-02;QUITADO
5030;2655;3866.16;223.03;18;3.84;2022-01-01;ATIVO
5031;9499;17013.92;2923.28;6;3.09;2021-02-11;ATIVO
5032;390;5154.6;876.11;6;1.98;2023-01-29;INADIMPLENTE
5033;3269;640.03;14.31;48;7.35;2024-05-10;ATIVO
5034;5489;10367.88;889.3;12;2.93;2022-08-04;INADIMPLENTE
5035;2006;16282.21;1398.91;12;3.1;2022-12-07;ATIVO
5036;5112;3741.95;217.74;18;4.74;2021-05-13;ATIVO
5037;8297;16405.63;466.51;36;2.37;2024-04-28;QUITADO
5038;8669;31708.75;1337.98;24;1.27;2023-06-09;QUITADO
5039;8373;7651.27;170.38;48;6.89;2024-12-31;INADIMPLENTE
5040;3180;4631.81;100.89;48;4.55;2022-01-15;INADIMPLENTE
5041;1967;13493.72;382.1;36;1.94;2021-12-13;QUITADO
5042;3075;4334.67;386.8;12;7.08;2023-02-20;ATIVO
5043;8147;19434.68;416.23;48;2.8;2021-12-07;ATIVO
5044;9936;9728.98;208.87;48;3.05;2023-05-24;QUITADO
5045;7779;10083.98;215.4;48;2.53;2021-03-23;ATIVO
5046;7948;5380.35;469.57;12;4.73;2022-12-23;ATIVO
5047;838;25547.37;539.85;48;1.43;2022-04-19;ATIVO
5048;5403;12669.72;715.56;18;1.66;2024-03-31;INADIMPLENTE
5049;8301;16591.75;352.47;48;1.97;2023-05-24;QUITADO
5050;9556;12270.25;262.94;48;2.86;2021-06-15;ATIVO
5051;3251;19343.68;1088.19;18;1.26;2024-12-19;ATIVO
5052;720;2083.54;355.73;6;2.44;2023-08-20;ATIVO
5053;8663;49849.71;8432.08;6;1.49;2023-10-13;ATIVO
5054;2081;1116.47;31.78;36;2.46;2024-02-04;QUITADO
5055;1021;7267.9;217.29;36;7.63;2022-08-02;ATIVO
5056;317;12579.01;538.91;24;2.82;2022-02-10;ATIVO
5057;5955;3920.51;116.55;36;7.02;2023-05-03;ATIVO
5058;2099;23657.15;3993.72;6;1.29;2022-05-02;QUITADO
5059;1468;1218.21;69.43;18;2.59;2024-03-31;QUITADO
5060;3957;5081.66;296.74;18;5.11;2024-02-06;INADIMPLENTE
5061;8903;3192.47;69.68;48;4.76;2021-12-17;INADIMPLENTE
5062;1531;8044.96;455.12;18;1.83;2022-11-21;QUITADO
5063;7745;16525.5;1400.54;12;1.7;2024-12-20;QUITADO
5064;9956;2955.55;510.62;6;3.66;2022-12-20;ATIVO
5065;9893;4863.76;424.85;12;4.82;2024-09-12;ATIVO
5066;6705;9938.02;209.69;48;1.28;2024-12-12;QUITADO
5067;93;1246.27;37.27;36;7.66;2023-04-22;ATIVO
5068;3144;3069.69;67.62;48;5.74;2022-04-17;ATIVO
5069;3720;6550.15;294.48;24;7.9;2022-04-15;ATIVO
5070;5512;7754.15;220.35;36;2.3;2021-01-21;ATIVO
5071;9451;3013.81;541.18;6;7.74;2022-05-31;ATIVO
5072;1346;2280.13;197.21;12;3.79;2021-10-16;QUITADO
5073;4801;1507.31;32.84;48;4.57;2023-09-25;QUITADO
5074;9083;6401.34;286.17;24;7.29;2021-03-22;QUITADO
5075;6871;4775.72;102.97;48;3.49;2021-12-20;QUITADO
5076;4926;6691.52;1165.11;6;4.47;2021-10-14;QUITADO
5077;5494;24860.67;698.58;36;1.16;2024-06-28;QUITADO
5078;3810;4776.52;423.68;12;6.44;2022-12-25;ATIVO
5079;2399;6836.94;294.53;24;3.39;2024-10-28;QUITADO
5080;4366;2901.18;259.49;12;7.33;2021-09-03;ATIVO
5081;2569;4063.4;86.04;48;1.64;2022-10-12;ATIVO
5082;7890;3673.34;164.95;24;7.77;2022-03-22;QUITADO
5083;428;18761.59;1576.76;12;0.85;2022-05-04;QUITADO
5084;7916;2997.95;517.05;6;3.48;2024-01-01;QUITADO
5085;8256;1714.8;151.15;12;5.77;2021-04-21;ATIVO
5086;7234;37940.15;2136.66;18;1.37;2024-04-05;QUITADO
5087;6616;5549.99;994.37;6;7.5;2021-02-24;QUITADO
5088;1836;18627.81;3165.8;6;1.97;2023-11-10;QUITADO
5089;9436;15955.44;673.85;24;1.36;2022-09-02;QUITADO
5090;4593;3291.67;581.31;6;5.96;2024-10-19;QUITADO
5091;145;1846.12;312.52;6;1.57;2023-10-23;ATIVO
5092;2154;1068.52;61.85;18;4.19;2021-02-18;QUITADO
5093;7671;25148.27;2120.42;12;1.18;2023-11-27;ATIVO
5094;4694;3669.93;160.07;24;4.68;2024-07-23;ATIVO
5095;7525;11126.22;237.82;48;2.6;2024-07-19;ATIVO
5096;4922;6196.16;359.24;18;4.36;2024-03-09;QUITADO
5097;9928;4086.85;723.58;6;6.23;2022-03-06;INADIMPLENTE
5098;6727;7719.84;456.71;18;6.49;2022-01-20;ATIVO
5099;6639;5482.19;324.06;18;6.4;2022-03-13;QUITADO
5100;9387;2800.9;249.19;12;6.76;2021-08-02;ATIVO
5101;6164;3209.17;554.65;6;3.7;2021-02-12;ATIVO
5102;97;8506.87;1447.44;6;2.09;2021-01-25;QUITADO
5103;7904;1328.94;235.51;6;6.33;2022-04-26;INADIMPLENTE
5104;6394;7345.2;156.35;48;2.17;2023-07-22;ATIVO
5105;4387;1498.68;33.12;48;6.07;2023-08-26;ATIVO
5106;2333;19971.62;428.64;48;3.02;2024-10-26;ATIVO
5107;9616;2240.16;129.53;18;4.08;2023-05-17;ATIVO
5108;8773;7966.45;354.84;24;6.9;2021-09-25;ATIVO
5109;8091;10293.31;1763.76;6;2.81;2024-12-26;QUITADO
5110;2819;39392.27;1107.03;36;1.17;2024-04-07;ATIVO
5111;5285;5864.86;259.01;24;5.99;2023-10-03;ATIVO
5112;6896;6016.62;352.34;18;5.41;2021-05-11;QUITADO
5113;34;10127.28;215.08;48;1.94;2021-06-06;QUITADO
5114;3798;14588.74;408.85;36;0.89;2021-06-22;ATIVO
5115;5952;4803.21;141.29;36;5.9;2023-07-24;ATIVO
5116;4928;6499.11;1152.4;6;6.39;2022-07-23;ATIVO
5117;7271;5271.67;300.22;18;2.51;2023-01-10;ATIVO
5118;6235;16381.07;918.07;18;0.88;2023-10-24;QUITADO
5119;5537;4323.54;759.07;6;5.34;2024-08-14;ATIVO
5120;3951;3921.84;87.27;48;6.81;2022-04-03;QUITADO
5121;9476;4539.13;99.07;48;4.76;2021-03-04;INADIMPLENTE
5122;7881;19515.13;416.73;48;2.5;2023-04-05;QUITADO
5123;4423;14830.37;2547.36;6;3.06;2022-05-23;ATIVO
5124;1040;16111.82;919.72;18;2.75;2023-09-20;QUITADO
5125;2503;10689.98;306.18;36;3.11;2022-01-30;QUITADO
5126;209;9771.94;275.35;36;1.44;2024-07-29;ATIVO
5127;2492;13571.82;288.83;48;2.15;2021-10-15;QUITADO
5128;1371;18110.02;1021.91;18;1.57;2024-05-15;ATIVO
5129;8625;2266.54;197.11;12;4.36;2023-07-07;ATIVO
5130;233;11707.28;661.2;18;1.66;2021-03-05;ATIVO
5131;6388;5330.17;306.16;18;3.39;2023-05-12;QUITADO
5132;5770;1160.23;199.73;6;3.29;2023-08-17;ATIVO
5133;2625;2419.37;139.02;18;3.43;2022-02-08;ATIVO
5134;3429;13477.88;1150.34;12;2.42;2021-04-23;INADIMPLENTE
5135;738;3097.74;68.79;48;6.59;2024-08-21;QUITADO
5136;5230;3024.32;264.8;12;5.07;2024-10-11;ATIVO
5137;8110;2618.12;457.91;6;4.94;2023-07-11;ATIVO
5138;9091;7387.96;164.55;48;6.91;2024-04-30;ATIVO
5139;1010;9664.62;207.1;48;2.86;2023-10-28;QUITADO
5140;940;4535.35;135.36;36;7.44;2021-12-04;ATIVO
5141;562;18052.27;1546.33;12;2.79;2021-08-05;QUITADO
5142;7446;734.63;130.92;6;6.93;2023-07-22;ATIVO
5143;2821;13903.59;2388.17;6;3.06;2022-07-22;QUITADO
5144;9052;39024.35;2185.8;18;0.82;2023-10-10;QUITADO
5145;6755;1010.38;180.05;6;6.92;2021-12-22;ATIVO
5146;3390;3007.35;127.93;24;2.09;2023-01-22;QUITADO
5147;7373;11210.88;1921.54;6;2.84;2022-07-27;ATIVO
5148;2116;7157.92;154.98;48;3.93;2022-09-29;QUITADO
5149;6523;3566.41;629.95;6;5.98;2023-12-05;ATIVO
5150;9579;7632.77;670.28;12;5.38;2023-06-07;ATIVO
5151;8561;2692.58;116.76;24;4.07;2021-05-02;ATIVO
5152;2537;11696.07;501.42;24;2.89;2023-08-21;QUITADO
5153;4053;6539.03;1132.02;6;3.87;2023-10-26;QUITADO
5154;7777;6339.41;557.76;12;5.58;2022-05-12;QUITADO
5155;6871;9801.64;1663.17;6;1.81;2024-11-20;QUITADO
5156;1166;2703.18;472.07;6;4.78;2023-08-08;ATIVO
5157;4470;6851.2;291.15;24;1.99;2024-09-12;QUITADO
5158;8206;28855.02;810.35;36;1.1;2023-09-16;ATIVO
5159;9425;2422.75;53.73;48;6.46;2021-05-03;INADIMPLENTE
5160;9469;13142.66;2256.38;6;3.01;2022-06-19;ATIVO
5161;5603;15241.09;2574.73;6;1.36;2023-08-09;ATIVO
5162;8374;31766.05;669.14;48;1.11;2023-10-22;ATIVO
5163;9961;4800.62;287.24;18;7.7;2023-04-08;ATIVO
5164;9304;12237.97;517.0;24;1.39;2021-02-15;ATIVO
5165;8086;4455.47;778.0;6;4.77;2024-10-24;ATIVO
5166;9278;9196.0;386.73;24;0.93;2022-08-14;ATIVO
5167;4608;2355.95;136.91;18;4.6;2023-01-02;ATIVO
5168;6596;6616.93;1175.61;6;6.6;2023-11-11;ATIVO
5169;9435;4154.97;237.92;18;3.07;2024-05-02;QUITADO
5170;6237;16520.71;2799.16;6;1.66;2021-02-14;QUITADO
5171;1446;5598.63;237.92;24;1.99;2022-07-09;INADIMPLENTE
5172;7834;17014.64;963.22;18;1.9;2023-02-20;QUITADO
5173;9010;9910.93;1703.19;6;3.11;2024-11-11;ATIVO
5174;922;3349.57;195.37;18;4.99;2021-07-07;ATIVO
5175;3166;35228.93;2977.14;12;1.41;2021-09-10;ATIVO
5176;1489;20145.07;3386.05;6;0.85;2024-07-28;ATIVO
5177;8452;12245.58;2074.2;6;1.63;2024-08-03;ATIVO
5178;9663;22063.14;927.57;24;0.9;2021-07-29;ATIVO
5179;6506;8638.21;244.75;36;2.0;2022-02-22;ATIVO
5180;114;1627.92;137.84;12;1.61;2021-12-28;ATIVO
5181;5961;13823.04;780.62;18;1.65;2021-12-02;ATIVO
5182;9306;3678.74;163.11;24;6.41;2024-09-01;ATIVO
5183;8778;2332.58;139.88;18;7.94;2022-02-14;ATIVO
5184;8454;13725.72;782.52;18;2.62;2023-05-20;ATIVO
5185;8715;42463.37;7139.51;6;0.88;2024-11-04;ATIVO
5186;4502;15524.5;440.42;36;2.13;2024-06-05;ATIVO
5187;1153;38055.12;1601.8;24;1.02;2024-12-08;ATIVO
5188;4397;6229.03;351.84;18;1.67;2022-10-07;QUITADO
5189;8831;6223.92;361.13;18;4.44;2024-01-02;ATIVO
5190;176;8628.05;743.74;12;3.44;2024-08-06;QUITADO
5191;1169;2140.5;366.56;6;2.75;2022-07-07;ATIVO
5192;4027;4853.97;108.54;48;7.33;2022-09-29;QUITADO
5193;7922;1872.29;168.27;12;7.85;2021-10-01;ATIVO
5194;8624;4663.7;135.22;36;4.38;2022-04-17;ATIVO
5195;9232;4333.82;96.8;48;7.21;2022-02-27;INADIMPLENTE
5196;3659;6026.07;135.3;48;7.77;2022-11-14;QUITADO
5197;9558;1785.46;53.29;36;7.44;2021-03-03;ATIVO
5198;2543;18595.09;791.61;24;2.17;2022-10-10;ATIVO
5199;3022;27368.34;574.91;48;0.83;2023-11-08;QUITADO
5200;3806;14036.39;297.34;48;1.68;2023-07-13;ATIVO
5201;8345;7853.53;449.92;18;3.12;2021-09-27;QUITADO
5202;7800;6329.48;134.79;48;2.22;2023-08-28;ATIVO
5203;8317;26709.06;1500.75;18;1.14;2022-07-15;ATIVO
5204;4515;6026.32;171.8;36;2.63;2022-05-18;QUITADO
5205;4189;3703.54;639.79;6;3.65;2021-04-10;INADIMPLENTE
5206;3866;22393.94;628.9;36;1.1;2023-11-13;INADIMPLENTE
5207;2539;8413.32;241.53;36;3.35;2023-06-09;ATIVO
5208;2097;38377.2;1613.28;24;0.89;2023-01-16;QUITADO
5209;1554;6517.45;290.92;24;7.13;2023-08-06;ATIVO
5210;9263;15917.99;454.06;36;2.69;2022-12-22;ATIVO
5211;5686;6990.08;156.64;48;7.56;2023-02-17;ATIVO
5212;657;9530.41;1601.27;6;0.81;2021-02-15;QUITADO
5213;9458;5829.11;250.82;24;3.27;2021-11-18;ATIVO
5214;6917;5812.34;333.31;18;3.22;2022-02-10;ATIVO
5215;946;1826.95;78.19;24;2.71;2021-05-04;QUITADO
5216;4674;19841.2;1697.25;12;2.65;2021-10-17;QUITADO
5217;4937;6073.8;271.52;24;7.29;2021-03-05;QUITADO
5218;5397;3723.15;317.65;12;2.38;2023-01-09;INADIMPLENTE
5219;9873;17962.36;3078.75;6;2.84;2024-12-18;INADIMPLENTE
5220;5472;4824.54;102.97;48;2.45;2023-03-19;INADIMPLENTE
5221;9752;2132.05;126.71;18;6.98;2021-05-01;ATIVO
5222;4771;5391.64;115.47;48;2.8;2024-11-19;QUITADO
5223;2870;2728.6;60.83;48;7.0;2024-07-23;INADIMPLENTE
5224;5144;18754.02;1069.92;18;2.69;2022-07-02;ATIVO
5225;7724;3949.47;118.18;36;7.72;2023-01-03;QUITADO
5226;4589;46609.12;1959.72;24;0.91;2021-07-05;QUITADO
5227;8908;10488.13;600.56;18;3.07;2024-03-13;ATIVO
5228;7756;5988.71;340.46;18;2.33;2024-05-23;QUITADO
5229;5166;7218.88;160.38;48;6.64;2024-06-30;ATIVO
5230;8195;9671.96;274.6;36;2.21;2021-08-26;ATIVO
5231;9118;5938.52;129.01;48;4.28;2021-08-12;ATIVO
5232;1955;17607.56;375.96;48;2.49;2024-09-11;QUITADO
5233;6467;9349.53;1606.56;6;3.1;2023-12-20;ATIVO
5234;5599;6875.05;149.72;48;4.53;2022-07-28;INADIMPLENTE
5235;6174;4066.63;116.69;36;3.3;2022-03-04;QUITADO
5236;2322;5492.45;481.83;12;5.27;2023-09-02;ATIVO
5237;4739;9771.72;555.2;18;2.27;2024-12-26;QUITADO
5238;2338;13659.97;2312.18;6;1.56;2022-07-24;QUITADO
5239;4621;8399.34;180.17;48;2.96;2023-01-21;ATIVO
5240;3069;12351.68;519.13;24;0.87;2022-04-19;QUITADO
5241;8585;48065.08;8102.97;6;1.15;2022-12-19;ATIVO
5242;3413;3581.29;302.95;12;1.51;2023-12-26;QUITADO
5243;5969;4076.77;174.86;24;2.94;2024-08-23;QUITADO
5244;6267;13092.19;371.24;36;2.08;2023-01-01;QUITADO
5245;5845;7597.33;220.03;36;4.26;2021-10-04;ATIVO
5246;8611;46906.37;1976.13;24;1.11;2023-10-02;ATIVO
5247;6215;2546.81;224.27;12;5.67;2024-07-03;QUITADO
5248;4919;14285.03;1213.28;12;1.92;2022-04-15;QUITADO
5249;7107;49765.08;2101.95;24;1.37;2022-02-01;QUITADO
5250;2300;3530.68;151.47;24;2.96;2023-12-02;QUITADO
5251;5330;12550.31;270.43;48;3.43;2024-03-30;ATIVO
5252;4653;16672.56;943.57;18;1.87;2021-09-03;QUITADO
5253;8632;3621.11;613.05;6;1.58;2023-09-30;QUITADO
5254;3869;12431.03;698.28;18;1.11;2022-02-01;QUITADO
5255;9561;33198.82;701.53;48;1.43;2023-12-05;QUITADO
5256;6515;7079.06;155.19;48;5.23;2023-02-23;ATIVO
5257;4397;18602.45;1069.02;18;3.44;2022-03-20;QUITADO
5258;9173;1012.12;60.41;18;7.44;2023-09-03;ATIVO
5259;9685;48631.64;2727.96;18;0.97;2022-01-07;QUITADO
5260;3093;11788.1;997.18;12;1.51;2021-05-15;QUITADO
5261;6154;5217.65;111.54;48;2.61;2024-03-09;QUITADO
5262;8139;1983.05;57.0;36;3.48;2022-03-06;QUITADO
5263;2577;9874.38;849.03;12;3.18;2021-08-04;QUITADO
5264;8541;32553.53;2753.21;12;1.49;2022-07-18;ATIVO
5265;7032;6065.58;181.53;36;7.74;2022-11-28;QUITADO
5266;330;19595.39;1659.08;12;1.6;2024-11-02;ATIVO
5267;2965;35142.87;1977.37;18;1.28;2024-05-27;ATIVO
5268;8918;18007.31;3084.65;6;2.78;2023-12-13;ATIVO
5269;9770;4580.83;795.31;6;4.17;2021-01-01;ATIVO
5270;5490;26243.1;2213.82;12;1.23;2021-02-26;QUITADO
5271;1044;5211.92;920.95;6;6.02;2021-11-17;ATIVO
5272;1275;3303.53;94.88;36;3.39;2022-07-26;QUITADO
5273;190;16038.99;337.62;48;1.04;2024-12-03;ATIVO
5274;8020;3601.45;630.01;6;4.96;2021-09-27;ATIVO
5275;8773;1065.4;61.89;18;4.56;2024-06-25;QUITADO
5276;5128;17979.73;515.97;36;3.31;2023-08-10;QUITADO
5277;4159;1362.41;81.56;18;7.76;2023-07-02;ATIVO
5278;2954;721.67;64.38;12;7.05;2022-02-07;ATIVO
5279;4756;7519.6;216.31;36;3.56;2024-01-08;QUITADO
5280;7187;24527.69;4122.29;6;0.84;2024-05-24;QUITADO
5281;8115;1002.78;58.37;18;4.77;2021-01-25;ATIVO
5282;7572;6464.71;374.45;18;4.26;2021-09-07;INADIMPLENTE
5283;445;18722.35;3226.17;6;3.39;2023-06-28;QUITADO
5284;7470;4596.95;202.67;24;5.81;2024-08-23;INADIMPLENTE
5285;6323;14312.69;609.48;24;2.2;2022-10-27;QUITADO
5286;7081;11282.99;1921.49;6;2.18;2024-04-18;ATIVO
5287;6193;6147.93;358.7;18;5.02;2022-11-18;ATIVO
5288;76;12753.65;539.85;24;1.59;2021-12-27;ATIVO
5289;8871;22587.19;636.39;36;1.43;2022-08-20;QUITADO
5290;4475;3430.79;294.05;12;2.85;2023-10-25;ATIVO
5291;5963;3043.38;89.13;36;5.43;2021-09-13;QUITADO
5292;8916;5673.49;990.97;6;4.8;2022-09-24;QUITADO
5293;2816;7391.44;164.88;48;7.07;2024-02-08;ATIVO
5294;210;34795.85;5856.72;6;0.99;2024-10-28;QUITADO
5295;1685;5925.76;255.33;24;3.41;2021-10-27;ATIVO
5296;9068;44453.38;2491.12;18;0.87;2024-09-18;ATIVO
5297;9708;2719.21;236.5;12;4.37;2024-03-21;ATIVO
5298;2767;9797.86;207.04;48;1.43;2023-02-13;ATIVO
5299;6564;19404.39;827.92;24;2.4;2024-02-13;QUITADO
5300;544;11635.14;250.37;48;3.29;2023-05-10;ATIVO
5301;3219;6018.32;132.95;48;6.04;2023-01-08;INADIMPLENTE
5302;2151;3848.89;113.22;36;5.9;2021-06-04;QUITADO
5303;793;2634.82;113.54;24;3.42;2024-08-15;ATIVO
5304;2423;24653.95;520.66;48;1.37;2021-11-06;ATIVO
5305;495;2672.73;480.65;6;7.9;2023-10-30;ATIVO
5306;9567;5486.85;156.07;36;2.4;2023-07-11;QUITADO
5307;6671;7195.76;635.15;12;5.92;2023-07-20;ATIVO
5308;4780;1043.59;91.86;12;5.63;2022-07-25;QUITADO
5309;9532;17697.48;3027.74;6;2.65;2023-06-03;ATIVO
5310;2022;3172.81;70.61;48;6.83;2024-05-08;QUITADO
5311;7854;1604.15;94.33;18;5.85;2022-05-21;QUITADO
5312;9897;9332.26;1609.35;6;3.47;2022-07-08;QUITADO
5313;6489;6561.78;279.91;24;2.38;2024-07-10;QUITADO
5314;5337;3417.34;604.58;6;6.15;2023-11-09;INADIMPLENTE
5315;982;8092.13;231.93;36;3.18;2022-01-01;QUITADO
5316;8354;18098.77;520.19;36;3.47;2021-10-13;QUITADO
5317;5167;42515.57;3590.09;12;1.33;2024-09-30;INADIMPLENTE
5318;8695;37636.9;1591.41;24;1.48;2022-03-03;INADIMPLENTE
5319;6657;15749.97;2715.03;6;3.43;2021-10-16;QUITADO
5320;8821;17929.49;1527.44;12;2.23;2021-05-29;ATIVO
5321;2734;5734.19;973.0;6;1.81;2024-02-06;QUITADO
5322;701;3933.76;116.93;36;7.01;2024-03-25;ATIVO
5323;7752;31414.0;1763.37;18;1.04;2022-04-25;QUITADO
5324;5639;18722.06;1049.48;18;0.9;2023-03-07;ATIVO
5325;9121;1131.24;32.13;36;2.26;2021-01-02;ATIVO
5326;1314;20014.0;845.67;24;1.41;2024-01-07;QUITADO
5327;9202;5400.23;940.18;6;4.46;2024-11-30;ATIVO
5328;9762;731.2;43.79;18;7.79;2021-05-30;ATIVO
5329;7782;19535.21;419.76;48;3.14;2023-04-11;ATIVO
5330;4903;4591.91;130.33;36;2.18;2023-11-22;ATIVO
5331;463;37952.43;1065.09;36;1.03;2022-07-01;ATIVO
5332;276;13913.42;595.55;24;2.73;2023-06-23;ATIVO
5333;2810;1524.65;65.52;24;3.13;2021-03-31;ATIVO
5334;1739;1472.99;83.76;18;2.35;2023-02-12;QUITADO
5335;3075;2584.97;223.92;12;3.95;2022-05-22;ATIVO
5336;4538;6412.41;1083.8;6;1.41;2022-07-23;ATIVO
5337;6973;1095.09;24.37;48;6.8;2023-09-27;QUITADO
5338;6298;45128.17;2544.48;18;1.49;2022-02-08;QUITADO
5339;2941;3782.62;82.93;48;5.24;2024-07-28;INADIMPLENTE
5340;2613;45645.08;3856.25;12;1.38;2023-10-29;ATIVO
5341;2355;9710.2;836.05;12;3.32;2021-06-12;QUITADO
5342;3854;45141.58;953.9;48;1.43;2023-10-01;ATIVO
5343;1422;42460.21;896.62;48;1.36;2022-10-28;INADIMPLENTE
5344;2329;3309.92;96.22;36;4.65;2023-06-15;QUITADO
5345;4739;10946.94;622.52;18;2.36;2024-01-10;ATIVO
5346;8373;2807.05;166.49;18;6.76;2021-12-15;INADIMPLENTE
5347;7311;21269.65;1792.68;12;1.14;2024-07-09;QUITADO
5348;6141;9897.22;207.92;48;0.84;2024-05-22;QUITADO
5349;8682;9932.39;424.24;24;2.51;2022-03-01;ATIVO
5350;4573;5645.37;501.92;12;6.69;2021-06-18;QUITADO
5351;5519;3590.71;76.88;48;2.77;2022-03-25;ATIVO
5352;9213;12119.39;345.57;36;2.65;2021-11-23;ATIVO
5353;462;11700.55;1984.22;6;1.75;2021-01-30;ATIVO
5354;3804;6666.51;586.49;12;5.57;2021-10-11;QUITADO
5355;48;550.41;12.21;48;6.48;2022-07-14;QUITADO
5356;5341;2439.26;146.04;18;7.77;2023-05-10;ATIVO
5357;5506;16106.3;2749.08;6;2.41;2023-01-15;QUITADO
5358;4969;13668.32;2350.04;6;3.16;2023-08-10;ATIVO
5359;8604;22094.17;3728.39;6;1.25;2022-08-31;ATIVO
5360;3592;11413.07;971.35;12;2.13;2024-03-27;QUITADO
5361;4796;2875.88;60.91;48;1.67;2022-09-28;QUITADO
5362;8882;13405.25;571.06;24;2.24;2024-09-28;ATIVO
5363;5495;15284.87;658.46;24;3.39;2023-02-02;ATIVO
5364;6663;14671.96;630.47;24;3.13;2023-04-01;QUITADO
5365;1265;26629.61;1125.1;24;1.4;2021-04-06;ATIVO
5366;2413;3388.72;96.6;36;2.62;2024-10-06;ATIVO
5367;7566;3065.17;68.21;48;6.82;2021-10-14;ATIVO
5368;3099;2831.38;166.96;18;6.14;2022-01-14;ATIVO
5369;7830;7911.38;446.73;18;1.64;2024-03-19;QUITADO
5370;9816;10868.74;310.21;36;2.75;2021-10-03;INADIMPLENTE
5371;6276;10524.31;900.62;12;2.69;2023-08-17;QUITADO
5372;6769;6053.0;530.24;12;5.12;2021-12-08;ATIVO
5373;7574;1077.54;23.24;48;3.52;2024-02-09;ATIVO
5374;2993;6826.65;191.62;36;1.05;2021-12-15;ATIVO
5375;6495;4521.57;100.02;48;6.18;2022-04-21;QUITADO
5376;8484;3738.46;82.87;48;6.4;2022-07-19;ATIVO
5377;8293;3349.28;144.66;24;3.66;2021-10-14;ATIVO
5378;4329;6956.3;303.96;24;4.87;2022-02-19;QUITADO
5379;5387;5669.33;970.12;6;2.67;2022-06-11;QUITADO
5380;2605;1954.85;56.8;36;4.61;2024-11-27;QUITADO
5381;7111;11766.74;999.0;12;1.88;2022-05-11;QUITADO
5382;9154;7226.28;1290.97;6;7.19;2021-08-18;ATIVO
5383;6919;10657.89;228.92;48;3.1;2021-02-13;QUITADO
5384;3182;2386.94;69.82;36;5.3;2022-10-25;QUITADO
5385;9713;10464.9;594.12;18;2.19;2021-10-01;ATIVO
5386;1463;7754.1;221.62;36;2.89;2023-03-16;ATIVO
5387;4777;2421.57;205.25;12;1.71;2023-04-24;QUITADO
5388;7316;7523.02;444.03;18;6.24;2023-07-21;INADIMPLENTE
5389;9277;4424.62;262.23;18;6.68;2021-05-30;ATIVO
5390;8093;19195.27;551.17;36;3.37;2022-02-14;ATIVO
5391;1309;3922.07;695.71;6;6.43;2024-09-06;INADIMPLENTE
5392;996;7632.85;324.33;24;1.98;2023-05-19;QUITADO
5393;4027;3740.2;335.4;12;7.61;2024-09-07;QUITADO
5394;5424;41354.84;1165.86;36;1.49;2024-12-29;ATIVO
5395;7588;20993.06;443.3;48;1.36;2024-01-06;ATIVO
5396;5240;16265.12;685.24;24;1.11;2024-08-31;QUITADO
5397;7357;11338.99;238.99;48;1.17;2023-03-04;QUITADO
5398;2811;5693.75;170.13;36;7.57;2024-06-12;QUITADO
5399;855;19870.53;426.39;48;3.0;2023-06-05;QUITADO
5400;1011;17353.52;490.53;36;1.76;2022-09-20;QUITADO
5401;4780;3656.79;324.08;12;6.35;2024-04-27;QUITADO
5402;3465;16232.45;344.57;48;1.89;2024-01-05;ATIVO
5403;4160;3737.11;217.54;18;4.78;2021-08-28;QUITADO
5404;3050;12207.24;1042.4;12;2.47;2023-06-09;ATIVO
5405;7420;14810.83;421.53;36;2.46;2021-04-10;ATIVO
5406;2852;17676.79;1497.81;12;1.68;2024-09-03;ATIVO
5407;2120;41753.51;1765.65;24;1.49;2021-06-07;QUITADO
5408;24;935.96;27.62;36;6.23;2022-10-03;QUITADO
5409;1849;6059.04;542.03;12;7.35;2021-01-19;ATIVO
5410;8269;7663.31;333.19;24;4.35;2021-11-22;QUITADO
5411;2075;1464.55;84.58;18;3.95;2024-07-28;ATIVO
5412;2640;810.99;46.79;18;3.84;2022-12-22;ATIVO
5413;4238;8271.13;473.11;18;2.96;2022-07-09;ATIVO
5414;8737;1871.54;328.7;6;5.38;2021-07-12;QUITADO
5415;9930;3687.67;323.47;12;5.26;2024-07-18;INADIMPLENTE
5416;8780;12430.89;266.95;48;3.08;2022-12-24;QUITADO
5417;7961;3957.52;334.97;12;1.57;2021-09-27;ATIVO
5418;9014;7137.62;152.08;48;2.27;2024-01-08;QUITADO
5419;8912;2573.86;222.87;12;3.91;2021-04-20;QUITADO
5420;7785;2854.09;84.35;36;6.39;2023-12-16;INADIMPLENTE
5421;128;991.59;59.09;18;7.27;2021-11-23;INADIMPLENTE
5422;9980;44786.55;1254.52;36;0.84;2022-09-02;ATIVO
5423;4615;7610.5;1323.59;6;4.35;2023-09-27;INADIMPLENTE
5424;8032;5651.72;118.92;48;1.0;2024-05-14;ATIVO
5425;2188;17475.27;1484.23;12;1.92;2023-11-22;QUITADO
5426;4738;4881.93;140.68;36;3.74;2024-05-30;ATIVO
5427;7802;6099.96;343.46;18;1.35;2022-07-07;QUITADO
5428;7639;7459.05;643.47;12;3.52;2021-06-26;QUITADO
5429;8248;12774.98;540.54;24;1.55;2023-09-19;QUITADO
5430;3669;11587.98;981.98;12;1.69;2024-10-19;ATIVO
5431;3575;36025.68;3033.06;12;1.03;2023-09-29;ATIVO
5432;1954;33938.12;1430.07;24;1.13;2023-06-13;ATIVO
5433;1128;2429.41;106.39;24;5.1;2021-05-13;QUITADO
5434;7197;3828.6;168.25;24;5.47;2022-04-07;INADIMPLENTE
5435;5064;6889.71;1173.32;6;2.18;2022-08-14;QUITADO
5436;4616;2849.16;121.61;24;2.44;2023-04-13;ATIVO
5437;7756;7452.13;158.92;48;2.36;2022-05-21;ATIVO
5438;7696;6489.78;191.29;36;6.11;2021-09-19;QUITADO
5439;5733;13065.44;275.54;48;1.23;2021-04-15;QUITADO
5440;3770;7712.9;459.56;18;7.25;2021-05-01;QUITADO
5441;7495;2866.22;164.6;18;3.37;2022-04-01;QUITADO
5442;7226;4770.46;211.41;24;6.36;2021-11-19;INADIMPLENTE
5443;3216;6910.08;202.75;36;5.63;2024-06-09;QUITADO
5444;7322;2979.22;264.16;12;6.4;2022-08-13;ATIVO
5445;1648;4048.66;361.55;12;7.16;2024-12-14;QUITADO
5446;7569;4737.29;424.3;12;7.48;2024-05-19;ATIVO
5447;4069;6984.13;625.02;12;7.39;2023-07-11;INADIMPLENTE
5448;2551;14084.46;2425.81;6;3.34;2021-10-31;QUITADO
5449;4957;3099.78;278.83;12;7.94;2024-03-07;ATIVO
5450;5920;21318.42;899.73;24;1.29;2024-09-29;QUITADO
5451;1450;7617.01;683.25;12;7.64;2021-06-22;QUITADO
5452;829;2701.87;58.02;48;3.08;2022-01-18;ATIVO
5453;9498;751.97;16.91;48;7.92;2023-03-13;QUITADO
5454;4759;37474.0;2111.04;18;1.4;2024-05-09;ATIVO
5455;9414;1073.25;60.63;18;1.68;2022-05-30;ATIVO
5456;8172;2383.89;207.3;12;4.35;2023-03-15;QUITADO
5457;5708;5768.62;490.48;12;2.03;2024-02-28;ATIVO
5458;9911;3638.02;649.63;6;7.14;2022-06-02;ATIVO
5459;5636;36050.82;757.82;48;0.9;2021-01-16;ATIVO
5460;9109;3975.41;352.29;12;6.34;2021-12-05;ATIVO
5461;4879;19195.17;826.51;24;3.34;2023-10-22;QUITADO
5462;6101;3987.0;112.94;36;1.98;2021-04-07;ATIVO
5463;3642;27827.19;1175.58;24;1.39;2024-01-22;ATIVO
5464;1133;10165.67;1730.54;6;2.14;2024-05-17;QUITADO
5465;4221;1912.66;114.36;18;7.62;2022-03-23;QUITADO
5466;7011;826.98;142.9;6;3.68;2021-05-03;ATIVO
5467;7522;2087.8;185.29;12;6.5;2022-12-02;QUITADO
5468;3088;17348.87;370.58;48;2.53;2023-09-02;ATIVO
5469;6544;44811.9;2525.65;18;1.45;2023-04-05;QUITADO
5470;974;8850.57;377.03;24;2.24;2021-12-06;ATIVO
5471;2343;2818.0;124.45;24;5.99;2024-09-01;ATIVO
5472;6290;2669.71;115.28;24;3.63;2024-07-30;ATIVO
5473;4877;1878.58;109.03;18;4.47;2023-02-15;ATIVO
5474;7006;6417.14;140.5;48;5.09;2023-04-27;QUITADO
5475;3603;4462.71;798.45;6;7.35;2022-11-16;QUITADO
5476;7406;3581.14;312.87;12;4.84;2022-11-13;QUITADO
5477;1682;2844.56;246.62;12;4.04;2022-10-05;ATIVO
5478;8518;15369.65;441.66;36;3.45;2023-01-21;QUITADO
5479;5327;5968.16;258.6;24;3.99;2023-03-22;INADIMPLENTE
5480;7890;3399.54;75.12;48;6.06;2024-03-05;QUITADO
5481;8563;4849.37;283.2;18;5.12;2023-04-24;ATIVO
5482;8772;40353.85;847.51;48;0.81;2022-04-14;ATIVO
5483;1503;9506.36;543.5;18;2.91;2021-11-11;QUITADO
5484;8595;6822.56;148.28;48;4.32;2022-07-12;ATIVO
5485;6388;13111.12;2240.47;6;2.53;2021-01-18;QUITADO
5486;6774;1880.09;166.14;12;6.04;2022-10-30;ATIVO
5487;7703;6045.74;341.55;18;1.69;2023-09-10;ATIVO
5488;3108;5254.23;117.82;48;7.63;2022-02-10;ATIVO
5489;8327;3478.77;148.44;24;2.41;2023-03-24;QUITADO
5490;2041;6187.3;351.75;18;2.33;2021-10-22;QUITADO
5491;6468;18809.82;3180.43;6;1.45;2022-01-14;INADIMPLENTE
5492;8440;26233.88;737.68;36;1.23;2021-06-08;QUITADO
5493;8038;10247.11;870.49;12;1.94;2024-04-24;ATIVO
5494;1337;3315.34;94.51;36;2.62;2022-02-15;QUITADO
5495;6681;6179.07;360.89;18;5.13;2024-10-06;ATIVO
5496;3100;1646.22;47.72;36;4.36;2024-07-30;ATIVO
5497;9599;2652.04;56.49;48;2.24;2024-09-28;ATIVO
5498;2714;6806.63;293.22;24;3.39;2021-09-30;ATIVO
5499;1837;691.83;30.56;24;6.01;2024-10-18;ATIVO
5500;4433;12241.31;699.05;18;2.79;2022-02-10;ATIVO
5501;875;18501.81;791.8;24;2.71;2024-01-08;ATIVO
5502;2864;5444.23;122.15;48;7.7;2022-08-26;ATIVO
5503;7946;8654.61;185.71;48;3.0;2024-07-01;QUITADO
5504;7749;47789.78;2007.57;24;0.82;2023-11-02;ATIVO
5505;5622;2775.86;120.52;24;4.2;2023-03-15;QUITADO
5506;4259;2814.56;82.25;36;5.2;2022-03-31;ATIVO
5507;3686;14001.39;2388.64;6;2.36;2024-10-24;ATIVO
5508;7717;5253.37;472.15;12;7.85;2023-11-27;ATIVO
5509;2733;1690.77;37.11;48;5.34;2022-12-31;INADIMPLENTE
5510;7241;623.0;37.23;18;7.57;2022-11-18;ATIVO
5511;5227;7349.76;157.19;48;2.66;2023-05-25;QUITADO
5512;2900;10057.76;853.48;12;1.83;2023-02-12;QUITADO
5513;9650;15264.84;1300.82;12;2.26;2022-03-08;QUITADO
5514;2960;15783.17;904.11;18;3.11;2023-07-07;ATIVO
5515;7255;4017.95;344.77;12;2.97;2024-07-18;QUITADO
5516;9196;14638.96;630.63;24;3.39;2024-01-12;ATIVO
5517;910;5043.04;450.47;12;7.19;2023-08-28;ATIVO
5518;7402;5957.42;356.85;18;7.82;2023-08-16;INADIMPLENTE
5519;2977;6357.18;138.14;48;4.3;2022-05-09;INADIMPLENTE
5520;3031;5776.71;245.53;24;2.01;2023-05-03;ATIVO
5521;4844;844.8;148.25;6;5.29;2022-09-03;ATIVO
5522;6936;6077.35;1075.69;6;6.2;2024-01-25;ATIVO
5523;9114;3338.21;96.18;36;3.72;2023-03-22;QUITADO
5524;6024;16461.35;698.51;24;1.84;2023-12-01;ATIVO
5525;1196;7667.97;227.12;36;6.63;2021-12-13;INADIMPLENTE
5526;7538;5761.02;326.59;18;2.04;2021-02-08;ATIVO
5527;7528;5601.36;124.74;48;6.89;2024-10-16;QUITADO
5528;2925;3201.7;95.69;36;7.59;2023-05-25;QUITADO
5529;5723;2930.07;519.11;6;6.3;2022-04-16;ATIVO
5530;5627;2548.05;75.38;36;6.5;2024-01-12;QUITADO
5531;3072;13459.7;2287.25;6;1.96;2024-01-21;ATIVO
5532;937;707.44;30.84;24;4.61;2024-04-01;QUITADO
5533;3925;2508.91;111.69;24;6.84;2024-04-14;QUITADO
5534;492;1514.15;130.99;12;3.81;2023-10-09;INADIMPLENTE
5535;2806;12446.89;1072.82;12;3.43;2024-07-17;ATIVO
5536;7729;11469.65;1977.37;6;3.44;2021-07-06;ATIVO
5537;4920;7074.93;630.79;12;6.99;2021-02-26;ATIVO
5538;2541;2112.96;60.95;36;3.85;2023-01-22;QUITADO
5539;9109;544.28;47.31;12;4.31;2022-05-08;ATIVO
5540;461;7912.44;676.91;12;2.66;2021-05-30;QUITADO
5541;4089;15906.47;672.38;24;1.45;2024-07-28;QUITADO
5542;5168;5120.17;879.13;6;3.02;2022-08-20;QUITADO
5543;257;4952.35;441.42;12;6.96;2021-06-12;QUITADO
5544;2917;841.26;73.09;12;4.26;2021-09-08;ATIVO
5545;5385;18387.65;786.07;24;2.6;2022-01-19;ATIVO
5546;7411;1342.98;38.67;36;3.66;2022-12-14;ATIVO
5547;3422;45390.46;3828.69;12;1.22;2021-07-20;ATIVO
5548;8017;3923.75;87.04;48;6.48;2022-10-18;ATIVO
5549;4126;4814.71;105.61;48;5.29;2021-01-29;ATIVO
5550;9026;1108.36;187.53;6;1.52;2024-09-05;QUITADO
5551;5681;49895.81;1052.07;48;1.21;2021-06-12;ATIVO
5552;7094;8148.14;468.07;18;3.4;2022-03-12;QUITADO
5553;5865;1806.23;107.56;18;7.19;2022-09-25;QUITADO
5554;5029;2428.84;214.3;12;5.88;2023-11-12;ATIVO
5555;1648;4107.2;245.5;18;7.59;2021-05-29;QUITADO
5556;519;5890.87;343.34;18;4.91;2023-06-11;ATIVO
5557;45;1351.75;29.93;48;6.28;2021-04-30;QUITADO
5558;9693;14109.06;607.28;24;3.3;2021-01-23;ATIVO
5559;3046;3672.0;311.42;12;1.77;2021-03-09;ATIVO
5560;9625;899.22;26.8;36;7.3;2022-05-02;ATIVO
5561;4906;5995.82;177.31;36;6.46;2021-01-20;INADIMPLENTE
5562;9720;4589.87;102.67;48;7.37;2022-02-18;ATIVO
5563;7389;37102.84;780.71;48;1.0;2021-08-22;QUITADO
5564;6999;4893.01;830.67;6;1.86;2023-02-19;QUITADO
5565;8225;1239.76;70.82;18;2.83;2024-05-14;QUITADO
5566;8275;14661.27;826.0;18;1.41;2024-11-30;ATIVO
5567;9272;2250.77;48.69;48;3.84;2022-12-19;INADIMPLENTE
5568;4208;3881.51;337.5;12;4.34;2023-01-10;ATIVO
5569;9330;17509.96;1485.43;12;1.8;2021-06-30;QUITADO
5570;337;1240.46;54.01;24;4.49;2024-03-01;QUITADO
5571;6057;2676.0;78.09;36;5.06;2022-03-17;ATIVO
5572;7799;8339.32;176.92;48;1.83;2021-02-24;ATIVO
5573;2840;15391.7;652.22;24;1.7;2023-07-03;QUITADO
5574;5459;3145.86;134.37;24;2.51;2023-08-18;QUITADO
5575;1853;15097.44;648.5;24;3.09;2021-10-05;QUITADO
5576;2655;552.94;33.11;18;7.79;2021-07-16;QUITADO
5577;2524;4304.01;251.07;18;5.0;2021-12-13;ATIVO
5578;4387;2253.96;396.13;6;5.45;2021-12-16;QUITADO
5579;9729;5110.94;296.07;18;4.27;2021-06-21;INADIMPLENTE
5580;574;6551.9;384.63;18;5.67;2022-03-04;INADIMPLENTE
5581;3240;673.67;14.93;48;6.38;2021-01-25;ATIVO
5582;1106;1980.4;57.83;36;5.12;2023-12-05;QUITADO
5583;8800;1056.95;23.07;48;4.76;2022-12-03;INADIMPLENTE
5584;4168;7124.69;401.95;18;1.55;2021-01-06;QUITADO
5585;4305;4263.5;376.15;12;5.87;2024-01-27;ATIVO
5586;7440;18652.65;793.36;24;2.08;2021-05-08;QUITADO
5587;5860;4224.3;245.36;18;4.55;2023-06-13;INADIMPLENTE
5588;8271;10350.61;220.81;48;2.4;2021-01-15;ATIVO
5589;8848;14795.46;2530.52;6;2.62;2024-08-25;ATIVO
5590;1199;2544.51;149.16;18;5.52;2021-03-24;ATIVO
5591;3337;10688.8;606.77;18;2.18;2022-11-03;ATIVO
5592;4571;1147.79;49.23;24;2.94;2021-12-01;ATIVO
5593;6814;3909.22;114.55;36;5.49;2023-06-26;QUITADO
5594;3774;14776.6;418.59;36;1.98;2022-01-19;ATIVO
5595;8028;3238.29;69.24;48;2.63;2024-01-26;ATIVO
5596;1942;1478.27;88.35;18;7.58;2021-08-10;ATIVO
5597;5198;3995.35;338.54;12;1.68;2022-06-08;QUITADO
5598;4514;7215.43;311.53;24;3.62;2023-12-30;QUITADO
5599;4197;44860.77;1256.35;36;0.82;2021-03-22;QUITADO
5600;9419;1840.78;322.57;6;5.14;2023-04-02;ATIVO
5601;3894;2256.72;96.03;24;2.13;2024-07-30;ATIVO
5602;7573;2548.74;113.32;24;6.71;2021-06-09;INADIMPLENTE
5603;7964;3956.66;87.99;48;6.74;2023-03-16;ATIVO
5604;3456;3137.33;136.89;24;4.72;2024-03-06;ATIVO
5605;3042;27959.68;1177.8;24;1.1;2022-02-04;ATIVO
5606;6090;1171.74;69.22;18;6.34;2021-04-25;ATIVO
5607;723;13544.64;2311.62;6;2.4;2022-09-23;QUITADO
5608;3342;11317.47;1938.49;6;2.77;2022-05-20;QUITADO
5609;3954;13495.24;2307.24;6;2.58;2024-03-28;QUITADO
5610;8516;3361.64;189.78;18;1.62;2022-11-18;QUITADO
5611;8449;10497.1;225.03;48;2.9;2023-04-04;ATIVO
5612;6374;23724.18;3998.71;6;1.13;2024-04-11;QUITADO
5613;151;1469.35;43.82;36;7.37;2023-03-29;QUITADO
5614;108;1223.25;217.78;6;6.82;2024-03-09;QUITADO
5615;63;2796.59;118.63;24;1.81;2022-09-20;ATIVO
5616;6139;7489.9;327.65;24;4.99;2023-08-14;QUITADO
5617;5047;800.91;71.35;12;6.91;2024-09-24;ATIVO
5618;6638;1079.73;22.92;48;1.91;2022-12-18;INADIMPLENTE
5619;4692;2790.0;83.55;36;7.81;2021-11-29;QUITADO
5620;2681;13485.25;767.01;18;2.38;2022-01-24;ATIVO
5621;9468;944.89;56.05;18;6.78;2024-07-26;ATIVO
5622;8522;5672.9;167.27;36;6.15;2022-07-03;ATIVO
5623;5537;4667.22;411.73;12;5.86;2023-01-09;INADIMPLENTE
5624;5919;10478.17;449.34;24;2.92;2021-12-18;ATIVO
5625;4249;17651.74;1511.28;12;2.74;2022-03-17;ATIVO
5626;5136;3045.88;134.95;24;6.33;2024-11-02;QUITADO
5627;3854;12353.41;694.81;18;1.24;2021-03-03;QUITADO
5628;90;5093.05;152.11;36;7.52;2023-10-28;INADIMPLENTE
5629;3128;3677.66;80.68;48;5.3;2024-05-26;QUITADO
5630;5037;6858.36;294.62;24;3.1;2022-08-10;ATIVO
5631;967;2499.25;55.14;48;5.9;2023-07-21;ATIVO
5632;3814;30075.65;1687.08;18;0.97;2023-03-16;ATIVO
5633;6793;7589.26;163.0;48;3.09;2022-05-07;QUITADO
5634;1024;11508.4;328.34;36;2.71;2023-05-03;ATIVO
5635;9568;3539.46;314.07;12;6.48;2023-08-28;ATIVO
5636;5723;7799.82;680.01;12;4.62;2022-04-26;INADIMPLENTE
5637;2247;7212.16;322.62;24;7.36;2024-07-15;QUITADO
5638;651;6890.75;299.2;24;4.21;2023-05-19;ATIVO
5639;2399;6133.22;1041.52;6;1.89;2021-08-27;ATIVO
5640;3947;7081.46;1235.48;6;4.68;2023-02-06;ATIVO
5641;8776;4728.66;100.78;48;2.3;2022-12-05;ATIVO
5642;9777;17599.67;1493.77;12;1.85;2023-04-02;ATIVO
5643;9308;7015.57;203.2;36;4.27;2023-05-10;QUITADO
5644;4886;2128.62;123.37;18;4.32;2023-07-30;INADIMPLENTE
5645;9211;2569.54;147.95;18;3.64;2023-01-14;QUITADO
5646;4552;3226.67;69.31;48;3.1;2022-09-20;INADIMPLENTE
5647;914;7034.47;612.12;12;4.42;2021-06-22;ATIVO
5648;1909;4003.91;231.0;18;3.85;2024-03-25;QUITADO
5649;8205;19840.91;1124.65;18;2.03;2023-09-07;ATIVO
5650;5965;1750.25;310.35;6;6.39;2024-07-17;ATIVO
5651;9797;37336.68;3148.42;12;1.19;2024-07-04;ATIVO
5652;1305;8192.74;234.49;36;3.04;2021-08-13;ATIVO
5653;3136;1059.46;31.65;36;7.55;2021-08-16;QUITADO
5654;4211;18287.15;1033.73;18;1.75;2023-10-03;ATIVO
5655;8793;1802.28;106.52;18;6.39;2024-09-14;ATIVO
5656;9205;1835.25;53.65;36;5.24;2023-10-24;ATIVO
5657;255;4297.06;185.27;24;3.48;2022-02-23;QUITADO
5658;4915;13384.47;379.78;36;2.15;2024-06-20;QUITADO
5659;2828;4218.82;93.06;48;5.88;2024-03-13;QUITADO
5660;4256;7842.54;1347.87;6;3.12;2021-05-06;ATIVO
5661;9579;6571.41;385.49;18;5.59;2023-01-25;ATIVO
5662;9572;5381.86;161.34;36;7.92;2022-03-28;QUITADO
5663;7703;10122.03;290.19;36;3.21;2021-12-30;ATIVO
5664;6117;7232.64;1297.42;6;7.63;2022-11-27;ATIVO
5665;5885;16442.57;472.36;36;3.42;2021-12-18;QUITADO
5666;9294;38306.76;6447.03;6;0.98;2021-02-22;QUITADO
5667;5408;1188.43;70.49;18;6.76;2023-04-09;QUITADO
5668;9066;7280.67;654.71;12;7.91;2023-09-07;ATIVO
5669;2534;13930.54;595.36;24;2.57;2021-12-11;INADIMPLENTE
5670;2623;15150.77;322.33;48;2.12;2021-05-26;QUITADO
5671;3928;5239.28;939.93;6;7.64;2023-05-22;QUITADO
5672;2188;15125.47;644.98;24;2.34;2021-08-22;ATIVO
5673;8380;8174.78;233.78;36;2.95;2024-07-07;ATIVO
5674;2941;6124.64;358.5;18;5.36;2024-05-28;ATIVO
5675;5473;16428.96;2784.71;6;1.7;2023-11-29;ATIVO
5676;1179;4982.91;111.71;48;7.61;2024-07-11;ATIVO
5677;7682;3036.24;131.15;24;3.67;2021-06-08;ATIVO
5678;7334;6058.94;1042.14;6;3.2;2022-12-18;ATIVO
5679;7026;2945.13;251.96;12;2.66;2022-10-15;ATIVO
5680;6030;14815.8;1253.17;12;1.5;2021-06-16;ATIVO
5681;1272;512.36;29.99;18;5.37;2021-04-18;ATIVO
5682;1680;19674.05;1670.16;12;1.87;2024-02-17;QUITADO
5683;1832;12798.7;551.2;24;3.36;2023-11-14;ATIVO
5684;6275;5291.54;950.98;6;7.83;2021-12-20;ATIVO
5685;7738;3433.33;593.79;6;3.77;2022-06-26;INADIMPLENTE
5686;3067;32769.47;1844.56;18;1.32;2021-10-16;QUITADO
5687;7473;17158.87;487.31;36;2.24;2023-03-21;ATIVO
5688;3820;32804.89;692.52;48;1.33;2023-07-17;ATIVO
5689;8649;16757.08;2824.96;6;1.15;2021-05-07;QUITADO
5690;6836;17866.29;1004.98;18;1.25;2022-07-07;ATIVO
5691;5880;8452.88;179.22;48;1.77;2023-09-02;QUITADO
5692;8683;10278.41;873.24;12;1.95;2024-12-15;ATIVO
5693;5731;18429.77;3169.61;6;3.19;2022-12-26;QUITADO
5694;773;1772.43;39.18;48;6.1;2022-10-22;ATIVO
5695;3648;14465.07;413.78;36;2.98;2022-07-14;ATIVO
5696;831;19565.08;824.34;24;1.12;2024-11-29;QUITADO
5697;8274;7215.43;317.09;24;5.47;2024-12-09;ATIVO
5698;9442;4278.82;127.1;36;6.94;2022-04-16;ATIVO
5699;2135;2857.94;123.4;24;3.63;2024-03-23;ATIVO
5700;2243;16595.1;354.17;48;2.44;2023-12-31;ATIVO
5701;9918;4970.54;213.73;24;3.2;2023-06-09;ATIVO
5702;7846;6925.78;146.49;48;1.53;2021-07-24;QUITADO
5703;2899;31398.35;879.42;36;0.83;2022-07-13;QUITADO
5704;5982;4516.14;267.91;18;6.78;2021-01-10;QUITADO
5705;3306;16528.85;1419.28;12;3.04;2024-03-12;ATIVO
5706;4889;5491.26;232.49;24;1.61;2021-02-22;ATIVO
5707;251;11084.04;317.9;36;3.25;2024-07-19;QUITADO
5708;8089;5245.44;230.23;24;5.34;2023-05-22;ATIVO
5709;8675;17237.3;739.26;24;2.93;2022-03-10;ATIVO
5710;357;5573.85;244.11;24;5.11;2021-02-05;ATIVO
5711;3345;2949.9;528.92;6;7.58;2021-12-18;ATIVO
5712;1472;2683.45;151.57;18;1.67;2021-09-23;ATIVO
5713;99;5474.64;240.09;24;5.25;2022-09-29;ATIVO
5714;5873;6428.53;1105.49;6;3.18;2023-12-15;ATIVO
5715;7726;40327.47;2258.79;18;0.82;2022-12-09;ATIVO
5716;1815;956.64;56.4;18;6.12;2024-05-27;INADIMPLENTE
5717;3487;19474.26;1095.32;18;1.24;2022-05-08;QUITADO
5718;2053;16220.96;345.27;48;2.17;2022-05-16;ATIVO
5719;6331;3898.68;85.79;48;5.62;2024-04-24;ATIVO
5720;4675;16636.18;354.07;48;2.16;2023-05-05;ATIVO
5721;7270;7449.02;445.49;18;7.65;2023-07-29;INADIMPLENTE
5722;3685;4143.81;247.55;18;7.53;2024-02-22;ATIVO
5723;1149;16179.15;926.89;18;3.12;2021-11-13;ATIVO
5724;9529;1778.48;103.73;18;4.99;2024-02-03;ATIVO
5725;6873;3644.82;108.57;36;7.23;2024-08-04;QUITADO
5726;4624;13533.76;763.91;18;1.6;2021-12-14;QUITADO
5727;1863;6889.38;205.4;36;7.33;2024-07-23;INADIMPLENTE
5728;133;5158.74;154.17;36;7.59;2024-11-05;QUITADO
5729;5675;49642.94;2794.62;18;1.33;2021-11-28;ATIVO
5730;8982;5181.3;225.47;24;4.44;2022-06-06;QUITADO
5731;7334;12111.21;346.04;36;2.86;2024-06-16;INADIMPLENTE
5732;8772;7709.92;647.89;12;0.84;2024-09-23;ATIVO
5733;786;6114.89;261.23;24;2.53;2021-01-02;QUITADO
5734;6989;5982.34;1013.21;6;1.62;2022-12-03;QUITADO
5735;5189;2560.81;219.03;12;2.64;2022-08-03;ATIVO
5736;7831;11720.41;662.79;18;1.79;2023-08-21;ATIVO
5737;7499;14961.93;316.13;48;1.42;2024-01-18;ATIVO
5738;9678;14436.15;1229.24;12;2.18;2024-10-15;QUITADO
5739;5952;7030.6;315.62;24;7.74;2024-12-15;ATIVO
5740;8293;1707.69;99.25;18;4.61;2023-05-05;QUITADO
5741;4368;1481.31;64.08;24;3.82;2021-12-10;ATIVO
5742;4505;2131.46;120.24;18;1.54;2021-10-16;QUITADO
5743;8769;16021.47;1355.68;12;1.54;2022-06-24;QUITADO
5744;6038;1071.72;32.0;36;7.48;2024-05-11;ATIVO
5745;2255;10424.5;445.21;24;2.5;2021-10-22;ATIVO
5746;6449;13363.43;761.27;18;2.54;2024-05-20;ATIVO
5747;7719;4583.28;394.51;12;3.29;2024-11-17;ATIVO
5748;4919;6450.25;137.77;48;2.52;2024-06-09;ATIVO
5749;8022;1137.72;49.21;24;3.8;2021-04-09;QUITADO
5750;505;4844.32;104.44;48;3.48;2024-10-19;QUITADO
5751;5654;4284.53;248.84;18;4.54;2022-08-21;QUITADO
5752;6118;11053.68;626.74;18;2.06;2022-05-27;QUITADO
5753;7150;41195.31;1735.18;24;1.09;2021-04-22;QUITADO
5754;8920;13862.69;296.98;48;2.83;2024-05-23;QUITADO
5755;4783;2656.07;114.37;24;3.34;2024-02-08;ATIVO
5756;1256;14892.06;318.26;48;2.58;2021-05-17;ATIVO
5757;7376;15813.29;664.29;24;0.82;2023-09-22;ATIVO
5758;1594;5924.02;263.52;24;6.76;2023-10-19;QUITADO
5759;7640;15879.33;684.0;24;3.38;2022-05-07;QUITADO
5760;197;3065.51;137.1;24;7.34;2023-02-13;QUITADO
5761;2672;3114.45;181.5;18;4.9;2024-06-18;ATIVO
5762;8819;4952.52;142.07;36;3.27;2021-08-15;ATIVO
5763;9569;6544.42;144.88;48;6.26;2022-05-28;ATIVO
5764;5895;39718.31;835.24;48;0.94;2021-08-16;QUITADO
5765;6659;7273.49;305.73;24;0.88;2024-07-02;QUITADO
5766;5135;6987.55;593.42;12;1.91;2022-04-27;QUITADO
5767;8204;4530.17;101.17;48;7.2;2021-10-05;ATIVO
5768;3147;5740.29;121.84;48;1.88;2021-06-18;ATIVO
5769;6279;13895.58;2360.16;6;1.91;2022-09-30;QUITADO
5770;7378;10880.41;625.32;18;3.45;2021-02-28;QUITADO
5771;2193;1574.42;92.36;18;5.59;2021-02-05;QUITADO
5772;2453;16205.33;691.16;24;2.36;2021-01-30;QUITADO
5773;2109;17664.84;2975.64;6;1.07;2022-10-18;ATIVO
5774;4176;1424.72;84.18;18;6.35;2022-09-19;ATIVO
5775;9888;10072.73;865.67;12;3.13;2021-08-08;ATIVO
5776;3957;7283.52;326.85;24;7.7;2022-08-09;QUITADO
5777;5449;2335.13;137.55;18;6.03;2024-09-15;ATIVO
5778;3396;14248.0;402.78;36;1.77;2023-07-18;QUITADO
5779;4802;4311.03;244.29;18;2.0;2021-04-20;QUITADO
5780;1195;7216.64;307.82;24;2.37;2021-12-12;QUITADO
5781;4138;5500.22;481.5;12;5.05;2022-04-14;INADIMPLENTE
5782;908;6312.37;374.64;18;6.83;2023-11-05;QUITADO
5783;6092;9625.06;1648.13;6;2.74;2021-11-26;QUITADO
5784;5224;4434.0;251.88;18;2.25;2023-12-23;ATIVO
5785;4685;11627.45;2005.15;6;3.47;2024-04-26;QUITADO
5786;6689;6704.37;198.36;36;6.51;2022-09-07;INADIMPLENTE
5787;4279;3186.77;569.58;6;7.24;2023-02-26;ATIVO
5788;163;3003.6;88.9;36;6.55;2021-05-18;ATIVO
5789;3058;5752.93;341.56;18;6.87;2022-10-05;QUITADO
5790;1606;22711.27;1279.28;18;1.39;2022-09-04;QUITADO
5791;9433;15581.65;1329.24;12;2.37;2022-05-03;ATIVO
5792;2092;544.29;32.42;18;7.21;2021-05-29;ATIVO
5793;4478;1774.06;159.46;12;7.86;2023-12-14;QUITADO
5794;7687;11228.55;637.84;18;2.25;2022-06-08;ATIVO
5795;5316;5420.1;913.74;6;1.15;2023-10-26;QUITADO
5796;34;15479.76;441.52;36;2.68;2024-11-08;ATIVO
5797;7869;1855.99;39.51;48;2.19;2022-09-09;ATIVO
5798;6988;18838.83;401.31;48;2.25;2024-06-15;ATIVO
5799;9942;15282.95;644.94;24;1.28;2021-10-21;QUITADO
5800;1237;7647.91;1362.73;6;6.91;2021-09-20;ATIVO
5801;1681;5732.59;1027.85;6;7.58;2024-11-16;ATIVO
5802;9303;1075.38;47.0;24;4.89;2024-12-27;ATIVO
5803;740;5264.34;454.71;12;3.65;2022-07-07;ATIVO
5804;4726;3675.18;81.66;48;6.65;2022-05-24;ATIVO
5805;8718;1233.08;26.71;48;3.98;2022-09-03;INADIMPLENTE
5806;873;4154.95;119.52;36;3.56;2021-09-19;ATIVO
5807;8247;6093.17;271.93;24;7.11;2022-07-04;ATIVO
5808;1376;19562.61;1647.33;12;1.05;2023-09-27;ATIVO
5809;1720;5356.98;117.24;48;5.05;2023-10-27;ATIVO
5810;1777;13666.16;1172.1;12;2.92;2021-09-15;ATIVO
5811;6669;6158.32;274.35;24;6.92;2024-11-08;ATIVO
5812;1931;3038.38;544.63;6;7.55;2022-12-29;ATIVO
5813;8172;3671.79;163.03;24;6.56;2023-12-04;QUITADO
5814;2380;1026.77;61.44;18;7.71;2023-08-17;ATIVO
5815;3043;7176.92;304.18;24;1.72;2024-10-19;QUITADO
5816;1539;17332.48;739.01;24;2.33;2024-02-21;ATIVO
5817;4094;17938.24;3093.45;6;3.47;2024-03-04;ATIVO
5818;1543;7506.67;654.21;12;4.58;2023-03-06;ATIVO
5819;5224;13145.31;744.9;18;2.0;2024-03-10;ATIVO
5820;6517;6958.09;149.7;48;3.27;2023-04-27;QUITADO
5821;1590;18223.74;1544.92;12;1.73;2022-03-01;QUITADO
5822;7742;3614.95;319.74;12;6.14;2022-01-19;ATIVO
5823;163;7297.24;1265.95;6;4.09;2023-11-13;ATIVO
5824;3919;8503.6;360.69;24;1.8;2021-05-18;ATIVO
5825;2718;2548.96;218.13;12;2.69;2024-08-06;QUITADO
5826;9355;7276.56;323.47;24;6.69;2022-10-01;ATIVO
5827;6929;6198.58;273.8;24;6.01;2024-04-02;ATIVO
5828;3942;18687.76;787.53;24;1.14;2024-03-15;ATIVO
5829;6678;10641.89;304.51;36;3.01;2023-04-17;ATIVO
5830;8795;2620.22;112.43;24;2.98;2022-04-05;QUITADO
5831;1811;1715.27;37.08;48;3.76;2021-04-15;ATIVO
5832;1597;14218.96;398.84;36;0.98;2022-01-11;ATIVO
5833;7015;7603.35;215.13;36;1.86;2021-06-10;ATIVO
5834;4426;10991.62;1852.09;6;1.1;2021-09-04;ATIVO
5835;5081;2611.76;75.52;36;4.1;2021-01-21;ATIVO
5836;403;3428.4;594.26;6;4.0;2024-05-25;QUITADO
5837;3453;6691.22;289.7;24;3.91;2022-05-15;QUITADO
5838;7362;13961.32;2383.43;6;2.43;2023-12-10;QUITADO
5839;9146;7572.07;322.54;24;2.23;2021-01-10;QUITADO
5840;1603;1624.29;142.65;12;5.39;2021-01-25;QUITADO
5841;2922;3112.24;136.63;24;5.36;2022-02-27;ATIVO
5842;9794;3145.89;139.45;24;6.39;2023-02-05;QUITADO
5843;1864;14896.8;1269.7;12;2.28;2024-05-30;ATIVO
5844;9145;6502.91;1147.11;6;5.84;2022-09-03;QUITADO
5845;1527;6785.72;151.92;48;7.46;2021-03-14;ATIVO
5846;4748;6083.69;264.84;24;4.48;2022-02-21;QUITADO
5847;8831;6142.98;353.49;18;3.58;2023-12-09;QUITADO
5848;7026;9445.3;200.42;48;1.85;2023-02-20;ATIVO
5849;6289;40721.14;3425.33;12;0.94;2024-10-31;ATIVO
5850;4691;15953.88;684.35;24;2.95;2021-06-15;ATIVO
5851;9466;4361.39;378.06;12;4.02;2021-01-27;ATIVO
5852;1433;16861.29;484.43;36;3.43;2021-01-07;QUITADO
5853;5552;3719.51;82.6;48;6.59;2024-12-11;INADIMPLENTE
5854;3901;2971.36;66.08;48;6.74;2023-04-26;ATIVO
5855;1263;13565.01;389.73;36;3.43;2022-11-17;ATIVO
5856;9048;5370.78;116.81;48;4.4;2021-05-12;INADIMPLENTE
5857;5712;1204.15;107.07;12;6.7;2023-10-27;QUITADO
5858;6492;3999.75;118.8;36;6.93;2021-03-03;ATIVO
5859;3205;2068.23;92.33;24;7.14;2023-05-19;ATIVO
5860;3120;2214.01;48.54;48;5.23;2024-06-16;ATIVO
5861;1755;4328.55;736.65;6;2.11;2024-08-24;QUITADO
5862;7817;3606.09;209.57;18;4.61;2024-04-05;ATIVO
5863;5257;7389.46;631.37;12;2.53;2022-02-16;QUITADO
5864;539;4185.02;752.61;6;7.9;2021-12-21;ATIVO
5865;7095;5009.13;889.2;6;6.51;2022-04-06;ATIVO
5866;6451;2140.31;47.14;48;5.71;2024-11-11;ATIVO
5867;7548;15103.06;320.63;48;1.9;2022-02-16;ATIVO
5868;5784;5767.74;326.23;18;1.81;2021-09-16;QUITADO
5869;3319;9516.06;204.58;48;3.19;2022-11-07;QUITADO
5870;3741;6728.51;196.94;36;5.37;2024-07-17;QUITADO
5871;7271;16452.54;350.23;48;2.18;2022-05-27;ATIVO
5872;2799;8653.36;366.36;24;1.61;2024-02-12;ATIVO
5873;9946;16004.04;1355.28;12;1.62;2024-12-06;QUITADO
5874;2834;8562.32;736.5;12;3.22;2022-08-05;ATIVO
5875;9895;5169.39;154.11;36;7.32;2024-05-21;ATIVO
5876;7437;7755.26;164.22;48;1.64;2024-05-12;ATIVO
5877;5769;15708.15;442.75;36;1.47;2021-12-13;INADIMPLENTE
5878;6356;7302.01;1309.37;6;7.59;2022-11-03;ATIVO
5879;926;4903.26;212.56;24;4.04;2023-10-15;INADIMPLENTE
5880;6105;30845.49;2598.48;12;1.09;2023-03-31;QUITADO
5881;8423;8755.98;500.79;18;2.95;2023-06-22;ATIVO
5882;1148;3097.84;90.66;36;5.36;2021-12-08;INADIMPLENTE
5883;449;5773.54;259.35;24;7.81;2021-08-11;ATIVO
5884;1500;13454.73;289.22;48;3.18;2022-07-05;QUITADO
5885;8413;30359.91;5125.76;6;1.3;2021-09-26;QUITADO
5886;8592;11676.08;665.73;18;2.63;2024-04-03;ATIVO
5887;9380;1922.84;42.86;48;7.0;2022-06-09;INADIMPLENTE
5888;2794;2898.8;129.03;24;6.83;2023-04-19;ATIVO
5889;9348;1076.18;96.31;12;7.39;2024-01-16;QUITADO
5890;8310;9301.66;198.76;48;2.57;2022-11-28;ATIVO
5891;75;14999.22;2538.12;6;1.53;2024-12-19;QUITADO
5892;4350;17165.49;369.38;48;3.29;2023-01-23;ATIVO
5893;2362;14685.0;314.17;48;2.69;2023-06-28;INADIMPLENTE
5894;7723;1562.35;137.77;12;5.82;2024-03-01;ATIVO
5895;9889;19486.51;1113.87;18;2.89;2024-04-25;INADIMPLENTE
5896;4629;3377.17;601.7;6;6.9;2021-08-28;ATIVO
5897;7653;6410.76;548.44;12;2.66;2024-07-28;QUITADO
5898;3929;3613.01;635.71;6;5.57;2024-02-25;QUITADO
5899;6463;13755.74;590.64;24;3.05;2021-03-12;QUITADO
5900;3446;10361.73;1777.21;6;2.91;2023-06-17;ATIVO
5901;9271;13709.88;2325.42;6;1.77;2022-04-03;QUITADO
5902;6835;14527.17;417.05;36;3.35;2024-01-30;ATIVO
5903;3182;1000.19;173.28;6;3.95;2024-03-29;QUITADO
5904;8419;8524.34;364.91;24;2.74;2023-05-28;QUITADO
5905;7295;3821.57;687.25;6;7.9;2022-02-13;INADIMPLENTE
5906;4665;5247.36;299.65;18;2.79;2023-10-28;QUITADO
5907;849;7218.63;419.12;18;4.51;2023-05-12;INADIMPLENTE
5908;9612;9740.01;1663.43;6;2.47;2024-04-01;QUITADO
5909;1054;518.83;22.99;24;6.33;2024-09-12;ATIVO
5910;964;4177.88;249.19;18;7.36;2022-02-01;QUITADO
5911;5429;10293.25;1761.52;6;2.68;2022-10-13;QUITADO
5912;9204;41841.53;3520.96;12;0.98;2024-05-15;ATIVO
5913;7378;8456.93;179.69;48;1.99;2024-05-07;QUITADO
5914;4226;7597.05;436.96;18;3.53;2022-07-09;INADIMPLENTE
5915;7259;17991.05;387.86;48;3.48;2023-12-27;ATIVO
5916;2746;7751.91;170.75;48;5.73;2024-09-15;ATIVO
5917;8473;7721.95;217.93;36;1.6;2023-05-29;ATIVO
5918;5962;2104.53;179.88;12;2.57;2022-11-08;QUITADO
5919;4127;1208.9;35.08;36;4.46;2021-12-27;ATIVO
5920;8077;7116.48;625.06;12;5.4;2022-10-10;QUITADO
5921;204;4215.03;122.61;36;4.72;2021-04-10;ATIVO
5922;8692;30359.78;854.12;36;1.28;2021-04-16;ATIVO
5923;6026;17138.91;972.25;18;2.11;2023-03-02;ATIVO
5924;8077;2866.13;124.26;24;4.05;2021-01-27;ATIVO
5925;8313;2336.45;65.93;36;1.58;2024-10-07;ATIVO
5926;4889;17890.43;3029.74;6;1.61;2023-07-13;QUITADO
5927;4383;10622.89;601.49;18;1.92;2022-06-12;ATIVO
5928;1919;46295.37;974.81;48;1.07;2022-04-20;QUITADO
5929;6926;5963.48;352.31;18;6.34;2022-05-15;ATIVO
5930;774;6149.28;549.85;12;7.3;2024-03-21;INADIMPLENTE
5931;8645;743.25;21.96;36;6.36;2022-07-20;ATIVO
5932;5250;9829.06;275.4;36;0.87;2022-10-14;QUITADO
5933;3091;8181.3;1409.77;6;3.39;2023-12-09;ATIVO
5934;7149;1319.08;229.72;6;4.49;2022-12-19;ATIVO
5935;7473;18717.78;530.81;36;2.09;2024-07-29;ATIVO
5936;9428;6447.13;562.19;12;4.64;2023-01-05;ATIVO
5937;1753;1276.73;37.71;36;6.34;2024-09-05;ATIVO
5938;8569;15358.23;433.36;36;1.58;2022-09-07;QUITADO
5939;9054;608.0;36.27;18;7.37;2021-12-07;INADIMPLENTE
5940;3005;17720.92;1495.35;12;1.26;2022-10-05;ATIVO
5941;1184;5160.86;114.01;48;6.04;2024-04-22;ATIVO
5942;7649;5624.31;485.85;12;3.66;2022-05-21;ATIVO
5943;1020;14484.5;309.67;48;2.62;2023-05-08;ATIVO
5944;1231;8394.59;361.91;24;3.47;2021-03-16;ATIVO
5945;3959;3404.32;306.3;12;7.97;2023-12-09;ATIVO
5946;8013;2901.36;513.06;6;6.1;2022-02-18;ATIVO
5947;2549;16797.51;2885.25;6;3.06;2024-08-19;QUITADO
5948;631;12625.99;536.18;24;1.92;2024-02-01;QUITADO
5949;1887;3958.52;229.77;18;4.48;2024-10-02;QUITADO
5950;6442;1958.18;58.01;36;6.65;2021-07-24;ATIVO
5951;8335;8741.87;746.85;12;2.52;2024-11-15;QUITADO
5952;4050;13625.68;292.41;48;3.01;2024-06-30;QUITADO
5953;7858;16559.95;356.21;48;3.25;2021-01-18;QUITADO
5954;8687;15290.1;1297.87;12;1.86;2023-11-11;ATIVO
5955;5743;533.11;92.63;6;4.25;2022-12-15;ATIVO
5956;242;4694.3;140.44;36;7.7;2022-10-30;INADIMPLENTE
5957;3660;5242.0;888.78;6;1.73;2021-06-09;QUITADO
5958;1342;4320.16;771.58;6;7.16;2022-11-30;ATIVO
5959;2103;9532.45;406.64;24;2.38;2023-10-08;ATIVO
5960;3287;11146.78;234.2;48;0.85;2024-09-23;QUITADO
5961;7810;32304.88;5448.22;6;1.19;2022-04-12;QUITADO
5962;8647;3965.62;167.91;24;1.62;2022-10-17;ATIVO
5963;2195;6126.51;350.95;18;3.11;2023-10-29;QUITADO
5964;4667;7311.1;647.7;12;6.31;2024-10-23;INADIMPLENTE
5965;4366;2069.11;369.89;6;7.26;2023-02-14;ATIVO
5966;9533;11067.42;1888.47;6;2.38;2024-05-02;QUITADO
5967;3382;4225.21;121.17;36;3.24;2023-08-25;ATIVO
5968;8651;1812.26;107.21;18;6.48;2022-12-01;INADIMPLENTE
5969;4308;9841.36;844.72;12;3.0;2023-04-10;ATIVO
5970;7281;42868.74;1804.06;24;1.0;2022-06-14;ATIVO
5971;6790;1210.59;26.9;48;6.64;2022-09-26;ATIVO
5972;206;9599.54;817.0;12;2.13;2022-12-29;ATIVO
5973;912;2753.36;161.38;18;5.5;2024-10-20;ATIVO
5974;6217;6676.99;198.73;36;7.15;2021-10-27;INADIMPLENTE
5975;2171;7139.64;153.9;48;3.47;2023-05-09;ATIVO
5976;1673;7611.06;225.05;36;6.45;2021-04-10;ATIVO
5977;9305;41736.74;2348.85;18;1.3;2021-08-02;QUITADO
5978;7784;1272.69;226.81;6;6.93;2022-10-07;ATIVO
5979;9301;10050.14;862.39;12;2.97;2022-04-21;QUITADO
5980;2123;7542.06;429.86;18;2.59;2023-07-31;ATIVO
5981;7939;6020.21;264.46;24;5.43;2021-03-17;QUITADO
5982;8929;952.13;42.22;24;6.42;2023-12-26;ATIVO
5983;9899;5063.9;436.93;12;3.54;2023-10-30;INADIMPLENTE
5984;5504;7943.67;235.68;36;6.81;2022-04-03;QUITADO
5985;3505;19562.49;3292.37;6;0.98;2021-12-30;ATIVO
5986;261;2900.29;129.21;24;6.92;2021-04-16;INADIMPLENTE
5987;5395;5192.04;113.16;48;4.62;2022-12-06;ATIVO
5988;9461;14074.86;1199.3;12;2.25;2024-01-12;ATIVO
5989;1319;5639.99;160.83;36;2.66;2023-01-07;QUITADO
5990;2879;15616.83;662.28;24;1.78;2021-04-20;ATIVO
5991;117;7019.06;398.45;18;2.18;2023-08-22;QUITADO
5992;7861;18832.78;404.94;48;3.21;2021-10-01;ATIVO
5993;3805;4515.61;792.56;6;5.31;2024-08-03;ATIVO
5994;3419;4157.57;235.39;18;1.91;2024-10-18;INADIMPLENTE
5995;3710;18251.94;783.16;24;2.98;2021-07-01;ATIVO
5996;8879;13636.76;290.52;48;2.26;2024-10-07;ATIVO
5997;8146;1705.29;37.39;48;5.25;2023-11-14;ATIVO
5998;1397;3333.75;149.45;24;7.59;2022-05-29;ATIVO
5999;1289;37550.26;3164.86;12;1.14;2022-03-18;QUITADO
6000;5601;1467.12;31.41;48;2.77;2024-02-14;QUITADO
6001;1407;49710.95;2092.83;24;1.04;2024-02-22;QUITADO
6002;8054;15289.89;328.13;48;3.01;2022-01-15;ATIVO
6003;7864;9319.22;785.07;12;1.09;2021-09-09;ATIVO
6004;2688;3945.32;84.73;48;3.09;2024-03-17;QUITADO
6005;9887;1177.07;26.43;48;7.78;2021-12-26;ATIVO
6006;1440;14332.26;1234.6;12;3.37;2023-11-12;QUITADO
6007;6443;1018.55;43.72;24;3.01;2022-01-15;QUITADO
6008;1892;5639.02;329.16;18;5.07;2021-07-14;ATIVO
6009;8964;7850.08;450.59;18;3.32;2023-01-24;INADIMPLENTE
6010;7620;6824.84;198.58;36;4.75;2021-12-03;ATIVO
6011;6373;18053.28;1536.64;12;2.14;2021-06-25;QUITADO
6012;4696;1068.4;90.83;12;2.02;2022-12-12;INADIMPLENTE
6013;1896;1531.81;130.59;12;2.3;2023-11-01;ATIVO
6014;9893;4061.33;235.06;18;4.18;2024-09-29;QUITADO
6015;6004;12635.09;716.76;18;2.11;2023-07-04;ATIVO
6016;1126;15345.17;656.39;24;2.66;2023-01-08;QUITADO
6017;8654;3699.74;108.41;36;5.49;2024-04-11;ATIVO
6018;9281;5406.83;961.6;6;6.71;2022-02-03;ATIVO
6019;289;15043.75;850.81;18;1.8;2021-05-03;ATIVO
6020;7530;12767.86;358.81;36;1.17;2023-04-16;QUITADO
6021;4614;2852.97;170.51;18;7.58;2024-07-04;ATIVO
6022;4789;3786.9;659.24;6;4.45;2024-11-04;INADIMPLENTE
6023;2522;6680.04;197.73;36;6.56;2021-12-25;ATIVO
6024;3240;4824.65;279.96;18;4.45;2024-01-20;QUITADO
6025;5229;4404.99;96.8;48;5.48;2024-08-03;QUITADO
6026;2014;4001.23;87.36;48;4.8;2022-03-14;ATIVO
6027;2507;2482.65;211.63;12;2.29;2022-05-15;ATIVO
6028;3850;11528.07;487.69;24;1.53;2021-03-27;QUITADO
6029;5831;1682.73;72.89;24;3.96;2021-11-08;QUITADO
6030;6495;607.11;53.53;12;5.81;2024-12-06;ATIVO
6031;6605;6920.33;1191.22;6;3.28;2023-11-22;ATIVO
6032;7660;2629.86;58.74;48;7.21;2023-10-21;ATIVO
6033;2267;2533.99;431.03;6;2.06;2023-06-07;QUITADO
6034;6791;5551.3;119.25;48;3.11;2024-12-19;ATIVO
6035;5288;7979.19;1389.71;6;4.5;2022-04-14;ATIVO
6036;1911;957.97;21.5;48;7.74;2021-07-20;ATIVO
6037;2643;15569.08;655.65;24;1.07;2023-06-03;QUITADO
6038;8311;6138.03;533.55;12;4.31;2023-12-10;ATIVO
6039;7211;16904.63;958.4;18;2.05;2021-05-29;ATIVO
6040;348;1050.55;22.34;48;2.08;2022-11-10;ATIVO
6041;459;18361.97;783.52;24;2.41;2021-11-08;ATIVO
6042;3770;4812.03;835.93;6;4.23;2021-08-02;INADIMPLENTE
6043;4026;4335.88;128.09;36;6.35;2023-05-25;ATIVO
6044;5503;22219.24;933.76;24;0.86;2021-03-31;ATIVO
6045;1285;16017.25;1374.55;12;2.98;2023-03-09;ATIVO
6046;8349;6627.69;190.14;36;3.28;2021-02-06;INADIMPLENTE
6047;2590;9401.75;268.39;36;2.77;2024-09-13;QUITADO
6048;6553;10711.13;227.99;48;2.17;2024-07-02;INADIMPLENTE
6049;3543;6671.2;289.03;24;3.98;2021-10-02;QUITADO
6050;8406;6271.67;1079.77;6;3.3;2023-05-03;ATIVO
6051;8734;4187.05;122.41;36;5.25;2022-08-13;INADIMPLENTE
6052;1846;9942.13;846.24;12;2.14;2021-10-30;QUITADO
6053;9812;9180.9;1580.95;6;3.32;2021-12-30;QUITADO
6054;6743;2553.54;228.97;12;7.6;2023-12-11;ATIVO
6055;6415;7584.36;162.18;48;2.64;2022-06-05;QUITADO
6056;8029;1265.73;217.68;6;3.19;2021-05-19;INADIMPLENTE
6057;3773;1290.92;55.28;24;2.78;2021-12-18;QUITADO
6058;6623;8122.39;695.34;12;2.73;2022-05-15;QUITADO
6059;9520;1485.15;84.84;18;2.82;2024-08-01;QUITADO
6060;2183;728.24;32.68;24;7.69;2023-06-08;QUITADO
6061;8521;2394.36;140.34;18;5.5;2022-04-25;QUITADO
6062;1497;13484.1;2322.86;6;3.36;2023-10-21;QUITADO
6063;7644;5839.76;167.13;36;3.03;2022-10-11;ATIVO
6064;8990;38099.41;6416.58;6;1.05;2021-12-16;ATIVO
6065;6541;16193.17;461.64;36;2.63;2024-11-24;ATIVO
6066;816;15321.12;433.37;36;1.83;2021-12-31;ATIVO
6067;379;16593.1;1407.79;12;1.81;2023-11-06;QUITADO
6068;979;7253.5;1303.33;6;7.81;2023-01-01;ATIVO
6069;4691;4438.95;127.09;36;3.07;2024-04-16;INADIMPLENTE
6070;1161;13921.24;1197.46;12;3.22;2021-08-15;ATIVO
6071;8235;7047.05;210.04;36;7.3;2021-01-08;ATIVO
6072;8679;6615.1;286.76;24;4.04;2024-05-28;INADIMPLENTE
6073;1114;20037.4;3376.3;6;1.1;2022-11-02;QUITADO
6074;1948;4079.2;363.46;12;6.92;2024-12-30;ATIVO
6075;5106;6123.77;177.1;36;4.11;2021-05-10;ATIVO
6076;5883;12414.91;1054.85;12;1.96;2021-04-21;ATIVO
6077;9828;19320.08;1642.05;12;1.99;2023-01-19;QUITADO
6078;7663;6167.5;266.51;24;3.71;2022-05-29;INADIMPLENTE
6079;8607;16467.59;1409.35;12;2.7;2024-02-24;ATIVO
6080;3004;7702.12;447.32;18;4.54;2021-04-07;QUITADO
6081;6276;18700.74;401.36;48;3.02;2022-04-21;QUITADO
6082;80;3447.38;202.38;18;5.67;2022-03-08;ATIVO
6083;4789;4939.03;437.02;12;6.18;2024-02-26;INADIMPLENTE
6084;8256;6030.33;1074.5;6;6.91;2022-01-27;ATIVO
6085;7493;697.25;30.36;24;4.51;2024-08-04;ATIVO
6086;2856;2824.55;80.04;36;2.01;2023-04-23;QUITADO
6087;8486;6721.16;198.74;36;6.45;2024-08-21;ATIVO
6088;9420;2894.93;500.39;6;3.71;2022-11-13;ATIVO
6089;8864;15325.03;880.76;18;3.45;2024-10-06;QUITADO
6090;4090;10415.97;1779.74;6;2.52;2022-11-17;QUITADO
6091;8187;16889.09;2890.0;6;2.67;2024-02-15;ATIVO
6092;6615;2085.53;90.43;24;4.06;2021-12-15;QUITADO
6093;8830;5107.17;221.25;24;3.97;2022-06-03;QUITADO
6094;8272;9939.89;211.39;48;2.08;2022-04-20;QUITADO
6095;4797;36131.68;1523.55;24;1.2;2021-09-13;QUITADO
6096;949;2385.68;52.52;48;5.68;2021-01-21;ATIVO
6097;8431;14490.48;817.59;18;1.56;2023-03-19;ATIVO
6098;8224;17903.63;382.54;48;2.56;2022-07-22;ATIVO
6099;6185;11069.19;635.43;18;3.33;2024-10-12;QUITADO
6100;5191;38944.04;1646.2;24;1.45;2022-08-25;ATIVO
6101;3636;4991.57;222.56;24;7.01;2023-02-12;ATIVO
6102;2347;9407.18;810.51;12;3.39;2023-03-18;ATIVO
6103;7388;2102.97;119.47;18;2.26;2023-08-21;QUITADO
6104;1634;1609.85;46.81;36;4.68;2021-08-05;ATIVO
6105;380;1947.2;57.3;36;5.94;2024-05-01;QUITADO
6106;5672;5295.56;307.29;18;4.45;2021-09-29;INADIMPLENTE
6107;8656;5587.86;166.18;36;7.06;2024-07-04;INADIMPLENTE
6108;3619;2796.02;81.37;36;4.77;2022-05-21;QUITADO
6109;4528;1377.25;245.56;6;6.98;2021-10-08;ATIVO
6110;3709;15708.95;892.7;18;2.29;2023-09-17;QUITADO
6111;1679;8095.88;174.48;48;3.45;2023-06-01;ATIVO
6112;682;6503.71;184.89;36;2.34;2021-04-16;QUITADO
6113;9068;38325.44;1612.06;24;0.95;2022-02-07;QUITADO
6114;5543;28545.79;1202.25;24;1.08;2022-10-08;QUITADO
6115;5334;16850.32;476.49;36;1.8;2021-05-18;QUITADO
6116;6613;5637.99;239.61;24;2.0;2022-07-03;QUITADO
6117;6088;6724.73;194.66;36;4.21;2022-04-17;ATIVO
6118;7581;2151.6;191.67;12;6.9;2024-07-02;QUITADO
6119;2098;3184.22;94.58;36;6.93;2023-01-21;ATIVO
6120;840;14265.55;604.92;24;1.77;2021-03-27;QUITADO
6121;7217;29178.46;1639.99;18;1.17;2022-01-21;QUITADO
6122;3766;41260.74;1735.19;24;0.93;2022-04-30;QUITADO
6123;4698;17436.45;2966.52;6;2.08;2021-06-22;ATIVO
6124;3449;6572.6;286.57;24;4.64;2022-09-16;ATIVO
6125;5114;2967.82;65.26;48;5.55;2023-09-30;QUITADO
6126;6669;7020.71;305.43;24;4.41;2023-08-07;QUITADO
6127;7074;6206.38;178.73;36;3.67;2021-03-23;ATIVO
6128;847;8923.21;254.44;36;2.65;2021-05-19;ATIVO
6129;4220;7927.29;339.25;24;2.71;2022-11-20;INADIMPLENTE
6130;2804;7593.56;671.33;12;6.09;2024-06-02;ATIVO
6131;29;6348.46;1113.41;6;5.23;2024-09-20;ATIVO
6132;8051;5653.76;983.75;6;4.4;2022-12-04;ATIVO
6133;2320;7313.93;321.87;24;5.62;2024-01-14;ATIVO
6134;3367;14856.72;2558.08;6;3.31;2021-04-15;QUITADO
6135;8142;15170.55;864.22;18;2.54;2021-08-13;QUITADO
6136;8858;4226.85;250.51;18;6.68;2023-05-30;QUITADO
6137;7175;6280.36;537.76;12;2.75;2021-03-06;ATIVO
6138;3081;14554.78;1242.61;12;2.45;2021-08-02;QUITADO
6139;752;4271.45;127.6;36;7.54;2023-07-24;ATIVO
6140;4346;16235.65;347.78;48;2.82;2023-05-20;QUITADO
6141;7979;4821.3;866.15;6;7.79;2023-03-04;QUITADO
6142;5415;3969.45;347.13;12;4.94;2023-04-21;ATIVO
6143;3592;15500.75;2634.87;6;1.99;2021-03-07;ATIVO
6144;1578;6942.59;302.84;24;4.69;2024-02-13;ATIVO
6145;9959;23881.07;4037.49;6;1.44;2021-10-25;INADIMPLENTE
6146;8717;41414.76;872.04;48;1.07;2021-11-24;ATIVO
6147;5395;1000.07;88.31;12;5.97;2024-04-16;ATIVO
6148;1781;4158.68;178.79;24;3.18;2024-02-26;INADIMPLENTE
6149;3415;6858.99;202.55;36;6.31;2023-01-22;ATIVO
6150;4252;12407.22;349.61;36;1.44;2024-10-11;ATIVO
6151;9964;5183.9;229.21;24;6.12;2021-02-22;ATIVO
6152;7541;2691.53;59.65;48;6.37;2024-11-25;ATIVO
6153;7913;49972.49;2805.12;18;1.04;2023-01-24;ATIVO
6154;3838;5849.47;1017.52;6;4.37;2024-12-17;ATIVO
6155;1661;5075.59;218.02;24;3.09;2022-02-21;ATIVO
6156;5381;7096.43;200.57;36;1.75;2023-04-07;ATIVO
6157;4029;1414.17;243.8;6;3.44;2023-06-11;QUITADO
6158;2231;42557.41;2395.75;18;1.33;2024-01-27;QUITADO
6159;301;17100.5;977.77;18;2.92;2022-09-18;ATIVO
6160;4857;943.32;20.34;48;3.51;2022-07-11;INADIMPLENTE
6161;944;3834.22;165.61;24;3.66;2021-04-03;ATIVO
6162;6173;6306.69;1094.95;6;4.17;2021-04-15;QUITADO
6163;449;2842.61;505.84;6;6.77;2023-06-30;QUITADO
6164;5891;12538.08;1076.6;12;3.04;2024-04-11;ATIVO
6165;3436;15071.1;1285.06;12;2.32;2024-02-25;QUITADO
6166;3795;18069.14;385.89;48;2.51;2022-09-18;ATIVO
6167;5315;18554.69;393.55;48;1.81;2022-07-02;QUITADO
6168;3825;4915.18;214.34;24;4.66;2024-03-25;ATIVO
6169;2898;4994.06;297.42;18;7.2;2021-08-24;INADIMPLENTE
6170;7368;13199.45;377.98;36;3.09;2023-09-11;ATIVO
6171;5832;41560.15;1753.84;24;1.28;2024-07-16;QUITADO
6172;8228;2912.77;173.49;18;7.21;2023-07-02;QUITADO
6173;9233;21480.13;906.73;24;1.31;2024-02-22;ATIVO
6174;8737;7550.15;167.77;48;6.66;2022-05-14;QUITADO
6175;118;26794.17;4531.34;6;1.47;2021-05-03;ATIVO
6176;2100;2919.61;87.0;36;7.28;2024-11-26;ATIVO
6177;9607;5356.7;154.96;36;4.14;2021-04-23;ATIVO
6178;88;14170.84;608.7;24;3.09;2023-07-31;QUITADO
6179;4403;7152.44;151.6;48;1.74;2023-04-02;QUITADO
6180;6877;5263.84;227.03;24;3.51;2022-08-16;ATIVO
6181;7864;36528.8;2058.8;18;1.45;2021-05-06;QUITADO
6182;4262;1683.54;75.64;24;7.83;2021-05-01;ATIVO
6183;2848;10441.29;1754.66;6;0.83;2023-04-18;QUITADO
6184;5510;6850.42;304.19;24;6.57;2022-12-23;INADIMPLENTE
6185;3615;15751.81;2672.56;6;1.8;2023-06-16;ATIVO
6186;3292;1668.12;72.29;24;4.0;2024-03-24;ATIVO
6187;2679;6012.36;270.48;24;7.97;2021-07-30;QUITADO
6188;2108;5046.82;287.05;18;2.38;2021-01-19;QUITADO
6189;5833;16138.39;917.38;18;2.32;2022-01-01;ATIVO
6190;4591;9711.86;279.22;36;3.5;2024-05-29;ATIVO
6191;427;5656.66;507.36;12;7.63;2023-11-15;ATIVO
6192;5438;9531.13;200.91;48;1.18;2023-04-14;ATIVO
6193;2308;3574.37;305.07;12;2.42;2023-06-17;INADIMPLENTE
6194;2416;15026.61;847.92;18;1.57;2022-05-20;QUITADO
6195;6564;8529.07;734.92;12;3.4;2024-03-22;ATIVO
6196;5909;10695.23;452.9;24;1.63;2022-07-13;ATIVO
6197;446;3396.1;146.13;24;3.27;2021-04-21;QUITADO
6198;5006;8295.05;356.51;24;3.15;2023-11-16;QUITADO
6199;6292;13414.06;284.55;48;1.82;2022-02-23;QUITADO
6200;605;660.82;14.52;48;5.46;2021-08-09;ATIVO
6201;3321;6466.54;377.0;18;4.94;2021-03-09;ATIVO
6202;6240;4510.88;773.09;6;2.83;2022-05-02;QUITADO
6203;3797;5761.79;251.26;24;4.66;2022-04-09;ATIVO
6204;2877;11077.97;232.8;48;0.87;2021-04-24;QUITADO
6205;6754;14532.05;624.45;24;3.13;2023-06-19;QUITADO
6206;1634;7776.06;455.59;18;5.46;2024-09-05;ATIVO
6207;4704;2257.34;48.68;48;3.52;2022-01-02;ATIVO
6208;9987;5204.07;113.57;48;4.75;2021-08-22;INADIMPLENTE
6209;897;8825.6;252.22;36;2.88;2022-07-23;ATIVO
6210;6981;2177.48;189.62;12;4.5;2023-10-23;QUITADO
6211;6159;46106.94;1946.48;24;1.32;2024-02-01;ATIVO
6212;1755;7948.17;1362.18;6;2.83;2022-05-07;QUITADO
6213;5327;4394.7;263.41;18;7.89;2023-07-17;QUITADO
6214;9582;3199.15;135.9;24;1.95;2023-06-28;QUITADO
6215;884;39074.36;825.45;48;1.4;2024-02-22;ATIVO
6216;4973;3176.74;185.72;18;5.23;2021-10-01;ATIVO
6217;9589;6990.75;1192.16;6;2.32;2023-06-22;ATIVO
6218;6615;6013.05;129.72;48;3.55;2023-01-19;ATIVO
6219;7980;1159.58;99.98;12;3.46;2024-06-29;ATIVO
6220;4764;770.88;34.61;24;7.76;2023-12-25;ATIVO
6221;8311;6483.83;380.82;18;5.72;2021-07-09;ATIVO
6222;5404;1932.14;41.89;48;4.07;2024-04-16;QUITADO
6223;2973;17166.45;367.18;48;2.67;2024-01-24;QUITADO
6224;458;13460.21;767.83;18;2.68;2024-02-24;QUITADO
6225;3464;3858.91;164.47;24;2.29;2022-05-20;QUITADO
6226;7992;6123.0;257.73;24;1.02;2024-08-20;QUITADO
6227;2340;13644.73;2316.65;6;1.87;2023-01-20;QUITADO
6228;2954;6502.54;187.65;36;3.89;2023-07-04;ATIVO
6229;5024;7901.4;225.83;36;2.89;2022-02-16;QUITADO
6230;8208;10898.65;310.16;36;2.45;2022-11-17;QUITADO
6231;4676;16867.11;1432.86;12;1.94;2023-07-20;QUITADO
6232;9461;6075.25;348.01;18;3.11;2022-11-16;QUITADO
6233;5839;1377.98;235.54;6;2.56;2024-07-02;ATIVO
6234;7324;9039.1;779.55;12;3.49;2021-08-18;ATIVO
6235;9297;6108.04;1037.25;6;1.89;2023-03-24;QUITADO
6236;4530;3325.3;193.51;18;4.75;2021-11-01;INADIMPLENTE
6237;5119;41203.95;1741.9;24;1.46;2022-11-18;ATIVO
6238;9117;6593.06;574.8;12;4.62;2024-10-14;ATIVO
6239;6035;18156.0;779.8;24;3.08;2021-03-22;ATIVO
6240;873;4325.43;770.21;6;6.84;2021-08-08;ATIVO
6241;8002;5682.41;495.84;12;4.71;2024-04-08;QUITADO
6242;9152;1042.26;30.9;36;6.74;2024-01-02;INADIMPLENTE
6243;8350;15713.48;445.39;36;2.04;2024-05-16;QUITADO
6244;9655;34623.32;2926.25;12;1.42;2023-07-06;QUITADO
6245;1177;19019.63;544.38;36;3.04;2024-09-26;ATIVO
6246;5687;17426.11;374.04;48;3.03;2021-09-02;ATIVO
6247;8755;17990.59;515.33;36;3.12;2021-08-14;QUITADO
6248;7138;46667.87;3933.32;12;1.14;2021-01-17;ATIVO
6249;5909;10902.72;1870.91;6;2.96;2022-10-25;ATIVO
6250;2036;16322.14;464.86;36;2.53;2021-01-25;QUITADO
6251;6214;5407.88;157.7;36;4.98;2021-03-27;ATIVO
6252;7984;2508.28;221.48;12;5.96;2022-03-20;ATIVO
6253;6520;16947.71;961.03;18;2.07;2021-03-10;QUITADO
6254;7240;6058.06;133.77;48;5.99;2021-04-09;ATIVO
6255;3832;7856.96;171.92;48;5.03;2022-03-30;ATIVO
6256;417;5311.79;116.24;48;5.04;2024-09-08;ATIVO
6257;9928;6515.09;190.82;36;5.44;2021-03-19;INADIMPLENTE
6258;6562;7710.73;683.43;12;6.36;2021-05-21;ATIVO
6259;8679;5762.42;166.37;36;3.94;2022-09-14;INADIMPLENTE
6260;8298;7172.81;157.47;48;5.38;2021-06-03;INADIMPLENTE
6261;5864;19164.19;1084.05;18;1.82;2023-05-31;ATIVO
6262;5901;16759.74;963.03;18;3.43;2021-10-23;QUITADO
6263;1023;1617.74;35.65;48;5.78;2022-12-12;QUITADO
6264;9276;17415.05;744.71;24;2.63;2021-11-22;QUITADO
6265;6202;6636.85;382.47;18;3.73;2024-06-27;INADIMPLENTE
6266;9603;11639.99;662.96;18;2.52;2024-04-12;ATIVO
6267;3037;14763.23;423.62;36;3.3;2021-06-03;QUITADO
6268;794;8387.06;240.41;36;3.19;2021-11-01;QUITADO
6269;4304;2180.69;47.02;48;3.5;2022-06-16;QUITADO
6270;5608;8019.44;172.07;48;2.99;2022-12-26;QUITADO
6271;3453;7261.3;1279.56;6;5.73;2023-05-10;ATIVO
6272;5032;10328.4;293.44;36;2.28;2024-07-17;QUITADO
6273;2849;670.25;19.35;36;3.93;2024-07-01;ATIVO
6274;7841;930.05;81.42;12;5.05;2023-10-24;ATIVO
6275;9309;15322.23;873.71;18;2.64;2024-08-22;QUITADO
6276;9423;6142.73;1041.19;6;1.7;2023-12-19;QUITADO
6277;1766;44403.72;934.98;48;1.07;2024-02-29;QUITADO
6278;4419;1925.23;172.39;12;7.45;2021-09-18;QUITADO
6279;7639;672.25;60.12;12;7.31;2022-07-10;ATIVO
6280;738;7842.39;234.23;36;7.52;2023-09-29;ATIVO
6281;8848;2786.48;237.48;12;2.27;2023-04-27;ATIVO
6282;9007;14790.66;414.43;36;0.87;2023-01-16;ATIVO
6283;892;7493.27;446.14;18;7.17;2023-10-01;QUITADO
6284;235;4580.66;798.79;6;4.63;2023-10-30;ATIVO
6285;6090;5658.72;167.97;36;6.86;2022-02-14;ATIVO
6286;8700;2842.19;502.55;6;6.09;2023-11-28;ATIVO
6287;8048;6154.61;348.56;18;1.94;2021-10-16;QUITADO
6288;4509;4053.7;119.97;36;6.54;2022-12-24;QUITADO
6289;5006;18629.64;3186.6;6;2.63;2024-04-22;QUITADO
6290;7156;9234.04;391.83;24;1.84;2023-02-03;ATIVO
6291;6865;4726.75;268.53;18;2.26;2024-09-22;ATIVO
6292;2563;8880.95;764.72;12;3.33;2023-07-28;QUITADO
6293;2144;1724.24;151.53;12;5.46;2023-04-29;QUITADO
6294;9580;1121.81;99.02;12;5.92;2023-08-21;ATIVO
6295;6913;45759.87;7705.96;6;1.04;2023-12-27;ATIVO
6296;9147;15051.07;319.55;48;1.91;2022-12-07;QUITADO
6297;3512;5260.86;236.39;24;7.84;2024-02-23;ATIVO
6298;9679;15802.52;2716.45;6;3.14;2021-11-26;ATIVO
6299;5789;6375.68;571.53;12;7.57;2023-11-19;ATIVO
6300;9053;17356.98;734.34;24;1.54;2021-06-15;ATIVO
6301;1538;700.52;62.2;12;6.55;2024-03-01;ATIVO
6302;6528;7006.6;1224.17;6;4.83;2021-10-01;QUITADO
6303;9915;13550.26;387.69;36;3.0;2022-08-10;ATIVO
6304;5056;2174.07;126.46;18;4.7;2024-09-27;QUITADO
6305;3727;1216.12;26.47;48;4.46;2022-08-01;ATIVO
6306;2004;5159.64;916.95;6;6.63;2022-03-21;ATIVO
6307;115;2287.5;49.72;48;4.34;2021-09-11;ATIVO
6308;6123;24403.26;515.42;48;1.38;2023-05-25;ATIVO
6309;279;6925.59;155.61;48;7.85;2021-04-13;QUITADO
6310;7607;9018.55;388.1;24;3.28;2022-06-11;QUITADO
6311;7940;5344.25;470.38;12;5.62;2021-04-16;ATIVO
6312;1359;2854.26;61.2;48;2.92;2021-05-06;ATIVO
6313;3269;4634.78;134.96;36;4.83;2022-05-28;ATIVO
6314;9705;9897.23;280.39;36;1.99;2021-12-22;QUITADO
6315;9993;16054.75;342.13;48;2.29;2024-01-24;ATIVO
6316;1880;14519.83;412.97;36;2.39;2022-12-10;QUITADO
6317;1164;1912.92;42.4;48;6.4;2022-08-02;ATIVO
6318;5579;2933.77;84.87;36;4.14;2022-04-08;QUITADO
6319;2015;10835.23;610.75;18;1.46;2021-09-20;ATIVO
6320;3454;6231.32;272.93;24;5.12;2023-07-13;ATIVO
6321;5385;9663.77;553.2;18;3.04;2023-01-12;QUITADO
6322;4374;7442.46;635.03;12;2.39;2021-08-07;ATIVO
6323;6902;28452.46;1600.61;18;1.26;2022-01-18;ATIVO
6324;5862;7517.64;434.02;18;3.92;2023-12-14;QUITADO
6325;3610;7964.61;696.17;12;4.89;2024-12-27;INADIMPLENTE
6326;7324;11093.65;315.12;36;2.26;2023-03-23;QUITADO
6327;6842;4506.73;133.57;36;6.7;2023-11-02;ATIVO
6328;3402;1822.59;326.33;6;7.43;2024-09-28;ATIVO
6329;732;2984.19;65.14;48;4.78;2024-07-05;ATIVO
6330;3792;12169.08;347.77;36;2.88;2022-05-21;QUITADO
6331;5724;4272.26;124.8;36;5.16;2022-09-30;QUITADO
6332;5749;4061.03;178.53;24;5.51;2024-03-26;INADIMPLENTE
6333;7519;14723.07;1262.5;12;2.9;2024-10-29;ATIVO
6334;6387;10998.27;941.09;12;2.68;2021-09-25;QUITADO
6335;2264;909.28;53.75;18;6.4;2022-09-28;ATIVO
6336;3356;17191.31;366.43;48;2.31;2024-09-24;ATIVO
6337;4493;4056.51;240.39;18;6.67;2023-04-23;ATIVO
6338;5607;9457.01;405.82;24;2.99;2023-12-12;QUITADO
6339;8476;8071.17;227.05;36;1.27;2023-11-25;QUITADO
6340;8999;2114.37;94.3;24;7.04;2021-06-10;ATIVO
6341;8235;7022.96;419.15;18;7.43;2024-06-20;ATIVO
6342;7149;6352.01;376.64;18;6.73;2024-04-14;ATIVO
6343;9409;48756.26;8198.37;6;0.89;2024-12-29;ATIVO
6344;8326;38674.51;3261.23;12;1.19;2022-04-16;ATIVO
6345;9624;2991.41;67.18;48;7.79;2021-04-16;ATIVO
6346;8156;6334.91;536.73;12;1.67;2023-10-10;QUITADO
6347;7851;9027.88;385.45;24;2.47;2024-10-13;INADIMPLENTE
6348;5267;7364.54;213.55;36;4.39;2023-02-16;ATIVO
6349;4573;3148.09;93.99;36;7.48;2024-06-28;ATIVO
6350;5326;5592.25;166.91;36;7.45;2021-06-25;ATIVO
6351;864;4654.66;103.46;48;6.69;2021-11-11;ATIVO
6352;6504;6457.23;1153.15;6;7.15;2021-04-01;QUITADO
6353;6639;5336.03;942.52;6;5.98;2021-03-03;ATIVO
6354;6467;5854.93;165.39;36;1.69;2023-04-16;ATIVO
6355;9699;12326.86;528.21;24;2.84;2022-01-09;ATIVO
6356;269;2913.59;169.86;18;4.94;2024-04-15;ATIVO
6357;7559;2400.19;70.03;36;5.03;2021-03-29;ATIVO
6358;4445;8553.23;1463.03;6;2.63;2024-07-19;ATIVO
6359;5088;5530.18;982.9;6;6.64;2024-09-21;ATIVO
6360;4718;5070.42;284.96;18;1.16;2024-07-16;ATIVO
6361;2783;10782.04;464.44;24;3.38;2022-01-11;ATIVO
6362;3267;34653.11;1458.17;24;0.99;2024-10-11;ATIVO
6363;1522;2697.49;60.44;48;7.55;2024-11-18;ATIVO
6364;9233;22733.49;1278.25;18;1.21;2024-12-12;QUITADO
6365;6747;5143.68;152.12;36;6.47;2022-02-11;QUITADO
6366;4529;7623.88;454.64;18;7.34;2021-08-24;ATIVO
6367;1489;31384.57;2644.67;12;1.12;2022-11-11;ATIVO
6368;6506;13398.16;756.48;18;1.63;2022-02-26;ATIVO
6369;4383;5465.29;469.2;12;3.02;2023-06-04;INADIMPLENTE
6370;8584;5566.35;122.44;48;5.58;2023-09-19;ATIVO
6371;8372;5040.84;107.64;48;2.5;2021-09-24;INADIMPLENTE
6372;9796;16826.56;956.12;18;2.28;2023-12-26;INADIMPLENTE
6373;9752;2920.03;261.2;12;7.34;2024-09-25;INADIMPLENTE
6374;7798;6691.57;141.69;48;1.64;2024-04-23;ATIVO
6375;1406;2750.86;469.39;6;2.38;2023-08-22;ATIVO
6376;2603;8375.55;177.0;48;1.44;2024-07-09;ATIVO
6377;1649;27950.21;1175.42;24;0.93;2021-06-24;ATIVO
6378;1718;49607.8;1398.11;36;1.46;2021-03-14;ATIVO
6379;3947;2481.5;109.26;24;5.67;2023-03-16;QUITADO
6380;8189;49070.63;1382.43;36;1.42;2023-10-16;QUITADO
6381;2393;17282.72;1460.1;12;1.38;2021-07-04;ATIVO
6382;3556;6130.24;539.31;12;5.57;2022-08-17;QUITADO
6383;9398;7996.79;343.33;24;3.04;2023-10-22;ATIVO
6384;8911;2337.35;51.84;48;6.45;2021-04-14;INADIMPLENTE
6385;2993;20671.92;1739.03;12;0.95;2023-03-04;QUITADO
6386;1894;17103.77;491.07;36;3.36;2023-02-01;ATIVO
6387;9843;7126.83;422.54;18;6.72;2023-12-26;ATIVO
6388;1965;6019.45;264.6;24;5.5;2023-09-30;ATIVO
6389;4480;14856.61;630.85;24;1.91;2024-02-22;QUITADO
6390;461;15176.24;325.72;48;3.02;2023-10-20;ATIVO
6391;6138;14082.89;298.82;48;1.85;2024-05-04;ATIVO
6392;8047;3959.39;172.96;24;4.84;2022-07-03;ATIVO
6393;2485;3613.99;81.13;48;7.76;2021-05-28;QUITADO
6394;8877;22049.49;1236.36;18;0.93;2024-06-02;ATIVO
6395;3062;6415.06;570.08;12;6.64;2024-09-06;ATIVO
6396;6584;18708.68;3190.14;6;2.31;2024-03-19;QUITADO
6397;7313;6954.75;305.08;24;5.28;2022-11-15;INADIMPLENTE
6398;3885;6664.15;568.06;12;2.29;2024-04-03;ATIVO
6399;8731;786.87;46.95;18;7.4;2021-05-11;ATIVO
6400;1473;16899.95;723.6;24;2.76;2023-04-02;ATIVO
6401;617;1313.69;27.9;48;1.94;2023-03-18;ATIVO
6402;6488;11529.19;1939.59;6;0.94;2021-04-21;QUITADO
6403;1494;2467.19;140.11;18;2.22;2021-04-26;QUITADO
6404;3220;9784.09;208.71;48;2.39;2024-12-29;ATIVO
6405;9832;2053.99;117.75;18;3.19;2023-10-24;ATIVO
6406;6141;14201.68;298.47;48;0.88;2023-01-16;QUITADO
6407;3005;45139.78;3812.05;12;1.34;2024-11-09;ATIVO
6408;7955;38688.11;816.56;48;1.31;2024-07-16;ATIVO
6409;1985;23702.72;1994.39;12;0.97;2023-09-16;QUITADO
6410;7618;17849.93;512.39;36;3.34;2022-10-12;ATIVO
6411;3743;4580.94;202.53;24;6.11;2023-08-02;QUITADO
6412;8960;2162.59;123.08;18;2.44;2022-09-03;INADIMPLENTE
6413;2365;31314.67;5279.65;6;1.16;2023-08-30;QUITADO
6414;942;1866.1;53.86;36;3.9;2024-05-24;ATIVO
6415;4545;15545.99;2649.81;6;2.27;2022-10-29;ATIVO
6416;8402;11432.77;486.27;24;2.08;2021-01-20;ATIVO
6417;3928;1454.69;125.73;12;3.72;2022-03-21;ATIVO
6418;2089;16682.12;1432.58;12;3.05;2021-09-21;QUITADO
6419;2532;4789.46;210.06;24;5.26;2022-06-21;QUITADO
6420;954;1674.53;147.07;12;5.39;2023-06-09;ATIVO
6421;1564;6832.3;405.8;18;6.91;2021-06-05;ATIVO
6422;2675;4115.22;90.12;48;5.12;2021-10-05;INADIMPLENTE
6423;7011;7931.19;235.38;36;6.84;2022-06-29;QUITADO
6424;3887;5190.53;300.7;18;4.28;2021-05-10;ATIVO
6425;5678;7710.68;330.72;24;2.94;2021-06-24;ATIVO
6426;2997;5498.25;322.66;18;5.63;2022-11-20;ATIVO
6427;1785;3973.71;339.82;12;2.62;2024-11-19;QUITADO
6428;6514;17775.29;378.61;48;2.24;2024-01-25;ATIVO
6429;5756;10314.68;1756.07;6;2.15;2023-06-15;QUITADO
6430;8864;15892.86;1349.44;12;1.89;2021-10-30;QUITADO
6431;2215;17525.61;1498.29;12;2.59;2024-05-30;ATIVO
6432;3081;16150.19;927.38;18;3.36;2021-10-22;QUITADO
6433;3149;3791.21;111.57;36;5.94;2023-10-17;QUITADO
6434;7266;5946.5;515.21;12;3.97;2022-12-20;ATIVO
6435;1038;4989.7;222.69;24;7.11;2022-09-08;ATIVO
6436;9541;1674.87;49.17;36;5.68;2024-09-22;ATIVO
6437;4669;38188.38;2143.22;18;1.02;2023-04-25;QUITADO
6438;5537;3199.52;558.58;6;4.75;2023-07-21;QUITADO
6439;3297;45358.98;3828.3;12;1.28;2021-07-30;QUITADO
6440;3820;46548.56;7861.28;6;1.33;2024-02-02;QUITADO
6441;9930;5944.81;1067.79;6;7.77;2023-12-14;ATIVO
6442;3817;18757.97;801.83;24;2.59;2022-10-10;ATIVO
6443;81;2828.74;165.5;18;5.31;2021-02-22;QUITADO
6444;4189;3038.14;541.09;6;6.86;2024-08-25;ATIVO
6445;8783;4473.35;772.03;6;3.55;2021-01-04;ATIVO
6446;1074;5313.13;117.36;48;6.03;2023-05-12;ATIVO
6447;5;4188.67;245.94;18;5.69;2022-06-04;ATIVO
6448;8838;8572.07;722.55;12;1.15;2023-07-04;ATIVO
6449;6793;15667.02;446.34;36;2.56;2023-05-25;ATIVO
6450;3845;6725.57;147.4;48;5.2;2022-08-29;ATIVO
6451;6325;2978.71;261.26;12;5.25;2022-04-25;QUITADO
6452;6527;9440.06;535.46;18;2.1;2024-03-21;QUITADO
6453;270;5348.55;228.03;24;2.32;2024-03-28;ATIVO
6454;7979;1609.23;36.05;48;7.52;2023-06-01;ATIVO
6455;9430;1777.01;318.8;6;7.64;2024-06-15;ATIVO
6456;9029;3086.96;276.95;12;7.66;2022-03-24;ATIVO
6457;4824;4927.98;105.2;48;2.47;2023-10-19;ATIVO
6458;2055;7902.07;1377.59;6;4.6;2022-10-24;ATIVO
6459;2072;3190.77;183.35;18;3.43;2021-01-18;QUITADO
6460;2617;5250.46;306.1;18;4.94;2023-08-28;ATIVO
6461;5916;3625.32;104.82;36;4.09;2023-09-07;ATIVO
6462;1641;5311.97;237.69;24;7.39;2021-12-02;ATIVO
6463;8211;6123.94;174.69;36;2.69;2023-09-24;ATIVO
6464;6657;19553.63;834.29;24;2.4;2023-02-13;ATIVO
6465;948;11120.03;235.21;48;1.53;2022-10-12;QUITADO
6466;4777;12523.47;2142.77;6;2.66;2023-06-19;QUITADO
6467;8731;4135.17;92.08;48;6.88;2022-04-20;QUITADO
6468;1778;3236.29;94.62;36;5.25;2023-06-23;ATIVO
6469;9832;11015.91;314.53;36;2.79;2023-07-12;QUITADO
6470;7987;10613.34;303.98;36;3.11;2024-10-30;ATIVO
6471;8030;7273.69;430.6;18;6.56;2023-07-17;INADIMPLENTE
6472;5731;3151.4;66.79;48;1.73;2024-06-07;ATIVO
6473;345;19224.61;1095.48;18;2.57;2024-05-15;QUITADO
6474;1123;7903.41;334.08;24;1.45;2022-05-13;QUITADO
6475;7906;2901.0;172.93;18;7.3;2023-09-08;ATIVO
6476;8482;4075.48;236.9;18;4.63;2022-05-01;ATIVO
6477;318;1683.58;147.97;12;5.47;2022-04-01;QUITADO
6478;3991;4364.1;192.35;24;5.78;2023-01-27;QUITADO
6479;2632;16481.58;468.21;36;2.27;2021-06-16;QUITADO
6480;5292;6169.65;184.52;36;7.67;2023-08-19;ATIVO
6481;7334;10362.75;220.55;48;2.16;2024-01-07;ATIVO
6482;2656;2157.06;48.23;48;7.32;2022-01-19;ATIVO
6483;1704;1769.32;304.12;6;3.13;2021-05-03;ATIVO
6484;8618;5553.29;311.69;18;1.03;2022-12-20;QUITADO
6485;3394;9324.85;400.11;24;2.98;2022-10-22;QUITADO
6486;1773;17797.21;1000.5;18;1.19;2024-03-07;ATIVO
6487;8560;5258.23;296.89;18;1.63;2022-01-14;ATIVO
6488;5204;3388.02;72.05;48;2.08;2023-08-20;QUITADO
6489;7173;1510.48;43.62;36;3.96;2022-04-25;INADIMPLENTE
6490;9360;44750.56;7530.77;6;0.97;2023-04-13;ATIVO
6491;6686;2016.34;176.45;12;5.01;2023-01-25;ATIVO
6492;1187;9973.79;284.61;36;2.73;2024-10-05;ATIVO
6493;3015;4777.41;421.77;12;5.94;2023-10-29;QUITADO
6494;4575;5779.44;167.51;36;4.34;2023-04-07;ATIVO
6495;7892;4440.1;132.73;36;7.62;2023-09-29;QUITADO
6496;3055;7179.11;308.19;24;3.03;2023-10-30;QUITADO
6497;9842;4640.23;102.89;48;6.43;2023-09-03;INADIMPLENTE
6498;7702;3988.02;179.34;24;7.93;2022-05-22;QUITADO
6499;2304;7489.76;323.65;24;3.71;2022-03-26;QUITADO
6500;7490;6597.16;145.84;48;6.11;2022-05-22;ATIVO
6501;3005;43049.46;1819.02;24;1.41;2021-02-25;QUITADO
6502;7876;13489.59;576.9;24;2.64;2023-10-28;ATIVO
6503;5837;7474.5;1334.82;6;7.15;2021-04-24;ATIVO
6504;5802;2692.52;159.44;18;6.59;2024-09-17;QUITADO
6505;7486;14380.87;405.82;36;1.59;2023-03-30;ATIVO
6506;9152;5073.48;110.15;48;4.21;2021-02-25;INADIMPLENTE
6507;2367;629.13;27.94;24;6.59;2024-06-07;QUITADO
6508;7857;4457.36;378.73;12;1.96;2023-04-09;QUITADO
6509;2034;9524.14;811.22;12;2.21;2022-12-09;ATIVO
6510;2485;2282.01;132.86;18;4.8;2024-06-26;ATIVO
6511;257;1088.07;63.39;18;4.87;2023-05-22;ATIVO
6512;6139;1007.66;44.4;24;5.75;2022-10-17;INADIMPLENTE
6513;7021;4633.59;100.79;48;4.41;2023-06-25;QUITADO
6514;2440;6511.6;377.09;18;4.24;2024-02-08;QUITADO
6515;827;17706.14;500.1;36;1.68;2023-08-01;QUITADO
6516;8618;49199.86;1038.01;48;1.27;2023-10-23;ATIVO
6517;5346;4211.33;92.01;48;4.87;2022-10-08;INADIMPLENTE
6518;7462;14122.97;2425.15;6;3.03;2023-01-17;ATIVO
6519;7483;8445.76;239.04;36;1.89;2024-07-07;QUITADO
6520;191;3780.34;332.83;12;5.65;2024-06-22;QUITADO
6521;6817;6495.66;274.6;24;1.46;2024-11-30;QUITADO
6522;7710;3119.01;280.4;12;7.88;2021-04-04;ATIVO
6523;1895;8892.75;758.26;12;2.32;2021-05-13;ATIVO
6524;1277;29062.82;1636.4;18;1.35;2023-03-06;ATIVO
6525;9842;4645.93;820.47;6;5.96;2022-01-11;ATIVO
6526;8809;18942.46;1078.35;18;2.47;2022-04-05;ATIVO
6527;6287;17670.99;502.64;36;2.4;2021-11-15;QUITADO
6528;1666;19591.95;415.19;48;1.72;2024-03-20;QUITADO
6529;6922;2604.95;110.54;24;1.84;2021-07-31;ATIVO
6530;1424;518.92;22.85;24;5.66;2024-11-11;ATIVO
6531;3090;6590.31;184.77;36;0.93;2023-02-01;ATIVO
6532;2922;750.04;22.06;36;5.89;2022-06-19;ATIVO
6533;7985;4263.95;189.35;24;6.58;2023-11-23;QUITADO
6534;5740;3675.39;329.8;12;7.68;2022-02-12;ATIVO
6535;1692;9085.77;194.15;48;2.57;2023-04-28;QUITADO
6536;8707;3493.18;150.95;24;3.71;2023-01-31;ATIVO
6537;4842;7648.02;439.72;18;3.49;2023-07-09;INADIMPLENTE
6538;8824;14965.25;856.93;18;3.07;2022-08-19;QUITADO
6539;5614;5135.24;107.91;48;0.87;2024-08-01;ATIVO
6540;9419;3814.39;84.64;48;6.51;2021-09-25;INADIMPLENTE
6541;8672;589.54;103.26;6;5.09;2022-01-02;ATIVO
6542;7424;16676.53;354.93;48;2.16;2023-12-28;QUITADO
6543;1245;15010.38;428.63;36;2.8;2021-05-13;ATIVO
6544;5023;4554.35;262.18;18;3.62;2022-10-29;QUITADO
6545;391;3873.72;220.72;18;2.56;2023-09-20;ATIVO
6546;9;6170.54;271.94;24;5.77;2024-07-12;INADIMPLENTE
6547;5223;11001.5;933.29;12;1.8;2022-08-14;QUITADO
6548;7884;1311.91;75.35;18;3.38;2021-06-25;ATIVO
6549;3564;15994.98;340.69;48;2.24;2022-09-13;QUITADO
6550;3174;1377.07;60.88;24;6.11;2021-01-29;QUITADO
6551;1905;3258.77;69.62;48;2.55;2021-08-23;QUITADO
6552;5333;13069.03;276.82;48;1.67;2023-02-23;ATIVO
6553;7482;2697.32;58.13;48;3.44;2022-08-06;ATIVO
6554;8617;2566.19;55.37;48;3.57;2024-09-02;QUITADO
6555;261;815.69;47.63;18;5.1;2022-11-19;ATIVO
6556;225;754.38;16.66;48;5.98;2024-02-09;QUITADO
6557;4017;10855.54;457.79;24;1.21;2021-02-17;ATIVO
6558;9559;17944.89;509.98;36;2.31;2024-10-28;QUITADO
6559;2838;5381.13;309.92;18;3.67;2024-05-28;QUITADO
6560;4532;12852.48;736.02;18;3.08;2023-06-15;ATIVO
6561;9134;6043.26;133.98;48;6.42;2023-11-03;QUITADO
6562;4804;7402.36;664.67;12;7.75;2024-09-04;INADIMPLENTE
6563;3008;11686.03;498.07;24;2.29;2022-08-23;QUITADO
6564;9248;7031.21;412.85;18;5.69;2023-01-14;ATIVO
6565;2135;4324.9;94.57;48;4.96;2021-07-19;QUITADO
6566;6174;10955.57;935.51;12;2.47;2022-04-28;ATIVO
6567;3445;6367.61;371.69;18;5.07;2024-08-09;INADIMPLENTE
6568;8234;5952.06;127.52;48;2.84;2024-07-26;ATIVO
6569;8279;32565.86;688.02;48;1.41;2023-04-14;QUITADO
6570;5534;2358.39;68.99;36;5.31;2021-03-14;ATIVO
6571;4403;14862.99;850.82;18;3.04;2023-01-02;ATIVO
6572;8956;7303.86;158.94;48;4.45;2024-01-29;QUITADO
6573;7228;5761.07;124.32;48;3.58;2024-02-01;ATIVO
6574;6655;29467.98;622.57;48;1.41;2023-05-05;QUITADO
6575;3769;1742.88;102.37;18;5.73;2021-08-02;QUITADO
6576;6134;5655.69;247.11;24;4.86;2021-08-13;QUITADO
6577;7777;881.97;26.17;36;6.82;2023-10-26;ATIVO
6578;1164;2080.68;93.41;24;7.75;2021-01-29;ATIVO
6579;8587;4258.14;764.97;6;7.79;2023-03-27;INADIMPLENTE
6580;8960;19225.69;552.42;36;3.44;2021-07-30;QUITADO
6581;8303;5801.82;122.03;48;0.96;2024-01-23;ATIVO
6582;6199;32123.22;675.99;48;1.01;2022-01-05;QUITADO
6583;4033;3236.26;571.58;6;5.97;2023-02-20;ATIVO
6584;7787;5961.07;253.35;24;2.0;2023-02-28;ATIVO
6585;1913;3272.69;294.49;12;7.98;2021-08-17;ATIVO
6586;688;20713.14;870.9;24;0.91;2021-08-10;QUITADO
6587;7137;3518.26;101.71;36;4.07;2023-07-16;QUITADO
6588;6321;6277.08;550.71;12;5.28;2024-04-11;ATIVO
6589;8265;10465.26;222.84;48;2.21;2024-08-01;ATIVO
6590;2956;6872.51;392.0;18;2.67;2023-01-16;ATIVO
6591;1433;2138.62;60.34;36;1.57;2024-08-19;ATIVO
6592;2570;6377.33;1124.32;6;5.78;2023-08-13;QUITADO
6593;1856;5390.22;966.38;6;7.57;2022-11-21;ATIVO
6594;1652;2786.91;119.66;24;3.05;2021-03-17;QUITADO
6595;6706;1793.67;321.43;6;7.52;2022-06-27;ATIVO
6596;289;15629.95;671.89;24;3.17;2021-06-29;QUITADO
6597;3970;19983.58;1126.07;18;1.43;2022-06-22;QUITADO
6598;4925;3274.84;145.94;24;6.95;2022-06-20;ATIVO
6599;411;3087.51;67.4;48;4.78;2023-10-22;INADIMPLENTE
6600;2199;1575.76;70.14;24;6.83;2024-05-05;QUITADO
6601;1063;19734.46;1119.05;18;2.07;2021-06-26;QUITADO
6602;7198;16946.31;2904.03;6;2.82;2022-03-25;ATIVO
6603;7577;6633.51;198.43;36;7.69;2021-04-02;INADIMPLENTE
6604;8118;4294.86;187.26;24;4.64;2021-10-04;QUITADO
6605;4092;4597.66;129.68;36;1.54;2022-01-29;QUITADO
6606;7405;4956.72;290.52;18;5.5;2021-12-04;ATIVO
6607;9678;4298.77;182.91;24;2.12;2024-10-04;QUITADO
6608;9366;36726.51;1546.95;24;1.09;2022-07-31;ATIVO
6609;9144;10447.93;440.82;24;1.26;2022-06-20;ATIVO
6610;1088;7201.6;1287.89;6;7.3;2021-12-15;ATIVO
6611;5947;1429.81;83.77;18;5.46;2022-01-27;ATIVO
6612;78;7185.45;407.42;18;2.06;2023-03-01;ATIVO
6613;6624;13885.57;583.54;24;0.86;2021-11-09;ATIVO
6614;2872;4948.61;283.61;18;3.16;2021-09-09;QUITADO
6615;2777;3200.64;572.81;6;7.38;2021-01-19;QUITADO
6616;5884;3136.79;277.32;12;6.09;2024-07-11;INADIMPLENTE
6617;7243;3685.9;156.99;24;2.22;2022-11-26;ATIVO
6618;8293;3514.72;101.08;36;3.53;2023-10-28;ATIVO
6619;9778;4329.15;255.83;18;6.37;2024-08-18;ATIVO
6620;7512;46519.73;982.83;48;1.41;2021-01-28;QUITADO
6621;8283;4031.1;354.3;12;5.47;2023-03-13;INADIMPLENTE
6622;8569;6830.21;144.97;48;1.88;2024-09-21;ATIVO
6623;9175;12747.76;541.09;24;1.87;2023-12-21;ATIVO
6624;4953;14932.76;1286.33;12;3.37;2021-11-07;ATIVO
6625;8460;1687.68;148.14;12;5.33;2022-05-15;QUITADO
6626;8377;3570.7;155.03;24;4.2;2023-07-05;INADIMPLENTE
6627;8137;3721.58;222.51;18;7.62;2023-06-09;ATIVO
6628;1319;7379.12;211.66;36;3.26;2023-11-08;ATIVO
6629;5184;4854.76;289.59;18;7.37;2023-02-28;ATIVO
6630;986;9480.63;202.59;48;2.57;2023-07-27;QUITADO
6631;4377;12087.83;1037.64;12;3.01;2024-03-23;ATIVO
6632;9540;5053.23;441.32;12;4.8;2021-05-30;INADIMPLENTE
6633;9375;10290.69;218.46;48;1.9;2023-10-11;QUITADO
6634;8102;6997.5;151.92;48;4.21;2023-04-06;INADIMPLENTE
6635;6849;5952.05;169.17;36;2.32;2021-01-10;ATIVO
6636;363;7276.35;313.25;24;3.32;2024-08-22;QUITADO
6637;5077;3793.55;111.07;36;5.4;2022-03-05;QUITADO
6638;8176;738.11;131.54;6;6.93;2023-03-24;QUITADO
6639;4167;14550.13;1233.73;12;1.75;2021-08-08;ATIVO
6640;762;4976.55;292.18;18;5.68;2022-05-14;QUITADO
6641;1191;7363.54;214.48;36;4.86;2024-10-25;ATIVO
6642;7272;4598.82;786.17;6;2.57;2024-09-01;QUITADO
6643;8357;19483.24;414.59;48;2.14;2021-07-16;QUITADO
6644;7139;3002.6;128.26;24;2.52;2022-07-27;ATIVO
6645;7553;1215.3;103.89;12;2.58;2023-05-18;QUITADO
6646;8776;2108.1;357.57;6;1.77;2024-05-07;ATIVO
6647;4781;4463.79;97.18;48;4.5;2024-06-12;QUITADO
6648;1137;3240.23;287.3;12;6.4;2021-05-28;INADIMPLENTE
6649;8989;17421.41;366.14;48;0.88;2022-05-09;QUITADO
6650;6150;4581.33;809.67;6;6.04;2023-01-07;ATIVO
6651;8335;5941.72;1014.75;6;2.47;2022-10-13;ATIVO
6652;2964;2604.74;55.71;48;2.66;2023-02-13;QUITADO
6653;837;592.34;26.41;24;6.99;2022-01-11;QUITADO
6654;7839;3350.42;583.87;6;4.56;2022-08-17;QUITADO
6655;2160;19060.92;812.39;24;2.29;2024-08-30;QUITADO
6656;5780;3727.48;158.18;24;1.85;2024-02-05;ATIVO
6657;9255;1488.71;87.98;18;6.38;2021-08-03;ATIVO
6658;8443;11454.98;245.28;48;2.78;2021-10-27;ATIVO
6659;1374;17981.38;386.75;48;3.24;2021-07-23;QUITADO
6660;7487;39935.72;2251.04;18;1.46;2021-03-30;ATIVO
6661;1115;1440.29;258.77;6;7.8;2023-12-21;QUITADO
6662;7777;1080.4;47.18;24;4.8;2024-06-10;ATIVO
6663;9827;10431.97;224.46;48;3.28;2021-02-06;QUITADO
6664;1061;36909.36;1036.33;36;1.08;2021-05-12;QUITADO
6665;2364;19977.81;845.48;24;1.57;2024-08-08;QUITADO
6666;7530;44026.64;1853.7;24;1.05;2023-12-24;ATIVO
6667;6698;18722.79;3191.92;6;2.29;2023-12-29;ATIVO
6668;5184;4642.59;202.07;24;4.46;2024-02-16;QUITADO
6669;6635;5552.13;498.21;12;7.68;2021-08-21;QUITADO
6670;5398;9407.97;800.3;12;2.08;2023-08-23;QUITADO
6671;9535;2024.42;43.64;48;3.47;2023-07-18;QUITADO
6672;197;2604.3;225.42;12;3.87;2024-03-30;ATIVO
6673;3166;32860.44;920.18;36;0.81;2021-11-14;ATIVO
6674;9165;7342.21;154.22;48;0.82;2024-09-23;QUITADO
6675;2909;3483.53;611.13;6;5.26;2023-09-15;QUITADO
6676;5142;4368.16;92.38;48;1.51;2022-08-06;ATIVO
6677;1115;4352.49;255.64;18;5.72;2024-08-30;INADIMPLENTE
6678;6007;4425.77;129.72;36;5.52;2023-12-21;ATIVO
6679;5947;973.33;86.2;12;6.27;2023-08-04;ATIVO
6680;6393;1379.03;80.08;18;4.53;2021-12-23;ATIVO
6681;3756;40310.16;3389.75;12;0.91;2021-12-21;QUITADO
6682;3889;9616.76;203.9;48;1.77;2021-12-24;ATIVO
6683;9214;7231.5;1246.59;6;3.43;2021-08-18;ATIVO
6684;868;13744.57;292.33;48;2.09;2022-05-25;QUITADO
6685;1699;19063.78;1086.64;18;2.6;2023-09-30;ATIVO
6686;3102;21552.26;1820.09;12;1.34;2024-08-05;ATIVO
6687;7228;4527.54;261.29;18;3.88;2023-01-10;ATIVO
6688;4222;3908.91;691.88;6;6.2;2021-04-28;ATIVO
6689;469;5218.81;153.14;36;5.64;2021-12-22;ATIVO
6690;4521;6122.33;262.67;24;2.97;2022-03-20;ATIVO
6691;42;49414.55;1387.45;36;1.08;2022-05-11;ATIVO
6692;4790;3127.9;68.85;48;5.65;2024-08-23;ATIVO
6693;2582;1324.29;75.21;18;2.23;2024-01-20;ATIVO
6694;2384;4196.28;731.55;6;4.6;2021-01-28;QUITADO
6695;6456;10496.23;451.56;24;3.25;2021-03-06;QUITADO
6696;8173;906.59;80.29;12;6.28;2021-08-25;ATIVO
6697;38;1586.08;34.86;48;5.5;2021-06-09;INADIMPLENTE
6698;9009;6244.13;185.71;36;7.07;2024-12-18;INADIMPLENTE
6699;4824;6372.31;544.3;12;2.5;2022-04-30;ATIVO
6700;6825;6180.22;133.89;48;3.99;2023-05-12;ATIVO
6701;9929;2484.82;439.44;6;6.11;2021-04-10;ATIVO
6702;244;3542.79;613.38;6;3.88;2024-06-19;ATIVO
6703;988;19790.69;1696.23;12;2.85;2022-11-01;ATIVO
6704;6105;43214.34;1817.34;24;0.93;2021-12-07;QUITADO
6705;6692;16379.59;706.17;24;3.47;2021-04-22;ATIVO
6706;1827;4934.28;211.5;24;2.87;2022-07-20;ATIVO
6707;78;8340.26;707.25;12;1.76;2022-04-19;QUITADO
6708;7440;2795.33;473.95;6;1.73;2024-01-31;QUITADO
6709;7120;4615.73;795.52;6;3.41;2021-05-11;ATIVO
6710;194;14130.86;2412.84;6;2.45;2024-05-18;QUITADO
6711;7425;18279.65;772.01;24;1.36;2022-05-28;ATIVO
6712;1124;6218.07;179.13;36;3.71;2024-09-25;ATIVO
6713;7308;3214.84;94.99;36;6.37;2021-05-31;ATIVO
6714;2896;5823.14;1030.6;6;6.19;2022-11-13;INADIMPLENTE
6715;1206;9378.55;799.76;12;2.33;2024-07-29;QUITADO
6716;324;6519.27;571.03;12;5.11;2023-01-18;ATIVO
6717;2835;1152.71;51.0;24;6.19;2022-05-04;INADIMPLENTE
6718;6571;6010.93;512.03;12;2.22;2024-08-28;QUITADO
6719;2571;1625.54;145.96;12;7.75;2023-12-16;INADIMPLENTE
6720;469;3322.79;592.73;6;7.03;2021-04-22;QUITADO
6721;7559;2949.0;129.38;24;5.29;2021-02-14;ATIVO
6722;7569;4858.4;422.11;12;4.26;2023-01-21;QUITADO
6723;331;3802.25;227.04;18;7.48;2021-06-16;QUITADO
6724;204;4849.82;286.92;18;6.49;2023-08-23;INADIMPLENTE
6725;4098;7405.49;627.43;12;1.67;2021-09-21;QUITADO
6726;3507;17411.12;497.81;36;2.93;2024-06-19;QUITADO
6727;5939;4199.01;93.87;48;7.31;2022-12-14;QUITADO
6728;9964;7887.72;456.74;18;4.23;2023-12-16;ATIVO
6729;9835;7345.13;215.44;36;5.59;2024-12-11;INADIMPLENTE
6730;4633;7433.92;222.19;36;7.6;2021-08-25;QUITADO
6731;6331;5965.22;523.45;12;5.3;2021-07-22;ATIVO
6732;7690;3011.91;514.28;6;2.45;2021-07-11;ATIVO
6733;4580;12311.69;689.8;18;0.85;2021-08-26;ATIVO
6734;9717;14332.66;405.34;36;1.81;2022-10-01;ATIVO
6735;5544;17849.89;769.7;24;3.49;2023-06-20;QUITADO
6736;4770;7364.8;641.23;12;4.48;2023-06-28;INADIMPLENTE
6737;8590;38348.24;805.71;48;0.85;2022-06-25;ATIVO
6738;5291;7185.16;1244.47;6;3.92;2024-10-29;INADIMPLENTE
6739;474;4978.33;291.34;18;5.34;2022-10-13;QUITADO
6740;6220;11312.22;484.59;24;2.81;2021-01-11;QUITADO
6741;5579;555.8;96.67;6;4.36;2024-08-23;ATIVO
6742;3494;1180.71;53.09;24;7.91;2023-04-06;ATIVO
6743;2887;2697.37;464.26;6;3.27;2023-03-04;ATIVO
6744;3351;34261.31;5759.9;6;0.87;2021-08-21;ATIVO
6745;2934;1442.92;125.02;12;3.97;2023-12-27;ATIVO
6746;3288;2719.01;76.99;36;1.94;2024-07-17;ATIVO
6747;4591;2669.11;229.45;12;3.16;2021-03-02;ATIVO
6748;2762;19331.39;832.7;24;3.38;2024-04-17;ATIVO
6749;9451;7662.64;335.91;24;5.21;2022-06-16;INADIMPLENTE
6750;1987;2209.38;373.83;6;1.52;2024-09-25;ATIVO
6751;2582;13349.24;286.59;48;3.05;2022-10-12;ATIVO
6752;4495;10844.61;456.38;24;1.0;2021-04-28;QUITADO
6753;4313;17589.82;502.87;36;2.92;2021-11-01;QUITADO
6754;2132;2427.29;104.37;24;3.2;2022-07-28;QUITADO
6755;8697;15483.73;1314.96;12;1.91;2022-09-13;ATIVO
6756;9362;5805.23;1043.2;6;7.82;2021-09-08;QUITADO
6757;928;19972.75;1131.9;18;2.01;2022-08-21;ATIVO
6758;5172;7569.72;671.56;12;6.46;2022-07-17;ATIVO
6759;4949;4461.27;399.99;12;7.59;2022-04-14;QUITADO
6760;9099;2186.49;94.2;24;3.4;2022-08-25;ATIVO
6761;3603;1049.65;182.06;6;4.07;2023-05-16;ATIVO
6762;1182;2462.84;441.83;6;7.64;2022-04-05;ATIVO
6763;8565;19036.21;542.21;36;2.54;2022-12-14;QUITADO
6764;4209;14332.17;404.88;36;1.7;2021-11-01;ATIVO
6765;7613;18467.65;784.72;24;1.98;2023-03-12;QUITADO
6766;774;984.72;43.05;24;4.93;2022-08-11;QUITADO
6767;5920;19613.83;1652.47;12;1.1;2021-07-21;ATIVO
6768;1501;6140.47;367.61;18;7.76;2024-04-03;ATIVO
6769;8196;571.62;102.01;6;7.07;2022-10-25;ATIVO
6770;5200;2659.94;471.74;6;6.41;2024-11-16;ATIVO
6771;2691;4068.54;91.09;48;7.47;2021-08-02;INADIMPLENTE
6772;8469;5313.96;317.92;18;7.69;2024-08-05;ATIVO
6773;3978;44815.91;3775.74;12;1.1;2024-07-19;QUITADO
6774;751;13988.33;592.81;24;1.71;2024-01-18;INADIMPLENTE
6775;4742;5629.56;124.54;48;6.19;2023-09-18;QUITADO
6776;8873;30947.12;652.28;48;1.17;2022-10-20;ATIVO
6777;5238;8139.08;1389.21;6;2.41;2024-02-16;QUITADO
6778;8560;11010.87;1892.03;6;3.1;2022-07-16;QUITADO
6779;5543;35315.59;742.14;48;0.87;2022-07-24;QUITADO
6780;7939;4163.4;184.53;24;6.37;2022-05-08;QUITADO
6781;741;14340.55;812.47;18;1.98;2024-09-02;QUITADO
6782;6620;17274.49;742.52;24;3.16;2022-05-25;ATIVO
6783;186;12456.65;2125.1;6;2.36;2021-07-12;QUITADO
6784;1640;10537.3;601.97;18;2.83;2021-11-16;QUITADO
6785;2880;3221.09;287.91;12;7.26;2021-06-06;ATIVO
6786;2362;16992.92;728.08;24;2.83;2022-10-17;INADIMPLENTE
6787;6931;49257.01;1379.61;36;0.83;2022-03-15;QUITADO
6788;6462;1119.55;24.64;48;5.63;2021-08-25;INADIMPLENTE
6789;8452;12806.19;364.76;36;2.54;2024-03-18;QUITADO
6790;3417;2514.99;446.96;6;6.63;2024-06-24;INADIMPLENTE
6791;8148;4734.95;276.49;18;5.11;2024-09-07;INADIMPLENTE
6792;3667;6462.92;364.29;18;1.46;2023-09-17;QUITADO
6793;1494;3910.06;673.44;6;3.34;2023-12-23;ATIVO
6794;7365;14868.51;632.1;24;2.03;2023-03-27;ATIVO
6795;2838;3475.46;306.33;12;5.77;2024-05-26;ATIVO
6796;4605;17943.04;1023.85;18;2.71;2021-06-07;QUITADO
6797;584;33595.14;5660.78;6;1.1;2024-05-07;ATIVO
6798;2841;2520.56;55.17;48;5.06;2024-07-27;INADIMPLENTE
6799;3854;40515.86;3422.91;12;1.38;2023-09-27;ATIVO
6800;7663;7189.55;211.31;36;5.81;2021-02-23;ATIVO
6801;7722;28973.34;610.61;48;1.16;2024-09-05;QUITADO
6802;6576;10543.74;892.79;12;1.61;2021-07-02;QUITADO
6803;3716;3851.77;82.67;48;3.02;2021-08-30;QUITADO
6804;3396;12068.79;343.36;36;2.42;2021-10-13;QUITADO
6805;9788;1613.9;144.51;12;7.45;2022-03-06;ATIVO
6806;8827;8658.99;485.72;18;0.97;2023-03-11;ATIVO
6807;4871;1527.53;269.07;6;5.69;2024-11-14;ATIVO
6808;2024;5069.6;289.87;18;2.92;2023-05-29;ATIVO
6809;9562;1811.47;78.53;24;4.05;2024-12-03;ATIVO
6810;2756;19333.58;3278.01;6;1.73;2022-01-24;QUITADO
6811;1777;4314.91;91.75;48;2.06;2024-12-21;ATIVO
6812;9766;1579.8;92.8;18;5.73;2024-08-25;ATIVO
6813;7903;5746.53;337.48;18;5.71;2022-01-04;INADIMPLENTE
6814;1789;1259.24;75.27;18;7.59;2021-11-06;INADIMPLENTE
6815;9065;5799.98;981.36;6;1.52;2023-06-19;QUITADO
6816;5712;7222.87;426.03;18;6.17;2021-08-18;INADIMPLENTE
6817;4532;10655.51;1815.7;6;2.24;2024-06-18;QUITADO
6818;3298;2656.16;157.44;18;6.69;2021-04-14;ATIVO
6819;5064;13587.71;390.5;36;3.46;2021-10-06;ATIVO
6820;4490;17091.39;976.39;18;2.83;2022-04-09;ATIVO
6821;2847;18172.45;3131.72;6;3.4;2024-03-22;ATIVO
6822;4063;5668.15;124.16;48;5.14;2024-11-01;ATIVO
6823;1046;10393.04;222.13;48;2.59;2024-05-27;QUITADO
6824;3442;2715.38;236.49;12;4.51;2023-09-28;QUITADO
6825;78;12114.45;514.46;24;1.92;2021-11-02;QUITADO
6826;1143;5912.45;1029.75;6;4.5;2023-05-15;ATIVO
6827;8446;15912.63;2742.81;6;3.42;2021-09-19;QUITADO
6828;6629;8828.03;496.38;18;1.21;2021-08-01;ATIVO
6829;3753;7161.1;1240.78;6;3.96;2022-05-06;ATIVO
6830;2670;880.44;156.2;6;6.45;2023-09-01;ATIVO
6831;3635;8086.16;172.1;48;2.16;2021-04-01;ATIVO
6832;5306;2451.0;71.01;36;4.3;2022-07-26;QUITADO
6833;5875;16813.42;965.93;18;3.41;2024-12-28;QUITADO
6834;9604;2968.16;254.67;12;2.96;2021-10-13;ATIVO
6835;4584;1445.77;129.16;12;7.2;2021-12-15;ATIVO
6836;1390;11596.6;998.37;12;3.31;2023-12-09;ATIVO
6837;9362;7148.63;318.38;24;6.89;2021-05-02;QUITADO
6838;5091;6176.7;138.64;48;7.74;2024-03-24;INADIMPLENTE
6839;9876;12110.57;2061.02;6;2.11;2022-05-25;QUITADO
6840;9818;7879.86;462.55;18;5.66;2024-02-25;QUITADO
6841;8169;19217.0;1653.62;12;3.26;2023-09-10;ATIVO
6842;4992;3353.98;574.31;6;2.74;2023-05-19;QUITADO
6843;453;15071.46;1295.27;12;3.13;2021-10-15;QUITADO
6844;2786;2027.61;345.54;6;2.25;2024-06-18;QUITADO
6845;6746;4970.43;223.63;24;7.98;2021-05-19;ATIVO
6846;6258;12867.31;2192.59;6;2.24;2023-07-09;ATIVO
6847;9694;6730.33;144.67;48;3.18;2024-05-10;ATIVO
6848;7516;6400.54;565.11;12;5.95;2024-01-12;ATIVO
6849;4114;3831.97;220.36;18;3.51;2024-08-24;QUITADO
6850;985;6053.22;532.03;12;5.47;2024-01-19;QUITADO
6851;2552;5243.31;444.59;12;1.75;2023-07-02;QUITADO
6852;2734;5753.94;324.84;18;1.62;2023-03-22;QUITADO
6853;6737;6817.35;394.88;18;4.26;2022-09-24;ATIVO
6854;4937;6922.41;1195.73;6;3.64;2021-02-01;ATIVO
6855;9824;2244.78;130.87;18;4.94;2022-10-22;ATIVO
6856;1739;10646.4;912.04;12;2.8;2022-02-23;ATIVO
6857;3284;29829.64;5043.2;6;1.44;2024-09-28;QUITADO
6858;1219;10712.3;227.08;48;1.75;2024-02-12;ATIVO
6859;4198;4734.88;105.7;48;7.15;2022-04-21;ATIVO
6860;1588;2915.08;257.09;12;5.83;2024-01-01;INADIMPLENTE
6861;6540;10143.65;287.57;36;2.06;2021-12-06;ATIVO
6862;2580;4365.84;98.08;48;7.83;2022-12-27;ATIVO
6863;9269;1026.13;59.57;18;4.49;2023-05-23;ATIVO
6864;7599;2905.98;249.53;12;3.04;2022-03-20;ATIVO
6865;8253;9478.72;1627.02;6;2.99;2023-02-20;ATIVO
6866;4889;13940.2;594.32;24;2.32;2021-05-05;ATIVO
6867;8599;34812.55;1468.65;24;1.25;2022-03-13;ATIVO
6868;6913;15481.76;2614.87;6;1.34;2024-03-19;ATIVO
6869;3339;2312.67;99.33;24;3.08;2024-11-28;QUITADO
6870;9490;1282.64;37.03;36;3.92;2022-11-12;QUITADO
6871;4928;2151.64;62.77;36;5.02;2022-05-17;INADIMPLENTE
6872;3054;37687.88;3176.46;12;1.14;2022-06-08;ATIVO
6873;616;2227.74;98.93;24;6.58;2024-06-29;INADIMPLENTE
6874;7319;9863.73;835.54;12;1.65;2023-09-22;QUITADO
6875;7089;34345.87;5793.0;6;1.2;2023-04-29;ATIVO
6876;1066;11230.59;951.79;12;1.7;2021-04-15;QUITADO
6877;1414;17905.81;1008.99;18;1.43;2023-11-26;QUITADO
6878;6963;26456.81;4448.71;6;0.89;2023-03-13;ATIVO
6879;6239;2527.26;54.93;48;4.32;2022-09-04;ATIVO
6880;4747;3736.99;216.06;18;4.07;2023-09-07;ATIVO
6881;7360;3201.39;186.04;18;4.6;2021-05-05;ATIVO
6882;383;47526.12;4013.58;12;1.34;2024-03-24;ATIVO
6883;351;680.58;15.1;48;6.47;2022-03-25;QUITADO
6884;8564;18388.68;783.59;24;2.27;2024-07-02;ATIVO
6885;6493;3458.33;148.09;24;2.77;2021-11-22;ATIVO
6886;1173;6110.28;1095.57;6;7.58;2024-06-26;ATIVO
6887;5879;11425.93;243.25;48;2.19;2024-05-24;ATIVO
6888;7329;5448.94;115.28;48;1.55;2024-12-08;ATIVO
6889;2202;7402.95;215.8;36;4.94;2021-07-22;QUITADO
6890;7083;6151.47;271.84;24;6.06;2024-01-11;INADIMPLENTE
6891;5693;7531.53;168.47;48;7.37;2022-06-23;ATIVO
6892;3584;24594.59;517.46;48;0.99;2023-07-04;QUITADO
6893;8941;15138.23;326.42;48;3.5;2024-01-09;ATIVO
6894;40;16663.06;715.54;24;3.06;2022-06-24;ATIVO
6895;6440;4523.55;256.56;18;2.09;2022-06-18;QUITADO
6896;1583;7683.11;442.85;18;3.75;2021-06-23;QUITADO
6897;6672;7409.13;166.52;48;7.88;2024-09-25;ATIVO
6898;3087;4132.59;241.0;18;4.97;2021-01-20;INADIMPLENTE
6899;9786;4311.5;737.48;6;2.63;2023-03-18;QUITADO
6900;6355;40950.16;1151.72;36;1.25;2024-05-07;ATIVO
6901;8486;765.76;136.0;6;6.56;2021-05-27;QUITADO
6902;9636;2431.21;52.93;48;4.51;2021-06-10;QUITADO
6903;3771;1632.11;34.72;48;2.11;2024-07-12;QUITADO
6904;667;3406.99;150.36;24;5.92;2021-02-09;ATIVO
6905;7487;42930.68;2413.66;18;1.2;2023-06-07;ATIVO
6906;7372;10863.8;1850.83;6;2.22;2021-04-11;ATIVO
6907;6440;17899.74;3028.93;6;1.53;2021-02-16;QUITADO
6908;2129;3592.58;209.21;18;4.82;2022-05-31;ATIVO
6909;2872;8315.84;712.04;12;2.75;2022-08-29;ATIVO
6910;2404;4516.17;200.95;24;6.79;2022-12-20;QUITADO
6911;2301;3547.16;205.48;18;4.27;2024-02-04;ATIVO
6912;6056;3697.41;210.88;18;2.66;2023-03-23;QUITADO
6913;7898;2871.92;126.14;24;5.41;2021-05-04;ATIVO
6914;296;4655.91;788.94;6;1.67;2024-11-27;QUITADO
6915;7409;2985.51;525.55;6;5.62;2021-07-02;QUITADO
6916;4013;1340.79;30.15;48;7.94;2021-08-07;INADIMPLENTE
6917;5987;3380.43;301.62;12;7.07;2024-10-27;ATIVO
6918;2111;949.09;21.05;48;6.46;2021-08-29;QUITADO
6919;9041;7268.12;1238.49;6;2.24;2022-09-24;ATIVO
6920;8409;3036.49;529.26;6;4.58;2023-06-19;ATIVO
6921;4932;18663.91;3211.44;6;3.24;2023-10-16;QUITADO
6922;3749;5239.65;114.25;48;4.66;2022-07-17;ATIVO
6923;2122;6529.65;143.73;48;5.66;2024-09-16;QUITADO
6924;6905;13491.09;2272.57;6;1.07;2024-07-05;QUITADO
6925;7153;7718.15;666.85;12;3.68;2021-11-17;ATIVO
6926;728;3311.15;141.97;24;2.9;2023-04-04;QUITADO
6927;303;4081.07;232.26;18;2.44;2023-02-09;ATIVO
6928;689;4324.22;249.72;18;3.95;2022-07-24;QUITADO
6929;4961;3645.65;213.09;18;5.21;2024-08-11;ATIVO
6930;3383;7269.23;640.72;12;5.77;2022-05-30;INADIMPLENTE
6931;5288;1129.98;25.09;48;6.57;2024-01-16;ATIVO
6932;3365;4313.66;751.51;6;4.53;2021-06-30;ATIVO
6933;3241;16108.07;692.71;24;3.21;2024-07-19;QUITADO
6934;7084;18892.8;400.49;48;1.75;2024-10-26;QUITADO
6935;998;10369.17;220.47;48;2.06;2024-05-04;QUITADO
6936;5767;1678.39;49.97;36;7.18;2023-07-27;ATIVO
6937;1401;7167.68;205.08;36;3.0;2021-07-09;ATIVO
6938;6259;6056.94;346.39;18;2.94;2023-12-22;QUITADO
6939;6062;11929.83;684.77;18;3.32;2021-02-10;ATIVO
6940;6934;11914.22;683.61;18;3.28;2023-02-27;QUITADO
6941;3205;6205.55;181.05;36;5.03;2022-06-07;QUITADO
6942;2872;5457.92;156.6;36;3.29;2021-11-13;ATIVO
6943;3161;18013.83;379.98;48;1.25;2023-10-28;ATIVO
6944;354;637.13;28.07;24;5.72;2022-05-15;ATIVO
6945;3536;34973.57;736.85;48;1.13;2023-09-05;QUITADO
6946;5560;16458.95;462.18;36;1.09;2023-08-21;QUITADO
6947;5793;9602.52;1654.03;6;3.35;2022-10-21;ATIVO
6948;3932;6923.52;402.41;18;4.62;2021-08-17;ATIVO
6949;7857;17245.05;737.44;24;2.63;2021-09-09;INADIMPLENTE
6950;2045;43100.62;1210.41;36;1.1;2023-07-04;QUITADO
6951;2482;9269.12;394.36;24;2.11;2023-06-05;ATIVO
6952;3022;47767.88;8048.89;6;1.1;2024-11-18;QUITADO
6953;1124;4912.46;144.99;36;6.25;2022-01-24;ATIVO
6954;8860;4109.95;235.84;18;3.29;2021-09-16;QUITADO
6955;5620;13498.6;383.17;36;2.19;2022-03-08;ATIVO
6956;2396;3764.21;108.75;36;4.01;2023-10-14;ATIVO
6957;6927;43107.44;1214.07;36;1.39;2022-12-29;INADIMPLENTE
6958;3874;43580.83;2447.55;18;1.09;2024-03-23;QUITADO
6959;5362;12938.66;274.22;48;1.73;2023-06-13;ATIVO
6960;5313;14565.07;307.41;48;1.31;2024-04-25;QUITADO
6961;4844;6681.8;296.31;24;6.43;2023-09-21;INADIMPLENTE
6962;2396;2772.58;159.75;18;3.71;2023-07-02;ATIVO
6963;9121;10145.05;1732.27;6;2.45;2022-07-11;INADIMPLENTE
6964;2973;16294.22;689.58;24;1.57;2021-04-24;QUITADO
6965;8925;7938.6;168.31;48;1.77;2021-02-07;QUITADO
6966;3891;3199.81;189.57;18;6.64;2022-06-09;ATIVO
6967;5412;768.36;22.68;36;6.28;2024-11-18;INADIMPLENTE
6968;8660;11226.32;480.63;24;2.75;2022-10-26;QUITADO
6969;2406;8399.41;178.07;48;1.76;2022-03-20;QUITADO
6970;8945;7623.33;447.7;18;5.71;2024-01-31;INADIMPLENTE
6971;9087;3024.74;175.96;18;4.71;2024-12-24;ATIVO
6972;5886;4050.5;89.88;48;6.51;2023-04-20;ATIVO
6973;9189;6710.57;146.02;48;4.45;2022-07-11;QUITADO
6974;8032;5145.08;290.07;18;1.48;2021-02-24;QUITADO
6975;2163;7238.73;651.49;12;8.0;2021-01-21;INADIMPLENTE
6976;1953;12224.68;257.94;48;1.28;2023-08-21;ATIVO
6977;4848;5187.71;112.5;48;4.09;2021-10-20;QUITADO
6978;3103;4788.38;105.38;48;5.64;2023-11-06;ATIVO
6979;6537;10461.61;225.06;48;3.26;2024-02-12;QUITADO
6980;4957;2545.27;225.07;12;6.11;2024-08-14;INADIMPLENTE
6981;5431;16521.22;2849.08;6;3.47;2022-04-26;QUITADO
6982;5991;3677.52;107.61;36;5.34;2024-01-12;QUITADO
6983;2117;5271.66;227.65;24;3.64;2023-06-11;QUITADO
6984;1626;6818.41;194.82;36;2.86;2021-12-20;ATIVO
6985;8432;15635.21;892.77;18;2.78;2022-02-07;QUITADO
6986;4193;1877.48;80.48;24;2.88;2024-05-20;ATIVO
6987;8223;6514.76;291.1;24;7.24;2022-12-28;ATIVO
6988;7412;10418.88;442.59;24;1.95;2024-10-26;QUITADO
6989;6904;1546.75;68.22;24;5.86;2021-08-06;ATIVO
6990;7091;6470.61;1103.67;6;2.34;2024-04-15;ATIVO
6991;5588;4667.85;98.92;48;1.72;2023-05-28;ATIVO
6992;7589;1412.43;30.21;48;2.66;2023-08-23;QUITADO
6993;3084;20439.83;1726.48;12;1.36;2022-12-07;ATIVO
6994;3355;22468.87;3775.89;6;0.83;2022-12-16;QUITADO
6995;68;4073.24;715.67;6;5.42;2023-09-11;INADIMPLENTE
6996;1474;3696.55;633.03;6;2.75;2023-09-07;QUITADO
6997;1561;658.51;116.9;6;6.51;2022-02-07;QUITADO
6998;4952;6874.76;399.0;18;4.47;2024-04-01;INADIMPLENTE
6999;5764;4961.51;209.91;24;1.54;2022-09-06;ATIVO
7000;2508;16792.84;713.42;24;1.96;2024-03-21;QUITADO
7001;8778;1816.93;108.38;18;7.37;2024-06-30;QUITADO
7002;7041;4641.51;810.49;6;4.77;2024-11-27;INADIMPLENTE
7003;2219;30974.82;1739.24;18;1.07;2024-06-04;QUITADO
7004;4348;3241.69;69.38;48;2.73;2021-12-24;ATIVO
7005;1107;6710.02;382.62;18;2.64;2021-03-22;ATIVO
7006;9849;7931.89;230.49;36;4.61;2021-11-15;QUITADO
7007;3474;7951.22;1404.58;6;5.99;2022-06-23;INADIMPLENTE
7008;6724;7787.33;442.88;18;2.37;2021-07-16;ATIVO
7009;7177;13416.96;2313.31;6;3.45;2022-01-22;ATIVO
7010;6353;11694.77;251.32;48;3.15;2021-05-02;QUITADO
7011;5851;12452.01;536.94;24;3.49;2023-06-05;QUITADO
7012;4283;5347.28;316.56;18;6.56;2021-11-12;QUITADO
7013;4823;7605.84;441.48;18;4.48;2022-01-22;ATIVO
7014;6284;4948.35;211.58;24;2.62;2023-01-02;QUITADO
7015;7248;13842.78;794.11;18;3.26;2021-11-22;QUITADO
7016;8498;2749.32;242.58;12;5.88;2023-08-29;ATIVO
7017;6698;5585.1;119.78;48;2.94;2024-02-01;ATIVO
7018;2725;7165.57;153.4;48;2.76;2022-05-14;QUITADO
7019;9341;19641.49;1661.67;12;1.52;2023-07-08;ATIVO
7020;360;1524.81;268.47;6;5.64;2023-07-19;ATIVO
7021;6344;6605.16;291.98;24;6.09;2021-11-21;INADIMPLENTE
7022;4982;19027.01;1080.52;18;2.22;2022-12-23;QUITADO
7023;6627;3683.89;106.82;36;4.39;2024-05-26;QUITADO
7024;6740;17376.39;368.49;48;1.79;2024-07-21;QUITADO
7025;1083;39831.14;1117.6;36;1.01;2022-05-19;ATIVO
7026;857;1576.87;46.7;36;6.61;2023-08-03;INADIMPLENTE
7027;8982;4155.62;370.3;12;6.93;2023-11-11;INADIMPLENTE
7028;3212;28692.46;1616.66;18;1.42;2024-05-02;ATIVO
7029;394;4257.87;120.24;36;1.66;2023-06-13;QUITADO
7030;2070;10622.08;453.12;24;2.38;2022-06-11;QUITADO
7031;826;11229.11;319.72;36;2.5;2021-06-20;ATIVO
7032;3939;635.09;27.45;24;3.73;2024-12-14;ATIVO
7033;7309;6382.4;190.44;36;7.42;2023-02-12;ATIVO
7034;501;48073.9;2031.32;24;1.41;2022-10-05;ATIVO
7035;6244;15237.61;2587.09;6;1.87;2022-10-11;QUITADO
7036;9490;1057.31;31.04;36;5.69;2021-04-13;INADIMPLENTE
7037;9954;2642.46;152.87;18;4.13;2021-06-08;INADIMPLENTE
7038;822;1151.08;197.43;6;2.91;2024-03-06;ATIVO
7039;8995;4963.56;286.26;18;3.81;2022-05-26;QUITADO
7040;2124;5721.38;982.84;6;3.07;2022-01-04;ATIVO
7041;6494;3783.52;664.64;6;5.4;2022-08-20;ATIVO
7042;7194;2165.13;127.85;18;6.29;2022-10-13;INADIMPLENTE
7043;4757;12066.36;680.81;18;1.56;2022-03-05;QUITADO
7044;9186;5462.92;979.32;6;7.56;2021-08-22;ATIVO
7045;3318;4333.68;256.99;18;6.74;2023-03-22;ATIVO
7046;2910;2189.36;384.93;6;5.49;2022-03-25;QUITADO
7047;8508;14193.71;302.95;48;2.45;2024-11-29;INADIMPLENTE
7048;8725;19754.92;423.62;48;2.93;2023-08-03;QUITADO
7049;8333;4620.6;196.47;24;2.05;2023-01-07;ATIVO
7050;9355;708.26;31.1;24;5.37;2022-04-23;ATIVO
7051;7458;18930.68;400.34;48;1.51;2024-12-05;QUITADO
7052;8637;17149.17;739.56;24;3.5;2022-03-13;QUITADO
7053;1505;5484.92;156.03;36;2.41;2023-09-13;QUITADO
7054;7080;34653.43;5854.7;6;1.37;2021-01-12;ATIVO
7055;8454;17741.57;1002.4;18;1.7;2024-03-04;QUITADO
7056;265;3973.21;112.4;36;1.84;2024-06-16;ATIVO
7057;4572;18467.44;1588.35;12;3.21;2024-10-19;QUITADO
7058;3849;1295.46;223.01;6;3.29;2023-05-02;QUITADO
7059;829;10960.15;618.94;18;1.65;2022-07-07;ATIVO
7060;8991;12277.67;527.89;24;3.19;2021-04-19;INADIMPLENTE
7061;2602;13356.23;2267.0;6;1.84;2022-07-09;ATIVO
7062;42;29411.84;4949.52;6;0.97;2022-07-21;QUITADO
7063;6507;1125.95;33.54;36;7.23;2024-12-27;ATIVO
7064;7910;19884.14;3420.4;6;3.21;2022-09-13;ATIVO
7065;6452;8730.75;490.09;18;1.04;2022-05-12;QUITADO
7066;6803;14446.9;414.75;36;3.35;2022-11-03;ATIVO
7067;2860;18314.93;391.94;48;2.72;2023-04-13;ATIVO
7068;77;7730.94;334.23;24;3.76;2023-04-12;INADIMPLENTE
7069;9450;4620.27;98.85;48;2.7;2022-07-16;ATIVO
7070;1356;7858.76;350.66;24;7.09;2023-09-20;QUITADO
7071;8052;23771.27;1336.74;18;1.22;2022-06-10;ATIVO
7072;18;17010.91;976.52;18;3.33;2023-02-10;QUITADO
7073;7446;4041.46;701.66;6;4.17;2022-07-14;ATIVO
7074;1363;18932.69;1061.49;18;0.92;2021-04-27;QUITADO
7075;2727;44452.73;936.01;48;1.07;2024-11-18;QUITADO
7076;8437;6176.53;136.08;48;5.75;2023-10-05;ATIVO
7077;146;2433.89;426.01;6;5.02;2023-11-28;ATIVO
7078;8706;6328.82;1099.32;6;4.22;2021-08-26;ATIVO
7079;8195;11603.43;1974.52;6;2.1;2023-02-23;ATIVO
7080;683;48402.93;8134.92;6;0.84;2021-06-04;ATIVO
7081;7338;5533.73;326.03;18;6.05;2022-12-27;ATIVO
7082;8252;815.29;73.1;12;7.6;2023-04-03;INADIMPLENTE
7083;1594;4613.01;270.91;18;5.71;2021-04-06;ATIVO
7084;1926;6005.91;1047.83;6;4.68;2022-09-05;INADIMPLENTE
7085;6571;6300.87;542.45;12;3.31;2024-07-02;ATIVO
7086;7898;2454.33;220.64;12;7.88;2023-04-09;ATIVO
7087;102;12953.96;368.79;36;2.49;2024-01-09;ATIVO
7088;3532;3099.11;535.99;6;3.77;2021-05-13;ATIVO
7089;9752;1428.94;62.5;24;4.98;2024-10-02;ATIVO
7090;1415;8885.97;759.16;12;2.52;2023-04-22;ATIVO
7091;3892;17677.56;755.13;24;2.52;2021-03-30;QUITADO
7092;8767;2410.9;105.3;24;4.82;2024-02-28;INADIMPLENTE
7093;5367;1372.98;121.84;12;6.49;2021-01-12;ATIVO
7094;3645;8260.88;234.95;36;2.39;2021-06-10;ATIVO
7095;4119;1201.58;51.26;24;2.38;2024-01-01;ATIVO
7096;2255;6028.9;255.37;24;1.66;2023-01-08;ATIVO
7097;1152;1656.21;146.44;12;6.1;2024-05-05;ATIVO
7098;2122;6401.08;285.03;24;6.87;2023-04-22;ATIVO
7099;5620;13980.24;799.75;18;2.97;2022-05-31;ATIVO
7100;9858;9720.81;1648.33;6;1.74;2022-10-23;QUITADO
7101;284;6474.0;279.65;24;3.67;2021-01-29;QUITADO
7102;5242;6737.85;291.58;24;3.86;2022-12-14;ATIVO
7103;8296;1331.61;29.66;48;6.91;2024-01-05;QUITADO
7104;8270;540.83;24.22;24;7.46;2023-08-28;INADIMPLENTE
7105;726;4401.37;250.9;18;2.61;2023-01-24;ATIVO
7106;5770;9299.22;264.07;36;2.23;2024-07-04;ATIVO
7107;4321;26743.68;4506.31;6;1.1;2023-06-07;ATIVO
7108;1841;1484.2;260.8;6;5.43;2024-05-22;QUITADO
7109;5062;16169.23;1387.19;12;2.95;2024-02-08;QUITADO
7110;327;2745.45;489.24;6;6.92;2022-06-15;ATIVO
7111;7667;47780.61;1339.72;36;0.94;2021-11-06;ATIVO
7112;6500;12129.81;1019.71;12;0.88;2023-01-15;ATIVO
7113;1651;11159.99;955.48;12;2.74;2023-05-16;ATIVO
7114;9219;9813.47;563.78;18;3.41;2024-11-10;QUITADO
7115;101;10953.67;309.17;36;1.61;2021-07-29;ATIVO
7116;7829;6277.7;363.65;18;4.27;2024-04-29;ATIVO
7117;7050;6084.5;347.05;18;2.67;2024-11-10;ATIVO
7118;4830;44521.54;1876.03;24;1.13;2024-04-25;QUITADO
7119;788;11134.69;318.48;36;2.97;2021-03-01;QUITADO
7120;5921;13752.29;1165.28;12;1.68;2022-12-02;QUITADO
7121;6374;40891.88;6905.96;6;1.33;2023-12-26;QUITADO
7122;3104;1220.27;212.47;6;4.47;2024-02-20;ATIVO
7123;1645;1615.41;71.3;24;5.93;2024-09-09;ATIVO
7124;376;1023.98;44.23;24;3.67;2024-08-22;ATIVO
7125;8167;854.49;18.56;48;4.26;2023-03-27;ATIVO
7126;7489;3932.59;349.77;12;6.73;2023-02-01;INADIMPLENTE
7127;7369;12762.04;366.38;36;3.35;2021-08-05;QUITADO
7128;6148;8437.08;359.07;24;2.14;2021-06-07;QUITADO
7129;659;3600.13;105.46;36;5.46;2023-04-12;ATIVO
7130;7654;19397.2;556.32;36;3.25;2023-03-24;ATIVO
7131;6668;15177.99;653.6;24;3.35;2021-04-22;ATIVO
7132;3781;3198.09;138.72;24;4.1;2023-11-18;ATIVO
7133;2422;18596.45;3176.27;6;2.48;2024-06-21;ATIVO
7134;1517;7198.31;407.1;18;1.8;2023-01-07;ATIVO
7135;2719;11442.02;1937.32;6;1.59;2023-03-05;ATIVO
7136;5467;637.56;28.23;24;6.26;2024-02-20;QUITADO
7137;6410;3973.15;354.6;12;7.1;2024-08-23;QUITADO
7138;1369;4235.13;757.95;6;7.38;2024-01-03;ATIVO
7139;6434;13083.99;751.09;18;3.33;2021-08-29;ATIVO
7140;3472;49200.86;1038.65;48;1.33;2021-01-10;ATIVO
7141;4771;7129.65;405.48;18;2.37;2023-11-22;QUITADO
7142;4076;19242.77;1636.76;12;2.07;2024-12-28;QUITADO
7143;3285;16011.28;1374.43;12;3.01;2021-02-25;ATIVO
7144;8138;6256.41;1074.12;6;3.01;2022-04-07;QUITADO
7145;7545;2848.85;63.3;48;6.66;2023-04-29;ATIVO
7146;3887;4502.62;97.1;48;3.51;2024-07-11;INADIMPLENTE
7147;7997;1724.87;98.21;18;2.49;2024-03-03;QUITADO
7148;7048;13981.59;601.32;24;3.22;2023-02-03;QUITADO
7149;8949;1100.98;62.85;18;2.75;2023-08-16;QUITADO
7150;7855;7831.46;175.36;48;7.48;2022-10-07;ATIVO
7151;1536;6660.76;1186.28;6;6.86;2022-06-23;INADIMPLENTE
7152;1365;1448.66;31.87;48;5.61;2023-12-21;INADIMPLENTE
7153;7920;4036.31;172.64;24;2.65;2023-05-22;ATIVO
7154;422;1351.87;117.93;12;4.68;2021-01-09;QUITADO
7155;6909;15590.89;891.02;18;2.87;2024-07-15;ATIVO
7156;3132;18045.01;3100.43;6;3.09;2024-06-30;ATIVO
7157;6828;19067.07;815.04;24;2.59;2022-11-04;QUITADO
7158;8568;4985.27;141.39;36;2.1;2023-11-07;ATIVO
7159;912;4564.54;406.97;12;6.99;2023-09-20;INADIMPLENTE
7160;9844;8273.37;234.66;36;2.11;2021-12-04;QUITADO
7161;9891;15897.08;678.94;24;2.5;2021-12-02;ATIVO
7162;3177;2177.72;381.28;6;5.05;2023-01-29;QUITADO
7163;3218;19279.07;1102.01;18;2.89;2021-05-30;ATIVO
7164;8943;8026.09;1366.31;6;2.14;2021-08-28;ATIVO
7165;3838;1677.51;72.94;24;4.35;2021-06-15;ATIVO
7166;3197;3782.85;109.19;36;3.91;2023-08-29;INADIMPLENTE
7167;425;7852.22;464.72;18;6.53;2021-01-28;QUITADO
7168;2810;3319.61;94.92;36;2.94;2024-11-17;QUITADO
7169;2045;28876.93;1618.39;18;0.88;2021-06-29;QUITADO
7170;4223;7818.27;1336.01;6;2.53;2022-08-16;QUITADO
7171;5788;665.49;14.41;48;3.96;2021-01-07;ATIVO
7172;2265;13007.06;2221.82;6;2.49;2022-07-17;INADIMPLENTE
7173;1248;3302.61;195.97;18;6.81;2023-05-27;INADIMPLENTE
7174;2183;7356.5;650.5;12;6.11;2022-03-19;ATIVO
7175;6165;1655.19;73.87;24;7.11;2024-12-04;ATIVO
7176;8490;6384.45;282.8;24;6.31;2024-02-25;ATIVO
7177;2471;18430.08;1050.92;18;2.64;2023-07-07;QUITADO
7178;512;9843.89;278.77;36;1.95;2022-02-20;ATIVO
7179;366;18777.79;397.38;48;1.58;2023-01-28;QUITADO
7180;8345;4869.44;826.67;6;1.86;2023-02-08;QUITADO
7181;7122;3252.26;292.43;12;7.9;2023-04-23;QUITADO
7182;3802;9339.82;802.6;12;3.12;2022-09-10;ATIVO
7183;6427;6857.42;612.77;12;7.23;2023-09-05;INADIMPLENTE
7184;52;6839.89;198.39;36;4.42;2021-06-27;QUITADO
7185;9625;2847.03;494.05;6;4.12;2024-03-08;QUITADO
7186;9530;24361.42;683.2;36;0.96;2022-08-12;ATIVO
7187;154;24380.57;2060.36;12;1.41;2023-05-26;ATIVO
7188;9957;36200.38;6096.14;6;1.04;2024-09-09;ATIVO
7189;8222;15045.51;853.5;18;2.11;2024-11-20;QUITADO
7190;3862;19524.07;1121.98;18;3.44;2023-02-03;ATIVO
7191;5019;4639.42;833.47;6;7.79;2023-01-24;QUITADO
7192;6860;11317.94;638.58;18;1.56;2021-08-11;INADIMPLENTE
7193;2501;3361.06;301.43;12;7.62;2024-08-30;ATIVO
7194;4962;1308.42;58.7;24;7.68;2024-06-18;QUITADO
7195;8250;10099.54;431.76;24;2.6;2022-04-13;QUITADO
7196;4959;35320.48;5943.85;6;0.97;2021-09-21;ATIVO
7197;5470;2608.93;226.96;12;4.39;2022-05-08;ATIVO
7198;6504;5686.26;169.26;36;7.16;2024-07-17;QUITADO
7199;7333;2969.25;84.97;36;3.02;2023-03-03;ATIVO
7200;9553;1588.82;274.12;6;3.52;2024-06-04;QUITADO
7201;5417;5442.22;242.11;24;6.77;2021-02-03;ATIVO
7202;5001;681.88;39.65;18;4.66;2022-05-18;ATIVO
7203;6260;11379.12;488.59;24;3.05;2023-02-17;ATIVO
7204;4854;18644.56;3141.61;6;1.1;2023-10-21;QUITADO
7205;4354;8385.27;179.58;48;2.8;2021-11-25;QUITADO
7206;4316;4074.74;119.51;36;5.59;2024-05-26;INADIMPLENTE
7207;4531;9105.79;388.29;24;2.34;2023-10-29;INADIMPLENTE
7208;3790;2038.69;88.03;24;3.63;2022-02-01;ATIVO
7209;4541;17019.57;484.87;36;2.56;2021-10-29;ATIVO
7210;7343;7121.96;1239.34;6;4.41;2024-03-01;ATIVO
7211;1892;1200.26;35.2;36;5.57;2024-01-16;ATIVO
7212;8636;3981.06;691.78;6;4.26;2024-07-16;ATIVO
7213;9828;7876.81;225.08;36;2.87;2024-11-19;INADIMPLENTE
7214;7400;1539.56;276.22;6;7.65;2024-02-28;ATIVO
7215;2183;5189.98;114.37;48;5.78;2023-04-28;ATIVO
7216;2355;8671.54;248.54;36;3.18;2024-11-05;ATIVO
7217;7904;5366.87;932.76;6;4.28;2023-05-18;QUITADO
7218;2411;11905.62;2035.66;6;2.59;2021-01-29;QUITADO
7219;5734;7131.61;312.6;24;5.2;2023-10-30;ATIVO
7220;5358;4426.85;393.1;12;6.56;2023-09-24;ATIVO
7221;1285;6919.98;592.12;12;2.68;2023-01-27;ATIVO
7222;3264;5539.88;240.68;24;4.27;2022-10-23;ATIVO
7223;4523;674.28;19.81;36;5.77;2021-06-03;ATIVO
7224;5765;12338.87;1057.65;12;2.86;2024-07-16;ATIVO
7225;6674;13650.7;387.04;36;2.07;2023-07-24;ATIVO
7226;4284;24928.96;2108.57;12;1.5;2021-09-10;QUITADO
7227;9758;2183.48;184.83;12;1.58;2022-06-26;QUITADO
7228;2791;5197.31;146.09;36;1.19;2022-12-10;ATIVO
7229;167;5911.09;169.57;36;3.27;2023-07-23;QUITADO
7230;1117;833.95;49.1;18;5.98;2023-12-30;ATIVO
7231;686;2412.33;140.2;18;4.61;2024-01-10;QUITADO
7232;3977;5690.38;124.71;48;5.2;2024-07-23;QUITADO
7233;2144;949.1;164.68;6;4.11;2022-03-20;ATIVO
7234;7807;49812.12;1046.57;48;0.85;2021-03-02;ATIVO
7235;4311;3668.73;80.56;48;5.4;2023-04-30;ATIVO
7236;1436;2901.32;63.37;48;4.84;2024-05-25;QUITADO
7237;590;4074.01;91.22;48;7.48;2022-09-14;QUITADO
7238;5545;682.22;29.7;24;4.5;2024-02-13;INADIMPLENTE
7239;1381;14351.46;607.07;24;1.52;2023-12-10;QUITADO
7240;5867;19536.95;1105.47;18;1.85;2024-12-16;QUITADO
7241;1238;5583.0;961.58;6;3.34;2021-09-17;QUITADO
7242;3203;17660.27;502.04;36;2.34;2023-12-17;QUITADO
7243;4351;17929.9;3022.68;6;1.15;2022-11-15;QUITADO
7244;5716;2900.25;86.23;36;7.04;2024-07-27;ATIVO
7245;9884;13003.06;551.0;24;1.7;2022-02-15;ATIVO
7246;3493;2627.79;233.68;12;6.71;2021-09-02;ATIVO
7247;7280;5514.91;246.52;24;7.28;2021-10-09;ATIVO
7248;3068;4956.5;288.36;18;4.72;2022-06-01;QUITADO
7249;774;6763.0;294.78;24;4.61;2024-01-21;ATIVO
7250;3903;5294.6;898.49;6;1.82;2022-12-22;INADIMPLENTE
7251;4033;5124.96;227.25;24;6.42;2023-06-10;ATIVO
7252;857;4459.08;773.72;6;4.11;2023-06-22;INADIMPLENTE
7253;4226;5862.37;258.53;24;5.84;2022-06-03;ATIVO
7254;5622;6229.8;372.2;18;7.54;2023-06-25;ATIVO
7255;9506;3547.12;155.96;24;5.52;2021-10-12;INADIMPLENTE
7256;9257;12674.72;537.25;24;1.73;2023-11-13;QUITADO
7257;8050;6818.75;403.37;18;6.48;2024-07-16;QUITADO
7258;9380;7272.19;157.66;48;4.06;2022-09-08;ATIVO
7259;3286;7347.91;311.67;24;1.8;2023-04-04;ATIVO
7260;2562;5075.99;148.81;36;5.54;2024-05-28;QUITADO
7261;9672;9801.25;829.92;12;1.61;2023-05-11;ATIVO
7262;1228;6154.86;262.71;24;2.44;2024-09-26;ATIVO
7263;5691;6974.24;393.46;18;1.55;2021-08-02;QUITADO
7264;7311;12363.84;260.05;48;0.96;2022-04-23;ATIVO
7265;3126;5531.9;162.9;36;6.01;2022-03-24;ATIVO
7266;5065;12706.81;1095.75;12;3.48;2024-01-04;ATIVO
7267;2855;5043.67;223.81;24;6.5;2021-10-10;ATIVO
7268;1721;13291.08;751.76;18;1.81;2023-05-17;ATIVO
7269;6671;6047.31;536.3;12;6.42;2024-02-28;ATIVO
7270;4402;9183.86;1566.15;6;2.32;2021-05-04;ATIVO
7271;345;8627.44;366.49;24;1.95;2022-07-05;QUITADO
7272;7513;1984.31;113.3;18;2.78;2022-02-16;ATIVO
7273;3158;46672.49;983.43;48;1.14;2022-09-18;ATIVO
7274;4135;4847.17;216.61;24;7.25;2021-10-26;ATIVO
7275;1909;5201.72;916.02;6;5.66;2024-08-19;ATIVO
7276;3011;1993.45;339.88;6;2.3;2021-11-01;QUITADO
7277;6751;8839.22;506.49;18;3.14;2023-03-11;ATIVO
7278;5595;1691.14;72.42;24;2.77;2021-06-04;ATIVO
7279;6149;6373.91;185.52;36;4.78;2021-06-21;QUITADO
7280;3855;4979.69;214.81;24;3.53;2023-03-15;ATIVO
7281;5630;5495.05;320.85;18;5.1;2022-09-25;ATIVO
7282;4889;6908.66;147.07;48;2.18;2022-05-25;QUITADO
7283;7749;9323.87;261.15;36;0.83;2022-07-05;QUITADO
7284;1690;3475.57;74.73;48;3.21;2023-10-03;ATIVO
7285;5716;6966.47;154.96;48;6.77;2024-11-15;QUITADO
7286;5913;6666.93;144.73;48;4.2;2022-10-07;INADIMPLENTE
7287;6594;5855.63;339.33;18;4.31;2024-09-24;INADIMPLENTE
7288;1894;11841.61;507.46;24;2.85;2024-11-06;ATIVO
7289;979;1981.29;88.9;24;7.69;2022-02-11;ATIVO
7290;261;3587.5;155.77;24;4.21;2023-02-04;ATIVO
7291;8248;18118.62;519.1;36;3.14;2021-08-06;QUITADO
7292;4461;25134.55;527.98;48;0.83;2023-12-26;QUITADO
7293;203;3530.12;626.89;6;6.55;2021-08-30;QUITADO
7294;7617;1199.05;26.77;48;7.16;2022-06-02;ATIVO
7295;1;3789.64;641.08;6;1.5;2021-02-15;ATIVO
7296;5268;1821.08;79.92;24;5.33;2023-05-12;ATIVO
7297;7502;5887.47;337.94;18;3.32;2024-03-24;QUITADO
7298;4420;39325.37;1659.04;24;1.25;2022-11-25;QUITADO
7299;7952;24397.51;512.86;48;0.9;2022-12-31;QUITADO
7300;6579;2899.11;250.7;12;3.77;2022-08-06;QUITADO
7301;4222;4177.59;245.43;18;5.75;2021-06-12;ATIVO
7302;4167;8813.75;746.67;12;1.66;2023-11-08;ATIVO
7303;2901;11887.25;675.26;18;2.25;2022-01-29;QUITADO
7304;2233;7867.3;233.24;36;6.73;2024-01-06;QUITADO
7305;2222;7523.87;215.14;36;2.94;2024-08-02;QUITADO
7306;7712;27209.47;1533.25;18;1.43;2024-02-29;QUITADO
7307;7332;1904.71;113.95;18;7.69;2021-05-23;ATIVO
7308;36;17750.47;1521.36;12;2.85;2023-12-21;ATIVO
7309;4983;42823.65;3615.74;12;1.32;2022-04-13;ATIVO
7310;6881;43800.41;1840.16;24;0.83;2022-07-15;ATIVO
7311;2857;1388.94;29.79;48;2.96;2022-05-20;QUITADO
7312;7884;19929.35;568.82;36;2.75;2023-10-11;QUITADO
7313;6095;2594.38;57.05;48;5.56;2022-08-12;ATIVO
7314;1344;15738.42;1337.11;12;1.95;2024-04-29;ATIVO
7315;1625;7555.97;323.96;24;2.9;2023-12-12;QUITADO
7316;5591;7392.0;324.72;24;5.43;2024-11-20;ATIVO
7317;9182;6365.02;136.3;48;2.79;2021-04-21;ATIVO
7318;7029;43554.57;1833.1;24;1.01;2023-07-20;QUITADO
7319;2760;5272.18;228.64;24;4.08;2022-07-16;ATIVO
7320;620;10135.71;218.19;48;3.33;2023-11-11;QUITADO
7321;4193;15697.52;2666.49;6;1.92;2024-02-27;QUITADO
7322;7088;3575.54;79.76;48;7.08;2024-09-11;ATIVO
7323;296;1413.88;40.55;36;3.24;2024-03-18;ATIVO
7324;1747;6539.93;557.97;12;2.38;2024-06-10;QUITADO
7325;6640;4842.05;426.87;12;5.79;2021-05-16;ATIVO
7326;1140;5933.79;1011.32;6;2.26;2021-09-21;QUITADO
7327;3917;9049.75;257.69;36;2.51;2022-12-16;ATIVO
7328;5556;4023.75;723.07;6;7.82;2022-01-04;QUITADO
7329;682;12250.65;2084.04;6;2.07;2022-12-03;QUITADO
7330;730;26130.76;734.93;36;1.25;2024-03-09;ATIVO
7331;6729;6252.64;180.46;36;3.9;2022-06-19;INADIMPLENTE
7332;1261;13892.39;786.93;18;1.96;2023-02-15;QUITADO
7333;4401;1377.32;120.61;12;5.08;2022-04-02;QUITADO
7334;1978;7393.44;430.42;18;4.79;2021-04-25;ATIVO
7335;6752;9880.56;1695.01;6;2.93;2023-11-19;ATIVO
7336;8740;8873.68;190.49;48;3.04;2022-03-20;ATIVO
7337;232;6003.11;173.12;36;3.82;2022-11-05;ATIVO
7338;1997;2693.45;158.99;18;6.25;2023-07-11;INADIMPLENTE
7339;2867;15884.95;905.27;18;2.58;2022-10-30;QUITADO
7340;5973;38409.2;3240.14;12;1.23;2024-11-16;QUITADO
7341;2746;1426.34;42.31;36;6.78;2021-12-01;ATIVO
7342;3691;2914.33;493.74;6;1.65;2022-01-09;QUITADO
7343;3543;5280.4;926.45;6;5.27;2024-09-13;QUITADO
7344;7840;2895.02;170.16;18;5.8;2023-10-13;INADIMPLENTE
7345;740;4289.15;385.63;12;7.89;2023-08-10;QUITADO
7346;9973;25507.83;1076.01;24;1.24;2021-04-30;QUITADO
7347;7554;711.94;124.78;6;5.16;2024-06-27;ATIVO
7348;1401;13260.98;2259.67;6;2.24;2024-07-31;QUITADO
7349;7800;3472.76;74.01;48;2.3;2022-03-22;QUITADO
7350;8098;23209.89;1301.43;18;0.93;2024-09-07;QUITADO
7351;4444;17670.76;1520.42;12;3.25;2021-09-24;ATIVO
7352;3601;9607.08;1638.81;6;2.35;2023-10-13;ATIVO
7353;313;7365.95;155.33;48;1.22;2023-10-03;QUITADO
7354;1259;10755.06;227.6;48;1.58;2024-08-05;QUITADO
7355;69;5031.99;146.19;36;4.59;2023-10-19;ATIVO
7356;3464;7247.42;154.75;48;2.49;2024-08-27;QUITADO
7357;1910;4916.88;213.8;24;4.36;2022-02-04;ATIVO
7358;2463;16305.23;463.25;36;2.28;2022-09-08;ATIVO
7359;4397;6086.41;129.62;48;2.22;2024-04-15;ATIVO
7360;3934;5266.09;150.07;36;2.59;2023-01-13;QUITADO
7361;3886;14646.09;416.6;36;2.4;2021-11-11;ATIVO
7362;9434;8595.64;734.57;12;2.55;2024-05-23;ATIVO
7363;2133;8968.78;505.94;18;1.54;2021-08-03;ATIVO
7364;2622;14746.48;836.7;18;2.13;2021-12-06;QUITADO
7365;7376;17782.71;499.6;36;1.14;2023-10-09;ATIVO
7366;2584;3208.38;192.16;18;7.81;2022-04-04;ATIVO
7367;523;2035.84;44.27;48;4.37;2023-07-03;QUITADO
7368;5682;6305.47;1114.81;6;6.08;2024-09-24;ATIVO
7369;3170;6676.43;283.55;24;1.93;2022-11-06;QUITADO
7370;3429;17717.32;508.34;36;3.29;2023-05-17;QUITADO
7371;7529;6945.28;309.27;24;6.87;2023-01-09;ATIVO
7372;1483;11412.41;1925.65;6;1.24;2021-02-11;ATIVO
7373;7238;1786.47;53.12;36;7.04;2023-05-19;QUITADO
7374;3806;12605.31;357.57;36;2.12;2023-01-01;QUITADO
7375;3368;16612.01;357.44;48;3.28;2023-08-09;QUITADO
7376;8599;5224.94;878.14;6;0.84;2024-07-27;QUITADO
7377;8201;2941.9;85.04;36;4.06;2024-08-27;ATIVO
7378;7334;13343.63;564.94;24;1.61;2022-01-31;QUITADO
7379;6107;5751.33;332.08;18;3.93;2022-03-18;ATIVO
7380;6738;6760.14;302.77;24;7.49;2024-05-09;INADIMPLENTE
7381;2856;14873.51;631.63;24;1.92;2024-07-21;QUITADO
7382;743;16733.0;1431.37;12;2.65;2024-12-22;ATIVO
7383;7838;7664.67;457.41;18;7.42;2024-10-15;ATIVO
7384;402;8311.2;714.69;12;3.19;2022-01-02;INADIMPLENTE
7385;6461;4367.12;127.71;36;5.28;2023-09-02;INADIMPLENTE
7386;3911;2688.11;57.2;48;2.13;2022-12-14;ATIVO
7387;2988;5942.8;504.3;12;1.83;2024-01-09;QUITADO
7388;5660;17325.65;2959.22;6;2.48;2023-06-30;ATIVO
7389;7524;5019.44;109.76;48;4.96;2021-07-18;INADIMPLENTE
7390;6938;13369.13;758.48;18;2.12;2024-09-01;ATIVO
7391;5645;6569.09;1163.17;6;6.24;2024-04-30;QUITADO
7392;3793;8136.56;465.19;18;2.91;2022-10-09;ATIVO
7393;5085;4810.17;108.09;48;7.86;2023-02-27;INADIMPLENTE
7394;448;16821.54;1414.69;12;0.92;2024-02-07;ATIVO
7395;6612;19351.24;411.46;48;2.06;2021-10-16;QUITADO
7396;182;9488.36;203.66;48;3.03;2021-06-02;ATIVO
7397;4483;9558.87;821.98;12;3.19;2024-09-25;ATIVO
7398;1212;4459.57;790.53;6;6.36;2024-08-18;QUITADO
7399;4258;2903.7;510.57;6;5.5;2024-01-15;ATIVO
7400;5670;8990.3;1512.02;6;0.91;2021-03-04;QUITADO
7401;6950;2703.29;77.63;36;3.38;2023-06-09;ATIVO
7402;1700;49874.79;2101.39;24;1.12;2022-12-29;QUITADO
7403;2220;2554.17;56.46;48;6.11;2023-02-04;INADIMPLENTE
7404;8521;7634.48;1340.61;6;5.36;2024-06-22;ATIVO
7405;7483;8646.05;368.61;24;2.32;2024-11-06;QUITADO
7406;1535;1181.5;201.35;6;2.25;2022-11-13;INADIMPLENTE
7407;1716;6136.03;346.38;18;1.61;2021-01-04;QUITADO
7408;3065;507.57;45.24;12;6.96;2023-03-15;ATIVO
7409;1211;7501.13;321.33;24;2.81;2024-11-23;QUITADO
7410;8465;3276.07;71.58;48;4.87;2023-03-20;ATIVO
7411;6078;9701.65;826.5;12;2.23;2021-10-13;QUITADO
7412;2848;26447.33;1487.07;18;1.21;2021-06-21;QUITADO
7413;2458;3031.72;135.09;24;6.94;2023-12-01;ATIVO
7414;7654;1399.23;29.78;48;2.15;2021-11-08;QUITADO
7415;1006;908.87;52.81;18;4.59;2023-05-23;INADIMPLENTE
7416;5333;4530.56;259.3;18;3.02;2024-12-10;QUITADO
7417;4009;675.7;29.75;24;5.68;2021-07-20;QUITADO
7418;5376;19064.68;1092.83;18;3.18;2022-03-28;QUITADO
7419;1550;18049.85;1552.29;12;3.2;2021-01-26;ATIVO
7420;3464;15744.56;893.42;18;2.14;2021-12-04;QUITADO
7421;7276;500.52;22.09;24;5.94;2024-12-23;ATIVO
7422;1224;13063.96;558.27;24;2.56;2021-11-02;ATIVO
7423;7185;7808.47;219.53;36;1.21;2024-08-22;QUITADO
7424;1771;7680.72;1309.05;6;2.26;2023-09-08;ATIVO
7425;4940;6816.71;295.39;24;4.0;2023-03-27;QUITADO
7426;7693;12474.11;1057.6;12;1.74;2023-06-07;QUITADO
7427;1131;9733.16;557.98;18;3.19;2024-03-26;QUITADO
7428;2088;1388.1;60.01;24;3.76;2024-09-07;INADIMPLENTE
7429;4437;5298.39;118.42;48;7.28;2023-08-20;ATIVO
7430;5393;24383.38;2054.5;12;1.11;2021-08-01;QUITADO
7431;2115;19596.33;838.48;24;2.69;2023-06-27;QUITADO
7432;9452;18671.63;790.12;24;1.56;2024-10-10;ATIVO
7433;1701;9762.53;275.52;36;1.6;2023-05-11;QUITADO
7434;8734;6972.48;622.99;12;7.22;2024-05-24;INADIMPLENTE
7435;6085;10714.16;1843.37;6;3.23;2023-11-17;ATIVO
7436;9502;4175.66;123.54;36;6.51;2022-09-29;ATIVO
7437;962;3892.39;115.37;36;6.7;2024-01-10;ATIVO
7438;5305;27713.52;1557.5;18;1.16;2022-03-20;ATIVO
7439;4705;5162.91;151.37;36;5.55;2023-03-14;ATIVO
7440;4195;3731.04;329.33;12;5.92;2023-07-05;QUITADO
7441;8504;18491.34;1594.42;12;3.47;2024-11-26;ATIVO
7442;6203;7045.32;1227.65;6;4.55;2024-03-13;INADIMPLENTE
7443;624;2231.25;127.59;18;2.93;2022-06-12;ATIVO
7444;1;7326.05;417.1;18;2.48;2021-02-02;INADIMPLENTE
7445;6023;49741.65;4181.61;12;0.88;2023-02-27;ATIVO
7446;3068;1635.41;35.96;48;5.54;2021-06-29;INADIMPLENTE
7447;2084;2956.47;127.87;24;3.8;2023-12-05;QUITADO
7448;4834;6263.44;179.95;36;3.43;2021-11-23;ATIVO
7449;5294;4467.71;256.42;18;3.31;2023-04-11;ATIVO
7450;7653;12573.4;2139.99;6;2.12;2024-08-05;ATIVO
7451;2295;1097.97;63.79;18;4.58;2021-04-25;INADIMPLENTE
7452;1667;35154.85;2964.73;12;1.2;2024-09-21;QUITADO
7453;4216;2124.62;379.42;6;7.15;2023-02-05;ATIVO
7454;9417;3562.35;319.36;12;7.58;2023-08-19;QUITADO
7455;1230;2630.06;226.78;12;3.47;2021-08-30;QUITADO
7456;9082;6722.59;1204.13;6;7.47;2023-01-17;ATIVO
7457;4166;5953.44;128.97;48;3.98;2022-05-10;ATIVO
7458;2475;4851.61;850.81;6;5.22;2021-02-23;ATIVO
7459;2184;3800.73;663.48;6;4.74;2022-09-15;QUITADO
7460;5843;18737.41;526.21;36;1.1;2022-06-21;ATIVO
7461;4919;7595.22;214.4;36;1.62;2021-05-13;ATIVO
7462;5239;5036.36;440.6;12;4.98;2024-06-16;ATIVO
7463;8906;3958.56;112.17;36;2.01;2024-03-02;QUITADO
7464;475;19993.5;430.15;48;3.27;2024-07-05;ATIVO
7465;8422;5166.87;116.15;48;7.9;2021-11-25;QUITADO
7466;9064;6813.85;199.59;36;5.45;2021-04-22;ATIVO
7467;4406;10510.12;444.67;24;1.54;2024-10-20;QUITADO
7468;9309;9032.18;254.91;36;1.6;2021-05-29;ATIVO
7469;9014;16819.29;965.15;18;3.29;2021-06-15;ATIVO
7470;9099;13135.04;280.1;48;2.36;2023-03-08;QUITADO
7471;5562;10061.24;426.3;24;1.69;2024-11-03;ATIVO
7472;5133;12577.11;1066.96;12;1.8;2021-01-05;QUITADO
7473;5254;6990.73;1227.34;6;5.34;2024-02-15;QUITADO
7474;4057;3067.15;91.9;36;7.86;2022-12-07;ATIVO
7475;3401;2600.98;57.43;48;5.99;2021-01-24;INADIMPLENTE
7476;2210;5356.5;233.57;24;4.65;2024-12-28;ATIVO
7477;9952;7812.27;462.57;18;6.58;2024-12-08;ATIVO
7478;2040;2636.54;464.38;6;5.68;2021-03-10;QUITADO
7479;4864;4748.62;268.98;18;1.96;2021-05-13;QUITADO
7480;6919;10878.58;466.83;24;2.99;2021-07-09;ATIVO
7481;1729;31526.54;885.46;36;1.11;2023-06-11;ATIVO
7482;3486;1642.48;95.17;18;4.3;2024-06-04;QUITADO
7483;5333;18668.16;794.25;24;2.11;2022-06-25;QUITADO
7484;759;9524.32;535.74;18;1.25;2024-04-22;ATIVO
7485;7129;7578.49;217.73;36;3.43;2022-03-10;ATIVO
7486;6053;7895.04;223.39;36;1.86;2024-03-18;QUITADO
7487;9782;575.17;24.84;24;3.67;2022-04-21;INADIMPLENTE
7488;6701;7491.98;652.18;12;4.46;2021-10-24;ATIVO
7489;3541;15286.38;326.08;48;2.39;2023-08-28;QUITADO
7490;9054;2955.3;170.34;18;3.75;2024-10-22;INADIMPLENTE
7491;9211;4296.16;373.19;12;4.24;2024-06-17;ATIVO
7492;1999;3203.08;189.44;18;6.46;2022-06-25;INADIMPLENTE
7493;2249;2586.93;75.01;36;4.39;2022-01-08;ATIVO
7494;1978;4419.41;765.37;6;3.91;2021-08-29;ATIVO
7495;7436;13311.12;752.37;18;1.74;2023-09-05;ATIVO
7496;7705;6252.82;1066.21;6;2.31;2024-10-08;QUITADO
7497;2410;17531.81;3022.19;6;3.43;2022-03-08;QUITADO
7498;1520;6221.07;367.39;18;6.3;2023-01-25;ATIVO
7499;4994;2363.14;210.97;12;7.13;2023-08-22;ATIVO
7500;2466;27690.81;2331.8;12;1.05;2024-06-02;QUITADO
7501;9858;3230.72;183.95;18;2.49;2021-12-08;ATIVO
7502;5883;3843.42;82.58;48;3.13;2022-03-28;ATIVO
7503;749;15562.74;327.14;48;0.9;2021-10-24;QUITADO
7504;1788;2033.87;117.43;18;3.93;2023-09-16;ATIVO
7505;9592;44863.16;2526.05;18;1.35;2023-06-15;ATIVO
7506;7060;548.66;47.66;12;4.25;2022-04-02;QUITADO
7507;8285;1234.0;26.29;48;2.25;2022-06-15;QUITADO
7508;9748;2942.72;175.52;18;7.36;2023-12-08;QUITADO
7509;5755;45196.38;1265.88;36;0.83;2021-12-16;QUITADO
7510;9154;2694.54;119.3;24;6.26;2024-10-22;QUITADO
7511;5398;10868.44;929.07;12;2.58;2023-01-19;ATIVO
7512;8492;4411.75;98.17;48;6.81;2022-01-04;ATIVO
7513;2221;7004.68;154.82;48;6.09;2023-07-15;INADIMPLENTE
7514;4163;9127.69;772.43;12;1.55;2024-07-14;ATIVO
7515;7230;17509.74;749.85;24;2.78;2022-03-22;QUITADO
7516;8152;4426.82;258.75;18;5.21;2022-12-23;ATIVO
7517;2826;6698.15;591.22;12;5.92;2023-05-07;ATIVO
7518;8112;4854.35;102.94;48;1.79;2024-09-22;INADIMPLENTE
7519;381;3565.76;154.32;24;3.87;2023-02-04;QUITADO
7520;3226;976.37;58.21;18;7.32;2022-02-10;QUITADO
7521;6521;5269.33;235.65;24;7.33;2021-02-20;INADIMPLENTE
7522;8354;5085.52;292.36;18;3.48;2021-07-15;ATIVO
7523;7449;17613.82;757.1;24;3.16;2023-09-04;QUITADO
7524;7953;6178.4;138.58;48;7.66;2024-01-21;QUITADO
7525;4474;5567.34;490.81;12;5.79;2023-09-26;INADIMPLENTE
7526;3275;19757.68;558.04;36;1.68;2024-04-18;ATIVO
7527;2723;1150.13;196.61;6;2.57;2024-11-14;ATIVO
7528;2122;2995.78;89.77;36;7.87;2022-01-13;ATIVO
7529;4647;4874.93;107.58;48;5.93;2021-06-04;INADIMPLENTE
7530;3741;5783.41;129.03;48;7.09;2022-04-02;QUITADO
7531;2233;7016.62;315.54;24;7.93;2022-11-08;INADIMPLENTE
7532;7282;38648.92;3256.82;12;1.12;2024-08-14;QUITADO
7533;9785;15433.66;878.6;18;2.47;2022-08-14;QUITADO
7534;1485;1688.99;98.52;18;4.99;2023-02-25;ATIVO
7535;1529;1767.74;307.0;6;4.2;2024-01-15;ATIVO
7536;6094;13479.25;774.53;18;3.43;2023-04-16;ATIVO
7537;3797;5574.55;498.18;12;7.24;2024-04-19;ATIVO
7538;2189;6003.48;1061.12;6;6.05;2022-03-06;ATIVO
7539;437;3856.76;113.38;36;5.83;2024-10-20;QUITADO
7540;8903;3320.62;74.35;48;7.47;2023-06-05;QUITADO
7541;9001;16151.47;1381.49;12;2.64;2024-05-24;ATIVO
7542;4734;20294.11;3423.62;6;1.22;2023-02-27;QUITADO
7543;4209;11056.33;315.78;36;2.82;2021-11-08;ATIVO
7544;575;8177.15;689.81;12;1.23;2024-04-07;ATIVO
7545;609;5979.76;1054.63;6;5.82;2022-09-19;ATIVO
7546;9916;10210.13;583.62;18;2.89;2024-12-06;ATIVO
7547;8636;6490.75;1143.78;6;5.73;2022-05-18;ATIVO
7548;9173;1929.88;339.02;6;5.4;2023-01-08;ATIVO
7549;5949;2997.91;65.7;48;5.19;2023-05-01;QUITADO
7550;1460;7003.59;1206.13;6;3.33;2024-11-07;QUITADO
7551;632;12656.52;2165.53;6;2.66;2021-10-15;ATIVO
7552;3845;1760.83;51.09;36;4.46;2024-01-24;QUITADO
7553;4619;13827.13;2367.44;6;2.73;2024-10-19;QUITADO
7554;9413;11420.13;328.11;36;3.43;2023-11-29;QUITADO
7555;5837;6218.95;186.07;36;7.71;2021-05-21;INADIMPLENTE
7556;6410;7219.02;312.55;24;3.91;2021-07-23;ATIVO
7557;8565;15146.49;1288.21;12;2.06;2024-12-12;ATIVO
7558;7790;5645.25;240.63;24;2.3;2023-11-14;ATIVO
7559;4746;13352.92;376.7;36;1.56;2024-09-18;ATIVO
7560;3374;2458.03;144.45;18;5.78;2022-03-05;INADIMPLENTE
7561;6639;4159.81;742.6;6;7.11;2022-02-11;ATIVO
7562;9870;6941.62;150.81;48;4.28;2024-12-26;QUITADO
7563;7969;4218.37;185.82;24;5.72;2022-03-12;ATIVO
7564;7804;15845.43;1363.1;12;3.23;2021-05-29;ATIVO
7565;5097;2442.54;69.84;36;2.93;2021-04-23;ATIVO
7566;1249;2247.01;133.7;18;7.1;2024-12-01;QUITADO
7567;3162;6283.54;273.81;24;4.58;2024-03-13;ATIVO
7568;6184;2970.88;133.52;24;7.86;2023-11-16;INADIMPLENTE
7569;7330;5967.02;1023.64;6;2.93;2024-02-12;ATIVO
7570;2703;6194.32;1074.2;6;4.05;2021-05-15;QUITADO
7571;640;17116.34;735.43;24;3.12;2022-07-26;ATIVO
7572;1204;4987.9;109.71;48;5.58;2024-11-19;QUITADO
7573;1364;2991.14;257.44;12;3.28;2023-03-03;ATIVO
7574;6512;5688.15;332.16;18;5.11;2023-03-05;ATIVO
7575;2768;2087.98;44.16;48;1.51;2022-03-12;INADIMPLENTE
7576;9257;2371.16;66.99;36;1.71;2021-08-21;ATIVO
7577;8209;6133.97;359.55;18;5.51;2021-12-30;ATIVO
7578;1810;44089.82;1860.77;24;1.29;2022-10-07;QUITADO
7579;9035;11476.72;1961.56;6;2.55;2023-12-28;QUITADO
7580;9188;16426.29;2796.03;6;2.13;2023-04-29;ATIVO
7581;1141;6927.77;1206.36;6;4.48;2023-02-20;INADIMPLENTE
7582;5334;17444.36;1485.53;12;2.19;2023-03-23;ATIVO
7583;2585;7161.45;1240.12;6;3.9;2021-01-20;ATIVO
7584;3455;2189.35;387.11;6;6.09;2021-02-08;QUITADO
7585;6470;6691.95;300.8;24;7.88;2024-05-17;ATIVO
7586;1518;4436.57;253.43;18;2.82;2021-05-12;QUITADO
7587;6685;7005.81;610.15;12;4.51;2021-11-16;ATIVO
7588;8391;13394.51;2274.61;6;1.89;2022-03-17;QUITADO
7589;3943;19144.81;1640.55;12;2.83;2021-03-03;ATIVO
7590;3589;34370.32;968.1;36;1.4;2021-07-06;ATIVO
7591;2836;19028.12;3215.12;6;1.38;2022-07-22;ATIVO
7592;3677;3406.37;74.69;48;5.25;2022-04-29;ATIVO
7593;6091;1681.24;72.24;24;3.13;2023-10-12;ATIVO
7594;2202;4181.96;725.85;6;4.14;2024-07-19;QUITADO
7595;171;3233.46;71.97;48;6.84;2024-12-31;INADIMPLENTE
7596;614;11476.73;490.82;24;2.64;2022-02-24;ATIVO
7597;4679;17860.97;1020.85;18;2.88;2022-04-14;ATIVO
7598;5179;4929.38;837.83;6;1.98;2021-08-18;ATIVO
7599;2668;5826.93;261.73;24;7.8;2021-09-28;QUITADO
7600;816;2296.46;130.32;18;2.15;2024-03-26;ATIVO
7601;3785;47226.26;1987.24;24;0.99;2022-05-16;ATIVO
7602;1857;17992.93;380.74;48;1.57;2021-06-02;QUITADO
7603;1050;7607.07;1358.5;6;7.15;2022-02-28;ATIVO
7604;436;1441.82;41.85;36;4.5;2023-03-22;QUITADO
7605;4387;913.33;26.76;36;5.49;2021-11-03;ATIVO
7606;7375;1002.29;56.85;18;2.09;2021-07-11;ATIVO
7607;5815;14069.13;395.69;36;1.25;2024-07-17;QUITADO
7608;2917;3611.55;320.71;12;6.56;2022-04-30;INADIMPLENTE
7609;6165;2167.22;95.76;24;6.04;2022-04-07;QUITADO
7610;8036;4381.09;259.14;18;6.47;2023-09-12;ATIVO
7611;9208;2159.64;377.04;6;4.75;2024-04-19;QUITADO
7612;7910;10583.04;225.2;48;2.14;2021-01-24;QUITADO
7613;8649;29867.93;5018.81;6;0.82;2023-03-14;ATIVO
7614;5774;8166.68;461.78;18;1.78;2021-03-31;ATIVO
7615;1931;2825.6;81.57;36;3.92;2022-05-09;QUITADO
7616;8741;6091.81;347.91;18;2.8;2021-01-12;QUITADO
7617;6441;15849.92;1366.13;12;3.43;2024-03-28;ATIVO
7618;8541;33490.63;1878.82;18;0.98;2023-01-09;QUITADO
7619;1111;5566.39;122.69;48;5.8;2022-08-18;QUITADO
7620;7262;15114.9;322.07;48;2.28;2021-11-27;ATIVO
7621;1788;4265.03;92.2;48;3.76;2024-05-09;ATIVO
7622;8598;2102.07;362.96;6;3.6;2021-07-14;INADIMPLENTE
7623;4303;7613.09;216.23;36;2.25;2023-12-06;ATIVO
7624;3295;5029.99;222.07;24;5.96;2021-02-02;ATIVO
7625;2799;3129.73;134.57;24;3.19;2022-12-16;QUITADO
7626;7487;48606.61;8167.53;6;0.82;2024-03-30;ATIVO
7627;6062;8407.78;362.06;24;3.35;2023-08-28;ATIVO
7628;3988;16245.86;927.55;18;2.77;2023-04-02;QUITADO
7629;3720;3435.89;297.55;12;3.92;2024-09-17;ATIVO
7630;8902;5280.3;152.76;36;4.15;2024-07-08;QUITADO
7631;1141;7937.03;178.19;48;7.76;2024-05-22;ATIVO
7632;6260;7569.76;216.26;36;2.85;2024-07-27;ATIVO
7633;9943;6189.78;273.41;24;6.01;2021-12-04;QUITADO
7634;5685;7161.97;412.01;18;3.55;2024-02-13;ATIVO
7635;7798;2526.32;435.62;6;3.46;2022-04-11;QUITADO
7636;3568;5552.2;486.88;12;5.23;2022-08-06;ATIVO
7637;2874;6140.6;1081.77;6;5.7;2022-06-02;INADIMPLENTE
7638;901;11419.53;240.29;48;1.0;2023-08-19;QUITADO
7639;3057;18230.7;772.75;24;1.73;2022-08-29;ATIVO
7640;4667;983.2;57.36;18;5.02;2023-01-15;ATIVO
7641;7378;7747.48;220.93;36;2.66;2021-04-15;QUITADO
7642;8246;33265.82;5590.32;6;0.83;2023-05-24;ATIVO
7643;3260;3125.69;139.02;24;6.74;2022-02-05;QUITADO
7644;4956;9069.78;521.26;18;3.45;2021-10-04;QUITADO
7645;5489;14070.62;403.05;36;3.12;2022-06-05;ATIVO
7646;1762;5218.91;908.18;6;4.41;2024-06-03;QUITADO
7647;8314;4405.31;380.36;12;3.61;2022-06-19;ATIVO
7648;8759;13254.57;2256.59;6;2.15;2022-06-25;QUITADO
7649;268;5487.61;243.95;24;6.69;2021-03-26;ATIVO
7650;7425;13914.97;2340.27;6;0.91;2023-06-20;QUITADO
7651;528;4189.88;183.01;24;4.83;2021-01-27;ATIVO
7652;3956;7897.1;446.76;18;1.83;2022-10-24;ATIVO
7653;3286;4840.92;104.2;48;3.32;2021-06-14;ATIVO
7654;6239;6072.52;264.03;24;4.35;2023-05-13;QUITADO
7655;4145;1900.32;330.47;6;4.34;2024-03-25;ATIVO
7656;3006;18596.0;791.8;24;2.19;2023-01-28;QUITADO
7657;7413;6421.11;270.19;24;0.99;2022-05-22;QUITADO
7658;641;9533.49;1643.73;6;3.45;2022-12-20;ATIVO
7659;9423;6095.08;523.36;12;3.04;2024-02-08;ATIVO
7660;9658;4570.64;387.48;12;1.73;2022-03-09;QUITADO
7661;9945;5082.35;226.38;24;6.9;2024-06-20;QUITADO
7662;2525;9649.53;271.37;36;1.24;2021-12-02;ATIVO
7663;7356;3674.64;82.0;48;7.11;2022-12-26;ATIVO
7664;2074;3072.68;524.25;6;2.37;2023-02-23;QUITADO
7665;829;6277.75;266.99;24;2.07;2023-09-10;ATIVO
7666;9008;3976.52;232.38;18;5.19;2023-02-23;INADIMPLENTE
7667;9620;45453.25;1274.21;36;0.92;2022-06-20;ATIVO
7668;3752;2101.41;45.24;48;3.34;2021-06-09;QUITADO
7669;2118;7990.53;472.42;18;6.42;2022-05-23;ATIVO
7670;4475;16735.31;479.23;36;3.09;2024-04-03;QUITADO
7671;926;3171.37;560.49;6;6.04;2024-04-03;INADIMPLENTE
7672;6183;4242.0;181.45;24;2.66;2021-09-03;QUITADO
7673;5691;10898.37;230.5;48;1.52;2022-11-17;QUITADO
7674;4764;1303.01;116.12;12;6.94;2023-12-19;ATIVO
7675;6901;3909.44;83.77;48;2.85;2022-11-15;ATIVO
7676;2541;2345.86;50.89;48;4.13;2024-01-15;ATIVO
7677;7197;3030.11;90.0;36;6.93;2021-08-30;ATIVO
7678;1903;7733.92;227.55;36;5.92;2023-12-20;ATIVO
7679;6327;20700.02;579.72;36;0.82;2022-02-25;ATIVO
7680;8754;15656.04;2690.75;6;3.12;2022-11-25;QUITADO
7681;6719;7780.69;338.4;24;4.38;2022-03-26;ATIVO
7682;4464;6004.64;179.31;36;7.5;2022-04-06;ATIVO
7683;8940;2202.48;65.55;36;7.15;2022-08-16;INADIMPLENTE
7684;7204;15014.82;317.63;48;1.54;2023-08-31;ATIVO
7685;2546;3513.86;309.19;12;5.59;2024-11-26;ATIVO
7686;938;7932.52;167.38;48;1.28;2021-09-09;ATIVO
7687;4604;7239.25;310.59;24;2.97;2021-07-27;ATIVO
7688;14;762.53;44.95;18;6.1;2023-09-21;ATIVO
7689;6033;18314.67;1038.75;18;2.09;2022-12-15;QUITADO
7690;9712;6269.58;270.04;24;3.37;2024-04-25;ATIVO
7691;9406;19893.04;1142.63;18;3.39;2022-05-22;ATIVO
7692;9549;40931.66;1725.27;24;1.16;2022-03-01;QUITADO
7693;4503;6798.58;1162.56;6;2.6;2024-11-17;QUITADO
7694;4522;7031.13;403.7;18;3.35;2023-04-27;ATIVO
7695;5406;5062.13;148.67;36;5.73;2023-08-04;ATIVO
7696;2942;11700.73;1001.88;12;2.75;2023-04-18;QUITADO
7697;6063;14603.94;1240.73;12;1.95;2021-12-09;ATIVO
7698;7871;7608.28;341.83;24;7.83;2021-03-29;ATIVO
7699;4265;17372.73;491.65;36;1.88;2021-06-11;ATIVO
7700;3034;7912.2;466.25;18;6.07;2023-04-18;QUITADO
7701;9148;7101.75;1210.97;6;2.31;2022-06-28;QUITADO
7702;4970;2251.8;194.74;12;3.78;2021-02-13;ATIVO
7703;5642;3478.82;77.93;48;7.52;2022-04-18;ATIVO
7704;1742;4829.75;139.77;36;4.18;2023-06-29;INADIMPLENTE
7705;568;5713.77;1002.1;6;5.23;2024-08-05;ATIVO
7706;1338;3735.91;220.73;18;6.35;2024-07-08;ATIVO
7707;3738;2962.21;501.95;6;1.67;2021-11-24;ATIVO
7708;1141;1895.64;168.33;12;6.56;2023-05-27;INADIMPLENTE
7709;6061;9387.3;201.44;48;3.0;2024-09-16;QUITADO
7710;8175;5738.29;974.84;6;1.93;2021-05-18;QUITADO
7711;2156;2429.66;137.6;18;1.94;2022-01-30;ATIVO
7712;6716;1913.32;41.77;48;4.79;2023-09-14;ATIVO
7713;3416;16291.06;349.34;48;2.93;2024-02-25;ATIVO
7714;1736;3362.37;570.43;6;1.79;2022-08-11;QUITADO
7715;7714;18578.83;1585.7;12;2.42;2021-02-21;QUITADO
7716;4012;2415.04;70.77;36;5.5;2023-09-14;ATIVO
7717;8977;6125.84;137.18;48;7.49;2022-12-06;QUITADO
7718;9465;2604.28;151.77;18;4.9;2022-12-16;QUITADO
7719;6230;3631.69;216.03;18;7.07;2023-07-15;QUITADO
7720;1465;49541.92;8375.06;6;1.43;2024-08-28;ATIVO
7721;5707;8532.12;241.03;36;1.7;2022-11-01;ATIVO
7722;7635;8685.97;743.23;12;2.68;2023-08-28;QUITADO
7723;1569;1357.84;38.76;36;2.77;2024-08-18;QUITADO
7724;1144;12483.95;1066.86;12;2.55;2024-01-29;QUITADO
7725;260;3366.93;95.29;36;1.89;2024-09-29;QUITADO
7726;6086;27819.61;4685.75;6;1.06;2023-04-09;QUITADO
7727;7913;24510.61;688.07;36;1.06;2023-12-21;ATIVO
7728;629;45051.68;2539.91;18;1.48;2021-05-21;QUITADO
7729;8072;5156.16;113.64;48;5.79;2021-09-23;INADIMPLENTE
7730;1891;19012.07;404.24;48;2.06;2022-01-14;ATIVO
7731;5867;15853.22;677.79;24;2.61;2021-05-15;QUITADO
7732;4761;5983.75;255.38;24;2.43;2021-03-11;ATIVO
7733;5639;41518.67;1755.03;24;1.45;2022-03-22;INADIMPLENTE
7734;7222;24526.87;2071.09;12;1.33;2021-06-10;ATIVO
7735;6012;4707.79;800.48;6;2.02;2023-11-24;QUITADO
7736;9829;3885.67;336.37;12;3.88;2021-11-07;QUITADO
7737;8833;2010.67;44.47;48;6.15;2021-01-15;ATIVO
7738;9804;550.66;48.12;12;4.87;2021-01-07;ATIVO
7739;4550;13201.58;283.42;48;3.05;2022-04-16;QUITADO
7740;8826;1339.59;233.87;6;4.75;2023-04-03;QUITADO
7741;3987;3593.14;104.59;36;4.79;2022-01-14;ATIVO
7742;5974;4754.18;101.97;48;2.95;2023-04-14;ATIVO
7743;2980;1218.2;107.61;12;6.0;2023-08-31;ATIVO
7744;6259;17872.98;1531.12;12;2.8;2024-07-25;QUITADO
7745;2190;14216.21;404.65;36;2.47;2021-07-31;ATIVO
7746;6002;3228.34;285.2;12;6.01;2024-09-11;QUITADO
7747;6702;7935.83;226.3;36;2.66;2024-01-01;ATIVO
7748;9896;18717.95;3182.05;6;2.0;2022-02-14;QUITADO
7749;992;975.95;171.26;6;5.29;2024-08-27;ATIVO
7750;1037;10569.5;1796.46;6;1.98;2023-08-28;ATIVO
7751;8567;9646.46;1656.3;6;3.02;2021-11-13;QUITADO
7752;2113;2823.28;497.84;6;5.8;2023-08-25;ATIVO
7753;1944;7350.15;159.59;48;4.22;2022-05-29;ATIVO
7754;7355;2348.15;133.79;18;2.56;2024-11-24;QUITADO
7755;2190;12165.54;514.81;24;1.56;2023-09-12;QUITADO
7756;6;1802.26;53.03;36;5.92;2024-10-02;QUITADO
7757;9292;5071.87;442.1;12;4.6;2024-05-17;ATIVO
7758;956;19802.09;417.7;48;1.25;2024-03-07;QUITADO
7759;9725;39057.48;6572.07;6;0.96;2024-02-14;QUITADO
7760;4107;7741.56;693.64;12;7.52;2023-07-07;ATIVO
7761;7597;10820.96;617.94;18;2.79;2023-05-22;QUITADO
7762;6786;2374.46;139.92;18;6.07;2022-05-17;ATIVO
7763;354;3663.08;109.1;36;7.22;2021-11-01;INADIMPLENTE
7764;8915;19363.4;1645.73;12;1.99;2021-03-29;QUITADO
7765;9568;5242.54;153.59;36;5.47;2023-04-29;INADIMPLENTE
7766;2695;5593.39;323.02;18;3.95;2023-06-04;QUITADO
7767;6764;5540.21;494.46;12;7.1;2022-04-19;ATIVO
7768;9494;16534.37;712.98;24;3.49;2023-10-18;QUITADO
7769;1819;983.88;28.97;36;5.99;2022-07-27;QUITADO
7770;5354;1710.73;291.59;6;2.27;2022-07-22;ATIVO
7771;3466;1080.95;96.09;12;6.67;2024-02-24;ATIVO
7772;2414;1016.63;58.33;18;3.27;2023-06-16;ATIVO
7773;6973;7883.95;683.08;12;3.97;2021-03-18;ATIVO
7774;7595;4829.38;208.21;24;3.47;2021-09-20;QUITADO
7775;5473;9482.27;268.85;36;2.07;2022-11-07;ATIVO
7776;2091;5067.27;216.01;24;2.31;2024-01-21;ATIVO
7777;6702;11567.02;247.7;48;2.79;2021-05-24;QUITADO
7778;36;5205.94;444.5;12;2.46;2023-07-15;QUITADO
7779;8022;3554.21;78.17;48;5.57;2023-05-02;ATIVO
7780;9328;1911.76;42.97;48;7.88;2024-11-07;ATIVO
7781;8427;2259.08;192.32;12;2.16;2023-04-15;ATIVO
7782;3161;43691.56;7368.58;6;1.19;2023-05-24;QUITADO
7783;8087;4058.88;711.12;6;5.12;2024-11-30;ATIVO
7784;9262;4615.85;101.32;48;5.36;2022-03-26;INADIMPLENTE
7785;6465;3614.06;81.17;48;7.81;2022-05-15;ATIVO
7786;6194;4067.21;240.73;18;6.54;2023-05-03;QUITADO
7787;3770;7296.45;216.89;36;7.01;2022-07-12;ATIVO
7788;7975;3069.9;134.42;24;5.09;2023-09-14;QUITADO
7789;4980;17894.72;1023.28;18;2.93;2024-02-27;QUITADO
7790;4061;32422.29;1817.45;18;0.9;2023-11-01;QUITADO
7791;3170;2400.5;51.0;48;1.97;2023-11-17;QUITADO
7792;9740;1938.89;115.9;18;7.6;2022-10-02;ATIVO
7793;6407;11745.85;1004.07;12;2.58;2022-01-25;QUITADO
7794;2567;17847.08;766.09;24;3.02;2021-03-18;INADIMPLENTE
7795;1148;2515.05;146.39;18;4.77;2021-01-09;ATIVO
7796;6067;6744.53;293.16;24;4.32;2023-10-14;ATIVO
7797;966;1665.54;73.83;24;6.38;2023-11-25;ATIVO
7798;2076;7324.46;207.22;36;1.85;2024-02-12;QUITADO
7799;1468;2360.86;100.92;24;2.59;2021-08-11;ATIVO
7800;7270;7719.01;343.34;24;6.75;2023-04-22;INADIMPLENTE
7801;2845;1713.86;99.44;18;4.44;2021-01-06;ATIVO
7802;6043;6442.19;140.25;48;4.5;2021-03-05;ATIVO
7803;4467;10326.09;1757.33;6;2.11;2024-07-04;ATIVO
7804;9456;12607.97;356.56;36;1.81;2021-01-20;ATIVO
7805;6241;3314.92;194.86;18;5.81;2021-09-04;QUITADO
7806;2858;8850.87;1497.71;6;1.53;2024-06-12;QUITADO
7807;8112;9787.84;1682.69;6;3.15;2023-10-13;ATIVO
7808;9484;15179.55;1305.44;12;3.2;2024-07-03;ATIVO
7809;4404;5588.13;498.55;12;7.06;2021-09-19;ATIVO
7810;5311;742.09;16.43;48;6.3;2023-08-23;ATIVO
7811;1307;4910.4;438.13;12;7.07;2023-01-06;INADIMPLENTE
7812;8496;7968.16;336.75;24;1.43;2023-02-04;ATIVO
7813;4750;7932.87;338.47;24;2.4;2022-09-10;QUITADO
7814;4151;14548.47;1226.44;12;1.16;2024-02-12;QUITADO
7815;6942;1204.35;25.5;48;1.64;2023-10-12;QUITADO
7816;2960;15335.05;876.14;18;2.84;2023-03-19;QUITADO
7817;6975;45012.64;2521.71;18;0.84;2023-09-08;ATIVO
7818;5291;5878.06;341.09;18;4.45;2021-08-26;ATIVO
7819;9557;8689.81;1471.47;6;1.6;2023-06-03;QUITADO
7820;9977;6710.36;301.07;24;7.68;2024-10-12;ATIVO
7821;1424;5449.94;487.68;12;7.38;2021-06-12;ATIVO
7822;9634;3544.06;77.88;48;5.48;2021-12-03;ATIVO
7823;6628;5702.14;249.04;24;4.82;2024-05-15;ATIVO
7824;5385;12207.55;347.34;36;2.43;2021-06-23;ATIVO
7825;7211;5372.72;114.27;48;2.09;2023-03-04;INADIMPLENTE
7826;4974;7813.36;466.2;18;7.4;2023-07-28;ATIVO
7827;697;40643.9;2281.25;18;1.03;2023-03-17;QUITADO
7828;6813;3383.79;301.81;12;7.03;2022-07-04;INADIMPLENTE
7829;379;4432.51;761.28;6;3.05;2023-02-03;QUITADO
7830;3746;7033.05;203.9;36;4.37;2021-11-19;QUITADO
7831;4644;6895.62;148.16;48;3.13;2024-04-20;QUITADO
7832;1697;12179.33;524.78;24;3.41;2021-04-13;QUITADO
7833;698;6360.46;140.41;48;5.96;2024-11-04;ATIVO
7834;239;9858.8;557.19;18;1.73;2023-11-26;ATIVO
7835;2800;6480.51;369.43;18;2.61;2024-08-02;QUITADO
7836;4915;8961.69;758.31;12;1.54;2022-09-19;QUITADO
7837;225;2450.76;432.44;6;5.87;2021-10-10;QUITADO
7838;2887;8416.5;241.04;36;3.1;2022-05-09;QUITADO
7839;7895;5093.49;455.87;12;7.4;2021-11-20;QUITADO
7840;8592;17983.08;1540.7;12;2.81;2021-02-15;QUITADO
7841;9782;5658.85;333.87;18;6.2;2022-03-18;ATIVO
7842;9411;1026.16;92.14;12;7.75;2021-06-23;QUITADO
7843;6179;2560.08;57.1;48;7.06;2022-10-25;INADIMPLENTE
7844;2884;9351.0;265.36;36;2.16;2024-05-06;QUITADO
7845;4379;806.9;69.69;12;3.64;2022-12-03;ATIVO
7846;295;15851.2;450.44;36;2.3;2023-09-21;ATIVO
7847;840;5741.29;243.43;24;1.76;2024-08-05;QUITADO
7848;2906;23859.39;1003.59;24;0.95;2023-12-16;ATIVO
7849;5461;24892.72;4210.19;6;1.48;2024-08-18;ATIVO
7850;3939;1318.69;234.2;6;6.56;2022-08-07;INADIMPLENTE
7851;3582;8579.78;363.57;24;1.7;2023-09-17;ATIVO
7852;5134;7975.77;238.81;36;7.79;2023-01-10;ATIVO
7853;7713;13472.13;289.4;48;3.11;2022-02-18;QUITADO
7854;5269;37378.1;3155.96;12;1.32;2022-07-10;QUITADO
7855;2601;3372.73;301.92;12;7.42;2023-08-17;QUITADO
7856;9664;9011.85;508.97;18;1.66;2022-11-04;ATIVO
7857;1205;12069.8;2073.19;6;3.06;2021-09-28;INADIMPLENTE
7858;9381;12491.04;704.77;18;1.56;2022-06-25;ATIVO
7859;12;18529.05;529.31;36;2.84;2024-12-14;QUITADO
7860;9678;14067.24;803.0;18;2.75;2022-02-21;QUITADO
7861;3891;6025.74;532.37;12;6.02;2023-02-12;ATIVO
7862;109;3851.54;114.78;36;7.28;2022-07-26;ATIVO
7863;758;5475.39;235.92;24;3.41;2023-03-04;QUITADO
7864;6325;6248.99;183.46;36;5.69;2023-05-24;INADIMPLENTE
7865;3400;5032.51;149.98;36;7.29;2023-03-12;ATIVO
7866;3732;561.17;24.83;24;6.21;2023-11-28;ATIVO
7867;224;11732.06;2001.29;6;2.35;2022-09-01;ATIVO
7868;4113;14161.33;800.43;18;1.74;2024-04-11;ATIVO
7869;2204;14771.84;416.81;36;1.58;2022-08-08;ATIVO
7870;9682;14052.98;801.96;18;2.72;2022-06-18;ATIVO
7871;3357;13381.6;2255.47;6;1.13;2023-07-17;QUITADO
7872;4177;6702.98;379.02;18;1.78;2021-11-05;QUITADO
7873;7217;23538.42;3967.79;6;1.14;2024-05-17;QUITADO
7874;5530;3950.5;86.42;48;5.0;2021-12-01;ATIVO
7875;9424;6268.05;1071.84;6;2.6;2023-07-24;ATIVO
7876;7190;2716.98;77.09;36;2.14;2022-05-19;QUITADO
7877;4836;18699.99;800.36;24;2.72;2021-01-15;ATIVO
7878;5378;4596.04;133.51;36;4.58;2021-03-05;ATIVO
7879;5148;8864.2;251.05;36;1.96;2024-06-01;ATIVO
7880;6936;5569.73;989.56;6;6.6;2024-02-21;INADIMPLENTE
7881;4594;3290.59;145.92;24;6.43;2023-09-11;INADIMPLENTE
7882;4598;7179.85;315.82;24;5.57;2023-01-04;QUITADO
7883;5161;4636.4;98.1;48;1.56;2024-10-08;ATIVO
7884;4325;16922.74;483.0;36;2.75;2024-07-09;QUITADO
7885;5257;7123.87;302.32;24;1.85;2024-06-07;INADIMPLENTE
7886;5133;19996.52;861.18;24;3.36;2024-11-17;ATIVO
7887;1150;15690.76;673.66;24;3.04;2022-05-17;ATIVO
7888;9214;19666.05;833.18;24;1.68;2021-05-18;INADIMPLENTE
7889;8923;1859.72;82.01;24;5.83;2023-06-20;ATIVO
7890;730;43288.11;1827.3;24;1.31;2021-05-24;INADIMPLENTE
7891;7205;2243.24;196.88;12;5.32;2024-02-25;INADIMPLENTE
7892;718;6433.4;1128.74;6;5.27;2022-05-11;QUITADO
7893;1642;1984.12;42.8;48;3.55;2023-04-20;QUITADO
7894;8160;5636.3;162.95;36;4.08;2023-11-23;QUITADO
7895;9809;1517.29;86.27;18;2.34;2023-04-05;QUITADO
7896;6396;16374.05;930.5;18;2.29;2024-03-07;ATIVO
7897;5837;727.36;42.71;18;5.69;2022-04-06;QUITADO
7898;2399;6111.46;520.95;12;2.29;2022-06-10;QUITADO
7899;2905;34242.77;1930.53;18;1.48;2021-07-31;ATIVO
7900;3549;34374.01;1445.0;24;0.89;2021-12-15;QUITADO
7901;7991;4556.56;787.68;6;3.72;2021-06-06;ATIVO
7902;5805;6980.28;206.79;36;6.65;2022-05-27;ATIVO
7903;5358;7384.16;661.74;12;7.54;2023-12-27;ATIVO
7904;3914;1447.78;30.62;48;1.52;2024-04-21;ATIVO
7905;9204;5845.07;491.52;12;0.91;2023-03-01;ATIVO
7906;9649;6487.87;368.15;18;2.14;2023-03-29;ATIVO
7907;4579;12760.84;363.51;36;2.55;2021-03-22;QUITADO
7908;1959;2512.99;212.72;12;1.58;2022-03-24;QUITADO
7909;5431;15927.05;901.47;18;1.88;2021-09-30;QUITADO
7910;3075;609.36;36.27;18;7.13;2021-09-09;INADIMPLENTE
7911;6217;5279.48;315.83;18;7.68;2023-11-19;ATIVO
7912;160;14208.63;1218.15;12;2.88;2023-08-05;QUITADO
7913;4265;8927.61;1522.9;6;2.35;2024-08-27;QUITADO
7914;689;4102.81;91.59;48;7.15;2024-03-14;QUITADO
7915;8212;1980.11;176.3;12;6.84;2022-04-09;QUITADO
7916;1421;7245.79;205.26;36;1.98;2022-09-29;QUITADO
7917;2664;649.42;19.41;36;7.57;2022-07-03;QUITADO
7918;4650;7089.16;301.32;24;2.01;2023-02-14;ATIVO
7919;7331;17507.34;370.83;48;1.67;2024-10-01;QUITADO
7920;3421;7131.75;160.09;48;7.75;2023-01-16;ATIVO
7921;7585;8873.94;1502.8;6;1.61;2021-01-29;ATIVO
7922;5596;11158.06;1895.57;6;1.93;2024-07-27;QUITADO
7923;1958;7086.25;314.25;24;6.43;2022-05-19;ATIVO
7924;5612;13130.37;750.18;18;2.84;2021-10-15;ATIVO
7925;3547;5259.03;228.88;24;4.45;2023-01-27;QUITADO
7926;4208;7231.18;428.49;18;6.66;2023-05-30;INADIMPLENTE
7927;9518;3422.01;73.43;48;3.0;2021-05-07;ATIVO
7928;2303;6194.82;359.61;18;4.49;2023-04-23;QUITADO
7929;2599;4296.95;244.47;18;2.41;2022-09-12;QUITADO
7930;770;1070.95;31.69;36;6.54;2023-11-17;ATIVO
7931;9963;14401.86;411.01;36;2.74;2024-05-17;QUITADO
7932;5120;2750.57;238.43;12;4.02;2022-11-15;INADIMPLENTE
7933;9334;3047.38;68.52;48;7.92;2022-06-21;QUITADO
7934;739;7514.18;161.48;48;3.15;2023-05-31;ATIVO
7935;799;19723.45;418.1;48;1.75;2023-05-16;QUITADO
7936;2641;5348.9;238.76;24;7.13;2024-11-21;ATIVO
7937;590;1134.93;102.1;12;7.95;2023-11-04;QUITADO
7938;2453;14520.5;823.39;18;2.07;2021-05-30;ATIVO
7939;9104;15529.26;2639.72;6;1.99;2023-08-07;QUITADO
7940;9658;12750.32;364.27;36;2.85;2022-10-12;QUITADO
7941;311;5741.02;165.18;36;3.58;2021-10-11;ATIVO
7942;3493;888.43;52.57;18;6.51;2024-10-07;ATIVO
7943;916;15608.01;672.25;24;3.37;2024-12-30;ATIVO
7944;2047;3491.66;148.69;24;2.2;2024-06-17;QUITADO
7945;4914;5205.01;224.68;24;3.6;2021-08-11;QUITADO
7946;399;18989.08;402.29;48;1.69;2022-12-16;ATIVO
7947;5556;3907.5;87.08;48;6.97;2023-06-20;QUITADO
7948;1230;5529.62;938.28;6;1.81;2022-04-21;ATIVO
7949;8135;4513.59;195.65;24;4.03;2022-09-26;ATIVO
7950;2144;6228.67;361.71;18;4.53;2022-07-10;QUITADO
7951;3370;39130.23;1102.39;36;1.42;2021-02-03;QUITADO
7952;463;16437.89;2774.72;6;1.28;2021-05-06;ATIVO
7953;3058;1736.82;38.4;48;6.13;2022-03-08;ATIVO
7954;5379;7743.49;1312.65;6;1.71;2023-08-26;ATIVO
7955;9097;5615.79;320.16;18;2.62;2024-11-02;QUITADO
7956;5722;702.29;122.14;6;4.35;2022-05-07;ATIVO
7957;6942;13046.36;280.01;48;3.02;2022-03-05;ATIVO
7958;8474;6095.07;547.34;12;7.76;2023-03-07;ATIVO
7959;4594;7202.05;156.25;48;4.14;2023-01-17;INADIMPLENTE
7960;3482;7986.12;457.16;18;3.04;2023-02-23;QUITADO
7961;1409;17874.15;1024.19;18;3.14;2024-05-28;ATIVO
7962;3374;3384.21;198.8;18;5.74;2023-06-26;QUITADO
7963;9805;2147.3;189.61;12;5.96;2024-05-02;INADIMPLENTE
7964;5524;31120.31;1745.68;18;0.97;2022-03-02;QUITADO
7965;7157;4837.64;279.02;18;3.82;2021-06-12;ATIVO
7966;9356;10587.1;608.41;18;3.44;2023-07-01;ATIVO
7967;9613;4480.66;395.64;12;5.96;2023-12-21;QUITADO
7968;9398;1287.39;36.97;36;3.38;2022-11-28;INADIMPLENTE
7969;638;37671.9;1058.37;36;1.14;2022-05-12;ATIVO
7970;2342;28329.45;4779.18;6;1.22;2024-10-28;ATIVO
7971;7851;11656.24;334.18;36;3.21;2023-06-05;QUITADO
7972;6330;12992.09;372.19;36;3.13;2024-10-25;QUITADO
7973;2608;8680.03;185.45;48;2.55;2024-11-17;ATIVO
7974;3466;6744.34;400.13;18;6.79;2022-12-01;ATIVO
7975;627;1680.24;100.26;18;7.41;2024-10-22;ATIVO
7976;9735;33814.86;5710.2;6;1.32;2022-03-05;QUITADO
7977;6294;25137.91;708.33;36;1.44;2024-08-01;QUITADO
7978;8270;3175.11;139.94;24;5.78;2022-11-04;ATIVO
7979;4616;12015.55;2034.83;6;1.61;2024-09-22;QUITADO
7980;9482;4142.28;89.83;48;4.09;2021-09-17;QUITADO
7981;3124;8607.39;242.9;36;1.59;2021-04-07;QUITADO
7982;1665;7856.54;703.75;12;7.49;2024-04-04;ATIVO
7983;1140;8579.11;483.96;18;1.54;2023-12-28;INADIMPLENTE
7984;714;49802.51;4190.88;12;0.98;2024-06-11;QUITADO
7985;2150;1617.84;35.14;48;4.25;2022-06-08;INADIMPLENTE
7986;279;6342.77;1133.35;6;7.21;2024-10-28;INADIMPLENTE
7987;7580;5265.88;154.54;36;5.65;2023-09-18;INADIMPLENTE
7988;9492;4560.65;131.57;36;3.86;2024-10-09;QUITADO
7989;9299;1006.76;173.67;6;3.5;2022-02-06;QUITADO
7990;8743;26973.38;2277.68;12;1.33;2024-06-04;QUITADO
7991;1028;5367.19;119.16;48;6.57;2023-03-20;ATIVO
7992;9984;12973.77;1110.77;12;2.74;2023-06-07;ATIVO
7993;3597;13133.81;556.38;24;1.67;2023-05-01;ATIVO
7994;205;6217.15;1065.41;6;2.82;2021-03-01;QUITADO
7995;1853;11889.66;676.92;18;2.48;2022-01-10;QUITADO
7996;4140;3652.25;321.06;12;5.49;2024-12-06;QUITADO
7997;722;11330.45;1943.36;6;2.91;2024-11-03;QUITADO
7998;5528;15475.66;1332.2;12;3.3;2021-01-24;QUITADO
7999;9422;8385.59;353.8;24;1.26;2021-06-13;ATIVO
8000;9520;10972.94;939.74;12;2.77;2021-07-05;ATIVO
8001;3036;19794.23;3370.3;6;2.16;2021-05-02;QUITADO
8002;5057;4192.19;749.56;6;7.28;2023-02-24;ATIVO
8003;1592;5835.06;348.29;18;7.44;2022-03-08;ATIVO
8004;5478;4623.8;830.51;6;7.77;2022-08-31;QUITADO
8005;6440;17289.21;1466.7;12;1.8;2021-07-17;QUITADO
8006;7470;1552.21;136.19;12;5.29;2022-09-08;ATIVO
8007;5791;15050.22;855.02;18;2.26;2023-08-30;ATIVO
8008;2457;8234.82;349.05;24;1.73;2021-05-06;ATIVO
8009;6919;19228.43;1640.19;12;2.36;2023-10-04;ATIVO
8010;8566;4462.73;133.37;36;7.59;2021-12-03;ATIVO
8011;9759;3322.73;562.87;6;1.64;2021-03-22;ATIVO
8012;3491;1707.06;49.21;36;3.77;2021-02-22;ATIVO
8013;5055;5887.06;167.63;36;2.51;2023-12-28;ATIVO
8014;8768;5948.11;132.27;48;6.74;2021-07-14;ATIVO
8015;4718;38068.24;1603.94;24;1.12;2022-07-10;ATIVO
8016;1443;7024.22;309.04;24;5.59;2022-11-09;INADIMPLENTE
8017;4184;8036.92;458.02;18;2.58;2023-07-11;ATIVO
8018;3531;44887.99;946.48;48;1.21;2022-04-06;QUITADO
8019;4774;9762.19;208.06;48;2.3;2022-10-18;ATIVO
8020;5474;6127.68;362.04;18;6.35;2023-09-29;QUITADO
8021;7558;7828.74;1405.13;6;7.69;2024-04-09;ATIVO
8022;8124;37225.8;1047.8;36;1.33;2024-07-05;QUITADO
8023;991;6684.62;291.0;24;4.48;2023-12-20;ATIVO
8024;7617;5871.74;256.33;24;4.77;2022-10-07;ATIVO
8025;3628;15647.34;442.56;36;1.82;2021-01-10;QUITADO
8026;6420;16948.77;1441.78;12;2.08;2022-06-26;ATIVO
8027;3801;1471.29;42.2;36;3.25;2024-01-21;ATIVO
8028;3164;6406.45;1113.44;6;4.28;2021-01-05;QUITADO
8029;362;3444.87;148.72;24;3.61;2022-12-17;ATIVO
8030;8465;3850.03;336.94;12;5.02;2024-12-22;ATIVO
8031;4693;3756.25;223.27;18;6.99;2024-12-27;ATIVO
8032;9377;3682.9;106.29;36;3.9;2021-10-13;ATIVO
8033;1570;2977.84;253.56;12;2.18;2024-07-23;ATIVO
8034;3873;4656.72;263.62;18;1.9;2023-11-05;ATIVO
8035;4514;4060.25;352.7;12;4.24;2023-03-07;ATIVO
8036;6139;5638.68;1013.08;6;7.8;2024-01-20;QUITADO
8037;9326;7381.9;155.85;48;1.34;2022-06-13;ATIVO
8038;7035;7800.28;172.24;48;5.99;2024-07-30;ATIVO
8039;2438;7167.7;206.19;36;3.56;2023-05-30;ATIVO
8040;1331;1093.06;97.88;12;7.46;2023-01-23;QUITADO
8041;7667;18616.33;392.3;48;1.15;2022-04-20;QUITADO
8042;4293;7861.8;169.96;48;3.77;2023-08-10;QUITADO
8043;4899;3410.54;587.47;6;3.35;2021-10-01;QUITADO
8044;7578;5767.76;169.03;36;5.5;2021-08-05;ATIVO
8045;9890;4481.01;772.97;6;3.5;2024-09-12;ATIVO
8046;2452;7994.3;357.81;24;7.42;2022-04-23;INADIMPLENTE
8047;9896;3445.21;197.77;18;3.33;2021-11-08;ATIVO
8048;7492;4129.96;92.66;48;7.69;2023-07-14;QUITADO
8049;1671;1237.4;209.8;6;1.73;2023-03-20;ATIVO
8050;2554;4444.85;196.13;24;5.9;2022-07-16;ATIVO
8051;4887;6036.32;353.43;18;5.39;2021-07-26;QUITADO
8052;7568;17841.07;1011.79;18;2.08;2024-05-27;ATIVO
8053;6972;3707.99;110.5;36;7.28;2022-11-19;QUITADO
8054;5418;25997.61;2186.62;12;0.93;2022-12-04;QUITADO
8055;3120;3945.24;171.42;24;4.28;2024-01-08;ATIVO
8056;4842;11823.2;252.89;48;2.67;2023-10-04;ATIVO
8057;9063;41505.88;3503.79;12;1.3;2024-10-25;QUITADO
8058;6880;8104.62;348.36;24;3.16;2024-07-07;QUITADO
8059;2695;755.05;16.92;48;7.55;2021-11-26;QUITADO
8060;3683;13365.45;288.05;48;3.45;2023-09-11;ATIVO
8061;8716;1572.51;89.97;18;2.98;2024-10-17;QUITADO
8062;1046;17755.06;1015.49;18;2.95;2024-12-30;QUITADO
8063;857;963.31;42.71;24;6.41;2024-08-16;QUITADO
8064;8025;7671.79;1318.52;6;3.12;2024-06-25;QUITADO
8065;847;8219.6;175.9;48;2.72;2024-07-16;QUITADO
8066;5018;1556.25;277.06;6;6.82;2024-08-25;QUITADO
8067;4288;18306.85;1557.76;12;2.11;2022-11-21;ATIVO
8068;8614;3639.23;80.92;48;6.73;2021-07-07;QUITADO
8069;556;7733.76;225.85;36;5.13;2024-12-15;QUITADO
8070;1967;14009.77;1193.05;12;2.19;2022-04-17;QUITADO
8071;5094;4288.44;255.21;18;7.12;2021-07-07;QUITADO
8072;3666;46583.11;980.96;48;1.08;2024-04-02;ATIVO
8073;8472;7314.99;1299.39;6;6.58;2023-06-09;ATIVO
8074;855;14967.1;423.53;36;1.87;2021-06-28;ATIVO
8075;5440;5716.93;249.97;24;4.94;2023-03-26;INADIMPLENTE
8076;4724;6712.55;580.3;12;3.74;2021-02-24;ATIVO
8077;1900;4817.66;866.13;6;7.87;2022-12-21;QUITADO
8078;7720;13139.18;1131.94;12;3.38;2022-06-23;ATIVO
8079;5363;6208.12;178.24;36;3.36;2022-02-24;ATIVO
8080;3153;2912.99;85.23;36;5.33;2021-05-06;INADIMPLENTE
8081;2621;18723.64;802.62;24;2.88;2023-06-27;QUITADO
8082;9254;18463.63;1580.64;12;2.73;2022-08-06;ATIVO
8083;1855;6601.07;140.92;48;2.47;2022-06-18;QUITADO
8084;240;24098.2;1012.83;24;0.87;2021-10-23;QUITADO
8085;5524;29155.13;612.68;48;0.87;2022-08-18;INADIMPLENTE
8086;5943;12727.45;721.08;18;1.98;2023-10-21;QUITADO
8087;5720;12451.4;1059.41;12;2.1;2021-10-14;QUITADO
8088;4882;5488.88;311.89;18;2.28;2023-12-07;ATIVO
8089;3288;12476.67;266.35;48;2.47;2021-12-19;QUITADO
8090;3224;3016.99;133.41;24;6.13;2024-10-08;ATIVO
8091;226;14481.58;2458.01;6;1.84;2024-02-14;QUITADO
8092;6591;6031.45;513.28;12;2.12;2023-02-13;QUITADO
8093;5427;4075.82;353.68;12;4.13;2022-04-03;QUITADO
8094;4786;7434.96;429.41;18;3.96;2023-12-04;ATIVO
8095;2640;5528.03;159.59;36;3.93;2023-08-11;QUITADO
8096;958;3518.2;205.76;18;5.27;2021-01-15;ATIVO
8097;7663;1282.14;55.91;24;4.65;2022-06-01;ATIVO
8098;1243;7904.84;344.78;24;4.68;2022-11-30;QUITADO
8099;538;17145.84;1470.68;12;2.93;2022-09-14;QUITADO
8100;9509;12606.28;358.23;36;2.3;2022-11-10;ATIVO
8101;2990;3181.65;91.37;36;3.38;2021-12-31;QUITADO
8102;9446;8043.43;340.61;24;1.63;2021-08-02;INADIMPLENTE
8103;4250;5657.56;493.2;12;4.61;2024-07-12;QUITADO
8104;8264;2957.78;65.31;48;5.99;2023-07-20;ATIVO
8105;8874;33178.08;1858.34;18;0.82;2021-01-15;QUITADO
8106;4349;20950.12;883.75;24;1.24;2022-06-17;ATIVO
8107;2207;5819.2;1033.59;6;6.57;2023-09-20;INADIMPLENTE
8108;1165;6935.66;295.72;24;2.33;2023-11-27;QUITADO
8109;605;2193.84;47.92;48;4.84;2022-05-27;QUITADO
8110;5554;9666.61;1639.13;6;1.74;2023-10-12;QUITADO
8111;6098;5462.59;311.28;18;2.57;2024-05-27;QUITADO
8112;8701;4352.75;370.24;12;2.07;2022-06-09;QUITADO
8113;761;17912.19;502.79;36;1.05;2024-01-05;QUITADO
8114;4163;17580.38;372.63;48;1.74;2022-01-23;ATIVO
8115;6358;16331.59;936.89;18;3.26;2021-08-09;QUITADO
8116;7561;5751.25;337.69;18;5.69;2022-09-30;QUITADO
8117;7686;6555.58;1150.83;6;5.33;2021-07-31;ATIVO
8118;8835;11995.3;2054.99;6;2.79;2021-03-08;ATIVO
8119;6182;6565.12;281.23;24;2.81;2022-04-01;ATIVO
8120;6627;5453.42;963.98;6;6.06;2024-07-12;ATIVO
8121;646;11962.52;253.8;48;1.84;2022-04-27;QUITADO
8122;3382;6954.27;399.41;18;3.38;2022-07-31;QUITADO
8123;4039;18008.08;3079.98;6;2.62;2024-10-12;QUITADO
8124;8403;9715.03;1646.7;6;1.7;2021-10-05;QUITADO
8125;8554;7847.35;175.73;48;7.49;2021-08-04;ATIVO
8126;9707;3388.82;101.31;36;7.62;2022-11-24;ATIVO
8127;2814;16842.22;2860.09;6;1.89;2024-04-24;INADIMPLENTE
8128;9234;9566.97;540.48;18;1.69;2023-09-26;QUITADO
8129;5132;18932.71;3238.76;6;2.64;2023-12-14;QUITADO
8130;8370;13653.46;382.3;36;0.8;2024-05-03;QUITADO
8131;9478;4164.91;89.35;48;2.97;2021-04-02;ATIVO
8132;9439;2460.69;440.38;6;7.38;2024-05-24;QUITADO
8133;3535;22507.76;632.91;36;1.23;2022-08-29;ATIVO
8134;2181;14196.17;1201.59;12;1.57;2023-08-10;ATIVO
8135;4483;7117.09;303.48;24;2.34;2024-08-03;ATIVO
8136;4079;9600.65;817.18;12;2.14;2023-12-11;ATIVO
8137;9436;12587.01;352.47;36;0.81;2023-02-28;ATIVO
8138;8856;13028.88;548.41;24;1.02;2021-03-31;QUITADO
8139;5319;4658.18;279.34;18;7.94;2024-04-02;INADIMPLENTE
8140;2959;13713.42;2344.77;6;2.59;2023-12-13;QUITADO
8141;6406;28015.59;4731.83;6;1.34;2024-12-02;QUITADO
8142;9809;1008.78;85.74;12;1.99;2023-07-24;QUITADO
8143;1824;11376.94;486.27;24;2.58;2023-12-09;QUITADO
8144;843;5222.22;116.21;48;6.81;2024-09-04;ATIVO
8145;705;1659.38;148.39;12;7.31;2021-01-21;QUITADO
8146;509;960.61;28.16;36;5.54;2021-05-09;ATIVO
8147;9016;9057.93;194.93;48;3.3;2021-12-15;QUITADO
8148;2016;4896.3;105.45;48;3.38;2024-04-23;QUITADO
8149;4053;7585.71;333.77;24;5.6;2021-12-09;ATIVO
8150;9049;6113.17;345.5;18;1.73;2024-11-28;QUITADO
8151;1977;31029.63;869.26;36;0.85;2021-05-02;ATIVO
8152;452;16929.42;361.13;48;2.39;2021-09-17;ATIVO
8153;7309;1505.68;33.11;48;5.54;2021-12-08;INADIMPLENTE
8154;8770;14196.17;813.6;18;3.16;2021-11-13;ATIVO
8155;6381;23400.48;1316.41;18;1.26;2024-01-07;QUITADO
8156;698;2282.83;67.83;36;6.96;2021-12-10;ATIVO
8157;6460;3428.32;101.58;36;6.67;2024-04-08;ATIVO
8158;8241;5275.96;156.77;36;6.97;2023-09-26;ATIVO
8159;2700;2519.98;148.96;18;6.4;2022-12-21;ATIVO
8160;7626;2007.31;171.83;12;2.72;2022-04-16;ATIVO
8161;2715;3195.92;95.64;36;7.73;2023-10-30;QUITADO
8162;3538;17059.42;1452.89;12;2.2;2023-11-22;ATIVO
8163;1870;2469.08;54.74;48;6.42;2022-03-18;ATIVO
8164;3059;16504.78;2827.82;6;2.8;2023-06-10;ATIVO
8165;782;4999.03;288.47;18;3.87;2022-10-20;INADIMPLENTE
8166;3899;4663.16;279.32;18;7.82;2022-03-02;ATIVO
8167;7862;5271.84;151.68;36;3.58;2023-04-19;ATIVO
8168;3813;37380.88;1047.29;36;0.86;2024-10-02;QUITADO
8169;306;19633.44;421.38;48;3.02;2024-06-02;ATIVO
8170;1551;3714.47;108.17;36;4.84;2022-11-03;ATIVO
8171;3491;1676.2;297.02;6;6.32;2022-01-19;QUITADO
8172;4836;15834.23;450.53;36;2.43;2024-06-13;QUITADO
8173;331;5672.92;335.87;18;6.57;2022-11-04;QUITADO
8174;8908;18520.62;3185.55;6;3.2;2021-05-26;ATIVO
8175;3802;12703.54;2172.73;6;2.62;2023-08-28;QUITADO
8176;874;10753.14;613.83;18;2.75;2023-11-23;ATIVO
8177;9026;15034.85;852.81;18;2.1;2024-04-16;ATIVO
8178;6331;6812.51;198.05;36;4.66;2021-12-23;ATIVO
8179;1102;11499.92;326.92;36;2.34;2023-03-26;QUITADO
8180;4409;4550.5;796.79;6;5.06;2023-10-08;QUITADO
8181;6558;49428.06;8341.81;6;1.26;2024-02-16;QUITADO
8182;3699;6012.68;253.66;24;1.25;2021-02-12;ATIVO
8183;3232;7275.82;419.81;18;3.86;2022-03-07;QUITADO
8184;7922;5431.97;325.44;18;7.84;2023-07-04;QUITADO
8185;1735;1601.45;46.69;36;4.95;2021-09-21;ATIVO
8186;1911;7958.44;174.07;48;4.99;2023-02-05;QUITADO
8187;986;9011.7;1550.76;6;3.25;2024-12-09;QUITADO
8188;3137;6102.17;174.39;36;2.88;2021-01-28;ATIVO
8189;9422;20275.72;425.79;48;0.8;2024-02-26;ATIVO
8190;4542;15827.55;670.82;24;1.72;2021-11-09;INADIMPLENTE
8191;9238;4557.42;129.19;36;2.05;2024-08-15;QUITADO
8192;370;17844.95;754.62;24;1.49;2024-10-21;ATIVO
8193;7956;1515.65;87.29;18;3.67;2021-08-26;QUITADO
8194;158;6790.38;143.16;48;1.2;2023-07-08;ATIVO
8195;8042;6857.04;393.56;18;3.31;2023-05-21;QUITADO
8196;1415;18836.29;797.4;24;1.6;2024-11-12;QUITADO
8197;1255;1695.02;99.52;18;5.68;2023-12-27;ATIVO
8198;1039;6488.06;276.99;24;2.46;2022-05-13;ATIVO
8199;8147;19183.99;413.3;48;3.41;2023-12-25;ATIVO
8200;5297;9349.91;198.55;48;1.93;2024-01-04;QUITADO
8201;5903;18949.72;3243.88;6;2.71;2024-10-13;ATIVO
8202;5123;37225.25;1564.08;24;0.84;2022-05-27;QUITADO
8203;8310;9743.87;207.12;48;2.03;2024-10-14;ATIVO
8204;7503;607.69;35.06;18;3.86;2021-10-03;ATIVO
8205;9121;3925.66;332.34;12;1.59;2021-02-01;INADIMPLENTE
8206;8555;17490.94;744.31;24;2.13;2022-12-07;ATIVO
8207;9076;5081.17;216.82;24;2.41;2024-02-12;QUITADO
8208;2602;15267.23;437.02;36;3.05;2023-09-11;ATIVO
8209;9351;7681.62;448.95;18;5.2;2023-01-02;ATIVO
8210;1512;2988.97;130.84;24;5.06;2024-02-16;QUITADO
8211;2922;3381.3;98.58;36;4.96;2023-01-08;INADIMPLENTE
8212;973;19173.3;811.27;24;1.55;2022-07-02;QUITADO
8213;4068;4257.23;127.65;36;7.94;2021-12-10;ATIVO
8214;8082;2824.1;83.51;36;6.46;2023-08-27;ATIVO
8215;6553;1854.28;314.36;6;1.72;2021-12-26;QUITADO
8216;203;2458.95;53.82;48;5.05;2022-06-27;QUITADO
8217;4088;2369.95;138.29;18;5.03;2023-06-30;ATIVO
8218;4438;7633.32;217.85;36;2.74;2022-06-28;QUITADO
8219;4776;19539.76;1115.61;18;2.77;2022-08-13;ATIVO
8220;1736;6446.25;1100.27;6;2.41;2024-11-12;QUITADO
8221;7361;8065.67;461.09;18;2.9;2024-09-26;ATIVO
8222;1339;5028.16;431.54;12;2.99;2023-09-15;QUITADO
8223;8519;12463.8;703.37;18;1.58;2024-08-21;QUITADO
8224;1771;2247.76;381.03;6;1.71;2024-04-24;ATIVO
8225;1056;1404.69;41.08;36;5.27;2024-08-13;ATIVO
8226;5292;7060.14;155.15;48;5.48;2024-06-17;ATIVO
8227;103;4728.86;414.05;12;5.07;2021-12-31;QUITADO
8228;3549;47264.32;996.49;48;1.2;2022-01-27;ATIVO
8229;3126;7482.86;652.32;12;4.61;2022-08-15;ATIVO
8230;1160;5508.0;238.31;24;3.84;2023-08-05;INADIMPLENTE
8231;2451;1107.35;196.98;6;6.73;2021-08-10;QUITADO
8232;3130;3330.71;74.05;48;6.71;2023-08-02;INADIMPLENTE
8233;8893;6634.43;289.79;24;4.83;2021-04-16;INADIMPLENTE
8234;3845;4591.28;820.54;6;7.23;2024-04-29;QUITADO
8235;6077;32162.67;1355.66;24;1.16;2021-07-23;QUITADO
8236;6211;2175.14;97.86;24;7.98;2024-03-20;INADIMPLENTE
8237;5906;4027.47;119.66;36;6.96;2022-02-25;ATIVO
8238;7389;18759.49;793.21;24;1.48;2023-03-11;QUITADO
8239;6308;10818.81;309.21;36;2.89;2022-03-11;QUITADO
8240;3222;3634.34;161.61;24;6.72;2024-07-18;ATIVO
8241;8031;5754.58;170.75;36;6.82;2024-09-24;ATIVO
8242;790;3945.55;231.6;18;5.66;2022-10-10;QUITADO
8243;2944;918.23;54.0;18;5.86;2022-01-23;ATIVO
8244;2696;5137.34;111.17;48;3.87;2022-10-14;QUITADO
8245;9693;2279.54;48.36;48;1.83;2023-07-05;QUITADO
8246;560;14985.05;322.08;48;3.17;2021-02-26;ATIVO
8247;392;4680.6;805.22;6;3.22;2021-10-02;QUITADO
8248;9023;648.78;38.92;18;7.97;2024-11-28;ATIVO
8249;2754;2743.94;245.38;12;7.31;2024-07-10;ATIVO
8250;5076;11098.96;638.13;18;3.49;2022-11-20;INADIMPLENTE
8251;6663;11217.29;480.19;24;2.74;2023-05-18;QUITADO
8252;9796;8112.27;1387.87;6;2.65;2024-08-04;ATIVO
8253;4053;4368.88;379.62;12;4.27;2021-03-13;QUITADO
8254;5016;5593.66;477.75;12;2.49;2021-08-12;ATIVO
8255;6028;5711.93;509.41;12;7.02;2022-12-15;INADIMPLENTE
8256;6411;18817.22;1587.08;12;1.21;2022-04-29;ATIVO
8257;8550;19791.99;1132.87;18;3.03;2024-04-08;QUITADO
8258;7731;2013.66;119.4;18;6.73;2024-11-20;ATIVO
8259;666;48407.95;4080.79;12;1.16;2022-08-15;QUITADO
8260;3168;16897.21;2878.16;6;2.2;2021-07-28;ATIVO
8261;2154;7953.63;177.22;48;6.95;2023-08-11;INADIMPLENTE
8262;9207;14344.76;2414.46;6;0.99;2022-08-03;QUITADO
8263;3699;28144.59;1187.0;24;1.22;2022-02-16;QUITADO
8264;1684;5756.26;499.36;12;4.1;2022-02-25;INADIMPLENTE
8265;7515;2423.27;419.83;6;3.95;2021-09-23;QUITADO
8266;6104;2411.08;103.02;24;2.55;2021-01-06;ATIVO
8267;8407;17210.04;739.03;24;3.06;2022-04-21;QUITADO
8268;4063;2553.46;228.19;12;7.24;2022-07-28;QUITADO
8269;1950;1039.14;22.27;48;2.86;2023-02-08;QUITADO
8270;7353;2060.45;46.3;48;7.87;2023-01-21;QUITADO
8271;5369;8322.64;350.52;24;1.08;2024-07-31;ATIVO
8272;7090;6535.19;142.02;48;4.31;2023-10-12;INADIMPLENTE
8273;8312;12697.49;1066.91;12;0.83;2021-07-13;QUITADO
8274;3459;5915.43;1036.38;6;5.12;2022-07-05;ATIVO
8275;9348;7674.31;681.41;12;6.55;2022-12-20;ATIVO
8276;5666;2811.07;241.78;12;3.21;2024-08-23;QUITADO
8277;2826;3359.95;97.43;36;4.39;2023-01-20;ATIVO
8278;1140;14874.21;314.81;48;1.59;2022-10-01;ATIVO
8279;574;1771.04;312.62;6;5.91;2024-07-21;ATIVO
8280;9615;3692.52;79.44;48;3.27;2022-05-19;QUITADO
8281;7759;5413.53;473.68;12;5.0;2021-12-12;QUITADO
8282;7800;17940.06;381.26;48;2.01;2023-01-08;QUITADO
8283;3737;7224.39;1289.67;6;7.11;2023-04-11;INADIMPLENTE
8284;2333;19262.77;1658.04;12;3.29;2024-06-09;QUITADO
8285;79;16985.39;356.73;48;0.81;2023-12-24;ATIVO
8286;6718;1514.03;90.51;18;7.61;2024-07-23;ATIVO
8287;2716;2509.68;72.67;36;4.24;2023-10-05;QUITADO
8288;6550;8106.9;228.73;36;1.57;2024-09-23;ATIVO
8289;5395;3008.51;174.68;18;4.51;2023-04-03;QUITADO
8290;7935;8042.06;227.81;36;1.98;2021-05-10;ATIVO
8291;3840;1653.8;97.27;18;5.87;2022-03-06;ATIVO
8292;5123;40005.98;2249.89;18;1.23;2023-12-22;QUITADO
8293;6344;4848.87;865.2;6;7.06;2021-03-31;ATIVO
8294;1475;5874.28;262.95;24;7.43;2024-12-28;INADIMPLENTE
8295;1521;16686.68;1438.11;12;3.42;2023-12-11;QUITADO
8296;9132;33068.66;694.44;48;0.8;2021-09-15;QUITADO
8297;7136;3412.35;99.84;36;5.33;2024-10-11;ATIVO
8298;4337;6775.66;288.19;24;2.08;2023-01-29;ATIVO
8299;4984;3912.36;225.22;18;3.62;2021-02-01;INADIMPLENTE
8300;5484;13908.75;592.11;24;2.17;2022-12-12;ATIVO
8301;385;4368.68;129.87;36;7.02;2024-07-22;QUITADO
8302;6307;791.84;35.58;24;7.85;2022-10-24;ATIVO
8303;2010;3476.79;102.29;36;5.91;2023-10-15;ATIVO
8304;5456;15225.8;327.45;48;3.23;2021-09-30;QUITADO
8305;4964;1769.3;153.69;12;4.24;2021-03-28;ATIVO
8306;257;636.07;27.73;24;4.63;2022-05-05;QUITADO
8307;9802;11908.92;2041.98;6;2.88;2023-05-30;ATIVO
8308;3506;9917.31;1705.94;6;3.21;2022-05-20;ATIVO
8309;563;15898.09;446.34;36;1.07;2021-06-10;ATIVO
8310;6311;6477.27;1154.36;6;6.93;2022-09-09;QUITADO
8311;1271;1602.39;288.22;6;7.92;2021-11-12;QUITADO
8312;1528;9896.48;834.44;12;1.18;2022-03-19;ATIVO
8313;268;3583.68;622.43;6;4.21;2022-07-07;INADIMPLENTE
8314;8865;15657.82;331.1;48;1.5;2022-08-12;QUITADO
8315;9038;2734.6;245.38;12;7.68;2022-06-20;INADIMPLENTE
8316;5270;1671.5;99.19;18;6.82;2022-05-07;INADIMPLENTE
8317;3709;5397.37;456.71;12;1.54;2024-12-09;QUITADO
8318;674;704.22;60.89;12;3.75;2021-09-23;INADIMPLENTE
8319;4193;18826.66;1606.54;12;2.4;2024-01-21;QUITADO
8320;2235;4061.2;86.99;48;2.82;2022-04-28;QUITADO
8321;1643;5305.2;232.1;24;5.0;2024-03-07;INADIMPLENTE
8322;4410;18708.41;1056.92;18;1.69;2022-04-17;ATIVO
8323;1478;5031.25;224.14;24;6.92;2021-08-27;ATIVO
8324;5034;4135.2;183.26;24;6.36;2022-01-12;QUITADO
8325;5941;17991.15;384.86;48;2.68;2023-11-30;ATIVO
8326;5838;6014.4;262.48;24;4.74;2022-08-09;ATIVO
8327;1785;15584.85;439.88;36;1.61;2023-07-20;ATIVO
8328;6897;18744.87;1599.87;12;2.42;2023-02-09;ATIVO
8329;9060;17378.2;486.83;36;0.85;2022-01-23;QUITADO
8330;1416;3987.02;114.63;36;3.5;2021-04-21;ATIVO
8331;5155;18026.34;1536.45;12;2.28;2023-02-11;ATIVO
8332;9751;10217.93;865.2;12;1.61;2021-09-07;ATIVO
8333;6421;3007.69;133.78;24;6.75;2021-12-02;INADIMPLENTE
8334;132;4174.12;366.63;12;5.4;2023-05-30;QUITADO
8335;9979;1591.85;92.27;18;4.34;2024-05-10;INADIMPLENTE
8336;3838;4791.42;106.32;48;6.51;2023-07-12;ATIVO
8337;108;1966.12;43.99;48;7.39;2022-01-09;INADIMPLENTE
8338;8612;1956.84;57.95;36;6.61;2021-11-16;ATIVO
8339;9135;3741.33;107.86;36;3.79;2021-11-24;ATIVO
8340;8491;19840.6;561.21;36;1.83;2022-04-02;QUITADO
8341;860;14693.69;2495.23;6;1.89;2022-02-08;ATIVO
8342;8777;7458.51;657.28;12;5.75;2021-12-01;ATIVO
8343;6704;5010.41;872.48;6;4.48;2023-02-28;ATIVO
8344;997;35673.51;999.85;36;0.9;2024-12-15;QUITADO
8345;7669;7900.85;1380.15;6;4.81;2024-11-08;INADIMPLENTE
8346;3745;6280.11;1064.37;6;1.69;2021-12-18;QUITADO
8347;5725;18564.4;1579.83;12;2.12;2024-04-23;QUITADO
8348;477;2387.3;143.16;18;7.94;2023-03-06;QUITADO
8349;9939;697.12;15.32;48;5.49;2024-08-14;INADIMPLENTE
8350;5025;11930.36;1020.34;12;2.63;2024-11-29;QUITADO
8351;62;6557.25;276.63;24;1.25;2021-11-17;ATIVO
8352;1374;12658.55;1085.37;12;2.89;2022-02-07;ATIVO
8353;9930;3943.1;699.18;6;6.39;2022-12-23;ATIVO
8354;1234;6943.01;207.62;36;7.65;2022-04-25;QUITADO
8355;6538;10923.47;309.23;36;1.91;2024-08-11;QUITADO
8356;6265;7939.01;228.0;36;3.39;2021-06-13;QUITADO
8357;3561;6549.72;194.29;36;6.79;2021-02-14;ATIVO
8358;4863;6218.33;181.42;36;5.03;2024-08-01;ATIVO
8359;4977;3052.08;135.88;24;6.85;2023-01-11;ATIVO
8360;8085;7663.82;161.58;48;1.2;2022-01-15;ATIVO
8361;5128;18273.42;1556.13;12;2.19;2022-04-06;QUITADO
8362;9081;36416.42;3062.92;12;0.93;2021-01-29;ATIVO
8363;9095;533.59;23.02;24;3.53;2021-05-24;ATIVO
8364;7760;12457.08;710.19;18;2.62;2023-10-28;QUITADO
8365;5972;8482.5;364.57;24;3.15;2022-08-07;ATIVO
8366;3022;33354.79;1873.98;18;1.13;2021-12-11;QUITADO
8367;1440;2861.51;81.86;36;2.99;2022-05-27;QUITADO
8368;2039;7656.05;340.79;24;6.83;2023-01-14;ATIVO
8369;5519;13122.48;555.41;24;1.58;2024-03-16;QUITADO
8370;3315;6787.85;294.45;24;4.11;2024-09-14;QUITADO
8371;4472;4281.54;362.15;12;1.5;2024-10-19;INADIMPLENTE
8372;9160;6521.37;144.79;48;6.57;2024-09-30;QUITADO
8373;1601;17953.9;3079.39;6;2.91;2021-08-15;QUITADO
8374;4406;2179.9;124.73;18;2.99;2022-12-29;QUITADO
8375;5896;1834.54;108.87;18;6.82;2021-05-27;ATIVO
8376;369;13534.56;574.03;24;1.79;2023-05-12;ATIVO
8377;4993;4305.5;96.45;48;7.53;2024-03-12;ATIVO
8378;7356;7622.49;170.27;48;7.22;2022-10-04;INADIMPLENTE
8379;6830;6742.13;1153.35;6;2.64;2022-05-24;ATIVO
8380;8418;16608.4;1410.33;12;1.9;2022-08-15;QUITADO
8381;5522;2936.82;262.58;12;7.29;2021-11-16;QUITADO
8382;599;7083.18;149.85;48;1.55;2022-04-06;ATIVO
8383;6643;3559.82;617.81;6;4.13;2022-08-28;ATIVO
8384;2757;6669.06;1150.19;6;3.48;2024-11-25;QUITADO
8385;5635;45262.3;3819.76;12;1.27;2023-09-07;QUITADO
8386;9798;1620.18;35.04;48;3.82;2022-06-30;ATIVO
8387;390;3275.49;92.7;36;1.88;2021-05-14;QUITADO
8388;9013;17022.93;724.68;24;2.17;2023-12-29;QUITADO
8389;6833;18296.66;518.35;36;1.99;2023-01-18;QUITADO
8390;8669;48562.98;8172.34;6;0.97;2022-01-17;QUITADO
8391;6649;7905.57;167.71;48;1.83;2023-04-03;QUITADO
8392;8801;9440.1;401.4;24;2.05;2024-01-30;ATIVO
8393;6993;9262.45;197.66;48;2.43;2024-07-06;ATIVO
8394;5942;2678.54;237.74;12;6.51;2023-11-03;ATIVO
8395;9721;47141.07;3971.24;12;1.09;2021-03-17;ATIVO
8396;3869;34657.05;5841.45;6;1.13;2023-08-01;QUITADO
8397;9173;6009.06;132.52;48;5.86;2021-05-22;INADIMPLENTE
8398;4808;1318.52;78.23;18;6.8;2022-08-17;QUITADO
8399;3359;1176.1;50.25;24;2.55;2024-05-26;QUITADO
8400;4731;18906.45;3238.67;6;2.78;2021-08-19;ATIVO
8401;272;10164.96;218.08;48;2.98;2024-04-15;QUITADO
8402;9748;691.39;40.88;18;6.44;2024-04-11;INADIMPLENTE
8403;5074;909.84;19.68;48;3.81;2021-05-07;QUITADO
8404;5169;5739.74;126.13;48;5.48;2021-05-27;ATIVO
8405;3105;16306.45;466.36;36;2.96;2021-12-21;QUITADO
8406;3230;2624.22;78.73;36;8.0;2022-03-02;ATIVO
8407;335;7682.13;442.02;18;3.57;2021-04-26;INADIMPLENTE
8408;8799;1141.99;204.61;6;7.5;2021-05-01;QUITADO
8409;193;5534.34;324.56;18;5.56;2024-11-03;INADIMPLENTE
8410;9564;2425.76;139.4;18;3.44;2023-01-29;ATIVO
8411;3696;14766.21;831.42;18;1.35;2023-12-06;QUITADO
8412;8044;11443.05;1955.43;6;2.53;2023-03-04;QUITADO
8413;3839;6280.75;275.75;24;5.37;2023-01-03;ATIVO
8414;2482;6078.2;347.1;18;2.79;2023-12-06;ATIVO
8415;7487;47175.5;2646.02;18;0.96;2023-04-06;ATIVO
8416;9183;7672.43;432.81;18;1.54;2021-09-27;ATIVO
8417;4557;10008.45;215.52;48;3.36;2021-11-16;QUITADO
8418;8819;15790.3;445.77;36;1.63;2023-03-07;ATIVO
8419;4575;7734.61;1340.92;6;4.02;2021-08-29;ATIVO
8420;3700;14477.7;1226.5;12;1.66;2023-08-23;QUITADO
8421;2638;2420.41;144.3;18;7.31;2024-06-16;ATIVO
8422;69;1338.97;58.23;24;4.37;2021-08-04;QUITADO
8423;6360;23983.77;1349.09;18;1.25;2021-01-22;QUITADO
8424;3487;47919.98;2021.42;24;1.24;2022-01-18;ATIVO
8425;6698;7607.5;1310.9;6;3.39;2024-12-02;ATIVO
8426;6092;4801.3;812.78;6;1.57;2022-01-18;ATIVO
8427;4795;3790.34;219.33;18;4.16;2021-03-07;ATIVO
8428;6868;19780.61;1127.38;18;2.59;2021-12-29;ATIVO
8429;9742;650.01;18.93;36;4.85;2023-06-14;ATIVO
8430;5104;6551.71;184.36;36;1.3;2023-05-28;QUITADO
8431;5171;1462.47;129.83;12;6.53;2022-04-26;ATIVO
8432;8155;9461.05;1594.03;6;1.09;2024-04-07;ATIVO
8433;8896;5098.26;453.79;12;6.81;2021-06-02;QUITADO
8434;9237;4930.86;881.39;6;7.25;2024-12-15;ATIVO
8435;9572;6294.45;1125.34;6;7.27;2024-05-03;INADIMPLENTE
8436;2650;10596.31;907.04;12;2.72;2024-07-02;ATIVO
8437;1279;5804.69;170.16;36;5.53;2021-10-05;INADIMPLENTE
8438;5152;43038.76;907.94;48;1.26;2022-01-14;QUITADO
8439;6055;9501.82;541.23;18;2.53;2021-06-07;INADIMPLENTE
8440;8667;12231.98;694.3;18;2.17;2024-06-29;ATIVO
8441;5407;7762.9;164.64;48;1.8;2022-01-28;QUITADO
8442;4348;7284.75;1239.62;6;2.1;2021-11-01;ATIVO
8443;273;2454.49;215.42;12;5.32;2023-09-09;QUITADO
8444;4692;7526.34;327.99;24;4.59;2024-07-04;QUITADO
8445;2945;3452.86;152.76;24;6.18;2022-07-25;INADIMPLENTE
8446;4456;7090.45;1252.29;6;5.97;2022-11-16;ATIVO
8447;8545;39467.18;1105.63;36;0.85;2024-08-04;QUITADO
8448;3206;14277.94;612.52;24;2.96;2021-10-31;ATIVO
8449;4011;1917.69;42.82;48;7.19;2023-05-23;INADIMPLENTE
8450;1062;10456.04;297.68;36;2.49;2022-04-24;ATIVO
8451;8417;9654.82;275.78;36;2.83;2021-05-17;ATIVO
8452;307;1057.85;22.37;48;1.52;2021-10-03;ATIVO
8453;9313;903.56;26.26;36;4.63;2022-04-02;ATIVO
8454;911;2581.64;55.27;48;2.77;2022-03-25;ATIVO
8455;9263;15477.49;876.03;18;1.88;2023-07-20;ATIVO
8456;8834;7464.31;629.49;12;1.2;2024-10-07;ATIVO
8457;7614;9213.18;1566.24;6;2.0;2024-12-26;ATIVO
8458;4593;1729.82;303.41;6;5.24;2023-07-03;INADIMPLENTE
8459;4924;18423.95;527.9;36;3.15;2022-10-29;QUITADO
8460;5755;35564.41;1501.26;24;1.31;2024-08-12;ATIVO
8461;9756;3508.79;78.43;48;7.29;2024-02-26;QUITADO
8462;926;3638.56;108.77;36;7.62;2023-05-17;INADIMPLENTE
8463;4970;7831.64;1396.51;6;6.99;2024-02-10;INADIMPLENTE
8464;5783;13794.75;391.0;36;2.04;2021-02-25;ATIVO
8465;4749;13123.82;277.02;48;1.32;2024-10-07;QUITADO
8466;5723;4081.53;183.26;24;7.76;2022-03-20;ATIVO
8467;9701;1392.13;39.83;36;3.01;2023-05-05;ATIVO
8468;7241;6532.24;569.01;12;4.53;2024-04-09;QUITADO
8469;5926;19433.31;3326.01;6;2.69;2023-03-13;ATIVO
8470;6907;8683.65;370.07;24;2.28;2023-05-27;ATIVO
8471;10;5870.05;337.66;18;3.54;2021-02-10;ATIVO
8472;5526;6192.91;1044.23;6;1.17;2022-11-27;ATIVO
8473;2028;865.01;25.77;36;7.24;2021-04-20;ATIVO
8474;1069;1817.97;38.86;48;2.6;2024-06-27;QUITADO
8475;3410;1911.17;40.56;48;1.87;2024-04-24;INADIMPLENTE
8476;9765;6720.88;399.26;18;6.93;2023-01-30;QUITADO
8477;4759;46765.7;2634.99;18;1.42;2021-06-09;ATIVO
8478;7528;6116.06;1081.83;6;6.13;2021-09-17;ATIVO
8479;8977;3633.35;158.47;24;4.68;2021-04-09;ATIVO
8480;638;36462.48;1023.58;36;1.06;2024-07-25;ATIVO
8481;6834;31296.53;5285.46;6;1.33;2023-06-21;QUITADO
8482;5248;4859.46;106.6;48;5.3;2023-10-31;ATIVO
8483;8993;45421.5;2545.62;18;0.88;2024-06-05;ATIVO
8484;5436;14472.25;611.51;24;1.41;2023-12-05;INADIMPLENTE
8485;1789;607.61;53.01;12;4.69;2021-07-11;ATIVO
8486;6542;2593.12;57.01;48;5.52;2021-07-11;QUITADO
8487;2080;6251.18;280.99;24;7.88;2023-06-18;QUITADO
8488;9342;674.68;14.76;48;5.0;2024-09-29;ATIVO
8489;5119;17558.45;741.48;24;1.35;2022-11-26;QUITADO
8490;3224;1993.07;353.4;6;6.39;2022-11-12;ATIVO
8491;1999;3158.12;70.52;48;7.18;2021-09-28;ATIVO
8492;6715;5155.96;923.95;6;7.52;2024-01-08;ATIVO
8493;3101;4692.11;818.15;6;4.62;2022-02-10;INADIMPLENTE
8494;4061;7649.95;323.4;24;1.46;2023-10-13;ATIVO
8495;2391;9157.6;519.34;18;2.08;2023-03-22;QUITADO
8496;9163;7977.25;680.99;12;2.44;2022-10-28;ATIVO
8497;3699;44987.27;3803.67;12;1.46;2022-06-14;ATIVO
8498;9493;19638.6;841.35;24;2.82;2022-08-06;INADIMPLENTE
8499;7945;47033.75;1978.16;24;0.94;2021-01-03;QUITADO
8500;6154;4244.83;181.36;24;2.54;2024-01-23;ATIVO
8501;2321;16702.73;2828.05;6;1.59;2022-03-01;ATIVO
8502;6858;1167.48;205.71;6;5.72;2021-08-25;QUITADO
8503;3323;5255.09;906.59;6;3.51;2023-10-27;QUITADO
8504;587;5547.33;941.2;6;1.8;2023-04-10;INADIMPLENTE
8505;1467;5640.2;973.31;6;3.54;2024-03-27;ATIVO
8506;9557;10292.24;292.84;36;2.43;2024-01-01;QUITADO
8507;1561;3151.6;140.68;24;7.13;2023-03-28;QUITADO
8508;5549;638.57;27.64;24;3.88;2022-06-18;ATIVO
8509;5363;18020.12;3067.02;6;2.12;2022-07-29;ATIVO
8510;6478;12209.63;259.33;48;1.95;2024-10-07;QUITADO
8511;4622;17851.91;382.74;48;2.91;2021-06-03;INADIMPLENTE
8512;3134;13290.26;1133.77;12;2.37;2024-11-13;ATIVO
8513;2111;3996.79;173.63;24;4.26;2021-09-28;QUITADO
8514;2447;639.91;37.48;18;5.44;2024-08-20;QUITADO
8515;4653;18983.59;1630.69;12;3.08;2023-02-21;QUITADO
8516;7849;17137.06;483.36;36;1.54;2024-08-23;INADIMPLENTE
8517;6919;16108.84;913.73;18;2.1;2022-11-10;QUITADO
8518;6015;7271.28;160.77;48;6.13;2023-12-23;ATIVO
8519;7167;3372.95;99.45;36;6.14;2023-04-01;INADIMPLENTE
8520;9559;17597.36;505.0;36;3.31;2024-03-25;QUITADO
8521;9143;43241.48;913.75;48;1.43;2024-04-13;QUITADO
8522;1807;2558.21;224.95;12;5.52;2024-05-27;QUITADO
8523;6585;4491.81;403.66;12;7.84;2022-04-23;INADIMPLENTE
8524;8445;4673.44;206.27;24;5.93;2021-06-22;QUITADO
8525;9356;6770.84;387.71;18;3.07;2022-04-04;ATIVO
8526;5677;43125.11;910.21;48;1.31;2024-10-16;ATIVO
8527;7883;45679.87;1928.83;24;1.34;2024-08-12;QUITADO
8528;1911;5153.6;913.99;6;6.41;2023-11-15;ATIVO
8529;7298;3045.88;66.62;48;4.98;2023-08-17;INADIMPLENTE
8530;9409;24925.42;2102.46;12;1.22;2021-08-03;QUITADO
8531;1881;5138.53;292.78;18;2.56;2022-01-04;ATIVO
8532;7884;1304.71;111.9;12;2.92;2022-08-08;ATIVO
8533;2558;4152.86;178.85;24;3.36;2024-01-06;QUITADO
8534;120;3064.19;275.06;12;7.72;2022-08-28;QUITADO
8535;3948;7628.8;1338.85;6;5.3;2022-10-12;INADIMPLENTE
8536;9313;7823.76;676.82;12;3.81;2021-08-17;INADIMPLENTE
8537;1642;3698.74;164.75;24;6.9;2021-01-10;INADIMPLENTE
8538;5401;7485.35;334.31;24;7.19;2021-04-01;INADIMPLENTE
8539;3186;3335.71;144.41;24;3.9;2022-10-12;ATIVO
8540;3100;5162.62;151.69;36;5.78;2024-10-19;ATIVO
8541;4994;2828.25;61.41;48;4.22;2023-01-27;INADIMPLENTE
8542;3460;21223.99;1793.25;12;1.39;2024-03-26;QUITADO
8543;2940;6634.9;385.12;18;4.48;2024-12-09;INADIMPLENTE
8544;145;1788.6;38.3;48;2.78;2022-09-08;QUITADO
8545;4501;12894.13;2212.2;6;2.94;2024-11-12;ATIVO
8546;2031;11910.96;506.07;24;1.97;2022-02-01;ATIVO
8547;9983;18198.1;388.79;48;2.55;2022-06-04;QUITADO
8548;1896;19020.97;810.37;24;2.25;2024-05-19;ATIVO
8549;2129;4423.81;262.73;18;6.9;2022-08-26;ATIVO
8550;6227;8434.74;1443.89;6;2.71;2021-10-09;QUITADO
8551;7982;3533.2;208.5;18;6.22;2022-04-07;ATIVO
8552;8806;4669.2;405.91;12;4.32;2021-06-07;INADIMPLENTE
8553;9121;18775.69;3197.81;6;2.19;2023-09-09;QUITADO
8554;7353;7190.22;1241.15;6;3.57;2024-06-19;ATIVO
8555;4969;6538.26;184.49;36;1.58;2024-11-26;QUITADO
8556;3857;3686.23;649.58;6;5.73;2021-06-05;INADIMPLENTE
8557;6022;10796.68;229.92;48;2.22;2022-04-08;QUITADO
8558;9362;2290.61;136.93;18;7.6;2022-10-15;ATIVO
8559;7079;32278.05;2712.7;12;0.85;2024-05-19;QUITADO
8560;5411;6079.01;364.61;18;7.96;2022-07-14;ATIVO
8561;1898;10651.09;914.31;12;3.01;2023-10-14;ATIVO
8562;6544;9862.27;207.91;48;1.19;2023-10-04;ATIVO
8563;373;14461.16;1241.37;12;3.01;2022-12-18;ATIVO
8564;3530;41124.73;2303.44;18;0.82;2022-04-01;QUITADO
8565;8115;1496.59;132.04;12;5.87;2024-05-03;ATIVO
8566;5787;5549.88;121.52;48;5.1;2024-12-27;INADIMPLENTE
8567;4278;9422.39;404.81;24;3.11;2023-07-05;QUITADO
8568;9320;7325.91;1250.17;6;2.39;2021-03-12;QUITADO
8569;903;1925.83;42.93;48;7.0;2022-10-15;ATIVO
8570;7426;7308.47;160.91;48;5.68;2024-07-18;QUITADO
8571;7360;3378.42;605.41;6;7.52;2024-08-28;QUITADO
8572;658;17313.94;1470.82;12;1.94;2022-03-21;QUITADO
8573;7688;1009.72;90.87;12;7.99;2022-06-03;ATIVO
8574;1025;1134.01;66.54;18;5.62;2021-07-10;QUITADO
8575;1567;6009.38;537.04;12;7.24;2024-06-15;QUITADO
8576;6150;3618.07;632.68;6;4.92;2024-08-06;QUITADO
8577;3475;7107.27;155.09;48;4.74;2021-11-17;ATIVO
8578;2989;16899.21;1428.97;12;1.47;2023-05-04;ATIVO
8579;208;7498.43;319.0;24;2.1;2023-12-17;QUITADO
8580;5182;9542.43;539.78;18;1.82;2023-10-12;ATIVO
8581;6132;7707.79;324.79;24;1.13;2021-05-20;QUITADO
8582;1916;7343.09;1281.0;6;4.67;2021-06-13;ATIVO
8583;1972;2411.87;424.97;6;5.72;2024-05-04;QUITADO
8584;6360;6154.29;129.57;48;1.06;2021-05-04;ATIVO
8585;1067;14839.79;1256.68;12;1.62;2022-11-02;QUITADO
8586;7984;4330.65;380.23;12;5.36;2024-10-18;QUITADO
8587;2323;12409.69;528.24;24;2.16;2021-09-16;ATIVO
8588;7728;5738.72;163.22;36;2.39;2023-08-29;ATIVO
8589;9682;8266.08;470.52;18;2.46;2021-01-01;ATIVO
8590;2927;6655.57;282.22;24;1.77;2021-09-06;ATIVO
8591;8723;3175.11;270.07;12;2.07;2023-07-15;ATIVO
8592;5010;7085.55;618.39;12;4.73;2023-12-25;QUITADO
8593;9749;4104.18;234.37;18;2.79;2024-08-13;QUITADO
8594;3355;48385.01;4086.11;12;1.34;2024-03-13;ATIVO
8595;6341;13684.92;581.32;24;1.95;2023-01-12;ATIVO
8596;7304;3907.06;228.45;18;5.25;2022-11-30;ATIVO
8597;7639;2438.43;216.47;12;6.53;2022-09-17;ATIVO
8598;3352;7764.86;228.91;36;6.13;2022-05-21;INADIMPLENTE
8599;2870;3209.37;189.39;18;6.22;2022-11-06;QUITADO
8600;4447;5425.27;118.19;48;4.57;2021-12-14;ATIVO
8601;1456;868.21;25.16;36;4.32;2022-06-21;QUITADO
8602;2778;7302.18;415.33;18;2.38;2023-10-11;ATIVO
8603;9668;21112.29;446.04;48;1.41;2024-12-01;QUITADO
8604;9310;5461.76;118.79;48;4.4;2021-01-23;ATIVO
8605;5570;4716.46;102.0;48;3.81;2023-08-18;ATIVO
8606;7261;14133.44;401.51;36;2.27;2021-12-03;ATIVO
8607;1211;2186.3;187.97;12;3.17;2023-11-14;ATIVO
8608;2440;7285.25;643.11;12;5.93;2023-11-30;QUITADO
8609;339;6884.67;403.63;18;5.53;2024-11-13;ATIVO
8610;4396;2535.65;55.91;48;5.83;2022-06-30;INADIMPLENTE
8611;681;3497.62;99.05;36;1.95;2024-06-23;QUITADO
8612;25;9856.82;211.26;48;2.88;2022-05-07;ATIVO
8613;824;2830.49;249.96;12;5.97;2022-07-29;QUITADO
8614;4115;5114.68;294.86;18;3.77;2024-01-02;ATIVO
8615;1280;6729.32;288.88;24;3.03;2023-11-22;QUITADO
8616;1060;5769.56;127.24;48;5.86;2024-06-23;ATIVO
8617;9170;30108.63;847.22;36;1.3;2021-04-06;ATIVO
8618;2232;9576.2;818.61;12;2.58;2022-06-07;QUITADO
8619;7679;1805.74;162.1;12;7.72;2022-09-22;ATIVO
8620;5535;25940.74;4371.45;6;1.11;2022-12-20;ATIVO
8621;1311;9665.97;412.37;24;2.39;2024-01-05;ATIVO
8622;4684;7169.34;1241.25;6;3.88;2023-04-07;ATIVO
8623;5307;38324.95;3222.81;12;0.91;2023-02-14;ATIVO
8624;6160;43013.48;3636.43;12;1.45;2023-12-17;ATIVO
8625;1877;13886.98;781.61;18;1.31;2021-02-11;ATIVO
8626;8780;19645.81;3369.26;6;2.9;2024-03-11;ATIVO
8627;5234;1380.26;61.31;24;6.61;2023-05-01;INADIMPLENTE
8628;4308;14648.19;630.06;24;3.23;2021-12-14;ATIVO
8629;9852;5557.47;242.91;24;4.9;2024-06-18;QUITADO
8630;532;28522.45;802.67;36;1.31;2024-08-09;ATIVO
8631;1756;26578.34;1121.94;24;1.31;2021-12-19;ATIVO
8632;2609;2443.94;210.53;12;3.37;2022-01-04;ATIVO
8633;9991;11820.46;251.48;48;2.12;2024-07-14;ATIVO
8634;1565;5895.03;250.19;24;1.86;2024-08-28;ATIVO
8635;348;18639.49;803.44;24;3.45;2023-06-21;QUITADO
8636;4545;14051.99;2379.0;6;1.58;2023-03-15;ATIVO
8637;4004;2748.04;157.52;18;3.18;2023-11-29;ATIVO
8638;7282;21168.83;595.49;36;1.27;2021-10-16;QUITADO
8639;1045;4525.83;99.0;48;5.0;2021-12-20;ATIVO
8640;9499;6993.51;593.75;12;1.88;2024-05-08;QUITADO
8641;5815;49148.88;8285.68;6;1.15;2024-06-24;QUITADO
8642;1148;6188.49;538.14;12;4.35;2023-06-24;QUITADO
8643;4504;3058.39;266.54;12;4.58;2022-08-09;ATIVO
8644;6699;17567.49;2999.94;6;2.46;2021-05-15;QUITADO
8645;2057;19161.0;1613.36;12;1.04;2022-01-06;ATIVO
8646;2395;4680.29;140.11;36;7.77;2022-11-14;ATIVO
8647;6687;2749.5;77.65;36;1.67;2021-01-04;ATIVO
8648;9481;695.07;30.56;24;5.53;2023-08-25;ATIVO
8649;6073;7813.57;231.02;36;6.44;2022-02-09;QUITADO
8650;1589;1377.27;246.12;6;7.22;2023-03-13;ATIVO
8651;2397;6656.98;573.06;12;3.3;2024-02-08;QUITADO
8652;5150;23011.15;1290.41;18;0.94;2021-11-27;QUITADO
8653;6244;19766.67;1683.46;12;2.2;2023-01-09;ATIVO
8654;5674;5707.74;124.38;48;4.6;2021-12-25;QUITADO
8655;9029;1164.1;207.93;6;7.17;2021-11-25;QUITADO
8656;8707;2749.33;120.31;24;5.02;2023-07-13;ATIVO
8657;519;6918.67;1210.42;6;4.97;2022-08-22;ATIVO
8658;2934;5513.94;325.05;18;6.11;2024-03-15;QUITADO
8659;7046;15374.93;660.03;24;3.03;2021-03-28;INADIMPLENTE
8660;4586;5771.61;251.43;24;4.55;2021-01-04;QUITADO
8661;9758;11124.32;236.9;48;2.22;2021-09-15;QUITADO
8662;6873;1971.33;345.51;6;5.16;2021-05-18;ATIVO
8663;7449;16230.63;1397.19;12;3.3;2022-11-07;ATIVO
8664;4228;3412.64;298.26;12;4.88;2023-03-23;ATIVO
8665;9654;12705.48;364.4;36;3.25;2024-11-06;ATIVO
8666;9771;7795.92;347.96;24;7.12;2023-10-23;ATIVO
8667;5727;3645.18;213.55;18;5.45;2024-10-02;ATIVO
8668;7633;6879.13;195.14;36;2.12;2023-11-06;ATIVO
8669;1242;6366.11;268.99;24;1.41;2022-02-02;ATIVO
8670;8514;6379.89;284.12;24;6.88;2022-01-31;QUITADO
8671;526;5253.19;232.1;24;6.04;2024-12-24;ATIVO
8672;9255;2560.65;76.13;36;7.03;2022-08-27;ATIVO
8673;811;12586.71;1067.67;12;1.79;2021-06-06;INADIMPLENTE
8674;5320;6721.31;387.97;18;3.9;2023-07-05;QUITADO
8675;1167;2093.59;45.66;48;4.68;2022-11-30;ATIVO
8676;9321;12438.97;526.58;24;1.6;2024-01-14;QUITADO
8677;3271;2135.32;61.27;36;3.3;2022-03-01;ATIVO
8678;6366;1507.93;265.8;6;5.76;2021-07-13;ATIVO
8679;2189;638.91;18.48;36;4.12;2021-11-06;ATIVO
8680;6150;5113.92;454.93;12;6.75;2024-04-18;ATIVO
8681;2282;7789.53;1387.96;6;6.91;2021-08-03;QUITADO
8682;3905;5116.05;107.71;48;1.06;2024-10-19;ATIVO
8683;7794;5162.59;309.44;18;7.89;2023-10-01;ATIVO
8684;6940;2493.89;71.68;36;3.47;2021-05-05;QUITADO
8685;7547;48967.5;1378.03;36;1.31;2021-03-12;ATIVO
8686;1586;785.91;17.65;48;7.78;2021-03-05;QUITADO
8687;3141;19475.99;411.88;48;1.51;2024-11-28;QUITADO
8688;108;3650.22;637.09;6;4.72;2021-06-12;QUITADO
8689;2851;15607.02;2682.07;6;3.11;2022-07-16;QUITADO
8690;1598;2301.87;400.72;6;4.45;2023-01-03;ATIVO
8691;3813;13821.34;2330.05;6;1.15;2021-08-09;QUITADO
8692;8937;19729.3;1115.14;18;1.74;2024-03-22;QUITADO
8693;6055;12995.8;276.59;48;2.16;2024-08-17;QUITADO
8694;7545;4834.44;107.06;48;6.3;2023-08-29;QUITADO
8695;692;48593.27;1366.28;36;1.22;2023-02-16;QUITADO
8696;8994;49678.65;1399.14;36;1.39;2024-09-09;ATIVO
8697;8619;6982.13;603.43;12;3.71;2023-02-16;INADIMPLENTE
8698;8613;27054.72;1138.55;24;1.0;2022-10-12;QUITADO
8699;9597;4767.37;856.46;6;7.79;2023-01-25;ATIVO
8700;9816;6749.95;145.49;48;3.46;2022-02-22;INADIMPLENTE
8701;3666;6127.64;172.51;36;1.35;2021-02-25;QUITADO
8702;6864;19753.96;850.08;24;3.28;2023-12-01;ATIVO
8703;3935;6172.42;355.12;18;3.56;2024-09-17;ATIVO
8704;1121;15095.99;2564.56;6;1.93;2024-07-02;QUITADO
8705;9174;2076.59;121.4;18;5.23;2023-01-16;ATIVO
8706;4232;19677.89;421.27;48;2.76;2022-07-01;QUITADO
8707;9125;4196.76;376.06;12;7.53;2021-05-01;ATIVO
8708;2875;12084.42;2044.48;6;1.51;2021-08-27;INADIMPLENTE
8709;1983;3010.77;65.97;48;5.17;2021-03-01;ATIVO
8710;9973;13058.01;733.06;18;1.05;2023-06-04;ATIVO
8711;2342;46717.99;986.14;48;1.32;2024-02-23;ATIVO
8712;3263;43630.65;919.7;48;1.18;2024-11-10;ATIVO
8713;867;11250.51;644.65;18;3.14;2024-05-05;ATIVO
8714;6983;6029.84;343.33;18;2.49;2024-02-04;ATIVO
8715;4284;19870.77;1119.61;18;1.42;2021-07-19;QUITADO
8716;662;11833.24;1014.4;12;2.87;2021-11-30;ATIVO
8717;9477;736.92;43.7;18;6.73;2024-07-31;QUITADO
8718;4709;39052.36;825.14;48;1.42;2022-08-16;ATIVO
8719;5150;46024.7;1289.59;36;0.87;2022-02-24;QUITADO
8720;934;11769.32;250.69;48;2.24;2021-01-04;ATIVO
8721;756;5329.6;154.8;36;4.56;2021-05-31;ATIVO
8722;9769;6607.42;293.53;24;6.62;2023-10-17;ATIVO
8723;9319;1504.55;32.09;48;2.38;2023-01-08;QUITADO
8724;8786;49202.95;2758.37;18;0.91;2024-10-17;QUITADO
8725;8503;7821.34;229.8;36;5.77;2021-03-29;ATIVO
8726;5077;7966.36;231.64;36;4.68;2022-06-18;QUITADO
8727;4986;605.08;17.51;36;4.15;2024-10-18;INADIMPLENTE
8728;2205;12152.44;1041.26;12;2.82;2022-10-31;ATIVO
8729;2387;15966.79;342.79;48;3.05;2022-10-27;ATIVO
8730;8124;40584.54;1140.2;36;1.14;2024-01-20;ATIVO
8731;1348;10086.9;853.94;12;1.59;2023-07-16;QUITADO
8732;9322;15278.94;1304.31;12;2.44;2021-04-16;ATIVO
8733;4888;4638.33;135.49;36;5.16;2023-04-19;ATIVO
8734;3138;5658.33;166.68;36;6.05;2022-12-28;ATIVO
8735;1651;2169.45;122.83;18;1.91;2023-12-02;QUITADO
8736;7954;29804.76;2511.55;12;1.12;2022-06-09;ATIVO
8737;2947;5921.05;354.9;18;7.89;2024-11-16;QUITADO
8738;5111;46589.02;7862.67;6;1.26;2022-10-17;QUITADO
8739;1744;8235.35;1384.09;6;0.84;2022-05-13;ATIVO
8740;1327;14480.21;2483.84;6;2.92;2023-10-10;ATIVO
8741;7702;517.66;30.9;18;7.45;2023-11-21;ATIVO
8742;7144;6783.98;145.77;48;3.14;2021-08-12;QUITADO
8743;2730;6282.2;139.73;48;6.76;2021-10-04;ATIVO
8744;1176;13643.39;389.82;36;2.86;2021-08-01;QUITADO
8745;722;14777.58;833.46;18;1.52;2024-10-21;QUITADO
8746;2941;2887.45;252.56;12;4.96;2024-12-04;INADIMPLENTE
8747;2876;3776.05;215.32;18;2.64;2023-06-03;QUITADO
8748;4581;2516.98;217.82;12;3.85;2024-09-20;INADIMPLENTE
8749;2850;15499.93;333.96;48;3.42;2024-03-01;ATIVO
8750;1130;959.34;169.39;6;5.94;2024-06-07;ATIVO
8751;7907;1469.02;85.17;18;4.36;2021-10-26;QUITADO
8752;8577;1309.04;57.9;24;6.15;2021-08-13;ATIVO
8753;4410;17811.61;1006.55;18;1.72;2023-11-21;ATIVO
8754;3523;3993.45;86.06;48;3.44;2021-03-19;ATIVO
8755;9122;15239.68;1304.26;12;2.7;2024-10-18;ATIVO
8756;9982;1072.97;188.4;6;5.35;2023-03-06;INADIMPLENTE
8757;1622;3596.98;80.32;48;7.18;2024-02-29;QUITADO
8758;1565;2672.8;56.85;48;2.1;2024-07-28;QUITADO
8759;4938;2463.31;208.6;12;1.62;2024-12-24;ATIVO
8760;3550;7828.45;1362.54;6;4.43;2021-09-09;QUITADO
8761;2853;4847.78;212.88;24;5.39;2022-11-22;QUITADO
8762;5148;12887.26;555.55;24;3.46;2024-08-25;QUITADO
8763;26;5669.01;483.9;12;2.43;2024-01-29;QUITADO
8764;2522;6491.12;577.55;12;6.77;2023-03-07;ATIVO
8765;1852;1245.81;109.81;12;5.77;2022-09-22;ATIVO
8766;9798;7181.96;627.04;12;4.77;2023-11-01;ATIVO
8767;2797;4150.0;89.57;48;3.6;2024-05-19;ATIVO
8768;9085;19120.19;1613.27;12;1.25;2023-11-16;ATIVO
8769;9590;43683.24;1228.83;36;1.27;2024-08-05;ATIVO
8770;3214;5975.9;343.81;18;3.56;2021-01-16;INADIMPLENTE
8771;7681;7276.67;161.1;48;6.27;2022-07-08;ATIVO
8772;5020;13180.47;559.18;24;1.82;2024-01-18;ATIVO
8773;6283;1643.03;71.57;24;4.54;2023-10-05;QUITADO
8774;8195;1499.3;42.42;36;1.86;2023-10-02;ATIVO
8775;6256;2650.15;460.82;6;4.33;2021-04-14;QUITADO
8776;8211;8080.95;1389.52;6;3.17;2022-12-18;QUITADO
8777;8956;7288.8;216.32;36;6.84;2023-11-09;INADIMPLENTE
8778;6408;15241.98;2616.54;6;3.0;2023-02-04;QUITADO
8779;4462;1183.07;69.03;18;5.03;2024-04-29;INADIMPLENTE
8780;5004;19518.68;1108.34;18;2.21;2021-12-09;QUITADO
8781;1445;2419.89;53.59;48;6.3;2022-10-13;ATIVO
8782;6196;9321.27;783.76;12;0.9;2021-09-20;QUITADO
8783;2372;3689.46;105.15;36;2.6;2023-09-10;QUITADO
8784;4537;5524.98;165.24;36;7.67;2024-01-01;ATIVO
8785;9287;1715.78;148.37;12;3.77;2024-06-18;ATIVO
8786;8995;7468.84;646.3;12;3.84;2023-02-26;ATIVO
8787;9826;3020.99;64.28;48;2.13;2022-05-15;ATIVO
8788;876;1592.07;94.41;18;6.74;2024-07-04;ATIVO
8789;6865;10322.19;1757.7;6;2.17;2022-05-16;ATIVO
8790;1301;3221.73;139.58;24;3.98;2021-10-08;INADIMPLENTE
8791;1468;5315.57;455.99;12;2.94;2021-05-04;ATIVO
8792;9250;17628.24;2979.76;6;1.42;2022-03-26;ATIVO
8793;8825;10200.56;856.93;12;0.81;2021-05-15;QUITADO
8794;7323;6744.98;382.44;18;2.06;2022-01-14;ATIVO
8795;763;2362.51;51.13;48;3.88;2023-09-07;ATIVO
8796;4460;7061.95;1244.79;6;5.76;2023-01-31;ATIVO
8797;1097;45875.55;3862.72;12;1.04;2021-09-30;QUITADO
8798;4050;19349.8;3330.75;6;3.28;2024-09-14;QUITADO
8799;2051;898.05;51.92;18;4.07;2024-02-28;ATIVO
8800;280;12836.05;273.92;48;2.43;2023-08-27;ATIVO
8801;6973;6020.23;177.7;36;6.26;2023-07-11;QUITADO
8802;1866;7679.2;164.61;48;2.89;2024-04-26;ATIVO
8803;8700;6348.32;1115.82;6;5.46;2021-05-11;ATIVO
8804;8892;615.63;26.79;24;4.45;2024-11-16;ATIVO
8805;9033;6509.18;185.1;36;2.37;2023-02-18;ATIVO
8806;8024;5754.35;126.51;48;5.53;2023-04-06;QUITADO
8807;3036;11730.0;331.96;36;1.88;2021-02-23;ATIVO
8808;9045;9414.96;1622.35;6;3.39;2024-06-15;ATIVO
8809;3648;10482.95;1803.59;6;3.23;2024-09-09;QUITADO
8810;2540;7767.43;669.29;12;3.4;2021-09-20;ATIVO
8811;8137;995.37;43.01;24;3.7;2021-01-17;ATIVO
8812;7256;1567.92;34.88;48;6.79;2023-01-27;ATIVO
8813;444;14774.55;1272.58;12;3.36;2024-08-22;ATIVO
8814;2367;1537.29;45.58;36;6.73;2021-06-25;INADIMPLENTE
8815;8046;5413.69;930.43;6;3.12;2023-04-13;QUITADO
8816;5139;19049.89;819.86;24;3.29;2023-04-12;QUITADO
8817;4369;12807.64;274.78;48;2.98;2023-08-24;ATIVO
8818;1420;18832.82;792.7;24;1.02;2024-04-07;ATIVO
8819;3095;10267.02;1753.44;6;2.47;2024-05-21;QUITADO
8820;2968;41319.09;1164.97;36;1.5;2022-11-08;QUITADO
8821;8923;6438.55;1154.0;6;7.54;2023-01-28;INADIMPLENTE
8822;3758;7269.63;640.45;12;5.72;2022-05-07;ATIVO
8823;5768;18356.58;785.28;24;2.67;2021-08-29;ATIVO
8824;1257;8010.02;227.26;36;2.14;2023-04-01;ATIVO
8825;1916;3517.58;303.54;12;3.55;2022-03-07;ATIVO
8826;6248;4377.2;248.8;18;2.31;2022-11-26;QUITADO
8827;1357;11216.78;642.41;18;3.09;2024-12-27;QUITADO
8828;9122;12034.41;1025.43;12;2.25;2023-07-03;QUITADO
8829;6977;17651.91;370.87;48;0.85;2024-02-04;QUITADO
8830;9604;17421.98;495.99;36;2.49;2024-10-04;QUITADO
8831;9704;13276.57;561.76;24;1.55;2024-07-08;INADIMPLENTE
8832;9584;7167.29;309.96;24;3.79;2023-12-19;INADIMPLENTE
8833;1720;2801.07;488.6;6;4.66;2021-05-04;INADIMPLENTE
8834;8462;10259.6;580.29;18;1.81;2023-11-09;ATIVO
8835;3333;1774.89;104.73;18;6.21;2022-04-19;QUITADO
8836;8874;42159.12;1776.13;24;1.11;2023-03-10;QUITADO
8837;8774;1991.04;113.22;18;2.36;2024-01-09;ATIVO
8838;6154;15930.51;341.88;48;3.01;2023-07-29;QUITADO
8839;9588;4539.25;787.03;6;4.03;2023-04-14;INADIMPLENTE
8840;4625;12595.82;529.29;24;0.85;2023-06-22;ATIVO
8841;6910;6621.1;283.58;24;2.79;2023-08-08;QUITADO
8842;6569;3632.16;105.74;36;4.8;2022-08-21;ATIVO
8843;1888;1440.7;126.29;12;5.19;2024-11-17;INADIMPLENTE
8844;5079;5316.64;119.56;48;7.94;2021-07-29;QUITADO
8845;3004;6721.48;198.62;36;6.38;2021-08-03;QUITADO
8846;1011;10414.65;590.97;18;2.14;2021-09-05;ATIVO
8847;4855;6433.55;383.12;18;7.19;2024-07-09;ATIVO
8848;7748;5247.0;311.76;18;6.95;2024-09-17;QUITADO
8849;3467;9678.67;1651.5;6;2.38;2023-08-01;QUITADO
8850;6495;5893.87;260.83;24;6.21;2023-06-25;ATIVO
8851;4657;16816.06;360.07;48;2.78;2024-08-03;ATIVO
8852;3214;7765.33;1361.26;6;5.18;2021-02-10;INADIMPLENTE
8853;1400;1968.8;113.56;18;3.82;2021-08-02;QUITADO
8854;4848;1790.66;103.64;18;4.18;2024-04-18;ATIVO
8855;3957;5287.36;153.17;36;4.29;2024-07-06;QUITADO
8856;7258;8256.05;176.49;48;2.61;2021-09-18;QUITADO
8857;5799;3250.46;189.0;18;4.66;2024-08-15;INADIMPLENTE
8858;7481;4089.08;704.21;6;3.33;2023-10-18;QUITADO
8859;4909;13058.43;743.17;18;2.44;2023-06-02;QUITADO
8860;771;18538.93;788.99;24;2.14;2022-09-23;QUITADO
8861;9002;15426.69;332.09;48;3.33;2022-07-07;ATIVO
8862;5857;18851.19;528.62;36;0.95;2021-10-04;ATIVO
8863;6098;1449.75;124.51;12;3.06;2021-04-16;QUITADO
8864;1931;526.46;30.63;18;4.74;2024-03-15;QUITADO
8865;7509;3932.07;172.57;24;5.33;2022-11-29;ATIVO
8866;6046;2172.32;46.08;48;1.81;2021-08-07;ATIVO
8867;7391;10757.41;461.45;24;2.95;2021-04-07;ATIVO
8868;7573;3885.62;344.2;12;6.3;2023-06-19;QUITADO
8869;8254;1637.44;46.32;36;1.84;2022-05-04;QUITADO
8870;5926;19510.61;420.62;48;3.48;2024-03-19;QUITADO
8871;8833;5905.04;172.3;36;5.04;2022-02-04;QUITADO
8872;610;944.07;21.05;48;7.05;2021-01-03;INADIMPLENTE
8873;1826;7600.11;324.08;24;2.34;2024-03-09;QUITADO
8874;8471;5212.75;114.3;48;5.25;2022-11-19;INADIMPLENTE
8875;2071;10876.89;624.39;18;3.33;2024-10-03;ATIVO
8876;786;5131.0;291.33;18;2.2;2024-04-03;ATIVO
8877;2613;8248.55;174.3;48;1.43;2021-02-25;ATIVO
8878;6817;40764.28;860.81;48;1.36;2021-12-16;QUITADO
8879;499;30637.72;1287.04;24;0.82;2023-04-08;QUITADO
8880;1376;18386.41;776.21;24;1.32;2021-10-22;ATIVO
8881;2939;1898.76;110.34;18;4.6;2021-09-03;INADIMPLENTE
8882;5252;16775.63;958.91;18;2.89;2021-09-13;QUITADO
8883;1339;9982.75;854.36;12;2.7;2024-03-26;QUITADO
8884;1313;7409.15;315.88;24;2.32;2022-12-26;QUITADO
8885;3870;19037.08;404.42;48;1.97;2022-03-10;QUITADO
8886;8046;4384.6;745.67;6;2.04;2023-10-12;ATIVO
8887;2602;18139.57;1559.25;12;3.15;2021-06-11;ATIVO
8888;8648;839.38;37.44;24;7.06;2023-07-26;QUITADO
8889;2215;3724.75;158.05;24;1.84;2022-06-04;QUITADO
8890;5899;7619.85;449.91;18;6.28;2023-11-04;INADIMPLENTE
8891;1486;6004.04;265.3;24;6.05;2022-08-24;INADIMPLENTE
8892;4077;5957.16;1034.96;6;4.24;2021-06-18;ATIVO
8893;8504;8445.73;180.3;48;2.47;2024-08-06;ATIVO
8894;7198;17462.71;745.37;24;2.44;2022-03-14;ATIVO
8895;5086;39334.09;1108.24;36;1.43;2021-04-28;QUITADO
8896;4010;7868.3;661.46;12;0.88;2021-03-09;ATIVO
8897;6334;4270.36;121.95;36;2.81;2021-11-05;QUITADO
8898;7566;4472.23;267.71;18;7.75;2021-12-03;ATIVO
8899;2538;9843.69;556.72;18;1.8;2021-04-01;ATIVO
8900;2968;40804.59;6868.09;6;0.99;2023-03-26;ATIVO
8901;4583;12954.47;739.92;18;2.81;2022-07-25;QUITADO
8902;1110;32425.69;911.43;36;1.19;2022-05-28;QUITADO
8903;3209;2590.55;454.81;6;5.34;2024-12-31;ATIVO
8904;7169;2991.77;63.48;48;1.84;2023-01-21;QUITADO
8905;9392;6908.87;294.06;24;2.15;2024-04-14;QUITADO
8906;8960;13515.09;382.93;36;2.0;2023-08-19;QUITADO
8907;5315;3294.57;185.98;18;1.61;2024-10-04;QUITADO
8908;3241;15084.01;428.47;36;2.26;2021-03-13;QUITADO
8909;8869;35122.66;5913.49;6;1.02;2021-04-14;QUITADO
8910;1052;5080.38;220.51;24;4.17;2024-09-17;ATIVO
8911;211;34213.75;1926.04;18;1.33;2022-06-24;QUITADO
8912;846;12153.01;2067.83;6;2.09;2022-06-28;QUITADO
8913;7515;3986.89;693.65;6;4.39;2021-12-08;QUITADO
8914;405;23649.64;3990.09;6;1.23;2022-11-08;ATIVO
8915;1471;7106.35;601.2;12;1.52;2022-05-02;ATIVO
8916;7316;6631.41;397.04;18;7.77;2023-03-25;QUITADO
8917;5250;39722.97;1676.14;24;1.27;2021-01-20;ATIVO
8918;6858;6200.24;361.06;18;4.82;2021-06-26;ATIVO
8919;5032;12270.1;519.79;24;1.67;2022-10-18;ATIVO
8920;5685;5990.37;533.59;12;6.89;2022-01-17;ATIVO
8921;7396;10219.15;1751.73;6;2.85;2021-08-25;ATIVO
8922;595;10336.32;583.71;18;1.65;2021-08-22;ATIVO
8923;904;12452.84;1057.04;12;1.86;2024-10-27;ATIVO
8924;408;16133.8;458.96;36;2.41;2021-06-08;QUITADO
8925;2585;2683.77;235.55;12;5.32;2021-10-26;INADIMPLENTE
8926;2432;6860.65;595.1;12;4.09;2022-12-15;ATIVO
8927;7762;2429.35;70.59;36;4.61;2023-06-27;ATIVO
8928;5209;43748.19;1841.62;24;1.03;2021-06-27;ATIVO
8929;3073;8112.97;346.42;24;2.48;2021-11-28;ATIVO
8930;5890;2437.65;141.14;18;4.22;2023-12-03;INADIMPLENTE
8931;8633;28420.79;2402.27;12;1.43;2023-06-12;QUITADO
8932;3699;27484.3;771.85;36;1.1;2022-03-19;QUITADO
8933;69;5471.69;953.53;6;4.56;2023-11-19;INADIMPLENTE
8934;6915;16459.2;1397.66;12;1.9;2023-08-25;ATIVO
8935;3461;8454.94;180.58;48;2.52;2021-08-19;ATIVO
8936;9871;5258.89;460.5;12;5.08;2023-03-08;ATIVO
8937;5533;23261.56;489.9;48;1.09;2023-11-27;QUITADO
8938;596;18946.64;801.68;24;1.55;2024-04-20;QUITADO
8939;5772;7382.13;1257.91;6;2.24;2021-02-21;QUITADO
8940;6672;6586.75;284.66;24;3.72;2023-01-17;QUITADO
8941;7031;14077.1;591.3;24;0.81;2024-09-11;QUITADO
8942;1888;2606.85;465.58;6;7.16;2024-06-21;QUITADO
8943;1193;1677.42;142.32;12;1.81;2023-07-16;ATIVO
8944;1586;2486.48;55.48;48;7.11;2021-08-17;INADIMPLENTE
8945;1940;4042.04;175.95;24;4.47;2021-12-28;QUITADO
8946;3592;11806.06;336.14;36;2.5;2021-12-26;ATIVO
8947;8804;14019.53;300.13;48;2.76;2024-12-11;QUITADO
8948;20;2587.41;76.01;36;5.76;2022-11-03;ATIVO
8949;8857;27443.57;1154.69;24;0.98;2021-09-15;QUITADO
8950;4713;14849.76;1271.14;12;2.72;2023-03-21;QUITADO
8951;6956;7041.15;208.87;36;6.79;2022-03-15;ATIVO
8952;7691;6878.13;145.85;48;1.78;2023-08-24;QUITADO
8953;7354;18414.56;3125.87;6;1.85;2024-06-17;ATIVO
8954;7124;32527.32;5496.03;6;1.38;2024-07-15;QUITADO
8955;150;8912.51;1534.73;6;3.32;2024-09-23;ATIVO
8956;9091;4921.44;144.58;36;5.76;2021-03-05;ATIVO
8957;8303;30258.82;5104.66;6;1.22;2022-06-23;INADIMPLENTE
8958;2515;14353.51;602.91;24;0.81;2021-12-29;ATIVO
8959;2043;49787.48;2796.67;18;1.11;2022-11-06;QUITADO
8960;4733;4527.89;259.5;18;3.16;2024-05-18;QUITADO
8961;828;8404.46;714.52;12;2.02;2021-10-02;ATIVO
8962;4682;14506.62;621.85;24;2.88;2022-01-03;QUITADO
8963;3548;3806.38;215.42;18;1.87;2022-12-15;QUITADO
8964;9574;7081.63;1203.64;6;1.98;2023-03-15;ATIVO
8965;614;11990.91;1026.62;12;2.74;2024-03-06;ATIVO
8966;1332;9409.21;540.3;18;3.36;2021-07-17;ATIVO
8967;1066;13636.93;770.26;18;1.67;2024-12-09;QUITADO
8968;7295;6360.22;286.08;24;7.95;2021-01-09;ATIVO
8969;5100;12807.06;719.9;18;1.18;2024-04-29;QUITADO
8970;3907;17696.18;1519.95;12;3.07;2022-02-13;ATIVO
8971;6859;9095.81;194.54;48;2.66;2021-01-10;QUITADO
8972;2617;7627.79;342.52;24;7.77;2022-10-25;INADIMPLENTE
8973;769;13186.76;566.98;24;3.19;2023-03-21;ATIVO
8974;8675;18228.45;782.23;24;2.99;2021-05-15;ATIVO
8975;5279;2776.53;478.72;6;3.45;2022-03-11;ATIVO
8976;2083;1509.56;270.74;6;7.61;2023-07-18;ATIVO
8977;1966;14999.55;2545.17;6;1.81;2024-04-08;ATIVO
8978;6239;4530.03;201.38;24;6.69;2022-11-07;QUITADO
8979;6056;17347.0;747.01;24;3.35;2022-03-22;QUITADO
8980;2289;5712.95;167.34;36;5.45;2022-11-28;ATIVO
8981;257;6408.26;288.34;24;7.99;2023-07-28;QUITADO
8982;4539;7025.86;157.31;48;7.47;2023-01-09;ATIVO
8983;2099;32839.81;921.8;36;1.05;2021-06-04;QUITADO
8984;2385;12341.97;531.63;24;3.38;2024-04-13;ATIVO
8985;4113;2167.4;184.93;12;2.39;2021-10-10;QUITADO
8986;6196;17363.25;973.69;18;0.94;2024-03-17;QUITADO
8987;8022;6447.28;382.14;18;6.69;2024-11-06;QUITADO
8988;5423;2669.87;115.66;24;3.97;2024-09-27;ATIVO
8989;5345;17101.64;359.13;48;0.8;2022-05-31;QUITADO
8990;437;2725.68;490.08;6;7.88;2023-05-07;QUITADO
8991;6142;4753.11;201.63;24;1.81;2023-08-17;ATIVO
8992;4638;2536.83;148.84;18;5.61;2021-10-30;INADIMPLENTE
8993;4205;1240.74;107.85;12;4.31;2024-10-24;QUITADO
8994;1080;48517.82;8167.97;6;1.01;2024-04-24;QUITADO
8995;5726;1938.49;57.77;36;7.29;2021-07-09;ATIVO
8996;146;7054.06;156.53;48;6.51;2024-03-26;ATIVO
8997;2483;2244.31;96.91;24;3.63;2022-02-22;INADIMPLENTE
8998;7707;2949.97;511.18;6;3.97;2024-09-17;ATIVO
8999;8462;18634.16;527.19;36;1.85;2022-04-30;QUITADO
9000;9518;7211.63;206.25;36;2.96;2022-02-26;ATIVO
9001;4290;4054.66;706.59;6;4.56;2022-09-04;INADIMPLENTE
9002;8946;6020.35;350.89;18;4.91;2021-06-29;ATIVO
9003;6932;2883.7;129.57;24;7.84;2022-02-18;QUITADO
9004;7456;5817.25;523.21;12;7.93;2021-05-15;ATIVO
9005;1294;7722.78;228.77;36;6.64;2024-10-11;ATIVO
9006;9218;7746.95;348.1;24;7.84;2022-04-17;QUITADO
9007;704;1966.97;117.67;18;7.68;2022-06-19;ATIVO
9008;4410;2617.17;148.87;18;2.39;2022-06-18;QUITADO
9009;9329;2083.83;46.62;48;7.39;2024-07-21;INADIMPLENTE
9010;4448;7245.92;425.82;18;5.78;2022-09-12;ATIVO
9011;2897;16215.43;458.18;36;1.72;2024-03-16;QUITADO
9012;4349;36020.2;3045.81;12;1.47;2021-03-08;QUITADO
9013;2446;4545.53;132.94;36;5.29;2024-08-13;INADIMPLENTE
9014;8361;5943.74;350.55;18;6.16;2024-02-03;ATIVO
9015;9187;4300.76;122.91;36;2.88;2022-09-14;QUITADO
9016;8493;1388.72;40.53;36;5.06;2023-05-06;QUITADO
9017;8912;5650.18;998.95;6;6.08;2024-03-01;INADIMPLENTE
9018;5413;4356.7;773.24;6;6.49;2023-05-25;QUITADO
9019;7046;8013.8;458.52;18;2.99;2024-05-07;QUITADO
9020;5196;1300.84;76.76;18;6.22;2022-10-22;INADIMPLENTE
9021;5878;3636.72;634.12;6;4.62;2022-02-15;ATIVO
9022;4450;4379.71;190.66;24;4.48;2021-08-16;ATIVO
9023;6971;8871.21;190.49;48;3.07;2022-08-19;QUITADO
9024;3248;1113.01;199.08;6;7.32;2023-05-30;QUITADO
9025;2099;19342.28;1634.1;12;1.38;2022-04-09;QUITADO
9026;1041;1376.93;29.38;48;2.41;2024-11-22;QUITADO
9027;434;8268.51;1421.63;6;3.16;2021-09-18;QUITADO
9028;7714;5933.57;1013.65;6;2.5;2023-05-06;ATIVO
9029;7737;46148.71;2595.1;18;1.22;2022-05-06;QUITADO
9030;5634;4307.51;185.06;24;3.11;2023-12-19;QUITADO
9031;8534;12301.44;2114.41;6;3.13;2024-09-19;QUITADO
9032;9598;5163.45;229.32;24;6.59;2021-10-15;ATIVO
9033;6792;3696.38;332.49;12;7.94;2021-04-18;ATIVO
9034;4643;11537.61;981.18;12;2.05;2024-06-09;QUITADO
9035;7821;12701.36;2156.9;6;1.89;2024-08-13;INADIMPLENTE
9036;2934;3828.42;83.91;48;5.2;2023-07-16;QUITADO
9037;7307;14100.88;400.03;36;2.13;2023-02-28;ATIVO
9038;2714;10336.59;590.79;18;2.88;2021-01-30;ATIVO
9039;3148;7126.33;212.8;36;7.5;2021-10-22;QUITADO
9040;9008;3083.9;546.72;6;6.37;2023-07-17;INADIMPLENTE
9041;3128;2946.53;529.84;6;7.89;2022-06-18;INADIMPLENTE
9042;9555;9626.31;1621.55;6;1.07;2022-08-28;ATIVO
9043;6350;4561.27;101.37;48;6.68;2022-07-11;INADIMPLENTE
9044;7293;5022.54;217.06;24;3.72;2021-09-15;INADIMPLENTE
9045;2386;10058.57;576.64;18;3.19;2022-12-09;QUITADO
9046;8345;16551.97;353.04;48;2.38;2021-04-28;ATIVO
9047;9538;1167.59;103.25;12;6.12;2022-12-30;INADIMPLENTE
9048;9611;15295.78;439.2;36;3.37;2022-12-24;ATIVO
9049;2446;3565.14;78.19;48;5.27;2021-04-26;INADIMPLENTE
9050;8604;19854.01;1113.48;18;0.95;2021-11-25;ATIVO
9051;8127;10934.16;934.05;12;2.51;2021-08-26;INADIMPLENTE
9052;3988;3822.81;109.78;36;3.38;2023-05-26;ATIVO
9053;5672;2121.4;124.56;18;5.69;2022-02-20;QUITADO
9054;5437;11179.85;240.76;48;3.37;2024-10-06;QUITADO
9055;1396;12000.04;340.77;36;2.23;2023-08-07;QUITADO
9056;212;3996.03;357.88;12;7.47;2023-11-16;QUITADO
9057;2999;46902.76;987.4;48;1.05;2024-09-08;QUITADO
9058;1501;1563.19;34.55;48;6.09;2024-08-18;INADIMPLENTE
9059;2403;2523.25;112.12;24;6.64;2024-11-18;ATIVO
9060;7939;3657.0;320.99;12;5.33;2023-10-27;ATIVO
9061;9013;2459.71;420.16;6;2.49;2023-06-15;QUITADO
9062;9078;2091.36;45.82;48;5.17;2022-12-03;ATIVO
9063;2607;2996.29;265.15;12;6.19;2024-05-25;ATIVO
9064;4912;3269.77;570.63;6;4.71;2023-05-21;INADIMPLENTE
9065;2969;28461.78;1601.29;18;1.27;2023-10-27;ATIVO
9066;426;1463.5;87.0;18;7.0;2024-01-08;QUITADO
9067;9618;15854.11;2703.92;6;2.33;2024-05-27;ATIVO
9068;4009;3962.88;350.32;12;6.08;2023-12-03;ATIVO
9069;5926;14195.13;805.73;18;2.17;2021-09-06;QUITADO
9070;2556;2032.82;59.58;36;5.51;2022-09-05;ATIVO
9071;6715;1138.63;34.04;36;7.61;2024-12-14;ATIVO
9072;3225;1691.66;293.31;6;4.03;2022-12-31;INADIMPLENTE
9073;5577;5916.58;1031.85;6;4.64;2024-04-02;ATIVO
9074;1950;17010.05;1450.11;12;2.3;2022-09-30;ATIVO
9075;8634;29761.06;1677.2;18;1.44;2023-10-10;QUITADO
9076;1858;6875.52;389.69;18;2.02;2021-11-22;QUITADO
9077;3623;14143.72;303.47;48;2.99;2024-11-15;ATIVO
9078;992;7463.96;1313.53;6;5.59;2022-02-16;INADIMPLENTE
9079;6266;18497.17;787.98;24;2.24;2023-02-18;INADIMPLENTE
9080;2797;6499.1;583.29;12;7.7;2021-04-13;INADIMPLENTE
9081;9648;6420.15;144.24;48;7.84;2023-06-24;QUITADO
9082;2236;12545.54;715.37;18;2.64;2021-06-07;QUITADO
9083;6944;1008.79;172.89;6;2.83;2023-03-21;QUITADO
9084;8707;3152.27;560.42;6;6.67;2024-06-26;ATIVO
9085;4877;673.36;60.23;12;7.33;2022-04-13;QUITADO
9086;6142;16290.17;2770.96;6;2.06;2023-01-13;ATIVO
9087;1420;17237.57;363.82;48;1.31;2021-05-09;ATIVO
9088;4709;28101.83;789.58;36;1.15;2021-11-07;ATIVO
9089;4321;31439.12;1762.34;18;0.9;2021-06-30;QUITADO
9090;9215;5001.56;858.68;6;3.01;2021-01-09;INADIMPLENTE
9091;1330;14076.86;2389.78;6;1.86;2021-05-12;QUITADO
9092;6110;2779.69;119.38;24;3.07;2022-06-10;QUITADO
9093;381;6717.26;301.05;24;7.56;2021-12-28;ATIVO
9094;6829;7466.63;419.91;18;1.23;2023-01-29;QUITADO
9095;8284;2304.78;67.19;36;4.95;2022-01-20;INADIMPLENTE
9096;3713;709.36;21.01;36;6.62;2023-10-10;ATIVO
9097;3917;14342.69;814.27;18;2.19;2022-10-04;QUITADO
9098;9607;4581.39;267.76;18;5.2;2021-10-07;ATIVO
9099;5006;5405.92;464.68;12;3.15;2022-05-19;ATIVO
9100;7731;6881.58;204.54;36;7.0;2024-01-20;ATIVO
9101;5349;44794.19;1892.93;24;1.42;2022-12-03;QUITADO
9102;9004;7391.87;639.4;12;3.8;2024-12-31;ATIVO
9103;3962;1998.73;349.14;6;4.81;2024-02-20;ATIVO
9104;3286;2694.72;457.11;6;1.78;2021-08-29;QUITADO
9105;9391;867.76;19.05;48;5.4;2022-06-06;INADIMPLENTE
9106;6236;38269.88;1076.45;36;1.26;2021-03-26;ATIVO
9107;8641;13137.64;371.87;36;1.9;2022-05-13;ATIVO
9108;5694;6522.5;1122.41;6;3.25;2023-09-21;ATIVO
9109;8826;6044.65;134.2;48;6.57;2022-02-03;QUITADO
9110;4075;14647.57;310.99;48;1.91;2022-04-24;QUITADO
9111;6944;14464.79;2492.04;6;3.37;2024-12-11;ATIVO
9112;2820;7370.18;1317.42;6;7.25;2024-01-26;ATIVO
9113;9787;3885.34;666.59;6;2.94;2024-07-05;ATIVO
9114;9046;4032.45;173.4;24;3.2;2024-10-05;QUITADO
9115;4673;9242.83;782.02;12;1.53;2024-03-11;QUITADO
9116;7100;5175.09;146.38;36;1.83;2023-02-10;ATIVO
9117;4755;5260.75;154.29;36;5.58;2021-08-21;QUITADO
9118;479;13566.92;2325.6;6;2.85;2024-01-20;ATIVO
9119;9569;7467.78;666.56;12;7.11;2022-04-28;ATIVO
9120;971;11585.07;498.83;24;3.34;2024-03-28;QUITADO
9121;9308;7323.76;162.59;48;6.56;2021-10-15;QUITADO
9122;6992;13732.43;786.56;18;3.1;2023-07-11;QUITADO
9123;4010;19240.88;1082.09;18;1.23;2023-05-17;ATIVO
9124;4247;13527.76;2302.42;6;2.12;2024-05-25;INADIMPLENTE
9125;7241;1919.41;113.51;18;6.45;2023-07-14;ATIVO
9126;7021;4425.28;393.19;12;6.62;2024-04-27;QUITADO
9127;1889;5760.55;518.02;12;7.91;2022-09-20;ATIVO
9128;1708;5476.72;488.93;12;7.13;2023-10-26;ATIVO
9129;1872;19389.01;1662.61;12;2.9;2021-04-28;QUITADO
9130;7652;10022.8;567.68;18;1.95;2024-06-29;ATIVO
9131;73;7094.76;200.33;36;1.65;2021-04-01;QUITADO
9132;8632;1447.82;123.91;12;2.7;2024-06-28;ATIVO
9133;6200;6253.29;555.19;12;6.54;2023-12-04;QUITADO
9134;9346;5117.85;152.87;36;7.53;2022-11-28;QUITADO
9135;158;47784.58;8040.55;6;0.96;2021-02-20;QUITADO
9136;9822;5884.43;515.97;12;5.22;2022-03-27;QUITADO
9137;6326;28386.47;1194.01;24;0.95;2023-02-26;ATIVO
9138;8322;7079.25;610.23;12;3.44;2022-08-29;ATIVO
9139;8219;1996.87;170.7;12;2.58;2024-11-18;ATIVO
9140;9738;3419.03;99.58;36;4.85;2024-06-15;QUITADO
9141;4701;4254.13;121.3;36;2.65;2023-01-12;ATIVO
9142;4694;5934.15;131.01;48;5.97;2022-01-09;INADIMPLENTE
9143;7372;1030.69;174.44;6;1.55;2024-07-23;ATIVO
9144;4530;7276.02;161.66;48;6.65;2023-01-16;INADIMPLENTE
9145;3412;2770.53;164.0;18;6.55;2024-02-02;QUITADO
9146;4306;4184.65;374.25;12;7.32;2021-01-09;ATIVO
9147;9380;927.07;163.03;6;5.51;2024-11-16;QUITADO
9148;5029;7779.36;1373.96;6;5.97;2022-01-22;ATIVO
9149;3585;12652.76;266.95;48;1.27;2024-08-27;ATIVO
9150;2799;7235.9;205.82;36;2.4;2021-04-22;QUITADO
9151;8030;6330.29;137.29;48;4.1;2024-07-08;QUITADO
9152;1736;19928.69;1705.4;12;2.69;2024-03-21;ATIVO
9153;5584;7708.72;667.0;12;3.83;2021-12-27;QUITADO
9154;2220;2557.3;55.16;48;3.53;2021-04-17;QUITADO
9155;3922;10248.92;290.27;36;1.96;2021-05-19;ATIVO
9156;6923;11758.14;329.36;36;0.84;2023-07-19;QUITADO
9157;1888;3061.75;133.03;24;4.28;2022-11-01;ATIVO
9158;9986;44808.0;7580.02;6;1.5;2021-11-15;ATIVO
9159;830;3974.81;87.31;48;5.44;2021-04-25;ATIVO
9160;6157;5054.37;111.32;48;5.72;2022-03-10;QUITADO
9161;7542;1438.83;122.2;12;1.92;2021-11-21;ATIVO
9162;9016;9872.24;420.39;24;2.2;2023-06-14;QUITADO
9163;5231;5172.45;462.33;12;7.26;2021-08-30;INADIMPLENTE
9164;7055;27009.58;1141.49;24;1.43;2021-11-25;QUITADO
9165;8432;4950.16;279.68;18;1.7;2023-01-17;ATIVO
9166;1412;14623.66;416.98;36;2.65;2021-12-29;QUITADO
9167;1604;7602.22;336.97;24;6.38;2022-12-19;QUITADO
9168;5635;7876.93;663.5;12;1.08;2024-05-09;ATIVO
9169;7721;7197.2;206.66;36;3.37;2021-03-09;ATIVO
9170;9605;6004.74;354.05;18;6.13;2022-09-01;ATIVO
9171;289;6672.48;376.81;18;1.65;2022-03-03;QUITADO
9172;7686;3706.95;330.29;12;6.92;2023-07-15;ATIVO
9173;7469;18235.06;1565.48;12;3.02;2022-12-16;QUITADO
9174;830;7513.93;225.06;36;7.83;2022-12-26;QUITADO
9175;8399;7323.1;323.28;24;5.95;2023-06-14;INADIMPLENTE
9176;103;3185.77;69.94;48;5.38;2022-10-25;ATIVO
9177;5350;10235.91;1754.61;6;2.85;2022-10-21;ATIVO
9178;819;3551.25;205.24;18;4.03;2021-04-18;INADIMPLENTE
9179;9828;12382.46;351.83;36;2.29;2023-04-27;ATIVO
9180;5903;17421.81;3000.91;6;3.35;2021-07-23;QUITADO
9181;2123;13182.09;748.82;18;2.25;2024-06-16;QUITADO
9182;2579;19956.99;1128.35;18;1.77;2023-04-26;ATIVO
9183;6420;1052.78;89.93;12;2.51;2023-05-20;ATIVO
9184;5764;19191.12;815.78;24;2.02;2024-06-18;ATIVO
9185;8280;17113.48;485.88;36;2.21;2021-04-07;ATIVO
9186;6461;2745.53;122.44;24;7.03;2023-04-15;ATIVO
9187;9817;14159.83;304.38;48;3.18;2023-03-10;QUITADO
9188;2444;5780.92;503.37;12;4.49;2023-10-31;QUITADO
9189;5740;5870.19;1028.95;6;5.17;2023-05-06;INADIMPLENTE
9190;3038;25910.87;4357.34;6;0.9;2024-07-13;QUITADO
9191;5460;707.02;20.89;36;6.38;2021-11-20;QUITADO
9192;8616;4320.84;366.77;12;1.86;2022-04-05;ATIVO
9193;6659;12855.12;271.0;48;1.19;2022-07-31;INADIMPLENTE
9194;7028;16582.07;1409.89;12;2.03;2023-10-06;ATIVO
9195;2376;19588.19;412.41;48;1.06;2021-07-16;ATIVO
9196;8288;2702.33;121.03;24;7.49;2022-06-24;QUITADO
9197;6812;9954.54;1703.55;6;2.68;2022-10-08;ATIVO
9198;4306;1486.65;43.99;36;6.52;2022-11-05;QUITADO
9199;897;15322.05;434.34;36;2.05;2024-05-10;ATIVO
9200;843;7886.27;458.19;18;4.58;2022-04-03;INADIMPLENTE
9201;7911;19808.42;1705.17;12;3.3;2022-11-10;QUITADO
9202;3403;5455.68;160.26;36;5.75;2024-06-01;INADIMPLENTE
9203;6908;5022.09;148.32;36;6.32;2021-05-17;ATIVO
9204;9718;7601.51;432.31;18;2.37;2024-08-14;ATIVO
9205;5899;5842.3;518.07;12;6.41;2021-10-01;QUITADO
9206;9185;4051.11;89.45;48;5.98;2022-10-21;ATIVO
9207;6829;49614.29;1390.03;36;0.86;2024-11-20;ATIVO
9208;7347;4611.56;199.26;24;3.7;2024-09-28;ATIVO
9209;4225;4813.74;420.64;12;4.86;2021-05-10;ATIVO
9210;7613;6455.48;182.46;36;1.75;2023-05-17;ATIVO
9211;7771;3677.23;640.88;6;4.57;2024-03-02;ATIVO
9212;591;14641.81;2503.51;6;2.59;2022-10-07;ATIVO
9213;5447;6354.84;363.07;18;2.84;2024-05-24;ATIVO
9214;5346;5263.33;937.57;6;6.88;2024-06-20;QUITADO
9215;7619;45494.16;2559.3;18;1.26;2021-05-07;QUITADO
9216;2429;14392.15;406.02;36;1.56;2023-10-03;INADIMPLENTE
9217;133;4398.67;256.96;18;5.15;2024-10-09;ATIVO
9218;18;7794.61;168.04;48;3.48;2022-07-13;QUITADO
9219;5839;1313.09;74.29;18;1.84;2021-11-30;QUITADO
9220;2017;4316.93;248.42;18;3.58;2021-07-03;ATIVO
9221;4854;13413.52;283.39;48;1.41;2023-04-14;QUITADO
9222;4159;4777.05;208.88;24;4.94;2024-01-26;ATIVO
9223;6629;19599.42;3302.83;6;1.11;2024-12-17;QUITADO
9224;3728;1395.73;244.67;6;5.18;2024-05-26;ATIVO
9225;1323;2037.96;117.43;18;3.72;2023-07-06;ATIVO
9226;35;19646.27;843.32;24;3.02;2024-04-01;QUITADO
9227;2804;5430.26;977.27;6;7.98;2024-10-28;INADIMPLENTE
9228;7303;7311.41;320.82;24;5.31;2024-04-17;ATIVO
9229;4597;5013.83;284.26;18;2.05;2021-07-25;QUITADO
9230;5314;29388.88;823.87;36;0.92;2022-02-24;QUITADO
9231;3899;5007.1;292.66;18;5.21;2024-04-19;QUITADO
9232;2594;4535.72;405.3;12;7.23;2023-09-20;INADIMPLENTE
9233;7521;961.91;42.32;24;5.58;2024-04-09;ATIVO
9234;5382;1485.5;131.58;12;6.29;2023-05-02;INADIMPLENTE
9235;1033;13469.42;768.51;18;2.7;2023-03-07;QUITADO
9236;4132;5535.41;326.1;18;6.04;2024-05-09;QUITADO
9237;7418;7148.13;205.77;36;3.63;2024-08-13;QUITADO
9238;9072;24112.28;4055.69;6;0.92;2021-01-23;QUITADO
9239;3875;5281.0;896.36;6;1.84;2024-09-09;ATIVO
9240;4091;7421.71;429.3;18;4.12;2023-01-19;ATIVO
9241;8983;14460.94;623.57;24;3.49;2024-04-10;QUITADO
9242;7332;7636.11;330.87;24;3.99;2022-02-25;QUITADO
9243;4892;5006.76;445.06;12;6.67;2024-02-26;ATIVO
9244;395;13060.62;556.11;24;2.19;2022-02-15;ATIVO
9245;4870;7811.97;221.14;36;1.91;2024-11-24;ATIVO
9246;1806;12252.88;2102.19;6;2.94;2022-05-13;ATIVO
9247;9239;14973.95;321.19;48;2.96;2023-12-19;ATIVO
9248;8414;520.39;15.29;36;5.74;2023-11-23;ATIVO
9249;8237;15885.7;336.51;48;1.68;2024-12-14;QUITADO
9250;3279;3279.74;281.13;12;2.86;2022-04-24;ATIVO
9251;470;12591.99;270.44;48;3.09;2021-11-24;ATIVO
9252;119;1203.22;104.72;12;4.44;2021-12-07;ATIVO
9253;9841;12960.48;551.09;24;2.05;2021-01-26;ATIVO
9254;5214;17687.58;3031.65;6;2.84;2021-10-24;ATIVO
9255;7601;10218.04;290.87;36;2.48;2023-05-03;ATIVO
9256;1869;6092.59;265.48;24;4.58;2024-06-16;QUITADO
9257;8742;16991.91;363.87;48;2.79;2021-05-21;ATIVO
9258;966;7606.32;661.5;12;4.36;2021-04-14;ATIVO
9259;2671;7536.76;673.54;12;7.24;2021-04-21;ATIVO
9260;280;10862.13;231.07;48;2.11;2022-05-05;ATIVO
9261;9863;1341.62;60.03;24;7.38;2023-11-21;ATIVO
9262;7417;15787.76;2711.55;6;3.05;2023-05-01;QUITADO
9263;2790;4895.97;219.22;24;7.46;2021-08-17;ATIVO
9264;2900;1653.38;94.71;18;3.11;2021-10-17;ATIVO
9265;444;7473.48;213.49;36;2.84;2024-04-25;ATIVO
9266;6853;14362.75;303.8;48;1.53;2022-01-17;ATIVO
9267;3467;4117.19;234.5;18;2.52;2021-07-19;QUITADO
9268;9190;14423.54;410.67;36;2.5;2024-08-31;QUITADO
9269;9825;19705.97;423.51;48;3.16;2021-07-15;QUITADO
9270;1087;4191.46;243.5;18;4.57;2022-03-06;QUITADO
9271;5;2181.24;380.48;6;4.66;2022-12-01;ATIVO
9272;3662;4047.45;360.29;12;6.82;2022-11-12;ATIVO
9273;2439;5293.39;235.29;24;6.68;2022-04-03;INADIMPLENTE
9274;1318;46478.04;1303.45;36;0.96;2021-08-24;QUITADO
9275;5559;10515.84;893.58;12;1.97;2021-04-07;ATIVO
9276;6204;17693.01;1498.89;12;1.66;2024-06-09;ATIVO
9277;1087;5666.61;169.68;36;7.8;2023-05-07;ATIVO
9278;805;19986.5;854.51;24;2.61;2021-12-26;QUITADO
9279;71;8322.13;352.51;24;1.66;2021-01-18;ATIVO
9280;4674;8924.18;1528.56;6;2.77;2023-11-19;ATIVO
9281;5575;1293.27;112.21;12;4.12;2022-07-03;ATIVO
9282;1927;42789.61;898.67;48;0.81;2023-02-13;QUITADO
9283;7225;14661.65;312.69;48;2.37;2022-11-23;QUITADO
9284;2480;5048.61;432.67;12;2.84;2024-03-23;ATIVO
9285;6507;6172.67;535.38;12;4.08;2022-11-13;QUITADO
9286;8987;17219.94;2915.62;6;1.59;2022-05-07;ATIVO
9287;2786;18556.3;788.95;24;2.04;2024-01-15;ATIVO
9288;8256;7841.13;234.45;36;7.64;2022-10-31;ATIVO
9289;5233;1494.38;43.01;36;3.62;2021-06-19;ATIVO
9290;594;4449.81;132.62;36;7.29;2024-04-14;ATIVO
9291;5356;16545.96;932.55;18;1.45;2024-10-01;QUITADO
9292;9659;4879.62;109.38;48;7.6;2024-05-01;ATIVO
9293;7382;3138.51;137.94;24;5.48;2021-10-28;INADIMPLENTE
9294;2802;6226.62;368.27;18;6.46;2023-09-30;QUITADO
9295;9519;16853.07;1432.51;12;2.0;2024-10-22;ATIVO
9296;2382;16896.03;716.11;24;1.72;2022-04-18;ATIVO
9297;6081;4901.0;288.78;18;6.06;2023-02-26;ATIVO
9298;6323;17586.91;998.06;18;2.15;2022-06-14;QUITADO
9299;8898;36219.45;2032.51;18;1.01;2023-09-21;QUITADO
9300;6927;8069.93;452.9;18;1.02;2022-10-14;ATIVO
9301;538;3557.98;100.63;36;1.82;2023-11-13;ATIVO
9302;642;16147.06;920.11;18;2.57;2023-02-16;ATIVO
9303;4231;628.81;18.33;36;4.93;2024-06-04;ATIVO
9304;8391;1472.86;125.14;12;1.96;2021-06-18;QUITADO
9305;7260;30114.74;2537.92;12;1.13;2021-06-06;ATIVO
9306;3862;12323.09;1047.26;12;1.98;2023-06-14;QUITADO
9307;3610;5130.91;228.03;24;6.66;2022-11-28;ATIVO
9308;2994;2140.92;186.74;12;4.67;2023-09-26;QUITADO
9309;1592;7215.94;635.48;12;5.68;2023-06-23;INADIMPLENTE
9310;3721;49938.67;2810.99;18;1.32;2021-11-07;QUITADO
9311;6348;1366.89;79.15;18;4.23;2021-01-04;ATIVO
9312;6355;43331.45;914.47;48;1.3;2022-03-08;ATIVO
9313;7123;2860.88;162.2;18;2.05;2023-08-31;ATIVO
9314;9422;15331.19;644.55;24;0.9;2021-10-27;QUITADO
9315;6589;2731.42;472.08;6;3.7;2024-05-12;ATIVO
9316;1956;2124.01;93.52;24;5.67;2021-04-11;QUITADO
9317;3766;7338.1;310.22;24;1.46;2022-04-29;QUITADO
9318;5898;31809.23;891.63;36;0.91;2024-02-15;ATIVO
9319;5489;11555.12;495.09;24;2.83;2023-07-23;ATIVO
9320;5879;19164.81;1627.73;12;1.92;2021-07-18;INADIMPLENTE
9321;807;11088.58;318.74;36;3.48;2022-01-23;QUITADO
9322;2536;3950.3;236.69;18;7.85;2024-10-29;ATIVO
9323;9190;17958.35;1546.81;12;3.36;2023-05-01;ATIVO
9324;8274;1693.38;304.1;6;7.75;2023-12-17;ATIVO
9325;3916;6500.73;383.62;18;6.22;2021-07-24;ATIVO
9326;6795;4675.8;277.35;18;6.77;2023-11-06;INADIMPLENTE
9327;5094;5668.04;166.96;36;6.04;2024-12-25;ATIVO
9328;5836;4458.27;791.42;6;6.51;2024-05-17;QUITADO
9329;1461;1860.08;329.51;6;6.29;2023-10-15;ATIVO
9330;498;5830.85;520.79;12;7.18;2022-08-08;INADIMPLENTE
9331;2552;13207.99;560.07;24;1.77;2022-06-07;ATIVO
9332;1686;13502.44;382.12;36;1.88;2024-09-05;ATIVO
9333;9061;7064.03;608.04;12;3.29;2022-09-25;ATIVO
9334;9416;2628.44;57.16;48;4.38;2023-07-19;ATIVO
9335;8793;6264.9;278.55;24;6.71;2021-09-19;QUITADO
9336;8280;6137.38;175.17;36;2.75;2024-10-14;ATIVO
9337;1152;1889.33;169.65;12;7.75;2022-07-22;ATIVO
9338;4974;6709.66;1196.44;6;6.99;2021-02-20;ATIVO
9339;4998;8647.16;182.37;48;1.23;2023-07-31;INADIMPLENTE
9340;5332;8147.42;692.19;12;1.95;2021-10-01;ATIVO
9341;977;2205.61;48.17;48;4.82;2023-11-23;INADIMPLENTE
9342;293;13633.91;1168.09;12;2.81;2022-09-19;ATIVO
9343;3267;27622.7;774.82;36;0.98;2021-02-28;ATIVO
9344;9517;1391.24;124.81;12;7.65;2021-06-21;ATIVO
9345;2564;1752.62;78.58;24;7.6;2024-06-22;QUITADO
9346;2098;7568.26;337.89;24;7.15;2024-05-14;ATIVO
9347;8695;7243.26;408.4;18;1.49;2021-08-17;QUITADO
9348;5173;10559.3;225.79;48;2.64;2022-01-02;ATIVO
9349;4882;4093.85;232.99;18;2.44;2022-08-19;QUITADO
9350;2359;21197.87;3577.49;6;1.26;2023-06-22;QUITADO
9351;7440;12075.23;2058.22;6;2.27;2022-12-30;QUITADO
9352;6591;18214.25;1545.02;12;1.79;2021-06-24;ATIVO
9353;8828;39840.05;1674.28;24;0.86;2023-10-07;QUITADO
9354;7725;7779.94;332.3;24;2.51;2023-04-11;ATIVO
9355;3643;46136.07;7770.08;6;1.05;2024-01-01;QUITADO
9356;6279;8076.26;455.86;18;1.6;2021-02-12;ATIVO
9357;5150;26004.67;1097.94;24;1.33;2021-05-02;ATIVO
9358;2174;17440.61;1478.53;12;1.73;2021-07-19;ATIVO
9359;1780;7450.59;317.52;24;2.28;2023-01-24;ATIVO
9360;3746;7871.87;1363.28;6;3.91;2022-03-18;ATIVO
9361;1672;3582.51;104.73;36;5.24;2022-12-16;ATIVO
9362;7462;6932.85;197.28;36;2.44;2023-08-31;ATIVO
9363;9757;2275.81;136.51;18;7.97;2023-07-13;ATIVO
9364;6092;16523.81;2848.7;6;3.44;2024-11-20;ATIVO
9365;8022;6514.47;383.49;18;5.96;2023-10-27;QUITADO
9366;740;3413.05;590.69;6;3.84;2021-12-28;ATIVO
9367;222;4941.82;856.42;6;3.98;2024-01-03;QUITADO
9368;9210;23317.15;980.39;24;0.91;2021-10-02;ATIVO
9369;729;3151.03;268.26;12;2.16;2024-05-05;ATIVO
9370;6615;7506.74;166.54;48;6.49;2022-02-26;ATIVO
9371;2133;14681.62;2530.38;6;3.41;2021-11-12;ATIVO
9372;6635;2243.56;393.41;6;5.21;2023-01-14;ATIVO
9373;7282;40204.8;844.55;48;0.83;2022-08-27;QUITADO
9374;748;46970.71;990.2;48;1.19;2022-12-19;ATIVO
9375;1465;49814.83;1396.34;36;0.91;2021-11-24;ATIVO
9376;6306;17128.33;729.02;24;2.15;2022-11-21;QUITADO
9377;6388;15353.38;330.77;48;3.41;2022-07-25;ATIVO
9378;1219;5228.25;893.07;6;2.49;2023-06-05;ATIVO
9379;5936;18360.26;1032.46;18;1.22;2024-05-03;QUITADO
9380;3624;2017.6;86.92;24;3.4;2022-11-24;QUITADO
9381;8449;19981.73;1131.74;18;1.95;2021-11-21;QUITADO
9382;6471;4876.45;419.25;12;3.17;2022-06-08;QUITADO
9383;2494;3889.22;170.92;24;5.47;2021-09-15;ATIVO
9384;4815;7336.34;318.67;24;4.25;2023-03-10;ATIVO
9385;5682;2780.99;120.31;24;3.83;2024-04-19;ATIVO
9386;2107;16290.19;918.77;18;1.52;2021-12-07;QUITADO
9387;9581;2706.84;241.13;12;6.9;2024-11-18;INADIMPLENTE
9388;2658;4980.29;215.17;24;3.69;2022-06-18;QUITADO
9389;2512;1604.9;96.18;18;7.87;2024-05-22;ATIVO
9390;1264;1999.38;113.74;18;2.4;2022-04-15;QUITADO
9391;6936;5130.39;112.94;48;5.67;2023-03-27;ATIVO
9392;3940;5351.07;308.22;18;3.68;2023-11-14;ATIVO
9393;7198;18338.1;1570.05;12;2.74;2021-05-22;INADIMPLENTE
9394;4935;1881.36;106.32;18;1.72;2023-02-18;QUITADO
9395;463;15554.83;438.08;36;1.39;2024-05-19;ATIVO
9396;2750;7452.36;1306.27;6;5.17;2024-08-02;QUITADO
9397;5516;5613.88;333.06;18;6.79;2022-01-11;ATIVO
9398;6058;1200.41;209.37;6;4.65;2024-10-17;QUITADO
9399;7360;2102.57;46.8;48;6.84;2023-08-11;ATIVO
9400;9404;40502.69;854.18;48;1.23;2023-12-11;QUITADO
9401;1562;11413.13;324.42;36;2.33;2023-11-15;QUITADO
9402;1523;11018.74;234.1;48;1.98;2023-01-27;QUITADO
9403;5093;7895.27;176.85;48;7.52;2022-04-05;ATIVO
9404;5286;2905.15;63.8;48;5.42;2024-02-25;QUITADO
9405;3052;6241.46;274.42;24;5.52;2024-03-22;QUITADO
9406;9473;15463.19;661.24;24;2.63;2022-06-17;ATIVO
9407;4130;6002.38;520.71;12;4.1;2024-07-18;ATIVO
9408;3971;7876.33;174.12;48;6.11;2022-09-14;QUITADO
9409;3851;11073.74;470.31;24;1.93;2022-10-31;ATIVO
9410;5705;2418.63;106.14;24;5.32;2024-10-08;ATIVO
9411;1044;962.98;21.24;48;5.88;2023-07-17;QUITADO
9412;9732;13176.62;562.97;24;2.54;2023-09-13;ATIVO
9413;3388;6222.21;558.29;12;7.67;2021-04-27;ATIVO
9414;275;3032.85;86.79;36;3.02;2021-01-12;ATIVO
9415;572;8677.02;370.91;24;2.59;2023-12-06;ATIVO
9416;9982;7435.95;220.06;36;6.54;2022-06-20;ATIVO
9417;14;1306.4;38.17;36;5.18;2022-04-01;ATIVO
9418;34;17270.46;986.91;18;2.86;2023-04-26;ATIVO
9419;4982;13268.42;283.23;48;2.46;2024-02-27;ATIVO
9420;6086;11943.62;671.7;18;1.23;2021-12-17;ATIVO
9421;8085;45488.53;7653.45;6;0.95;2021-01-18;QUITADO
9422;6844;14835.56;424.26;36;2.95;2023-01-24;QUITADO
9423;866;5304.72;474.82;12;7.41;2022-10-14;ATIVO
9424;3882;6247.8;270.3;24;3.83;2022-12-20;ATIVO
9425;8437;3246.77;285.55;12;5.54;2021-03-27;INADIMPLENTE
9426;4586;2342.64;413.98;6;6.03;2022-03-30;QUITADO
9427;5060;650.99;38.55;18;6.58;2022-10-01;ATIVO
9428;3503;6198.27;1065.17;6;3.11;2024-06-27;QUITADO
9429;1926;1682.86;50.4;36;7.81;2024-09-06;ATIVO
9430;758;13497.7;1148.2;12;2.08;2023-05-26;ATIVO
9431;1536;4479.4;789.27;6;5.72;2023-03-05;QUITADO
9432;6948;14680.34;1255.66;12;2.64;2024-12-23;QUITADO
9433;5302;6298.75;186.85;36;6.79;2024-04-26;INADIMPLENTE
9434;6765;8188.06;1378.19;6;0.99;2023-07-24;QUITADO
9435;864;1921.99;332.66;6;3.85;2022-05-24;QUITADO
9436;5155;10206.23;293.15;36;3.4;2023-07-31;QUITADO
9437;2428;16901.54;710.36;24;0.87;2024-04-25;QUITADO
9438;3645;9839.95;208.3;48;1.61;2022-04-25;ATIVO
9439;773;7783.24;1370.37;6;5.64;2023-05-03;QUITADO
9440;3498;6459.91;288.3;24;7.11;2022-12-08;QUITADO
9441;6935;10316.43;441.54;24;2.72;2021-04-07;ATIVO
9442;5002;621.68;26.91;24;3.88;2024-07-29;ATIVO
9443;6963;34331.76;1448.09;24;1.23;2023-08-22;ATIVO
9444;1833;5072.88;106.74;48;1.0;2023-08-05;ATIVO
9445;3627;10759.05;911.02;12;1.61;2023-01-29;QUITADO
9446;2164;5667.96;251.11;24;6.33;2023-02-20;QUITADO
9447;9350;1035.1;184.33;6;6.85;2023-02-13;ATIVO
9448;7677;4449.86;256.91;18;3.92;2022-05-15;INADIMPLENTE
9449;4359;1779.28;76.45;24;3.12;2021-05-08;QUITADO
9450;223;1251.77;111.86;12;7.23;2021-10-15;ATIVO
9451;9434;3217.66;68.21;48;1.76;2023-03-22;ATIVO
9452;5929;2136.33;62.91;36;6.02;2021-03-27;QUITADO
9453;3308;17052.5;2902.9;6;2.14;2021-09-07;QUITADO
9454;7001;6741.76;201.6;36;7.65;2021-05-20;QUITADO
9455;56;4747.19;281.67;18;6.8;2024-04-19;INADIMPLENTE
9456;5984;15875.08;672.84;24;1.72;2023-06-13;QUITADO
9457;2858;18118.94;3102.26;6;2.73;2021-03-23;ATIVO
9458;3555;1324.13;39.46;36;7.27;2022-09-17;INADIMPLENTE
9459;6335;16038.16;679.35;24;1.66;2022-04-15;QUITADO
9460;4038;4689.82;104.8;48;7.26;2021-11-07;INADIMPLENTE
9461;5977;4755.65;277.76;18;5.13;2021-10-04;ATIVO
9462;9735;46268.89;2607.51;18;1.44;2023-11-05;QUITADO
9463;1986;1411.57;62.54;24;6.34;2021-10-26;ATIVO
9464;284;7236.82;313.57;24;3.99;2021-02-10;ATIVO
9465;3422;12017.01;677.02;18;1.41;2022-06-03;ATIVO
9466;1554;6400.2;190.83;36;7.34;2023-03-11;QUITADO
9467;7387;1684.64;143.38;12;2.13;2024-12-17;ATIVO
9468;8311;6041.16;131.82;48;4.74;2021-06-21;QUITADO
9469;615;13604.14;1169.84;12;3.19;2022-10-29;QUITADO
9470;3346;6004.12;172.07;36;3.17;2021-04-14;QUITADO
9471;9400;3999.54;233.28;18;4.99;2024-06-19;QUITADO
9472;1336;2965.14;265.06;12;7.27;2022-08-26;QUITADO
9473;9892;5784.8;490.65;12;1.78;2023-05-08;INADIMPLENTE
9474;7136;7736.4;673.52;12;4.47;2022-04-11;ATIVO
9475;102;9795.97;553.64;18;1.73;2022-08-12;ATIVO
9476;3343;10457.01;1786.58;6;2.51;2024-11-06;QUITADO
9477;4032;1652.25;148.47;12;7.83;2021-02-04;ATIVO
9478;1660;36059.24;1012.46;36;1.08;2024-07-29;ATIVO
9479;8544;5467.01;154.53;36;1.76;2023-05-01;QUITADO
9480;75;16802.34;716.9;24;2.4;2022-07-28;QUITADO
9481;115;7133.12;623.43;12;4.88;2023-11-12;ATIVO
9482;950;11538.15;495.13;24;2.99;2022-02-04;ATIVO
9483;8851;829.23;48.96;18;6.27;2024-06-07;QUITADO
9484;6687;1594.5;45.34;36;2.36;2023-03-03;QUITADO
9485;4493;7002.23;307.46;24;5.38;2021-12-24;INADIMPLENTE
9486;2812;737.35;65.16;12;6.05;2024-12-23;ATIVO
9487;9575;3756.21;83.14;48;6.24;2022-10-01;ATIVO
9488;5732;4986.63;111.47;48;7.3;2021-03-27;ATIVO
9489;6941;5860.78;1022.32;6;4.66;2023-04-30;QUITADO
9490;838;49895.76;2799.98;18;1.01;2022-06-11;ATIVO
9491;7892;7775.75;174.86;48;7.94;2023-10-26;QUITADO
9492;6407;14925.26;641.79;24;3.2;2022-12-06;ATIVO
9493;7822;5877.25;1034.4;6;5.6;2022-05-18;ATIVO
9494;818;7251.52;322.09;24;6.6;2021-08-16;ATIVO
9495;8904;5838.66;248.61;24;2.19;2023-10-26;INADIMPLENTE
9496;8051;2089.24;186.05;12;6.86;2023-12-04;QUITADO
9497;6618;25891.76;2188.72;12;1.44;2021-10-27;ATIVO
9498;2471;15760.16;678.8;24;3.37;2023-02-13;INADIMPLENTE
9499;3628;7087.85;151.13;48;2.35;2023-12-31;ATIVO
9500;7769;10764.05;605.42;18;1.24;2024-05-01;INADIMPLENTE
9501;6119;18033.89;761.48;24;1.34;2024-11-11;ATIVO
9502;2604;33260.51;699.93;48;1.01;2021-05-01;INADIMPLENTE
9503;2495;14861.25;315.43;48;1.88;2021-02-27;QUITADO
9504;1637;2902.38;164.16;18;1.81;2022-04-24;QUITADO
9505;1111;2947.69;86.16;36;5.23;2022-08-25;QUITADO
9506;42;46193.34;1296.62;36;1.05;2024-02-07;QUITADO
9507;4029;19591.58;1662.67;12;1.84;2022-05-25;QUITADO
9508;3038;48038.83;1010.92;48;1.01;2022-05-17;QUITADO
9509;1308;8364.35;236.85;36;1.94;2021-11-28;QUITADO
9510;8848;15709.66;451.52;36;3.47;2024-05-11;QUITADO
9511;3755;6238.84;373.74;18;7.83;2023-09-19;ATIVO
9512;7764;6762.05;144.88;48;2.84;2021-11-01;QUITADO
9513;9780;7798.96;692.09;12;6.49;2024-12-04;ATIVO
9514;905;505.43;44.76;12;6.27;2022-04-22;INADIMPLENTE
9515;8582;9867.8;423.99;24;3.12;2021-05-30;ATIVO
9516;5485;2481.78;142.12;18;3.08;2024-10-08;QUITADO
9517;3088;19445.5;3319.02;6;2.41;2022-09-29;ATIVO
9518;2099;10183.99;1721.26;6;1.41;2022-12-31;QUITADO
9519;9919;11038.22;236.86;48;3.0;2023-02-19;QUITADO
9520;535;2088.98;124.49;18;7.27;2022-05-14;ATIVO
9521;1945;4048.7;693.14;6;2.72;2021-08-20;ATIVO
9522;8854;9790.29;208.49;48;2.22;2023-04-10;ATIVO
9523;7432;4826.42;844.78;6;5.02;2023-02-10;ATIVO
9524;6441;12402.71;263.3;48;1.9;2023-01-17;QUITADO
9525;5460;7152.37;154.37;48;3.6;2024-05-25;ATIVO
9526;6772;6197.86;1104.15;6;6.89;2023-01-30;QUITADO
9527;1693;34499.15;966.46;36;0.85;2024-02-15;ATIVO
9528;1578;965.9;21.58;48;7.23;2024-03-30;INADIMPLENTE
9529;343;2711.75;485.18;6;7.35;2021-03-14;QUITADO
9530;4274;10274.31;871.43;12;1.78;2021-01-29;ATIVO
9531;3442;3019.24;89.36;36;6.55;2022-08-16;ATIVO
9532;5601;13221.6;280.38;48;1.79;2022-01-22;ATIVO
9533;4429;16850.05;480.27;36;2.61;2021-12-21;QUITADO
9534;2725;4755.75;405.31;12;2.27;2023-03-18;QUITADO
9535;5777;23773.16;2008.24;12;1.37;2024-11-24;QUITADO
9536;6283;1157.89;102.66;12;6.39;2021-06-12;QUITADO
9537;6791;9717.07;833.97;12;2.99;2024-05-07;QUITADO
9538;2061;6899.28;304.03;24;5.76;2021-06-10;ATIVO
9539;9423;6056.56;515.06;12;2.05;2023-06-04;ATIVO
9540;7871;2688.79;79.73;36;6.75;2022-03-29;INADIMPLENTE
9541;7123;8151.53;459.93;18;1.56;2023-02-21;QUITADO
9542;581;2609.66;233.78;12;7.5;2023-11-03;INADIMPLENTE
9543;9484;16840.85;361.27;48;2.97;2023-11-03;QUITADO
9544;4225;974.32;43.61;24;7.42;2022-09-08;QUITADO
9545;3768;1507.73;44.68;36;6.69;2024-05-03;QUITADO
9546;9427;7312.1;1307.04;6;7.25;2022-12-30;ATIVO
9547;5908;13476.17;767.84;18;2.56;2022-05-20;ATIVO
9548;704;4879.68;215.54;24;6.01;2022-11-20;ATIVO
9549;5324;27873.48;781.15;36;0.89;2023-09-19;ATIVO
9550;1423;4076.76;233.51;18;3.1;2022-11-15;ATIVO
9551;3075;3936.86;117.21;36;7.18;2024-02-13;QUITADO
9552;7462;11320.8;975.38;12;3.39;2022-08-13;ATIVO
9553;4955;14146.75;2409.19;6;2.18;2024-08-26;QUITADO
9554;553;11812.02;1997.41;6;1.46;2021-01-20;QUITADO
9555;4625;33628.02;942.33;36;0.88;2023-03-30;QUITADO
9556;4293;6208.01;269.09;24;4.03;2023-07-02;INADIMPLENTE
9557;257;6501.57;382.4;18;5.87;2022-03-04;QUITADO
9558;1875;42629.79;7190.22;6;1.2;2022-12-11;QUITADO
9559;1021;5149.59;226.32;24;5.48;2023-02-27;QUITADO
9560;2856;19552.93;842.16;24;3.37;2024-05-02;ATIVO
9561;7868;40323.13;3391.18;12;0.92;2024-03-06;QUITADO
9562;4253;2309.3;50.53;48;5.02;2021-01-18;QUITADO
9563;6593;5537.55;478.31;12;3.65;2024-09-02;ATIVO
9564;690;3134.35;274.41;12;5.06;2024-05-03;ATIVO
9565;2291;13516.57;287.71;48;2.17;2023-01-27;QUITADO
9566;1582;2046.09;89.77;24;5.3;2024-09-30;INADIMPLENTE
9567;1167;1291.33;76.66;18;6.86;2021-11-20;QUITADO
9568;4759;28887.57;1215.93;24;1.02;2021-03-07;ATIVO
9569;8937;19996.45;423.88;48;1.75;2021-08-28;QUITADO
9570;6581;7670.06;324.8;24;1.63;2022-05-02;ATIVO
9571;829;7931.95;679.7;12;2.83;2023-04-23;QUITADO
9572;3750;2704.88;78.25;36;4.14;2024-07-18;QUITADO
9573;9065;7401.14;418.78;18;1.85;2023-05-29;ATIVO
9574;8654;2835.99;83.59;36;6.11;2023-10-12;QUITADO
9575;9499;10036.34;431.86;24;3.27;2021-05-21;ATIVO
9576;2343;7631.91;221.62;36;4.54;2022-03-18;ATIVO
9577;3247;14229.93;403.97;36;2.2;2024-10-26;QUITADO
9578;3797;7347.42;433.21;18;6.13;2022-07-25;INADIMPLENTE
9579;7435;15654.11;1338.17;12;2.58;2022-11-09;ATIVO
9580;1876;5911.88;259.75;24;5.45;2022-03-13;INADIMPLENTE
9581;8650;6395.38;566.26;12;6.25;2024-10-10;ATIVO
9582;4701;17257.02;741.05;24;3.06;2021-06-18;ATIVO
9583;6333;501.48;14.9;36;6.95;2024-06-16;ATIVO
9584;6266;11438.43;242.54;48;1.78;2023-12-29;ATIVO
9585;3258;14369.78;410.42;36;2.82;2022-08-24;ATIVO
9586;4367;14198.22;602.3;24;1.81;2022-11-08;ATIVO
9587;1212;2166.74;46.93;48;3.96;2023-06-20;QUITADO
9588;8938;853.55;25.38;36;7.06;2023-06-20;ATIVO
9589;9472;6114.73;364.78;18;7.38;2021-03-15;ATIVO
9590;803;3316.25;98.77;36;7.22;2021-08-01;QUITADO
9591;1106;5312.38;117.96;48;6.58;2024-01-25;QUITADO
9592;9250;43486.83;1830.43;24;1.02;2023-11-27;QUITADO
9593;7516;6959.12;405.87;18;4.98;2021-06-11;INADIMPLENTE
9594;6380;16610.59;1416.61;12;2.34;2022-02-25;QUITADO
9595;394;18199.62;3084.84;6;1.7;2022-10-18;QUITADO
9596;3064;33674.75;945.42;36;1.07;2022-10-13;QUITADO
9597;8193;713.64;31.19;24;4.9;2021-09-14;QUITADO
9598;7551;6857.95;144.12;48;0.87;2024-11-20;ATIVO
9599;4669;5440.2;459.06;12;1.26;2023-04-18;ATIVO
9600;8271;5387.01;305.26;18;2.0;2021-09-08;ATIVO
9601;6450;7002.27;618.36;12;5.97;2024-05-02;QUITADO
9602;5575;3706.56;219.24;18;6.47;2023-03-29;ATIVO
9603;2707;5714.39;989.73;6;3.92;2023-06-21;QUITADO
9604;4814;5568.58;159.28;36;2.97;2023-11-22;ATIVO
9605;6455;2492.15;53.69;48;3.41;2022-08-19;INADIMPLENTE
9606;6505;13950.69;794.57;18;2.52;2022-09-23;QUITADO
9607;6359;4777.67;822.95;6;3.35;2023-08-09;QUITADO
9608;3712;6369.23;141.2;48;6.41;2023-07-13;ATIVO
9609;5669;9908.67;566.89;18;2.98;2021-09-06;ATIVO
9610;1281;2701.26;119.78;24;6.42;2022-12-11;QUITADO
9611;6181;27564.18;4658.81;6;1.41;2023-04-03;QUITADO
9612;1327;15397.6;872.45;18;1.99;2022-03-31;ATIVO
9613;462;19080.38;1641.23;12;3.22;2024-12-16;ATIVO
9614;6207;1755.4;74.88;24;2.37;2022-12-25;QUITADO
9615;9674;27754.11;1169.37;24;1.12;2023-04-08;ATIVO
9616;4251;25394.64;4292.12;6;1.41;2022-01-18;QUITADO
9617;2040;6997.73;1250.49;6;7.22;2023-07-24;QUITADO
9618;655;22180.63;936.21;24;1.3;2021-04-02;QUITADO
9619;2961;30901.06;653.17;48;1.46;2023-01-02;QUITADO
9620;601;18793.43;397.56;48;1.54;2021-10-31;QUITADO
9621;8337;19022.86;811.25;24;2.35;2023-11-17;ATIVO
9622;7861;8076.59;172.86;48;2.73;2022-03-05;QUITADO
9623;2645;6224.33;360.01;18;4.11;2023-10-14;ATIVO
9624;4442;3038.61;64.6;48;2.04;2022-06-16;ATIVO
9625;4051;5543.66;958.96;6;3.79;2024-10-13;ATIVO
9626;4462;2449.97;72.74;36;6.89;2023-06-12;QUITADO
9627;4072;4360.98;384.64;12;5.84;2022-10-14;QUITADO
9628;44;15667.31;2680.94;6;2.67;2021-01-15;QUITADO
9629;7543;1004.41;21.66;48;3.52;2024-11-06;INADIMPLENTE
9630;2008;18131.83;769.17;24;1.81;2021-08-05;ATIVO
9631;5445;14752.89;414.19;36;1.07;2021-09-07;QUITADO
9632;7296;5831.93;171.99;36;6.17;2024-07-17;QUITADO
9633;1244;4075.66;120.44;36;6.38;2021-07-14;ATIVO
9634;6003;11938.32;1019.83;12;2.51;2024-02-19;ATIVO
9635;5379;3009.91;86.27;36;3.18;2023-12-31;QUITADO
9636;1762;5029.49;885.61;6;5.65;2023-04-27;QUITADO
9637;408;2849.21;80.85;36;2.16;2021-06-01;QUITADO
9638;712;3215.3;141.46;24;5.59;2021-01-17;QUITADO
9639;368;1607.72;45.42;36;1.71;2023-06-02;ATIVO
9640;8957;5627.56;333.62;18;6.71;2021-09-14;QUITADO
9641;5196;1483.76;42.89;36;4.07;2021-06-27;ATIVO
9642;6055;14036.36;398.36;36;2.17;2022-04-06;INADIMPLENTE
9643;6763;1305.16;56.7;24;4.26;2023-06-13;ATIVO
9644;6260;15239.83;648.77;24;2.17;2023-09-29;QUITADO
9645;9269;2046.7;59.35;36;4.4;2023-08-02;INADIMPLENTE
9646;9028;11817.79;2034.63;6;3.3;2022-05-06;INADIMPLENTE
9647;1346;5848.95;127.91;48;4.97;2023-09-29;INADIMPLENTE
9648;5332;9107.79;780.61;12;2.85;2022-12-07;QUITADO
9649;4718;16116.71;678.51;24;1.04;2023-05-17;INADIMPLENTE
9650;4425;969.57;28.68;36;6.47;2021-09-19;QUITADO
9651;1020;15315.64;651.81;24;2.14;2024-07-06;ATIVO
9652;4389;1326.88;118.29;12;6.98;2024-05-05;ATIVO
9653;6344;1771.3;307.0;6;3.99;2022-11-07;INADIMPLENTE
9654;1360;5699.22;248.46;24;4.63;2021-12-19;QUITADO
9655;6862;7013.36;618.99;12;5.91;2022-08-12;ATIVO
9656;7247;6381.59;1106.67;6;4.05;2022-01-20;ATIVO
9657;9980;23101.32;485.8;48;0.94;2023-08-28;ATIVO
9658;8062;12262.36;260.88;48;2.12;2023-11-01;QUITADO
9659;4038;3843.89;84.47;48;5.48;2022-08-29;ATIVO
9660;3830;6990.77;149.08;48;2.36;2022-06-03;INADIMPLENTE
9661;6884;1361.75;60.1;24;5.92;2022-03-22;QUITADO
9662;8915;11596.77;992.78;12;2.73;2021-08-05;QUITADO
9663;8550;17991.46;1029.71;18;3.02;2023-11-11;QUITADO
9664;2622;10302.56;440.39;24;2.59;2022-07-27;QUITADO
9665;5371;18097.45;1036.98;18;3.14;2021-04-29;QUITADO
9666;656;2237.36;380.13;6;1.94;2022-03-02;QUITADO
9667;3064;34940.19;1960.92;18;1.02;2021-04-21;QUITADO
9668;446;13592.33;774.69;18;2.59;2024-11-20;ATIVO
9669;7915;30319.56;1277.09;24;1.09;2024-11-13;QUITADO
9670;9774;29548.09;1663.23;18;1.32;2022-08-24;QUITADO
9671;6846;27138.13;2287.29;12;1.14;2022-09-23;ATIVO
9672;2572;7449.81;631.19;12;1.67;2024-08-06;QUITADO
9673;4095;16880.92;362.59;48;3.1;2022-05-25;ATIVO
9674;1474;16793.34;2855.71;6;2.03;2023-05-19;ATIVO
9675;6838;3940.44;345.31;12;5.16;2024-06-05;QUITADO
9676;6309;48986.17;1378.55;36;1.31;2023-07-02;QUITADO
9677;9755;3368.32;147.93;24;5.4;2021-11-18;ATIVO
9678;160;15693.21;676.12;24;3.4;2023-10-19;ATIVO
9679;6050;17473.19;498.76;36;2.76;2022-04-23;ATIVO
9680;4800;8141.27;172.88;48;1.93;2023-09-25;ATIVO
9681;611;2835.45;498.76;6;5.54;2021-03-10;ATIVO
9682;7903;7219.95;161.52;48;7.38;2024-02-19;ATIVO
9683;1392;4890.57;852.83;6;4.63;2021-08-18;ATIVO
9684;5351;7896.88;1393.01;6;5.84;2021-01-26;QUITADO
9685;8589;7378.36;428.27;18;4.48;2021-03-14;ATIVO
9686;9003;5664.69;121.25;48;2.74;2023-11-13;ATIVO
9687;2585;6020.05;1046.69;6;4.32;2023-09-22;ATIVO
9688;6004;14867.94;1262.54;12;1.9;2021-04-19;ATIVO
9689;5346;5482.34;238.6;24;4.45;2023-03-25;ATIVO
9690;6935;18121.6;386.18;48;2.29;2023-01-07;ATIVO
9691;7375;18977.38;1072.12;18;1.69;2023-08-31;QUITADO
9692;1459;4311.58;95.03;48;5.79;2024-08-08;QUITADO
9693;9319;10993.11;313.73;36;2.74;2022-09-16;QUITADO
9694;4562;10510.84;223.79;48;2.2;2023-10-04;ATIVO
9695;1853;17708.23;758.06;24;2.74;2024-12-05;ATIVO
9696;5747;2620.74;149.47;18;2.66;2024-05-11;ATIVO
9697;6446;18430.25;520.5;36;1.67;2022-08-25;ATIVO
9698;2177;5354.8;156.75;36;5.38;2021-04-21;ATIVO
9699;715;4916.8;441.24;12;7.69;2022-04-07;ATIVO
9700;4990;4783.02;282.65;18;6.37;2021-07-17;ATIVO
9701;3706;17345.76;366.94;48;1.54;2022-02-23;ATIVO
9702;2314;6214.44;139.53;48;7.77;2023-11-25;QUITADO
9703;8533;3443.62;154.72;24;7.83;2024-01-16;INADIMPLENTE
9704;1217;19667.78;565.12;36;3.44;2023-12-12;ATIVO
9705;68;633.05;55.32;12;4.86;2022-01-19;ATIVO
9706;2337;18847.07;1082.45;18;3.38;2021-05-04;QUITADO
9707;6464;49821.74;2802.47;18;1.25;2021-10-14;ATIVO
9708;6052;2836.16;241.12;12;2.02;2021-03-22;INADIMPLENTE
9709;5861;7982.7;473.64;18;6.8;2021-07-14;QUITADO
9710;5535;15032.98;847.69;18;1.5;2021-12-31;ATIVO
9711;7475;6362.42;364.71;18;3.18;2023-09-03;ATIVO
9712;7215;2365.31;51.97;48;5.47;2024-03-12;INADIMPLENTE
9713;6512;5670.11;995.86;6;5.38;2024-01-11;ATIVO
9714;9546;7809.51;170.38;48;4.72;2024-10-24;ATIVO
9715;6103;38982.52;1095.84;36;1.2;2023-09-06;QUITADO
9716;7563;15682.68;1327.93;12;1.61;2023-12-05;ATIVO
9717;6899;4570.59;205.31;24;7.81;2021-05-24;ATIVO
9718;2178;15269.95;647.64;24;1.79;2023-04-23;QUITADO
9719;9859;1642.54;36.17;48;5.71;2022-02-06;QUITADO
9720;1087;5232.66;228.95;24;5.01;2021-05-20;ATIVO
9721;5035;14703.9;2536.18;6;3.49;2022-12-07;QUITADO
9722;266;18755.56;536.51;36;2.98;2024-07-07;ATIVO
9723;7823;17708.57;501.15;36;1.88;2024-08-05;ATIVO
9724;4349;31372.0;1763.8;18;1.2;2022-05-17;ATIVO
9725;3942;7987.4;1351.07;6;1.49;2021-03-07;QUITADO
9726;6054;7303.65;1248.19;6;2.54;2022-10-01;ATIVO
9727;225;6340.32;547.96;12;3.71;2022-07-27;ATIVO
9728;6695;13870.72;2351.32;6;1.71;2022-03-17;QUITADO
9729;9789;16318.78;1374.59;12;1.08;2023-10-03;QUITADO
9730;9721;14797.81;1249.31;12;1.31;2022-09-05;ATIVO
9731;4614;1618.28;289.08;6;7.18;2022-08-22;QUITADO
9732;197;3798.71;113.41;36;7.48;2024-03-18;ATIVO
9733;5495;17551.3;755.44;24;3.3;2021-11-29;QUITADO
9734;2310;15433.23;663.56;24;3.19;2024-05-25;QUITADO
9735;9532;13527.07;290.86;48;3.21;2022-08-26;ATIVO
9736;8407;19274.58;413.44;48;2.96;2024-06-02;QUITADO
9737;4558;1666.2;282.87;6;1.86;2023-10-11;INADIMPLENTE
9738;6518;45155.35;1265.6;36;0.9;2021-10-01;QUITADO
9739;4267;7472.4;1266.07;6;1.66;2023-09-11;QUITADO
9740;8408;7884.22;175.67;48;6.95;2023-10-02;ATIVO
9741;574;3663.73;650.8;6;6.58;2022-04-06;QUITADO
9742;9716;35934.24;755.37;48;0.9;2022-07-17;QUITADO
9743;8093;16512.92;470.94;36;2.67;2023-05-10;ATIVO
9744;2959;19502.62;1114.9;18;2.9;2021-07-08;QUITADO
9745;8187;8451.21;361.71;24;2.72;2021-07-08;ATIVO
9746;416;4131.77;180.32;24;4.74;2022-10-11;ATIVO
9747;6555;4484.66;100.6;48;7.67;2023-06-07;ATIVO
9748;2807;9281.63;797.14;12;3.06;2023-06-24;QUITADO
9749;5164;14229.64;607.84;24;2.52;2023-08-06;QUITADO
9750;6523;7131.94;308.84;24;3.93;2021-09-09;ATIVO
9751;6121;4814.17;139.48;36;4.3;2022-02-04;INADIMPLENTE
9752;3163;5417.99;161.55;36;7.34;2021-06-26;ATIVO
9753;8068;5909.85;260.33;24;5.72;2021-01-03;ATIVO
9754;7161;6140.81;272.5;24;6.5;2024-07-28;ATIVO
9755;2139;1452.18;31.33;48;3.55;2023-06-18;ATIVO
9756;4748;3679.2;325.3;12;6.1;2022-07-21;ATIVO
9757;7937;1872.79;54.56;36;4.88;2022-08-18;ATIVO
9758;5095;1001.48;172.59;6;3.4;2022-03-26;ATIVO
9759;5442;4227.34;93.56;48;6.23;2021-03-23;ATIVO
9760;2871;15878.77;902.8;18;2.34;2023-05-18;ATIVO
9761;6139;3053.65;91.22;36;7.54;2022-09-22;QUITADO
9762;5158;1157.6;34.35;36;6.82;2023-04-30;QUITADO
9763;1077;14919.09;850.31;18;2.59;2024-05-15;ATIVO
9764;3695;10244.74;585.09;18;2.8;2024-05-18;ATIVO
9765;204;5740.83;1020.91;6;6.7;2022-03-06;ATIVO
9766;6179;1559.15;69.35;24;6.75;2024-02-07;QUITADO
9767;2572;8650.54;372.05;24;3.22;2021-02-22;ATIVO
9768;1338;2052.62;121.36;18;6.42;2023-02-02;INADIMPLENTE
9769;6032;6034.17;271.21;24;7.87;2023-12-25;ATIVO
9770;1767;17313.64;983.41;18;2.24;2023-09-19;ATIVO
9771;7547;45365.68;2552.83;18;1.29;2022-03-16;QUITADO
9772;9757;1574.84;33.96;48;3.52;2023-05-08;INADIMPLENTE
9773;5995;5812.95;163.09;36;1.0;2021-08-17;QUITADO
9774;7405;1625.72;94.38;18;4.5;2023-08-02;ATIVO
9775;7326;16640.79;1401.43;12;1.06;2021-12-02;ATIVO
9776;6158;2794.32;245.43;12;5.4;2024-11-18;INADIMPLENTE
9777;3473;5981.9;1067.67;6;7.09;2024-03-17;QUITADO
9778;7798;18213.33;1032.7;18;2.06;2024-08-17;INADIMPLENTE
9779;5176;5415.87;309.28;18;2.79;2024-03-13;INADIMPLENTE
9780;5032;19187.11;813.85;24;1.8;2021-12-30;INADIMPLENTE
9781;4272;5432.66;235.75;24;4.15;2023-06-17;ATIVO
9782;1674;2010.76;58.89;36;5.43;2021-11-08;ATIVO
9783;6857;19368.85;3328.54;6;3.11;2023-09-13;QUITADO
9784;6099;956.46;85.95;12;7.83;2022-06-07;QUITADO
9785;2486;39763.87;836.86;48;1.02;2023-12-18;QUITADO
9786;7484;9142.92;1567.25;6;2.85;2024-07-12;QUITADO
9787;9892;12163.2;346.04;36;2.42;2024-05-19;QUITADO
9788;2589;5094.57;151.8;36;7.27;2022-05-16;ATIVO
9789;9201;6176.25;136.98;48;6.46;2022-04-04;ATIVO
9790;8337;12643.42;1085.33;12;3.01;2022-05-19;ATIVO
9791;6736;14764.49;420.42;36;2.51;2023-07-03;ATIVO
9792;2495;11524.4;990.52;12;3.14;2024-02-04;QUITADO
9793;9262;3489.18;103.45;36;6.74;2023-12-21;QUITADO
9794;2683;4345.44;188.61;24;4.17;2022-03-07;ATIVO
9795;1615;14678.44;418.38;36;2.61;2021-07-29;QUITADO
9796;6799;8198.97;705.93;12;3.32;2021-10-18;ATIVO
9797;3782;1705.76;36.25;48;2.0;2024-05-20;ATIVO
9798;5257;13004.37;1118.05;12;3.17;2023-09-10;ATIVO
9799;1354;10319.28;220.55;48;2.59;2024-07-17;INADIMPLENTE
9800;4930;3166.12;89.9;36;2.22;2023-12-07;QUITADO
9801;1943;18897.88;1066.16;18;1.55;2024-05-07;ATIVO
9802;7198;13670.99;1165.57;12;2.31;2022-08-16;QUITADO
9803;6487;7315.26;211.92;36;4.29;2022-12-20;QUITADO
9804;2559;22757.48;1912.39;12;0.84;2021-11-12;ATIVO
9805;6128;5233.83;459.44;12;5.34;2023-12-31;QUITADO
9806;1518;2074.98;87.91;24;1.68;2023-06-21;QUITADO
9807;6874;7856.99;230.38;36;5.56;2023-04-27;ATIVO
9808;8599;35180.99;2974.85;12;1.47;2024-12-07;ATIVO
9809;3680;1064.27;188.39;6;6.21;2024-05-31;ATIVO
9810;5306;5390.46;232.91;24;3.7;2022-06-27;QUITADO
9811;2365;27561.98;776.64;36;1.44;2024-03-10;ATIVO
9812;8825;6485.05;545.61;12;0.96;2024-11-18;ATIVO
9813;6727;821.77;36.19;24;5.69;2021-11-20;ATIVO
9814;9260;3665.43;631.98;6;3.45;2021-04-24;QUITADO
9815;8733;5590.64;319.66;18;2.92;2024-02-13;INADIMPLENTE
9816;7429;4235.73;188.17;24;6.62;2022-12-19;ATIVO
9817;776;11194.37;316.3;36;1.72;2021-08-16;ATIVO
9818;6135;6678.7;295.7;24;6.26;2021-06-16;ATIVO
9819;689;4852.4;844.72;6;4.45;2023-03-31;ATIVO
9820;8982;3232.47;140.84;24;4.57;2022-01-09;QUITADO
9821;5778;8656.16;735.99;12;2.03;2024-05-12;QUITADO
9822;385;4068.5;359.32;12;5.98;2023-03-24;INADIMPLENTE
9823;190;28552.86;4818.77;6;1.26;2021-01-24;ATIVO
9824;9997;11502.37;245.46;48;2.43;2024-12-18;QUITADO
9825;4155;2199.66;48.05;48;4.85;2024-12-29;ATIVO
9826;2616;28610.18;4829.88;6;1.29;2021-02-25;QUITADO
9827;2690;16424.1;468.36;36;2.66;2023-05-29;QUITADO
9828;2200;14048.48;299.61;48;2.37;2024-03-10;ATIVO
9829;1507;5729.54;331.74;18;4.22;2024-08-13;ATIVO
9830;5980;7916.93;176.63;48;7.09;2021-02-03;ATIVO
9831;1965;985.97;58.98;18;7.68;2024-06-16;INADIMPLENTE
9832;8675;10561.19;446.91;24;1.56;2022-04-03;QUITADO
9833;1411;5055.2;295.03;18;5.05;2022-07-14;ATIVO
9834;3018;2653.22;154.06;18;4.52;2022-04-26;ATIVO
9835;4499;42839.37;1207.71;36;1.49;2024-03-03;QUITADO
9836;2414;14600.49;622.22;24;2.28;2023-10-20;ATIVO
9837;1440;11903.57;255.28;48;2.94;2023-06-30;QUITADO
9838;9885;3840.48;327.75;12;2.41;2024-11-29;QUITADO
9839;1908;7026.91;308.69;24;5.43;2024-10-14;QUITADO
9840;1339;19810.29;1678.43;12;1.67;2022-05-01;QUITADO
9841;8172;578.58;25.98;24;7.77;2021-01-23;INADIMPLENTE
9842;4118;15728.14;333.47;48;1.77;2021-05-03;ATIVO
9843;7604;10048.82;432.14;24;3.21;2024-06-06;ATIVO
9844;1130;7196.42;316.7;24;5.62;2024-11-21;ATIVO
9845;2230;6922.89;152.92;48;6.03;2021-03-21;INADIMPLENTE
9846;2979;3057.15;175.43;18;3.29;2022-05-08;QUITADO
9847;4433;8169.45;234.28;36;3.24;2024-10-19;QUITADO
9848;8428;18682.26;526.84;36;1.52;2021-05-25;ATIVO
9849;2256;7674.32;1332.77;6;4.2;2023-10-17;ATIVO
9850;2860;1121.53;191.0;6;2.18;2023-04-05;QUITADO
9851;130;15635.55;446.13;36;2.72;2024-11-01;ATIVO
9852;3175;3109.86;89.72;36;3.86;2022-12-11;INADIMPLENTE
9853;3672;5161.83;148.2;36;3.36;2024-09-17;ATIVO
9854;8807;3729.37;210.94;18;1.81;2022-06-09;QUITADO
9855;1132;47473.51;2664.32;18;1.02;2022-01-10;QUITADO
9856;5596;3416.21;193.43;18;1.92;2024-01-03;ATIVO
9857;7348;6873.68;1185.37;6;3.47;2022-01-24;ATIVO
9858;1258;15698.68;448.02;36;2.74;2023-02-05;ATIVO
9859;6180;7324.53;324.87;24;6.45;2024-03-01;ATIVO
9860;7840;2064.57;365.43;6;6.2;2022-05-04;ATIVO
9861;6586;2876.24;84.67;36;5.98;2022-11-01;QUITADO
9862;4924;1790.25;306.34;6;2.67;2022-12-17;QUITADO
9863;3294;35321.44;1491.15;24;1.32;2024-05-09;QUITADO
9864;5893;988.74;43.32;24;5.16;2022-03-04;INADIMPLENTE
9865;9661;10038.78;1691.37;6;1.09;2021-10-15;ATIVO
9866;8107;26810.7;4520.28;6;1.16;2024-12-14;ATIVO
9867;881;34165.74;5771.73;6;1.36;2023-07-18;ATIVO
9868;9016;19648.54;422.24;48;3.15;2023-02-09;ATIVO
9869;5902;5008.47;147.61;36;6.1;2021-10-25;QUITADO
9870;3976;2854.77;82.32;36;3.81;2023-06-22;ATIVO
9871;5591;6540.13;195.3;36;7.5;2024-05-18;ATIVO
9872;7102;7165.98;319.21;24;6.91;2021-10-04;INADIMPLENTE
9873;6751;19273.67;1646.45;12;2.51;2021-01-16;ATIVO
9874;7953;1903.2;113.15;18;7.01;2021-04-26;INADIMPLENTE
9875;8514;1060.38;61.93;18;5.12;2021-04-07;ATIVO
9876;321;6982.75;203.55;36;4.94;2022-01-24;QUITADO
9877;7814;4782.17;425.81;12;6.85;2024-08-29;ATIVO
9878;5898;16820.32;354.24;48;1.09;2024-01-24;ATIVO
9879;2150;7991.14;233.27;36;5.09;2023-05-13;ATIVO
9880;2658;5099.45;148.69;36;4.97;2021-05-20;ATIVO
9881;9059;2538.66;448.37;6;5.97;2024-05-01;INADIMPLENTE
9882;9341;11328.65;487.37;24;3.25;2022-12-25;INADIMPLENTE
9883;287;9722.06;279.46;36;3.48;2022-01-18;QUITADO
9884;3674;5311.0;952.17;6;7.57;2024-11-08;ATIVO
9885;6326;16406.95;693.67;24;1.47;2022-09-19;ATIVO
9886;381;777.0;34.28;24;5.88;2023-02-19;QUITADO
9887;633;1521.53;32.27;48;1.81;2021-04-07;ATIVO
9888;7674;3443.73;615.57;6;7.25;2024-04-11;ATIVO
9889;4025;2815.5;62.42;48;6.42;2023-03-13;QUITADO
9890;4548;21232.01;3588.56;6;1.41;2021-10-11;ATIVO
9891;4004;18249.18;392.28;48;3.18;2022-03-29;ATIVO
9892;5462;7368.58;311.45;24;1.44;2024-07-10;QUITADO
9893;8276;21926.68;3693.18;6;1.06;2023-01-08;ATIVO
9894;2536;3116.8;538.32;6;3.63;2023-11-14;INADIMPLENTE
9895;2934;5329.4;119.18;48;7.34;2023-07-27;INADIMPLENTE
9896;5096;4135.25;121.11;36;5.43;2022-03-12;QUITADO
9897;6633;26433.36;558.29;48;1.38;2022-05-25;QUITADO
9898;8114;46703.59;2626.04;18;1.21;2023-09-26;QUITADO
9899;6707;9771.71;276.95;36;2.03;2024-04-30;QUITADO
9900;3092;1930.21;166.79;12;3.69;2021-06-19;ATIVO
9901;53;15572.6;445.07;36;2.89;2023-03-05;ATIVO
9902;1056;637.09;113.76;6;7.14;2021-02-25;QUITADO
9903;1355;3669.4;212.25;18;4.12;2023-10-16;ATIVO
9904;1875;39389.67;2206.92;18;0.85;2022-01-19;ATIVO
9905;321;5392.36;470.17;12;4.63;2021-06-15;QUITADO
9906;4340;16454.74;464.85;36;1.7;2021-04-11;QUITADO
9907;2192;5360.26;116.24;48;4.09;2021-10-01;QUITADO
9908;9536;3875.13;84.41;48;4.56;2024-02-05;ATIVO
9909;6085;5164.94;437.81;12;1.72;2021-01-16;ATIVO
9910;8091;19673.75;1684.07;12;2.72;2021-07-20;ATIVO
9911;7048;8029.9;692.51;12;3.49;2022-05-27;QUITADO
9912;9462;7410.28;1305.57;6;5.71;2022-03-01;QUITADO
9913;8562;5120.49;435.75;12;2.12;2022-01-06;ATIVO
9914;1447;6021.11;514.45;12;2.53;2023-01-17;QUITADO
9915;5903;8664.82;246.3;36;2.33;2023-03-16;QUITADO
9916;2572;11098.04;236.6;48;2.33;2024-09-10;ATIVO
9917;6477;46407.35;7848.26;6;1.47;2021-03-06;QUITADO
9918;4930;7845.83;221.43;36;1.6;2024-03-25;ATIVO
9919;3876;18494.16;396.16;48;2.82;2022-03-17;QUITADO
9920;9050;2957.2;174.06;18;5.95;2021-04-19;QUITADO
9921;4104;17211.57;988.04;18;3.33;2022-03-29;QUITADO
9922;6966;19762.05;423.53;48;2.87;2022-11-14;QUITADO
9923;8408;1299.01;28.56;48;5.54;2021-04-12;INADIMPLENTE
9924;6002;3905.71;87.74;48;7.83;2022-07-15;QUITADO
9925;8392;37579.5;6340.29;6;1.23;2022-08-01;QUITADO
9926;8905;19617.56;3376.18;6;3.26;2022-12-13;QUITADO
9927;1418;6821.87;1211.0;6;6.51;2022-08-28;INADIMPLENTE
9928;5183;3547.57;103.19;36;4.72;2024-09-09;QUITADO
9929;1447;5798.2;248.09;24;2.69;2021-07-10;QUITADO
9930;823;7007.58;302.67;24;3.66;2023-01-15;INADIMPLENTE
9931;1158;3688.54;157.27;24;2.33;2023-03-12;ATIVO
9932;8971;11512.41;654.67;18;2.36;2022-10-05;QUITADO
9933;2892;5463.93;117.05;48;2.83;2024-11-03;ATIVO
9934;3359;10454.88;445.64;24;2.3;2023-05-22;ATIVO
9935;1185;5033.68;294.89;18;5.45;2024-06-20;ATIVO
9936;927;1765.13;156.21;12;6.2;2022-07-19;QUITADO
9937;9584;6304.21;550.41;12;4.77;2022-04-23;ATIVO
9938;6598;4707.85;210.91;24;7.52;2022-01-06;QUITADO
9939;1280;9151.78;517.94;18;1.87;2023-11-12;QUITADO
9940;7808;5104.27;912.9;6;7.31;2023-12-15;QUITADO
9941;5240;9351.23;394.51;24;1.25;2021-11-25;ATIVO
9942;311;2252.73;198.93;12;5.97;2024-12-29;ATIVO
9943;7217;47321.41;996.02;48;1.03;2023-02-06;QUITADO
9944;3006;4814.51;103.31;48;3.0;2023-01-09;ATIVO
9945;7773;1997.46;43.22;48;3.87;2022-02-08;ATIVO
9946;5618;3159.97;538.2;6;2.19;2023-06-29;ATIVO
9947;1085;1728.91;51.65;36;7.54;2022-08-16;ATIVO
9948;9060;18369.69;774.05;24;1.13;2024-03-29;ATIVO
9949;5665;3842.11;85.69;48;7.05;2021-12-26;INADIMPLENTE
9950;5002;5154.45;112.24;48;4.52;2021-08-14;QUITADO
9951;6688;8225.01;234.12;36;2.47;2024-12-02;QUITADO
9952;7867;8739.0;753.3;12;3.44;2021-12-15;QUITADO
9953;4344;4597.14;100.62;48;5.06;2023-12-07;QUITADO
9954;6848;7497.49;449.64;18;7.95;2024-09-16;QUITADO
9955;4639;2116.0;46.02;48;4.39;2022-10-06;ATIVO
9956;5759;5606.04;332.1;18;6.63;2021-01-31;QUITADO
9957;4955;6841.45;389.81;18;2.56;2021-02-26;QUITADO
9958;1112;4710.81;202.62;24;3.23;2021-11-07;ATIVO
9959;4404;3649.03;80.65;48;6.09;2023-09-25;INADIMPLENTE
9960;9332;3061.62;134.02;24;5.06;2024-04-22;QUITADO
9961;8552;6864.45;303.38;24;6.07;2021-09-13;QUITADO
9962;60;15931.21;895.25;18;1.15;2022-06-22;ATIVO
9963;3937;10594.5;296.94;36;0.9;2021-03-18;QUITADO
9964;4784;2455.26;144.85;18;6.19;2021-06-09;QUITADO
9965;9654;19033.0;1628.43;12;2.67;2022-08-16;QUITADO
9966;9252;7414.17;214.13;36;3.97;2023-06-04;ATIVO
9967;7885;11395.88;1936.73;6;1.97;2021-05-17;ATIVO
9968;2839;17053.05;2939.66;6;3.43;2024-10-05;QUITADO
9969;2130;17924.28;382.38;48;2.4;2024-09-29;QUITADO
9970;8850;5051.29;885.74;6;5.21;2022-09-16;INADIMPLENTE
9971;1300;14555.52;1225.21;12;1.01;2023-10-06;ATIVO
9972;827;7641.38;655.12;12;2.88;2021-02-11;ATIVO
9973;5000;7828.84;221.14;36;1.69;2021-07-15;ATIVO
9974;7079;47335.24;7967.31;6;0.99;2023-02-17;QUITADO
9975;1812;2740.92;486.88;6;6.58;2022-12-20;INADIMPLENTE
9976;4402;5330.11;229.33;24;3.26;2023-05-22;ATIVO
9977;64;4382.8;785.47;6;7.53;2024-06-21;ATIVO
9978;4593;2503.47;54.19;48;3.9;2023-10-04;ATIVO
9979;7201;1296.42;221.49;6;2.51;2023-09-25;ATIVO
9980;5948;3307.54;71.66;48;4.0;2021-07-29;QUITADO
9981;9557;6682.76;381.7;18;2.81;2021-07-28;QUITADO
9982;7386;3188.25;185.8;18;4.9;2024-04-07;QUITADO
9983;6961;13378.63;767.12;18;3.21;2023-12-26;ATIVO
9984;9987;4569.76;407.43;12;6.99;2023-02-25;ATIVO
9985;565;19158.15;819.01;24;2.6;2021-12-25;QUITADO
9986;6894;3697.55;654.34;6;6.18;2023-11-26;ATIVO
9987;4597;5887.59;166.16;36;1.6;2023-11-29;ATIVO
9988;9561;22217.87;625.93;36;1.42;2022-09-29;QUITADO
9989;5177;17294.31;369.52;48;2.56;2021-12-14;QUITADO
9990;7463;13390.66;2309.0;6;3.46;2024-05-02;ATIVO
9991;1419;25505.37;4302.76;6;1.22;2022-10-01;QUITADO
9992;7501;8318.19;475.75;18;2.95;2022-11-29;ATIVO
9993;6919;1416.04;239.57;6;1.51;2023-02-13;ATIVO
9994;8161;5972.61;127.96;48;2.84;2021-09-12;ATIVO
9995;6030;12678.81;362.23;36;2.85;2021-06-21;ATIVO
9996;5931;10108.76;869.18;12;3.18;2021-04-19;ATIVO
9997;6925;10366.63;438.68;24;1.56;2022-05-05;QUITADO
9998;3809;3635.48;155.92;24;2.93;2022-01-11;ATIVO
9999;248;40197.56;3380.61;12;0.92;2023-05-24;ATIVO
10000;8829;7155.55;408.38;18;2.73;2022-03-02;QUITADO
10001;8382;5367.41;931.78;6;4.16;2022-11-11;ATIVO
10002;3503;5946.95;508.81;12;2.67;2023-01-01;ATIVO
10003;3901;6825.15;594.07;12;4.45;2023-05-07;ATIVO
10004;6438;5426.76;322.32;18;6.91;2022-06-17;ATIVO
10005;1930;893.16;52.67;18;6.15;2022-03-05;INADIMPLENTE
10006;3395;4725.0;424.58;12;7.83;2022-09-18;ATIVO
10007;6789;9344.74;197.39;48;1.39;2024-09-10;ATIVO
10008;4887;5109.31;223.66;24;5.06;2022-08-30;ATIVO
10009;7990;944.27;40.98;24;4.15;2021-05-07;QUITADO
10010;2838;5075.48;150.46;36;6.72;2024-12-18;ATIVO
10011;1937;4002.89;704.24;6;5.56;2024-12-05;QUITADO
10012;7799;5908.94;125.73;48;2.13;2022-05-12;QUITADO
10013;960;6893.44;398.36;18;4.02;2021-07-06;ATIVO
10014;2078;12552.2;2156.47;6;3.08;2024-12-07;QUITADO
10015;847;7976.55;451.56;18;1.9;2021-04-12;ATIVO
10016;5711;19582.7;1688.19;12;3.45;2024-11-30;QUITADO
10017;8510;6482.16;552.17;12;2.22;2023-05-27;QUITADO
10018;9777;8842.05;249.49;36;1.58;2024-08-15;ATIVO
10019;6749;1873.64;165.65;12;6.09;2023-12-03;ATIVO
10020;4849;7840.0;333.27;24;2.02;2024-06-01;INADIMPLENTE
10021;2428;13443.2;284.1;48;1.44;2024-05-07;QUITADO
10022;8617;4798.44;279.75;18;4.94;2024-02-26;QUITADO
10023;488;1667.07;294.63;6;6.04;2024-08-05;ATIVO
10024;6132;44023.74;2473.65;18;1.14;2021-12-27;ATIVO
10025;4366;5170.04;228.73;24;6.18;2022-12-29;ATIVO
10026;3488;19160.81;1613.98;12;1.08;2023-11-21;QUITADO
10027;6801;6577.13;147.04;48;7.31;2024-06-19;ATIVO
10028;5673;19909.57;1706.25;12;2.84;2024-01-03;ATIVO
10029;3477;4178.4;181.67;24;4.35;2022-12-12;INADIMPLENTE
10030;4291;2106.33;361.73;6;3.04;2021-01-07;ATIVO
10031;7213;1457.15;252.21;6;3.85;2022-05-18;INADIMPLENTE
10032;6052;15443.11;328.01;48;1.95;2023-11-23;QUITADO
10033;7278;6395.2;140.85;48;5.72;2024-10-25;ATIVO
10034;8057;13034.95;733.94;18;1.35;2022-08-12;QUITADO
10035;8374;14651.69;824.73;18;1.32;2022-08-14;QUITADO
10036;3980;15399.02;659.91;24;2.85;2022-08-14;ATIVO
10037;8359;11001.17;235.22;48;2.63;2022-04-19;ATIVO
10038;6803;17825.85;1526.19;12;2.74;2024-02-25;ATIVO
10039;4703;7878.33;450.33;18;2.89;2022-08-10;ATIVO
10040;5029;5174.43;450.48;12;4.47;2022-12-01;QUITADO
10041;6151;18707.39;1069.23;18;2.88;2021-12-21;QUITADO
10042;9338;3139.79;141.08;24;7.84;2022-02-05;QUITADO
10043;5224;6444.04;276.18;24;2.86;2023-05-11;ATIVO
10044;4175;1403.79;60.47;24;3.39;2023-12-27;ATIVO
10045;1308;13166.09;282.39;48;2.95;2021-11-07;ATIVO
10046;2184;2418.17;434.75;6;7.87;2023-01-04;ATIVO
10047;1841;2906.68;511.77;6;5.64;2021-02-05;ATIVO
10048;2019;13624.79;2329.61;6;2.59;2021-03-21;QUITADO
10049;8804;16565.8;1423.28;12;3.1;2022-01-03;QUITADO
10050;7026;14599.09;1256.5;12;3.28;2024-04-07;QUITADO
10051;7298;3225.41;282.28;12;5.02;2021-07-17;QUITADO
10052;1833;23788.45;670.04;36;1.4;2022-04-05;ATIVO
10053;608;1649.69;95.42;18;4.11;2022-06-16;INADIMPLENTE
10054;3735;7821.35;677.46;12;3.94;2023-04-19;ATIVO
10055;8749;5209.32;232.64;24;7.18;2021-09-19;ATIVO
10056;6009;6017.56;510.14;12;1.73;2023-08-31;ATIVO
10057;1563;13274.04;750.06;18;1.71;2022-10-22;QUITADO
10058;5807;12739.51;540.1;24;1.75;2024-01-19;ATIVO
10059;4467;10381.1;297.65;36;3.22;2021-03-08;QUITADO
10060;1042;7700.06;171.57;48;6.95;2021-09-13;ATIVO
10061;8959;39270.01;6626.81;6;1.25;2022-03-03;ATIVO
10062;4276;4525.5;393.34;12;4.3;2022-02-05;ATIVO
10063;6634;5796.98;259.85;24;7.58;2022-01-25;QUITADO
10064;3816;16068.84;684.13;24;2.18;2024-06-04;ATIVO
10065;3213;2057.17;45.67;48;6.56;2023-03-04;QUITADO
10066;383;30318.36;2561.4;12;1.38;2021-06-27;QUITADO
10067;1207;7090.54;408.34;18;3.66;2023-06-30;QUITADO
10068;2460;25474.65;2141.14;12;0.86;2022-02-15;ATIVO
10069;6902;9508.85;535.08;18;1.29;2022-11-29;ATIVO
10070;3981;3905.53;113.93;36;5.02;2023-08-20;ATIVO
10071;9118;6336.46;139.23;48;5.47;2023-02-20;QUITADO
10072;5774;4460.87;377.35;12;1.51;2022-11-07;ATIVO
10073;5572;664.26;14.59;48;5.43;2024-04-09;INADIMPLENTE
10074;7325;33014.03;925.86;36;0.96;2023-12-30;QUITADO
10075;354;5052.76;888.02;6;5.45;2024-05-13;QUITADO
10076;9631;593.38;13.2;48;6.76;2024-02-23;QUITADO
10077;9105;7534.94;331.1;24;5.46;2024-03-12;QUITADO
10078;6261;11758.0;251.43;48;2.64;2023-12-11;QUITADO
10079;4602;7989.35;179.39;48;7.78;2021-09-10;ATIVO
10080;6940;12925.61;741.57;18;3.27;2024-02-25;ATIVO
10081;7911;18312.7;789.28;24;3.44;2022-07-13;QUITADO
10082;4620;1799.94;39.47;48;5.25;2021-06-20;INADIMPLENTE
10083;7018;5466.06;967.4;6;6.19;2021-10-18;ATIVO
10084;921;7883.45;1341.24;6;2.08;2023-10-10;ATIVO
10085;373;7210.53;310.05;24;3.2;2022-03-22;ATIVO
10086;9368;7410.01;664.06;12;7.54;2022-11-14;ATIVO
10087;6764;1743.65;75.86;24;4.42;2021-03-12;ATIVO
10088;6336;15728.41;444.59;36;1.76;2024-05-23;QUITADO
10089;5389;7720.95;225.86;36;5.31;2023-06-06;ATIVO
10090;4258;7514.14;447.26;18;7.14;2024-01-10;INADIMPLENTE
10091;5037;6103.07;1049.42;6;3.17;2021-07-02;ATIVO
10092;7092;7353.35;1289.66;6;5.23;2024-12-29;QUITADO
10093;6700;3538.27;628.16;6;6.52;2022-09-17;ATIVO
10094;923;5808.11;249.02;24;2.9;2022-02-28;QUITADO
10095;6792;7511.57;167.51;48;7.04;2023-01-15;QUITADO
10096;8831;2676.35;237.7;12;6.58;2021-06-10;QUITADO
10097;4828;7719.67;326.61;24;1.54;2021-05-16;ATIVO
10098;1899;18712.65;400.88;48;2.83;2021-04-23;ATIVO
10099;8951;6294.05;283.21;24;7.99;2022-11-08;ATIVO
10100;3118;811.19;17.93;48;6.08;2024-01-23;QUITADO
10101;2372;15503.18;445.63;36;3.48;2023-02-24;QUITADO
10102;2371;12550.16;716.2;18;2.72;2023-12-04;QUITADO
10103;5238;5861.16;498.69;12;2.1;2022-01-21;INADIMPLENTE
10104;9122;11780.07;665.57;18;1.7;2021-12-09;QUITADO
10105;7622;4207.63;90.27;48;2.98;2024-01-28;ATIVO
10106;7827;9060.98;193.24;48;2.37;2021-01-11;QUITADO
10107;4461;45292.12;7649.08;6;1.33;2024-02-04;ATIVO
10108;6228;2544.02;54.96;48;3.7;2024-03-22;ATIVO
10109;8838;37425.18;790.68;48;1.41;2024-06-21;QUITADO
10110;3933;2877.24;169.65;18;6.13;2021-08-01;ATIVO
10111;8983;7807.19;1328.26;6;2.08;2024-02-18;ATIVO
10112;5708;13639.44;290.41;48;2.2;2022-05-11;ATIVO
10113;3245;10104.78;577.38;18;2.85;2021-11-27;QUITADO
10114;8763;5660.37;508.82;12;7.87;2023-04-30;ATIVO
10115;7323;17891.23;1520.9;12;2.01;2023-04-24;QUITADO
10116;3410;3577.48;76.1;48;2.11;2022-07-01;QUITADO
10117;3331;14287.86;306.24;48;2.88;2022-01-01;QUITADO
10118;5382;2089.11;45.6;48;4.78;2023-03-26;ATIVO
10119;1403;6495.49;366.38;18;1.53;2021-02-23;INADIMPLENTE
10120;264;1127.43;66.34;18;5.92;2024-12-20;ATIVO
10121;691;3626.4;77.64;48;2.76;2022-05-01;QUITADO
10122;7669;5744.71;128.87;48;7.68;2023-03-31;ATIVO
10123;8438;3030.65;66.85;48;5.88;2022-01-16;QUITADO
10124;6464;41587.32;1752.21;24;1.12;2023-10-28;ATIVO
10125;6991;5862.24;990.72;6;1.4;2024-01-28;ATIVO
10126;2112;2940.02;251.86;12;2.8;2022-09-21;ATIVO
10127;2697;15615.24;670.61;24;3.07;2021-09-09;QUITADO
10128;4927;17790.72;510.84;36;3.37;2021-03-22;QUITADO
10129;4729;10276.12;879.55;12;2.71;2021-01-17;QUITADO
10130;5675;42892.92;1206.13;36;1.23;2024-12-16;QUITADO
10131;4226;3764.91;324.94;12;3.57;2023-01-04;ATIVO
10132;1146;9568.21;202.15;48;1.41;2022-10-14;ATIVO
10133;4229;2421.22;138.21;18;2.75;2024-08-22;ATIVO
10134;5742;1379.74;240.21;6;4.46;2021-10-05;ATIVO
10135;7783;20762.88;1752.21;12;1.27;2022-05-05;ATIVO
10136;984;4054.68;119.09;36;5.74;2023-03-09;INADIMPLENTE
10137;1546;7235.91;625.48;12;3.73;2023-08-16;INADIMPLENTE
10138;1977;46446.35;1307.34;36;1.33;2023-08-02;ATIVO
10139;6022;7988.13;339.03;24;1.86;2021-06-26;INADIMPLENTE
10140;5964;6596.57;1111.96;6;1.14;2022-10-25;QUITADO
10141;8174;5316.1;903.38;6;1.96;2022-02-13;QUITADO
10142;8752;13386.25;565.85;24;1.45;2024-03-24;QUITADO
10143;2890;8898.56;383.12;24;3.33;2022-05-30;QUITADO
10144;5387;2275.84;195.97;12;3.33;2021-05-24;ATIVO
10145;7691;7778.86;223.32;36;3.35;2023-04-30;ATIVO
10146;9296;32458.47;911.99;36;1.15;2024-11-18;ATIVO
10147;5594;3679.3;78.26;48;2.1;2023-06-05;QUITADO
10148;2382;7991.14;678.51;12;1.89;2021-02-06;QUITADO
10149;7965;16840.09;2882.18;6;2.69;2022-02-27;QUITADO
10150;5374;5398.55;319.08;18;6.39;2024-11-17;QUITADO
10151;1744;16104.39;905.42;18;1.2;2023-02-20;QUITADO
10152;4654;4723.72;101.15;48;2.78;2023-02-16;ATIVO
10153;578;8958.13;377.36;24;1.1;2022-09-19;QUITADO
10154;7136;7302.13;641.25;12;5.38;2022-11-05;INADIMPLENTE
10155;5538;7458.37;430.43;18;3.88;2021-12-12;ATIVO
10156;7527;6161.5;535.69;12;4.33;2022-03-12;INADIMPLENTE
10157;9835;2938.5;254.99;12;4.13;2022-09-25;QUITADO
10158;7621;7098.9;606.48;12;2.52;2024-05-04;ATIVO
10159;735;5092.55;447.76;12;5.51;2024-12-29;QUITADO
10160;4999;6866.38;399.2;18;4.65;2023-06-17;ATIVO
10161;5704;4623.36;101.67;48;5.55;2022-03-30;ATIVO
10162;930;3266.42;92.72;36;2.19;2023-10-14;QUITADO
10163;7099;13983.95;788.54;18;1.5;2021-01-14;QUITADO
10164;8379;17979.08;1520.28;12;1.47;2022-02-06;ATIVO
10165;6858;7589.43;170.26;48;7.68;2024-08-05;ATIVO
10166;2905;17640.04;1482.5;12;0.85;2022-09-24;QUITADO
10167;2016;9744.16;828.42;12;2.02;2021-01-18;ATIVO
10168;920;9598.37;550.68;18;3.27;2021-01-30;ATIVO
10169;7082;4739.69;200.86;24;1.71;2024-07-23;QUITADO
10170;248;13530.75;757.8;18;0.81;2024-03-15;INADIMPLENTE
10171;86;1266.53;219.57;6;4.02;2024-10-15;INADIMPLENTE
10172;2511;8227.96;233.56;36;2.19;2024-07-11;ATIVO
10173;6212;6658.5;292.11;24;5.29;2022-09-02;ATIVO
10174;3510;46965.28;987.45;48;0.92;2021-06-01;QUITADO
10175;6084;7052.98;408.84;18;4.34;2024-11-02;ATIVO
10176;6045;17820.55;750.1;24;1.02;2023-09-24;QUITADO
10177;5200;5359.05;235.31;24;5.38;2024-06-05;ATIVO
10178;2718;10096.54;580.05;18;3.41;2023-03-10;ATIVO
10179;9804;6916.31;608.98;12;5.66;2023-03-03;ATIVO
10180;4527;8758.42;749.5;12;2.69;2021-01-10;QUITADO
10181;4815;1167.47;104.61;12;7.52;2022-02-27;ATIVO
10182;675;4161.4;120.78;36;4.49;2024-02-01;QUITADO
10183;6201;16423.89;707.6;24;3.4;2021-01-03;ATIVO
10184;1815;7624.99;165.64;48;4.27;2023-09-19;ATIVO
10185;1750;4750.04;823.66;6;4.04;2022-08-31;QUITADO
10186;5263;6379.21;1097.33;6;3.21;2024-01-12;QUITADO
10187;9776;6855.71;291.94;24;2.2;2022-12-28;ATIVO
10188;4004;3340.48;142.44;24;2.34;2021-03-27;QUITADO
10189;6697;11349.74;325.01;36;3.09;2022-10-31;ATIVO
10190;4556;11760.53;1989.1;6;1.48;2023-05-08;QUITADO
10191;5980;1879.43;165.73;12;5.82;2023-10-25;ATIVO
10192;8015;19102.34;804.85;24;1.12;2021-05-27;QUITADO
10193;2799;2607.95;443.83;6;2.11;2024-03-04;QUITADO
10194;3056;8268.19;177.99;48;3.33;2023-01-25;QUITADO
10195;1824;12792.32;1095.13;12;2.73;2021-11-20;ATIVO
10196;1937;7648.88;340.34;24;6.79;2023-12-17;QUITADO
10197;3847;45999.53;1293.35;36;1.22;2022-11-18;ATIVO
10198;3177;824.64;24.53;36;7.09;2021-01-31;QUITADO
10199;4581;6604.67;574.39;12;4.36;2022-08-08;QUITADO
10200;4373;48006.86;1013.34;48;1.32;2021-05-26;ATIVO
10201;1551;869.5;37.62;24;3.85;2022-03-12;ATIVO
10202;2727;42934.06;3607.18;12;0.82;2022-04-25;QUITADO
10203;1866;12881.18;738.88;18;3.25;2024-07-31;ATIVO
10204;1921;2979.18;526.72;6;6.08;2024-11-22;QUITADO
10205;1578;4944.05;439.16;12;6.59;2021-03-14;ATIVO
10206;5778;3796.19;648.07;6;2.43;2022-02-24;INADIMPLENTE
10207;3001;6019.81;524.68;12;4.59;2022-04-01;ATIVO
10208;3401;4557.07;99.22;48;4.51;2023-01-06;QUITADO
10209;6924;14276.06;1209.18;12;1.64;2024-07-07;QUITADO
10210;4967;12780.9;548.67;24;3.03;2023-08-20;QUITADO
10211;851;5629.28;121.19;48;3.34;2023-07-27;ATIVO
10212;369;9341.08;399.72;24;2.7;2023-03-10;ATIVO
10213;8745;7566.4;680.41;12;7.91;2022-05-19;ATIVO
10214;846;13061.51;278.32;48;2.28;2022-08-24;QUITADO
10215;9992;4948.67;215.1;24;4.32;2023-04-16;ATIVO
10216;9394;6787.21;144.45;48;2.16;2022-06-17;ATIVO
10217;8347;8159.25;350.47;24;3.09;2022-07-09;ATIVO
10218;6024;18069.43;1534.4;12;1.9;2021-02-17;ATIVO
10219;8097;984.4;21.58;48;5.22;2024-10-16;QUITADO
10220;9906;30069.04;1695.23;18;1.48;2024-03-05;QUITADO
10221;7699;10551.26;296.7;36;1.23;2024-12-10;ATIVO
10222;9748;877.69;25.72;36;5.48;2023-11-19;QUITADO
10223;7406;2063.65;357.22;6;3.86;2023-11-27;QUITADO
10224;4234;18519.73;1574.79;12;2.04;2024-04-13;QUITADO
10225;5422;2671.82;463.29;6;4.04;2024-04-01;ATIVO
10226;9794;1371.43;243.82;6;6.67;2024-12-06;QUITADO
10227;159;9322.27;401.71;24;3.42;2022-05-26;ATIVO
10228;6621;658.58;39.34;18;7.52;2021-01-03;INADIMPLENTE
10229;6035;15307.79;880.2;18;3.5;2024-03-16;ATIVO
10230;5216;895.98;53.67;18;7.82;2022-08-03;QUITADO
10231;6614;17593.14;747.56;24;1.98;2021-07-18;ATIVO
10232;5089;12221.34;350.18;36;3.15;2024-02-18;QUITADO
10233;9177;19330.01;1663.51;12;3.27;2024-12-17;ATIVO
10234;1683;7823.47;172.51;48;5.84;2022-06-25;QUITADO
10235;7899;1336.07;59.53;24;6.93;2021-06-27;QUITADO
10236;6443;12246.15;262.4;48;2.85;2023-04-17;ATIVO
10237;2856;6187.15;1063.36;6;3.12;2023-12-01;ATIVO
10238;6516;15567.19;2671.85;6;2.98;2024-09-02;QUITADO
10239;8453;2244.83;199.1;12;6.43;2023-11-03;QUITADO
10240;318;4175.11;90.43;48;3.97;2022-10-18;QUITADO
10241;4203;34912.89;5885.15;6;1.14;2021-03-19;ATIVO
10242;381;3581.93;312.2;12;4.59;2021-12-25;QUITADO
10243;9983;14857.98;422.34;36;2.33;2022-07-03;ATIVO
10244;2285;19683.61;1103.27;18;0.89;2023-12-30;QUITADO
10245;2147;3124.42;135.98;24;4.45;2022-04-25;QUITADO
10246;4687;4377.67;765.51;6;4.92;2023-04-23;INADIMPLENTE
10247;8151;6322.59;138.0;48;4.77;2023-06-08;QUITADO
10248;7057;4253.24;186.7;24;5.35;2021-08-06;ATIVO
10249;6282;1779.56;52.99;36;7.2;2021-05-01;ATIVO
10250;5583;9520.91;1608.24;6;1.35;2021-12-31;ATIVO
10251;8031;5366.62;319.73;18;7.24;2023-12-04;ATIVO
10252;9910;46567.36;983.15;48;1.34;2022-11-30;QUITADO
10253;8479;42757.61;1202.91;36;1.28;2023-01-23;QUITADO
10254;1755;18398.3;3144.58;6;2.55;2021-07-12;QUITADO
10255;3033;1867.2;158.82;12;2.07;2023-01-30;QUITADO
10256;7874;20203.14;566.64;36;0.97;2023-03-25;QUITADO
10257;3544;10694.73;1827.37;6;2.52;2021-07-19;ATIVO
10258;5908;19275.05;551.86;36;3.07;2021-08-21;QUITADO
10259;6795;5699.37;339.81;18;7.32;2023-05-29;INADIMPLENTE
10260;4465;1111.85;48.43;24;4.53;2023-02-23;ATIVO
10261;5561;3714.33;633.23;6;2.29;2023-03-25;ATIVO
10262;9232;1850.55;54.5;36;6.02;2024-07-20;QUITADO
10263;1643;2559.89;113.06;24;6.0;2023-11-16;QUITADO
10264;1285;16016.79;2750.62;6;3.04;2024-01-22;QUITADO
10265;651;5117.63;147.63;36;3.85;2022-04-16;ATIVO
10266;8687;13720.38;583.75;24;2.11;2021-04-04;QUITADO
10267;9820;2685.67;57.18;48;2.2;2022-06-08;QUITADO
10268;8272;19836.12;423.38;48;2.45;2024-02-11;ATIVO
10269;7992;49903.75;4192.75;12;0.82;2021-07-13;QUITADO
10270;2543;14381.79;305.4;48;1.93;2022-09-03;QUITADO
10271;1253;1795.24;40.12;48;7.27;2021-07-09;ATIVO
10272;1991;18540.17;1566.34;12;1.38;2021-02-12;QUITADO
10273;9941;6615.72;281.31;24;2.05;2024-03-07;QUITADO
10274;7689;33205.27;1865.58;18;1.13;2021-10-28;ATIVO
10275;4353;30317.99;2560.86;12;1.36;2022-09-08;QUITADO
10276;1822;6772.94;1197.79;6;6.11;2021-02-13;ATIVO
10277;1066;12224.15;526.45;24;3.36;2023-12-14;QUITADO
10278;6875;32407.81;2735.76;12;1.3;2022-07-21;ATIVO
10279;8672;958.86;167.99;6;5.12;2024-06-20;ATIVO
10280;4179;13665.78;1164.21;12;2.23;2024-07-13;ATIVO
10281;828;1500.24;63.5;24;1.59;2023-03-11;QUITADO
10282;2645;531.16;11.49;48;3.82;2021-08-06;ATIVO
10283;1911;5925.0;173.21;36;5.24;2022-07-03;QUITADO
10284;5595;6905.34;148.48;48;3.21;2024-01-08;ATIVO
10285;3442;1516.14;33.65;48;6.53;2021-03-05;ATIVO
10286;5366;4416.55;396.35;12;7.69;2023-12-24;ATIVO
10287;2750;4424.46;773.47;6;4.89;2023-11-15;INADIMPLENTE
10288;5140;8395.45;355.79;24;1.71;2024-05-22;ATIVO
10289;3280;15834.08;895.33;18;1.78;2022-06-09;QUITADO
10290;2015;21644.74;1818.88;12;0.84;2022-09-26;QUITADO
10291;2697;9762.93;1667.83;6;2.5;2022-04-01;INADIMPLENTE
10292;9038;3574.43;318.75;12;7.01;2024-08-24;ATIVO
10293;3324;3901.63;84.07;48;3.43;2024-04-08;QUITADO
10294;7741;557.07;12.05;48;3.83;2022-07-13;ATIVO
10295;4725;7410.62;1310.82;6;6.13;2023-09-05;INADIMPLENTE
10296;2322;1681.78;149.69;12;6.81;2021-05-20;ATIVO
10297;2110;1542.97;66.41;24;3.29;2021-04-25;ATIVO
10298;3369;8417.0;240.59;36;2.9;2023-02-09;ATIVO
10299;983;9319.62;1584.18;6;1.99;2024-11-29;ATIVO
10300;949;3222.64;94.84;36;5.95;2024-03-25;QUITADO
10301;8316;7570.67;428.71;18;1.93;2024-09-03;QUITADO
10302;2795;41188.13;1730.59;24;0.84;2021-03-22;ATIVO
10303;7964;7461.5;166.34;48;7.01;2023-07-25;ATIVO
10304;8008;45328.59;3809.87;12;0.86;2023-05-04;ATIVO
10305;7759;7710.6;337.11;24;4.93;2024-11-20;ATIVO
10306;3351;35626.52;1998.85;18;0.99;2023-03-21;ATIVO
10307;6787;9693.46;550.8;18;2.28;2023-07-28;QUITADO
10308;5919;18947.21;3254.18;6;3.05;2021-09-01;QUITADO
10309;1870;7528.98;1306.65;6;4.13;2021-08-03;ATIVO
10310;7910;13485.58;288.09;48;2.54;2022-11-23;ATIVO
10311;8239;39561.28;3337.65;12;1.24;2023-01-23;QUITADO
10312;98;10320.13;294.24;36;2.64;2022-01-16;ATIVO
10313;3962;7131.42;636.6;12;7.12;2023-01-11;ATIVO
10314;3329;3043.05;180.47;18;6.75;2023-08-01;INADIMPLENTE
10315;3813;20724.77;436.47;48;1.09;2024-12-29;ATIVO
10316;6033;19766.58;1702.07;12;3.33;2022-01-20;ATIVO
10317;9416;6686.31;146.35;48;5.06;2023-11-18;QUITADO
10318;2023;11174.74;319.07;36;2.79;2023-05-06;ATIVO
10319;2623;9191.18;194.6;48;1.63;2024-11-16;ATIVO
10320;7521;6053.21;536.52;12;6.36;2021-01-21;ATIVO
10321;4323;4878.93;419.34;12;3.14;2021-11-26;ATIVO
10322;306;17610.17;753.5;24;2.69;2024-01-12;QUITADO
10323;1040;3484.82;593.87;6;2.25;2024-11-16;ATIVO
10324;4218;984.11;87.42;12;6.6;2022-03-25;ATIVO
10325;8836;4581.0;410.57;12;7.55;2021-01-20;ATIVO
10326;4776;6330.8;1082.88;6;2.63;2022-05-22;QUITADO
10327;9713;16451.52;702.48;24;2.48;2022-12-07;ATIVO
10328;2642;16840.41;360.0;48;2.61;2024-03-07;QUITADO
10329;7792;1302.03;74.37;18;2.82;2021-03-28;QUITADO
10330;1492;9220.38;198.33;48;3.25;2021-01-01;ATIVO
10331;6413;3139.59;90.85;36;4.17;2023-09-28;INADIMPLENTE
10332;3931;38270.03;1071.88;36;0.83;2021-04-06;QUITADO
10333;2630;5079.39;449.74;12;6.25;2024-10-29;ATIVO
10334;3150;6015.89;179.86;36;7.63;2021-01-15;QUITADO
10335;8617;1946.78;56.63;36;4.72;2021-05-20;INADIMPLENTE
10336;8471;6220.25;1109.28;6;7.0;2023-11-24;QUITADO
10337;4066;6262.72;279.06;24;6.94;2022-07-01;ATIVO
10338;5587;4555.87;201.01;24;5.89;2021-09-30;ATIVO
10339;3895;18278.37;779.27;24;2.32;2021-06-12;INADIMPLENTE
10340;7831;4683.17;199.68;24;2.33;2024-10-07;ATIVO
10341;3649;7140.99;320.9;24;7.85;2024-12-23;ATIVO
10342;9822;1889.12;83.09;24;5.56;2024-10-26;ATIVO
10343;1946;6683.88;142.92;48;2.64;2022-01-04;ATIVO
10344;8260;12832.88;733.47;18;2.88;2022-07-12;QUITADO
10345;2534;13017.82;558.19;24;2.91;2024-01-11;QUITADO
10346;5321;2670.66;57.08;48;2.59;2022-06-27;ATIVO
10347;7415;11221.64;628.85;18;0.87;2021-12-02;ATIVO
10348;7508;15292.63;656.88;24;3.09;2021-03-14;ATIVO
10349;3186;6444.42;282.29;24;5.13;2022-11-23;ATIVO
10350;4889;1777.88;76.57;24;3.36;2021-11-30;QUITADO
10351;1198;17009.3;482.07;36;2.03;2021-06-14;ATIVO
10352;8665;47861.11;1008.87;48;1.18;2024-01-05;QUITADO
10353;5623;41952.05;1768.45;24;1.17;2023-06-25;QUITADO
10354;7087;31627.45;1777.46;18;1.16;2021-02-21;QUITADO
10355;3805;7153.6;1239.48;6;3.96;2024-03-27;INADIMPLENTE
10356;5401;3959.76;172.25;24;4.4;2022-07-25;ATIVO
10357;852;2533.16;217.81;12;3.18;2021-02-14;QUITADO
10358;5976;17441.73;488.71;36;0.87;2024-09-06;QUITADO
10359;5316;43630.84;3684.99;12;1.35;2024-02-05;QUITADO
10360;3616;6103.6;182.99;36;7.93;2024-09-21;ATIVO
10361;9334;1063.71;63.2;18;6.94;2021-02-04;INADIMPLENTE
10362;5403;4361.08;185.51;24;2.09;2023-12-28;QUITADO
10363;5827;14825.52;843.16;18;2.37;2023-06-21;QUITADO
10364;5081;1887.23;84.67;24;7.67;2024-09-20;ATIVO
10365;2253;7367.63;639.94;12;4.23;2021-04-08;ATIVO
10366;4557;11838.89;1011.24;12;2.5;2022-09-19;ATIVO
10367;6279;6637.61;282.49;24;2.14;2024-09-04;ATIVO
10368;603;16266.19;1389.4;12;2.5;2022-01-01;ATIVO
10369;4262;7824.02;1398.67;6;7.26;2024-05-01;INADIMPLENTE
10370;8563;7687.36;336.16;24;4.95;2024-02-26;INADIMPLENTE
10371;1397;4153.82;91.19;48;5.38;2024-09-24;INADIMPLENTE
10372;5490;40181.91;1689.82;24;0.93;2024-03-05;ATIVO
10373;6324;30780.33;5204.44;6;1.45;2024-11-24;QUITADO
10374;1783;11851.57;254.91;48;3.24;2024-07-20;ATIVO
10375;6336;17029.6;486.29;36;2.8;2022-07-26;ATIVO
10376;2751;8968.06;382.23;24;2.29;2021-02-09;ATIVO
10377;345;8072.28;1381.57;6;2.69;2021-03-23;QUITADO
10378;3477;6799.71;295.99;24;4.47;2021-11-30;INADIMPLENTE
10379;4168;14169.25;1206.04;12;2.14;2021-05-22;QUITADO
10380;3481;49798.17;1046.18;48;0.84;2024-05-03;ATIVO
10381;8754;11006.79;621.09;18;1.57;2023-07-19;ATIVO
10382;778;6956.03;154.93;48;6.91;2022-12-05;QUITADO
10383;2364;1455.44;248.03;6;2.25;2022-06-10;ATIVO
10384;7071;2400.28;102.11;24;2.1;2023-02-22;ATIVO
10385;6526;1784.0;101.95;18;2.86;2023-07-09;ATIVO
10386;6015;4226.55;189.37;24;7.53;2021-11-13;ATIVO
10387;4764;7288.43;650.55;12;7.11;2021-02-14;ATIVO
10388;2778;9569.03;270.67;36;1.83;2024-03-09;QUITADO
10389;5450;7407.88;643.87;12;4.3;2024-03-01;QUITADO
10390;4817;2903.17;129.01;24;6.65;2021-03-01;ATIVO
10391;1967;5309.73;225.09;24;1.74;2024-12-22;ATIVO
10392;1194;6057.08;132.84;48;5.27;2023-07-24;ATIVO
10393;9845;13763.68;1168.42;12;1.87;2021-11-09;QUITADO
10394;6969;2594.26;77.47;36;7.51;2022-01-31;ATIVO
10395;4707;3674.83;78.98;48;3.16;2023-08-12;ATIVO
10396;4871;4112.21;245.61;18;7.51;2023-05-12;ATIVO
10397;9180;12615.36;718.23;18;2.48;2023-02-09;QUITADO
10398;255;11360.53;968.3;12;2.28;2022-01-17;QUITADO
10399;5612;19384.59;1099.0;18;2.05;2023-11-01;ATIVO
10400;1515;3639.28;105.91;36;4.77;2024-05-22;QUITADO
10401;592;11455.98;1957.45;6;2.52;2023-09-24;QUITADO
10402;4986;4071.92;89.49;48;5.49;2022-08-09;ATIVO
10403;872;7545.79;429.15;18;2.37;2024-10-17;INADIMPLENTE
10404;5554;11433.75;490.7;24;3.0;2022-09-05;INADIMPLENTE
10405;9043;15738.85;446.94;36;2.23;2022-01-03;QUITADO
10406;768;3863.31;337.23;12;4.75;2022-06-28;ATIVO
10407;8152;5610.68;123.01;48;5.24;2024-06-17;ATIVO
10408;8740;19100.89;3273.89;6;2.84;2023-03-28;ATIVO
10409;7042;4488.2;127.4;36;2.19;2023-10-02;ATIVO
10410;6053;4948.2;853.15;6;3.45;2021-06-27;QUITADO
10411;3462;10130.32;433.07;24;2.6;2022-05-08;ATIVO
10412;870;12914.25;731.95;18;2.02;2022-08-06;QUITADO
10413;6833;10090.45;431.45;24;2.62;2023-06-23;ATIVO
10414;6127;47334.3;3984.36;12;1.01;2024-04-11;QUITADO
10415;9209;37447.7;6310.56;6;1.11;2022-01-31;ATIVO
10416;1291;11200.75;948.61;12;1.63;2023-10-16;ATIVO
10417;1040;11801.96;503.89;24;2.47;2021-04-23;ATIVO
10418;2876;13679.95;392.35;36;3.25;2023-12-05;QUITADO
10419;3604;9323.79;199.76;48;2.84;2022-08-03;ATIVO
10420;3715;4319.62;741.25;6;2.96;2022-11-08;QUITADO
10421;6985;728.08;43.11;18;6.59;2023-08-22;INADIMPLENTE
10422;3207;2720.22;240.08;12;5.91;2021-10-23;ATIVO
10423;1983;3539.38;210.79;18;7.2;2023-04-14;ATIVO
10424;1289;28907.21;1216.87;24;1.03;2022-10-14;ATIVO
10425;2398;7576.63;1301.16;6;3.04;2021-09-29;QUITADO
10426;6688;17951.21;380.08;48;1.63;2022-04-24;ATIVO
10427;8198;3381.78;96.68;36;2.92;2023-10-25;QUITADO
10428;2015;26792.76;4521.28;6;1.25;2023-12-25;ATIVO
10429;6933;14905.79;319.85;48;3.0;2023-11-09;QUITADO
10430;6151;15968.96;340.5;48;2.35;2022-06-04;ATIVO
10431;3777;3573.94;628.24;6;5.47;2021-07-29;ATIVO
10432;7911;16197.41;345.85;48;2.49;2022-12-18;ATIVO
10433;2107;12667.57;541.7;24;2.63;2021-03-17;QUITADO
10434;6907;18050.59;382.48;48;1.71;2022-11-17;ATIVO
10435;9125;7002.97;613.69;12;5.16;2023-03-05;QUITADO
10436;6979;6034.74;351.66;18;4.89;2023-03-02;QUITADO
10437;881;21832.57;1846.13;12;1.47;2024-11-10;ATIVO
10438;5847;38100.31;2143.35;18;1.26;2023-09-23;QUITADO
10439;5579;7744.98;684.33;12;6.03;2022-10-12;QUITADO
10440;8405;11316.95;959.39;12;1.73;2021-01-12;QUITADO
10441;8799;1849.28;83.01;24;7.73;2021-09-12;ATIVO
10442;8484;5393.82;155.63;36;3.87;2021-04-13;QUITADO
10443;511;2563.01;144.7;18;1.62;2024-05-15;QUITADO
10444;7842;1605.62;45.73;36;2.54;2022-06-05;ATIVO
10445;5773;14029.64;798.05;18;2.39;2023-01-08;QUITADO
10446;7903;4144.17;242.92;18;5.51;2024-11-07;QUITADO
10447;9777;3843.9;329.26;12;2.79;2022-04-14;QUITADO
10448;5929;1012.19;90.66;12;7.48;2024-09-18;QUITADO
10449;3531;7983.09;168.46;48;1.29;2022-05-09;ATIVO
10450;3826;31106.63;655.12;48;1.09;2022-06-22;ATIVO
10451;1769;5730.36;163.55;36;2.75;2023-11-17;QUITADO
10452;7677;4432.79;196.5;24;6.39;2024-05-14;ATIVO
10453;8864;15323.82;1309.29;12;2.53;2021-10-11;QUITADO
10454;3440;6362.07;375.01;18;6.1;2023-11-12;ATIVO
10455;9277;3011.77;262.85;12;4.73;2023-08-30;ATIVO
10456;3315;5358.58;232.16;24;3.98;2021-04-20;ATIVO
10457;4732;5929.0;338.45;18;2.75;2023-03-15;ATIVO
10458;2226;4439.16;264.67;18;7.32;2024-02-29;ATIVO
10459;8509;5108.61;902.01;6;5.94;2024-05-17;ATIVO
10460;5683;3494.24;604.39;6;3.78;2024-03-20;ATIVO
10461;1942;4433.44;774.67;6;4.84;2023-05-04;QUITADO
10462;5591;6834.27;395.48;18;4.16;2023-04-11;INADIMPLENTE
10463;5066;7300.37;208.75;36;2.94;2024-03-05;ATIVO
10464;5450;4247.75;250.52;18;6.16;2022-07-03;QUITADO
10465;8401;22497.8;1899.75;12;1.33;2021-06-18;QUITADO
10466;6614;11068.53;625.86;18;1.78;2021-10-14;ATIVO
10467;8698;821.59;72.98;12;6.59;2023-07-29;QUITADO
10468;9242;5667.67;160.76;36;2.11;2021-04-01;INADIMPLENTE
10469;6034;2748.92;470.43;6;2.68;2021-10-21;ATIVO
10470;4409;1862.52;323.21;6;4.12;2022-11-30;ATIVO
10471;4919;19766.71;423.38;48;2.81;2024-11-03;ATIVO
10472;2178;2487.06;106.24;24;2.52;2023-11-10;ATIVO
10473;1906;2935.29;512.45;6;4.75;2023-03-06;ATIVO
10474;2116;1738.78;154.33;12;6.51;2023-09-28;ATIVO
10475;9925;15561.58;658.25;24;1.52;2023-10-18;QUITADO
10476;3001;1079.81;190.12;6;5.64;2021-04-05;QUITADO
10477;5539;1688.17;36.73;48;4.43;2023-06-02;INADIMPLENTE
10478;2624;2314.4;99.92;24;3.62;2023-11-10;ATIVO
10479;8337;5556.84;238.46;24;2.99;2023-08-16;ATIVO
10480;7252;17732.45;1018.73;18;3.41;2023-05-15;QUITADO
10481;9157;33612.03;5657.46;6;0.99;2021-05-07;ATIVO
10482;1229;7919.11;707.31;12;7.18;2022-03-24;INADIMPLENTE
10483;8351;29514.15;624.04;48;1.49;2022-12-26;ATIVO
10484;5878;2320.3;51.8;48;7.15;2023-06-10;ATIVO
10485;5173;10140.99;1747.97;6;3.42;2022-12-30;QUITADO
10486;8867;11223.18;1919.16;6;2.6;2024-06-25;QUITADO
10487;9942;38463.61;2160.37;18;1.1;2024-05-18;ATIVO
10488;1825;8971.75;773.22;12;3.42;2021-10-11;QUITADO
10489;5129;2770.31;235.57;12;2.04;2024-10-25;QUITADO
10490;6173;1099.47;65.05;18;6.49;2023-01-19;INADIMPLENTE
10491;1401;10534.58;302.52;36;3.38;2022-02-05;QUITADO
10492;7;4199.63;360.36;12;2.97;2021-02-12;ATIVO
10493;6103;10376.94;1749.03;6;1.13;2021-09-19;QUITADO
10494;8934;6262.7;280.91;24;7.65;2021-02-12;INADIMPLENTE
10495;7456;3878.99;688.39;6;6.48;2023-07-26;ATIVO
10496;9959;32890.08;693.09;48;1.15;2024-08-28;QUITADO
10497;1566;4542.73;260.27;18;3.13;2022-06-04;QUITADO
10498;4659;6635.88;396.46;18;7.54;2023-08-19;ATIVO
10499;255;12447.3;529.79;24;2.15;2021-05-23;INADIMPLENTE
10500;6026;16953.33;957.96;18;1.71;2024-11-21;ATIVO
10501;8338;16207.88;698.9;24;3.49;2022-03-08;ATIVO
10502;6745;1788.36;101.07;18;1.73;2021-11-19;ATIVO
10503;8806;2717.56;79.44;36;5.24;2023-05-30;ATIVO
10504;6845;4789.18;285.99;18;7.49;2023-05-26;ATIVO
10505;6353;8052.46;688.22;12;2.56;2024-12-22;ATIVO
10506;7212;594.2;17.16;36;3.95;2021-01-30;INADIMPLENTE
10507;6300;7577.72;160.84;48;1.88;2022-12-08;ATIVO
10508;2641;4071.74;179.44;24;5.77;2022-01-25;ATIVO
10509;5166;5712.91;253.68;24;6.57;2022-12-18;INADIMPLENTE
10510;6761;1904.86;41.14;48;3.66;2021-05-26;QUITADO
10511;8410;3416.52;302.45;12;6.23;2021-08-15;ATIVO
10512;4231;1797.45;53.35;36;6.86;2023-06-18;ATIVO
10513;2024;18657.6;534.49;36;3.13;2024-01-26;ATIVO
10514;611;2370.63;102.37;24;3.64;2024-07-29;QUITADO
10515;7389;48394.15;8147.96;6;1.02;2023-02-15;ATIVO
10516;5118;6682.46;197.54;36;6.42;2024-12-25;INADIMPLENTE
10517;8913;37766.67;796.48;48;1.23;2024-07-15;ATIVO
10518;2540;16611.72;352.06;48;1.73;2024-07-15;ATIVO
10519;1562;5191.96;111.55;48;3.13;2024-12-27;QUITADO
10520;7272;8866.9;753.54;12;1.98;2024-04-05;ATIVO
10521;857;699.65;122.44;6;5.0;2021-06-08;ATIVO
10522;4690;7120.03;212.37;36;7.38;2023-08-24;QUITADO
10523;5341;831.15;143.4;6;3.52;2021-03-24;QUITADO
10524;1797;11300.2;952.8;12;1.18;2021-04-23;ATIVO
10525;9599;3493.88;297.62;12;2.22;2021-03-29;ATIVO
10526;4620;2262.78;49.94;48;5.94;2023-01-06;ATIVO
10527;7424;15560.42;442.05;36;2.27;2024-03-15;ATIVO
10528;597;2685.99;118.5;24;5.88;2021-05-26;ATIVO
10529;6764;1374.02;245.77;6;7.32;2021-07-08;INADIMPLENTE
10530;9705;17403.28;1480.29;12;2.07;2022-06-24;QUITADO
10531;336;42099.86;1185.46;36;1.37;2024-06-11;ATIVO
10532;154;39603.54;1671.6;24;1.3;2022-01-28;QUITADO
10533;1802;40574.51;1710.89;24;1.2;2022-10-26;ATIVO
10534;8578;8654.92;244.31;36;1.62;2024-07-13;QUITADO
10535;4751;3238.0;72.03;48;6.77;2023-05-30;QUITADO
10536;472;4473.37;384.19;12;3.06;2021-09-06;QUITADO
10537;7596;2289.68;134.09;18;5.41;2021-04-19;ATIVO
10538;3200;6802.08;384.73;18;1.81;2021-02-01;QUITADO
10539;2405;48526.76;4087.57;12;1.08;2021-09-17;ATIVO
10540;7444;15907.31;2730.22;6;2.98;2024-11-15;QUITADO
10541;6759;7639.96;436.71;18;2.89;2021-06-30;QUITADO
10542;4324;7577.97;224.12;36;6.47;2022-06-11;ATIVO
10543;1397;5267.82;313.14;18;7.0;2023-06-03;QUITADO
10544;1025;3361.94;150.64;24;7.54;2023-02-15;QUITADO
10545;4380;15691.74;334.86;48;2.43;2024-12-28;ATIVO
10546;7914;5105.19;890.35;6;4.64;2022-07-24;ATIVO
10547;2298;10595.52;1798.24;6;1.83;2021-02-05;ATIVO
10548;5194;7279.99;1256.04;6;3.52;2024-11-29;ATIVO
10549;5527;15440.8;654.43;24;1.72;2022-06-23;ATIVO
10550;6120;10701.01;454.26;24;1.88;2021-07-19;ATIVO
10551;4000;26361.62;738.2;36;0.81;2022-01-01;QUITADO
10552;4196;4428.42;250.65;18;1.88;2024-09-19;ATIVO
10553;3939;5673.53;503.9;12;6.58;2023-09-12;QUITADO
10554;752;6279.55;551.66;12;5.42;2024-08-08;ATIVO
10555;1487;7031.94;625.78;12;6.79;2022-04-27;ATIVO
10556;9473;1843.66;104.52;18;2.04;2022-07-20;QUITADO
10557;9712;10382.42;586.84;18;1.74;2023-08-04;ATIVO
10558;8797;9009.25;385.07;24;2.58;2021-06-10;ATIVO
10559;6131;5386.18;930.82;6;3.69;2021-02-08;ATIVO
10560;9598;4988.42;893.68;6;7.49;2023-12-21;ATIVO
10561;8325;4090.9;88.03;48;3.29;2022-07-04;ATIVO
10562;4113;15290.99;435.37;36;2.5;2022-03-17;ATIVO
10563;8141;2045.85;120.83;18;6.31;2023-11-07;ATIVO
10564;917;2619.6;448.96;6;2.83;2021-09-20;ATIVO
10565;5756;12187.99;259.73;48;2.29;2023-03-08;QUITADO
10566;7058;7215.28;1296.83;6;7.84;2022-10-18;ATIVO
10567;1828;7605.19;437.04;18;3.44;2024-10-16;QUITADO
10568;4233;13321.46;379.48;36;2.55;2023-09-12;QUITADO
10569;76;15674.15;667.72;24;2.24;2022-11-04;ATIVO
10570;4170;14102.41;2390.36;6;1.7;2023-11-09;ATIVO
10571;4516;5244.08;112.92;48;3.36;2024-02-04;ATIVO
10572;3975;4659.03;790.25;6;1.77;2024-09-24;ATIVO
10573;6012;6336.56;362.52;18;2.98;2023-03-06;QUITADO
10574;5150;33719.18;5686.18;6;1.18;2021-08-04;QUITADO
10575;5258;12989.25;2226.36;6;2.84;2022-05-16;QUITADO
10576;1485;5861.82;129.18;48;5.78;2022-09-03;ATIVO
10577;3822;4618.7;275.43;18;7.34;2021-12-29;ATIVO
10578;7775;1706.3;75.55;24;6.27;2022-07-28;QUITADO
10579;1695;9617.84;1658.76;6;3.48;2023-08-21;ATIVO
10580;5101;19225.83;826.87;24;3.22;2022-05-27;QUITADO
10581;9448;7028.25;153.05;48;4.53;2021-03-19;ATIVO
10582;4851;3666.77;317.18;12;3.8;2023-04-03;QUITADO
10583;7287;6595.83;139.6;48;1.59;2024-03-03;ATIVO
10584;2530;4493.02;127.89;36;2.47;2022-04-23;INADIMPLENTE
10585;4010;6712.94;564.22;12;0.86;2023-03-06;ATIVO
10586;6662;34161.06;1436.47;24;0.92;2022-10-05;ATIVO
10587;7332;6309.41;138.52;48;5.38;2024-05-09;QUITADO
10588;5573;32636.74;5505.82;6;1.22;2023-06-09;ATIVO
10589;8976;18530.48;521.38;36;1.29;2023-06-08;ATIVO
10590;9643;3411.56;100.71;36;6.27;2023-01-07;ATIVO
10591;7164;17413.3;2968.1;6;2.27;2021-06-23;INADIMPLENTE
10592;1166;6948.13;620.64;12;7.19;2024-02-02;ATIVO
10593;3706;17407.3;372.26;48;2.65;2021-02-05;QUITADO
10594;5832;19094.55;807.46;24;1.49;2022-09-16;QUITADO
10595;1975;4715.67;410.62;12;4.49;2021-02-15;ATIVO
10596;4914;2913.32;257.66;12;6.13;2024-11-16;ATIVO
10597;9074;3144.8;178.64;18;2.25;2024-03-30;ATIVO
10598;1407;47496.15;1337.94;36;1.41;2024-07-13;ATIVO
10599;7517;19781.34;3385.25;6;2.68;2023-11-23;ATIVO
10600;2674;1400.58;62.2;24;6.59;2022-10-17;ATIVO
10601;1809;4591.03;407.11;12;6.41;2022-05-28;QUITADO
10602;9046;13532.06;388.29;36;3.3;2023-02-22;ATIVO
10603;1935;13682.57;1178.64;12;3.37;2021-12-20;QUITADO
10604;5269;41414.65;1159.84;36;0.82;2024-03-20;ATIVO
10605;2491;3037.49;179.7;18;6.49;2023-12-19;ATIVO
10606;3245;2034.94;174.75;12;3.05;2022-12-18;QUITADO
10607;5820;5478.99;120.89;48;5.91;2024-02-05;ATIVO
10608;6477;21570.76;455.41;48;1.34;2022-05-19;QUITADO
10609;1551;2673.84;466.32;6;4.64;2021-03-22;QUITADO
10610;7283;3109.91;274.14;12;5.78;2022-08-18;QUITADO
10611;571;7361.14;661.95;12;7.91;2021-06-24;ATIVO
10612;1943;16842.04;1449.68;12;3.29;2023-06-22;ATIVO
10613;108;1726.88;76.82;24;6.76;2023-06-26;ATIVO
10614;7642;4984.45;851.59;6;2.51;2023-10-15;ATIVO
10615;6028;5641.91;498.93;12;6.12;2021-10-09;QUITADO
10616;4492;10536.94;302.59;36;3.38;2021-07-02;QUITADO
10617;1485;4053.72;177.76;24;5.24;2023-07-15;QUITADO
10618;8914;1394.04;123.71;12;6.49;2022-08-06;ATIVO
10619;4337;2012.13;85.17;24;1.59;2022-03-25;ATIVO
10620;9410;4235.79;248.19;18;5.47;2023-07-21;QUITADO
10621;6673;5972.52;256.35;24;3.01;2024-07-07;ATIVO
10622;1628;10537.44;225.52;48;2.73;2023-12-19;ATIVO
10623;3014;16055.62;2716.34;6;1.51;2021-02-01;ATIVO
10624;657;9060.2;765.66;12;1.41;2021-05-01;QUITADO
10625;2874;5654.37;505.36;12;7.25;2021-08-29;QUITADO
10626;447;11403.52;1939.55;6;2.05;2022-06-07;QUITADO
10627;7139;2514.09;54.12;48;3.33;2022-05-22;QUITADO
10628;4471;39686.05;1117.6;36;1.38;2021-11-28;QUITADO
10629;6276;13549.52;382.85;36;1.72;2021-06-09;ATIVO
10630;5261;3995.53;176.65;24;6.11;2021-10-29;INADIMPLENTE
10631;1831;2373.54;103.55;24;4.7;2024-12-26;QUITADO
10632;3662;2667.47;117.14;24;5.39;2021-06-04;ATIVO
10633;9522;7397.85;434.95;18;5.83;2023-05-24;QUITADO
10634;1078;7171.16;422.38;18;6.02;2024-11-10;INADIMPLENTE
10635;2864;6082.63;539.12;12;6.36;2022-02-27;ATIVO
10636;5936;47480.5;1337.89;36;1.44;2023-06-27;QUITADO
10637;7654;17795.27;378.59;48;2.12;2024-04-24;QUITADO
10638;6739;4365.07;94.55;48;3.97;2024-11-09;ATIVO
10639;1534;13330.52;280.16;48;0.88;2024-06-01;QUITADO
10640;3906;17448.44;1497.8;12;3.01;2022-04-02;ATIVO
10641;1611;7160.02;160.71;48;7.74;2023-02-09;ATIVO
10642;3023;3304.49;140.72;24;2.2;2024-01-01;ATIVO
10643;2133;15797.27;676.45;24;2.77;2024-01-18;QUITADO
10644;9819;3576.71;153.9;24;3.27;2023-04-23;ATIVO
10645;835;12025.15;515.43;24;2.87;2024-03-21;QUITADO
10646;801;7042.3;157.42;48;7.3;2023-07-27;ATIVO
10647;2383;5555.43;124.31;48;7.41;2023-10-26;QUITADO
10648;1281;3682.47;164.41;24;7.15;2022-12-29;ATIVO
10649;7740;45730.35;2569.03;18;1.12;2024-01-09;QUITADO
10650;1648;3283.68;97.42;36;6.8;2023-07-11;ATIVO
10651;332;19116.46;543.65;36;2.38;2023-08-09;ATIVO
10652;7857;10165.58;217.04;48;2.48;2024-09-24;ATIVO
10653;7775;5199.94;927.93;6;7.07;2021-03-22;INADIMPLENTE
10654;6837;19314.64;408.14;48;1.43;2023-04-23;ATIVO
10655;14;1941.06;42.81;48;5.86;2022-05-24;INADIMPLENTE
10656;5949;2262.52;201.76;12;7.01;2024-03-05;ATIVO
10657;4997;9884.9;560.03;18;1.98;2024-11-16;ATIVO
10658;1239;5482.17;474.76;12;3.92;2023-06-08;QUITADO
10659;6320;10502.08;598.04;18;2.5;2023-07-09;ATIVO
10660;3048;5671.8;160.07;36;1.6;2023-01-24;INADIMPLENTE
10661;9865;8650.14;183.85;48;2.02;2023-01-07;ATIVO
10662;9516;48787.29;4102.6;12;0.91;2021-10-05;QUITADO
10663;9252;2133.91;46.15;48;3.8;2022-11-12;QUITADO
10664;158;24746.62;695.38;36;1.16;2024-04-10;ATIVO
10665;7294;33287.55;933.16;36;0.92;2021-01-31;ATIVO
10666;8646;49243.26;1041.19;48;1.49;2021-11-17;ATIVO
10667;6661;6626.17;390.76;18;6.15;2023-10-21;QUITADO
10668;9987;6174.49;1083.52;6;5.29;2023-11-15;QUITADO
10669;7060;2114.66;46.63;48;5.85;2021-03-07;INADIMPLENTE
10670;8375;14906.45;317.94;48;2.38;2021-05-21;QUITADO
10671;9398;13773.84;296.05;48;3.17;2021-01-21;QUITADO
10672;5379;4580.04;97.64;48;2.33;2024-08-22;QUITADO
10673;4888;6056.63;524.25;12;3.87;2022-09-20;QUITADO
10674;7853;1090.52;47.63;24;4.82;2022-09-28;QUITADO
10675;6174;9628.46;207.19;48;3.29;2024-01-24;INADIMPLENTE
10676;5721;6420.1;138.35;48;3.44;2023-03-25;QUITADO
10677;8051;1338.52;58.95;24;5.7;2021-11-21;ATIVO
10678;1511;28779.4;1615.0;18;1.01;2024-04-14;QUITADO
10679;4229;5865.89;249.91;24;2.25;2023-02-05;ATIVO
10680;5855;48828.25;8250.35;6;1.38;2024-06-17;ATIVO
10681;288;8933.45;759.34;12;2.0;2024-07-16;QUITADO
10682;2419;5705.83;253.51;24;6.63;2023-07-22;ATIVO
10683;5233;581.27;16.84;36;4.3;2023-02-17;QUITADO
10684;1694;5485.47;953.01;6;4.24;2021-06-20;QUITADO
10685;8425;5685.25;978.62;6;3.28;2023-02-02;ATIVO
10686;1093;3486.01;156.06;24;7.44;2021-05-07;ATIVO
10687;2899;43959.82;7388.18;6;0.84;2023-11-13;ATIVO
10688;8920;9830.58;1678.24;6;2.43;2022-07-03;ATIVO
10689;3503;14600.43;418.02;36;3.07;2024-05-10;QUITADO
10690;895;17918.3;760.18;24;1.82;2021-06-10;INADIMPLENTE
10691;6355;43988.49;1239.5;36;1.44;2024-09-30;QUITADO
10692;8776;3847.14;663.31;6;3.45;2022-05-12;ATIVO
10693;7580;4664.41;101.03;48;3.97;2023-03-26;QUITADO
10694;5809;762.1;43.88;18;3.65;2023-02-28;ATIVO
10695;8003;18546.04;3144.17;6;1.72;2023-08-29;QUITADO
10696;8257;2708.05;115.07;24;1.98;2024-12-18;QUITADO
10697;5771;1159.94;50.58;24;4.66;2022-12-09;ATIVO
10698;376;2957.47;259.12;12;5.14;2022-05-22;ATIVO
10699;5208;18738.49;1074.55;18;3.22;2023-01-16;ATIVO
10700;2267;8885.57;506.82;18;2.67;2024-06-23;INADIMPLENTE
10701;4231;5419.1;234.58;24;3.89;2022-02-01;QUITADO
10702;2842;1972.99;170.35;12;3.61;2022-04-22;ATIVO
10703;4104;14584.69;415.38;36;2.53;2023-03-30;ATIVO
10704;1048;2035.59;115.54;18;2.17;2022-06-21;QUITADO
10705;6389;1845.19;107.06;18;4.44;2024-08-27;ATIVO
10706;1876;7869.63;1357.64;6;3.51;2023-04-27;QUITADO
10707;3050;8554.75;364.4;24;2.23;2021-02-10;INADIMPLENTE
10708;674;5384.63;160.24;36;7.13;2023-05-25;ATIVO
10709;5312;12881.07;276.92;48;3.19;2023-09-10;ATIVO
10710;6421;5187.98;456.89;12;5.68;2022-06-27;ATIVO
10711;7376;40854.01;3433.44;12;0.85;2022-07-16;QUITADO
10712;8113;6233.81;268.57;24;3.4;2022-07-17;INADIMPLENTE
10713;515;2231.73;127.75;18;3.04;2022-03-19;ATIVO
10714;5787;683.8;119.73;6;5.06;2024-10-01;ATIVO
10715;8730;19305.74;410.37;48;2.03;2021-06-05;ATIVO
10716;4587;6268.46;269.47;24;3.17;2022-03-04;QUITADO
10717;5712;5007.87;295.44;18;6.19;2024-07-28;QUITADO
10718;9610;7915.81;679.18;12;2.96;2021-10-24;ATIVO
10719;8601;2630.13;453.0;6;3.34;2022-09-05;QUITADO
10720;6286;4871.36;431.44;12;6.28;2023-05-30;ATIVO
10721;7067;49693.2;2797.73;18;1.34;2022-04-28;QUITADO
10722;7853;2489.61;111.88;24;7.85;2024-12-27;ATIVO
10723;483;12590.22;2130.89;6;1.55;2024-03-25;ATIVO
10724;1886;13295.12;761.51;18;3.1;2021-04-10;ATIVO
10725;8096;2806.23;120.85;24;3.36;2022-03-09;QUITADO
10726;519;5571.06;485.52;12;4.58;2024-09-11;ATIVO
10727;4923;7627.34;332.42;24;4.6;2021-09-18;ATIVO
10728;9094;19938.11;1697.07;12;2.14;2024-02-06;ATIVO
10729;3068;4171.98;733.09;6;5.43;2021-08-16;QUITADO
10730;858;6971.14;208.98;36;7.92;2021-12-12;ATIVO
10731;3655;7839.55;174.25;48;6.69;2021-08-10;QUITADO
10732;3891;6269.76;544.06;12;4.13;2021-01-06;QUITADO
10733;2906;24242.39;2048.89;12;1.42;2023-12-26;QUITADO
10734;2197;5025.11;106.5;48;1.73;2024-06-29;ATIVO
10735;597;3230.41;140.33;24;4.26;2023-10-09;QUITADO
10736;1045;4201.69;185.7;24;6.07;2021-09-08;INADIMPLENTE
10737;3385;30788.95;5197.17;6;1.28;2023-10-04;QUITADO
10738;8009;1140.36;50.5;24;6.29;2021-10-16;ATIVO
10739;7135;18397.1;1574.95;12;2.73;2022-05-01;QUITADO
10740;1462;7872.08;457.15;18;4.53;2024-03-03;ATIVO
10741;2759;14901.44;842.35;18;1.75;2022-02-27;QUITADO
10742;2357;8093.48;457.1;18;1.66;2023-06-04;ATIVO
10743;3517;15333.42;650.65;24;1.84;2021-10-09;QUITADO
10744;8492;7862.08;174.82;48;6.73;2024-07-21;ATIVO
10745;7506;2544.95;54.93;48;3.6;2021-02-27;QUITADO
10746;9943;1276.48;56.43;24;6.09;2024-09-24;QUITADO
10747;5602;6170.32;271.83;24;5.73;2024-02-02;QUITADO
10748;2182;13657.64;386.32;36;1.83;2021-12-21;QUITADO
10749;9034;13360.01;754.54;18;1.66;2022-08-08;QUITADO
10750;1331;1707.86;299.56;6;5.24;2023-03-31;INADIMPLENTE
10751;9738;1476.29;64.21;24;4.38;2021-01-09;ATIVO
10752;6736;9195.56;195.25;48;1.92;2022-08-07;ATIVO
10753;8330;5723.14;126.86;48;6.4;2024-08-01;INADIMPLENTE
10754;3790;7086.12;628.24;12;6.39;2021-11-29;ATIVO
10755;8309;3642.02;309.39;12;1.94;2022-06-01;QUITADO
10756;5617;9223.13;391.29;24;1.82;2024-02-14;ATIVO
10757;1465;22673.44;478.55;48;1.31;2021-06-10;QUITADO
10758;374;5776.1;326.73;18;1.82;2022-12-03;INADIMPLENTE
10759;8669;47023.89;1988.72;24;1.5;2024-01-14;QUITADO
10760;502;7596.25;1292.12;6;2.06;2022-07-23;INADIMPLENTE
10761;79;17736.48;2985.05;6;0.98;2023-06-26;ATIVO
10762;5922;5081.77;288.96;18;2.35;2021-06-09;QUITADO
10763;3266;9706.6;547.4;18;1.51;2024-09-29;ATIVO
10764;9260;8347.49;477.48;18;2.96;2022-01-09;ATIVO
10765;9337;14761.72;415.5;36;1.33;2022-05-21;ATIVO
10766;8075;2510.64;148.32;18;6.34;2024-09-19;ATIVO
10767;3425;15437.2;325.4;48;1.18;2023-02-06;ATIVO
10768;9645;19060.32;1077.33;18;1.74;2022-10-16;QUITADO
10769;7911;15316.36;329.75;48;3.34;2024-11-29;ATIVO
10770;5502;26727.01;1502.95;18;1.22;2023-10-09;ATIVO
10771;69;4578.07;794.37;6;4.11;2022-10-22;QUITADO
10772;3337;1524.19;65.31;24;2.84;2023-05-18;QUITADO
10773;37;16042.37;2723.46;6;1.86;2021-08-01;INADIMPLENTE
10774;7245;7541.46;670.44;12;6.68;2021-02-23;QUITADO
10775;6244;13528.19;575.51;24;2.1;2023-06-28;QUITADO
10776;4634;2442.86;146.5;18;7.95;2024-01-28;ATIVO
10777;7265;12425.66;350.16;36;1.45;2022-05-28;QUITADO
10778;936;1469.87;260.0;6;6.13;2022-12-15;INADIMPLENTE
10779;5690;10858.09;230.37;48;1.84;2024-10-21;QUITADO
10780;2669;2920.41;127.24;24;4.57;2024-01-31;QUITADO
10781;2983;7309.96;204.86;36;0.89;2021-04-07;ATIVO
10782;3785;5959.86;251.21;24;1.16;2024-08-06;ATIVO
10783;8190;532.35;15.64;36;5.76;2023-11-20;ATIVO
10784;5110;12697.11;2146.45;6;1.43;2024-04-03;ATIVO
10785;4827;7771.94;167.02;48;3.15;2021-08-24;ATIVO
10786;5325;5775.51;166.08;36;3.52;2022-07-15;INADIMPLENTE
10787;543;4715.07;269.89;18;3.03;2024-10-22;QUITADO
10788;7671;30420.61;2559.89;12;0.98;2021-04-12;QUITADO
10789;7751;10308.03;294.81;36;2.96;2021-09-25;ATIVO
10790;6325;7694.91;1361.23;6;6.14;2021-12-10;ATIVO
10791;4915;1432.25;30.47;48;2.13;2021-12-10;QUITADO
10792;1671;12356.01;1048.61;12;1.84;2023-01-10;QUITADO
10793;6331;4791.32;142.77;36;7.27;2023-11-16;QUITADO
10794;2386;5705.04;163.7;36;3.3;2024-11-16;INADIMPLENTE
10795;681;13681.72;1175.72;12;3.12;2021-12-12;QUITADO
10796;2146;1645.01;140.32;12;2.36;2021-12-16;ATIVO
10797;8561;4632.12;101.18;48;4.85;2023-08-17;QUITADO
10798;4417;740.82;65.21;12;5.63;2023-09-13;ATIVO
10799;4708;1280.86;228.36;6;6.97;2022-12-12;INADIMPLENTE
10800;5669;8216.0;463.75;18;1.6;2021-10-31;ATIVO
10801;6096;1256.56;35.63;36;2.09;2024-02-26;ATIVO
10802;2556;3268.84;97.23;36;7.08;2021-11-28;ATIVO
10803;7464;1949.71;112.01;18;3.41;2021-08-28;ATIVO
10804;1676;1131.98;101.65;12;7.76;2021-10-15;ATIVO
10805;2213;4326.69;191.83;24;6.41;2021-04-04;QUITADO
10806;8094;4794.04;137.96;36;3.6;2023-07-25;ATIVO
10807;1813;18038.95;1017.0;18;1.48;2021-08-13;ATIVO
10808;9721;24891.77;1394.91;18;0.87;2024-04-08;ATIVO
10809;9427;2260.33;135.04;18;7.54;2023-10-23;QUITADO
10810;4875;2360.78;209.99;12;6.74;2024-11-28;QUITADO
10811;7724;5548.69;121.44;48;5.05;2021-02-13;ATIVO
10812;318;1594.93;47.36;36;6.9;2024-03-25;INADIMPLENTE
10813;9135;2594.63;56.98;48;5.42;2022-02-22;ATIVO
10814;4583;5355.9;455.43;12;2.04;2024-03-01;QUITADO
10815;1600;5657.84;169.25;36;7.69;2024-09-14;ATIVO
10816;4616;10314.53;586.5;18;2.35;2022-10-02;QUITADO
10817;7847;7960.72;715.8;12;7.9;2024-03-07;ATIVO
10818;8883;18049.33;386.86;48;2.88;2024-06-25;ATIVO
10819;2888;12303.49;706.43;18;3.35;2023-09-21;QUITADO
10820;7740;31168.65;1309.86;24;0.86;2024-10-07;QUITADO
10821;324;4225.12;756.37;6;7.41;2023-08-16;INADIMPLENTE
10822;6705;32008.65;5414.26;6;1.49;2024-08-12;QUITADO
10823;911;18500.39;1586.56;12;2.91;2023-01-21;QUITADO
10824;4748;3512.1;305.41;12;4.35;2022-12-17;INADIMPLENTE
10825;6791;3173.69;135.87;24;2.75;2022-01-03;ATIVO
10826;8982;582.54;33.79;18;4.41;2024-07-16;ATIVO
10827;3259;19424.02;408.15;48;0.86;2024-01-18;QUITADO
10828;209;24525.04;2069.3;12;1.25;2021-08-14;QUITADO
10829;9299;5367.96;120.7;48;7.93;2022-03-30;ATIVO
10830;6815;2072.95;354.41;6;2.58;2021-05-12;ATIVO
10831;9107;3769.75;642.05;6;2.19;2021-08-19;QUITADO
10832;747;5726.24;170.67;36;7.3;2024-06-25;QUITADO
10833;9865;12624.58;361.59;36;3.11;2024-12-23;QUITADO
10834;2175;5179.71;116.04;48;7.53;2024-12-25;QUITADO
10835;8897;5535.6;323.65;18;5.24;2021-08-29;ATIVO
10836;1994;5422.75;115.74;48;2.45;2023-03-10;ATIVO
10837;1209;11425.62;649.67;18;2.35;2022-04-02;ATIVO
10838;4536;15991.36;903.33;18;1.68;2021-02-17;ATIVO
10839;9254;15144.94;326.5;48;3.48;2021-07-10;ATIVO
10840;9932;2103.77;359.85;6;2.63;2021-08-09;ATIVO
10841;7963;23443.66;656.42;36;0.8;2021-12-04;ATIVO
10842;5266;42698.55;3591.3;12;0.93;2021-11-22;ATIVO
10843;4965;15688.17;445.67;36;2.27;2022-10-06;QUITADO
10844;9986;28122.84;590.93;48;0.86;2024-09-06;ATIVO
10845;6898;5313.0;234.1;24;5.75;2023-10-23;QUITADO
10846;6601;7276.43;415.61;18;2.81;2021-05-14;QUITADO
10847;7494;31915.15;1799.48;18;1.49;2022-08-07;ATIVO
10848;216;3505.29;104.6;36;7.43;2021-03-25;INADIMPLENTE
10849;8375;18066.32;1036.71;18;3.29;2023-01-22;ATIVO
10850;4641;16545.47;465.2;36;1.22;2022-02-24;ATIVO
10851;714;49792.79;1394.47;36;0.82;2022-07-13;QUITADO
10852;7720;1887.01;319.53;6;1.6;2021-03-10;ATIVO
10853;63;8911.58;511.97;18;3.41;2023-04-01;QUITADO
10854;3265;2774.34;79.17;36;2.73;2024-12-07;QUITADO
10855;4735;7508.2;653.65;12;4.47;2021-06-25;QUITADO
10856;4336;31509.65;2654.16;12;1.08;2023-03-09;QUITADO
10857;8051;2660.47;59.36;48;7.1;2022-05-02;ATIVO
10858;7327;3852.17;684.92;6;6.68;2022-11-21;INADIMPLENTE
10859;2053;11918.2;2038.61;6;2.63;2024-09-04;ATIVO
10860;781;6283.69;180.46;36;3.39;2021-08-25;ATIVO
10861;4860;9500.9;1609.14;6;1.62;2024-03-24;ATIVO
10862;8978;5178.85;299.14;18;3.97;2021-07-20;INADIMPLENTE
10863;6166;6533.33;375.96;18;3.58;2024-05-24;ATIVO
10864;168;16938.56;479.08;36;1.82;2023-02-23;QUITADO
10865;2028;5932.42;345.99;18;4.98;2024-04-01;ATIVO
10866;3264;5679.34;123.9;48;4.72;2023-12-28;INADIMPLENTE
10867;107;4576.0;129.51;36;1.89;2023-01-17;ATIVO
10868;5607;14885.4;640.32;24;3.24;2022-11-12;ATIVO
10869;7675;4735.25;412.95;12;4.65;2022-06-08;INADIMPLENTE
10870;560;19153.72;3298.91;6;3.34;2021-10-30;ATIVO
10871;1310;8796.16;251.77;36;3.04;2023-11-19;ATIVO
10872;7622;1137.28;24.39;48;2.96;2024-07-14;QUITADO
10873;6500;44293.32;934.96;48;1.32;2024-07-08;ATIVO
10874;5882;1818.77;322.89;6;6.52;2024-05-10;ATIVO
10875;2065;5211.34;458.55;12;5.59;2021-02-16;ATIVO
10876;6196;39943.03;6733.06;6;1.14;2023-08-09;ATIVO
10877;5104;10786.08;227.68;48;1.32;2021-12-20;QUITADO
10878;7876;18437.21;523.16;36;2.15;2021-08-22;QUITADO
10879;2697;15071.68;425.65;36;1.67;2024-08-24;ATIVO
10880;6902;38197.64;1605.57;24;0.88;2023-05-08;ATIVO
10881;1421;7889.46;1337.26;6;1.7;2024-01-23;ATIVO
10882;7860;7981.15;459.49;18;3.63;2022-09-30;INADIMPLENTE
10883;2697;8391.62;355.77;24;1.75;2024-12-04;QUITADO
10884;9733;645.75;38.41;18;7.08;2024-09-10;ATIVO
10885;622;6533.57;391.07;18;7.74;2024-05-30;ATIVO
10886;5773;8814.58;376.05;24;2.39;2021-07-09;ATIVO
10887;4549;2424.67;140.54;18;4.33;2024-01-22;QUITADO
10888;5075;7885.41;229.68;36;4.86;2024-09-23;QUITADO
10889;8217;3146.42;94.31;36;7.9;2023-03-12;ATIVO
10890;416;4802.36;138.45;36;3.79;2021-02-06;ATIVO
10891;602;2267.63;48.87;48;3.44;2024-12-12;QUITADO
10892;7576;14161.54;401.36;36;2.03;2021-02-13;ATIVO
10893;9701;18686.09;1060.64;18;2.17;2022-09-30;ATIVO
10894;5154;9032.79;194.22;48;3.21;2023-02-06;ATIVO
10895;4803;3081.0;174.23;18;1.79;2022-05-20;QUITADO
10896;5968;6688.11;295.34;24;5.98;2022-03-21;QUITADO
10897;9939;7821.17;174.46;48;7.07;2021-04-09;QUITADO
10898;6330;8670.28;184.98;48;2.41;2023-04-04;QUITADO
10899;4470;14329.83;815.77;18;2.47;2024-08-12;QUITADO
10900;6141;5634.76;474.31;12;1.01;2021-08-01;QUITADO
10901;2645;6247.64;279.24;24;7.27;2024-04-21;QUITADO
10902;4995;567.91;33.5;18;6.17;2024-02-16;ATIVO
10903;2969;49908.52;2796.26;18;0.85;2023-01-26;ATIVO
10904;3178;6467.77;288.11;24;6.91;2024-02-02;INADIMPLENTE
10905;9439;2178.04;379.52;6;4.55;2024-10-15;ATIVO
10906;6682;3661.32;108.91;36;7.09;2021-04-10;ATIVO
10907;6548;30596.9;2585.69;12;1.41;2023-07-31;QUITADO
10908;6709;6323.21;274.11;24;4.04;2021-12-17;ATIVO
10909;7742;7308.5;159.01;48;4.43;2022-04-14;ATIVO
10910;7236;18169.57;3095.49;6;2.22;2021-06-23;ATIVO
10911;1501;5219.28;229.6;24;5.58;2021-12-22;ATIVO
10912;6337;3074.84;91.71;36;7.37;2021-05-18;QUITADO
10913;3559;14180.69;599.08;24;1.39;2021-07-21;ATIVO
10914;2774;34505.83;1934.82;18;0.93;2021-10-07;ATIVO
10915;5389;7403.18;1322.82;6;7.21;2021-06-18;ATIVO
10916;6990;7906.44;233.94;36;6.52;2021-09-20;ATIVO
10917;7500;5345.84;465.36;12;4.46;2024-08-11;ATIVO
10918;885;2091.67;179.12;12;2.76;2022-10-27;ATIVO
10919;5266;35782.84;6047.3;6;1.4;2022-07-19;ATIVO
10920;6841;7020.06;313.68;24;7.24;2023-08-23;ATIVO
10921;745;628.05;27.95;24;6.8;2021-07-12;ATIVO
10922;3227;6282.71;138.68;48;5.95;2023-02-02;INADIMPLENTE
10923;2993;10093.68;1698.26;6;0.95;2022-11-28;QUITADO
10924;2605;5728.04;502.73;12;5.32;2022-10-26;QUITADO
10925;1782;1832.79;40.98;48;7.33;2024-02-12;ATIVO
10926;475;7450.21;160.27;48;3.26;2021-08-07;ATIVO
10927;8118;2439.8;217.53;12;6.99;2022-05-02;ATIVO
10928;7128;30322.05;5107.75;6;1.07;2022-12-07;ATIVO
10929;6866;14369.47;406.34;36;1.8;2023-04-30;ATIVO
10930;365;7634.3;332.86;24;4.64;2021-05-10;QUITADO
10931;2319;4688.02;133.17;36;2.26;2022-03-05;ATIVO
10932;1915;14337.14;1210.29;12;1.3;2021-11-26;ATIVO
10933;6003;15405.01;435.15;36;1.69;2024-12-31;ATIVO
10934;9110;847.59;151.18;6;7.02;2021-07-15;ATIVO
10935;3587;7020.07;1237.87;6;5.8;2024-12-06;QUITADO
10936;6407;17697.5;1014.17;18;3.15;2022-11-20;QUITADO
10937;8025;19408.97;414.38;48;2.48;2021-06-29;QUITADO
10938;9000;7609.41;454.62;18;7.54;2021-07-25;QUITADO
10939;764;29513.13;2482.05;12;0.92;2024-11-19;QUITADO
10940;3121;614.13;13.35;48;4.38;2021-06-09;ATIVO
10941;8795;14553.47;414.13;36;2.44;2022-09-15;QUITADO
10942;672;14249.53;807.71;18;2.03;2024-07-13;QUITADO
10943;8455;9995.55;425.77;24;2.23;2023-03-07;ATIVO
10944;7478;15348.95;661.03;24;3.36;2021-11-05;QUITADO
10945;2431;3582.32;627.2;6;5.05;2021-07-29;ATIVO
10946;665;6123.49;1078.55;6;5.68;2022-04-13;QUITADO
10947;2890;7969.0;339.05;24;2.11;2024-11-18;QUITADO
10948;2539;13009.15;553.11;24;2.04;2022-11-29;ATIVO
10949;2714;19610.32;557.04;36;2.26;2021-12-20;QUITADO
10950;7741;543.61;47.31;12;4.44;2022-01-14;ATIVO
10951;533;1836.98;160.46;12;4.82;2023-07-11;QUITADO
10952;81;7935.0;458.07;18;3.91;2022-04-12;QUITADO
10953;1894;13579.31;1170.99;12;3.48;2024-11-21;QUITADO
10954;8632;2605.0;73.96;36;2.21;2024-06-29;ATIVO
10955;2910;5201.61;460.73;12;6.29;2021-05-15;INADIMPLENTE
10956;1300;19252.95;539.35;36;0.85;2021-11-28;ATIVO
10957;6753;17047.49;484.81;36;2.38;2024-10-27;QUITADO
10958;8995;5940.76;262.63;24;6.1;2023-08-23;ATIVO
10959;8879;5876.61;1002.55;6;2.36;2024-07-23;QUITADO
10960;8623;14269.63;2459.13;6;3.4;2021-07-11;QUITADO
10961;2653;6195.91;136.49;48;5.74;2022-05-18;ATIVO
10962;4814;2478.07;69.97;36;1.65;2021-08-23;QUITADO
10963;9358;13939.56;786.5;18;1.56;2023-03-15;ATIVO
10964;4470;16593.64;1404.51;12;1.57;2024-08-20;ATIVO
10965;6699;6915.46;397.06;18;3.35;2023-03-04;QUITADO
10966;6992;11162.02;480.43;24;3.3;2024-12-25;INADIMPLENTE
10967;1182;656.52;19.16;36;5.06;2024-05-08;ATIVO
10968;2197;9971.36;212.35;48;2.22;2022-01-07;QUITADO
10969;8919;15677.86;443.2;36;1.77;2022-04-17;ATIVO
10970;4276;7293.8;162.93;48;7.22;2024-05-14;INADIMPLENTE
10971;3814;20324.08;1707.39;12;0.81;2022-01-07;ATIVO
10972;3897;4466.04;130.11;36;4.88;2021-02-15;ATIVO
10973;9194;19949.69;567.9;36;2.48;2024-12-26;QUITADO
10974;2690;9790.37;417.6;24;2.37;2022-10-07;ATIVO
10975;8469;4788.34;139.53;36;4.9;2021-12-03;QUITADO
10976;2260;2900.26;124.0;24;2.61;2022-04-29;ATIVO
10977;2011;12478.58;263.43;48;1.33;2022-08-29;QUITADO
10978;5767;2273.43;99.5;24;5.04;2022-06-20;ATIVO
10979;2021;13928.11;2383.1;6;2.66;2021-06-06;ATIVO
10980;9635;5953.02;348.35;18;5.33;2024-10-22;QUITADO
10981;7257;4580.99;817.94;6;7.13;2024-02-17;QUITADO
10982;2974;1725.16;37.45;48;4.21;2022-06-30;ATIVO
10983;649;13052.73;745.89;18;2.86;2022-07-25;QUITADO
10984;9548;41194.95;2314.24;18;1.12;2024-01-03;QUITADO
10985;5523;7746.95;164.8;48;2.11;2023-03-21;INADIMPLENTE
10986;489;6432.96;143.4;48;7.0;2022-09-28;QUITADO
10987;1484;7242.83;154.06;48;2.1;2022-06-22;QUITADO
10988;663;12957.1;549.87;24;1.85;2021-10-15;ATIVO
10989;8956;4898.19;289.24;18;6.29;2021-09-29;INADIMPLENTE
10990;5269;7495.51;1262.62;6;1.07;2022-03-26;ATIVO
10991;8724;4845.03;281.04;18;4.41;2022-04-25;QUITADO
10992;3494;1472.36;65.99;24;7.57;2022-07-31;INADIMPLENTE
10993;5650;1364.47;121.07;12;6.48;2022-03-10;QUITADO
10994;2305;7680.33;439.36;18;2.97;2023-01-22;ATIVO
10995;6244;19071.7;1636.67;12;2.98;2022-11-18;QUITADO
10996;455;15787.3;1354.42;12;2.95;2023-06-24;ATIVO
10997;9969;7728.78;335.82;24;4.28;2023-08-18;INADIMPLENTE
10998;3853;6955.34;611.43;12;5.49;2021-05-04;ATIVO
10999;3970;48314.31;2042.49;24;1.46;2024-02-25;ATIVO
11000;6146;6897.02;198.52;36;3.62;2022-03-14;ATIVO
11001;983;11626.85;988.38;12;2.01;2021-04-15;ATIVO
11002;9097;7529.56;645.85;12;2.93;2024-02-28;ATIVO
11003;3109;12388.11;262.55;48;1.73;2024-08-04;ATIVO
11004;9510;1927.27;170.43;12;6.12;2023-11-25;ATIVO
11005;1926;4733.24;849.7;6;7.71;2023-11-11;ATIVO
11006;2383;2080.75;46.5;48;7.28;2022-10-19;INADIMPLENTE
11007;5721;5488.37;154.79;36;1.53;2022-09-14;INADIMPLENTE
11008;3118;7545.04;443.86;18;5.89;2021-01-23;ATIVO
11009;5159;22604.32;3806.94;6;1.05;2022-12-10;ATIVO
11010;6102;1149.84;49.79;24;3.92;2021-09-30;QUITADO
11011;9139;4266.7;187.68;24;5.57;2024-07-23;INADIMPLENTE
11012;1784;2356.57;50.23;48;2.31;2023-03-16;ATIVO
11013;3472;35371.16;747.58;48;1.45;2021-12-29;QUITADO
11014;1143;6635.16;1159.94;6;4.89;2022-09-17;QUITADO
11015;208;7889.41;447.24;18;2.04;2021-06-20;ATIVO
11016;4281;6943.22;205.77;36;6.69;2024-05-18;QUITADO
11017;6966;4868.44;830.88;6;2.4;2021-05-23;ATIVO
11018;204;3386.95;295.88;12;4.83;2022-05-15;ATIVO
11019;7551;19465.05;1094.15;18;1.18;2022-11-15;QUITADO
11020;7730;1169.44;26.09;48;7.1;2021-10-19;QUITADO
11021;7158;18243.0;386.83;48;1.78;2023-12-04;ATIVO
11022;5597;4270.89;126.24;36;6.41;2021-07-25;ATIVO
11023;6174;3434.71;583.39;6;1.91;2023-01-03;QUITADO
11024;9299;2337.84;69.77;36;7.44;2024-03-21;QUITADO
11025;7736;14537.36;2484.43;6;2.54;2024-03-04;ATIVO
11026;679;5402.92;480.23;12;6.66;2021-11-07;ATIVO
11027;1819;1736.91;102.97;18;6.71;2021-05-22;QUITADO
11028;8937;9107.75;260.89;36;3.12;2023-06-18;ATIVO
11029;9501;16175.73;342.35;48;1.59;2023-04-08;QUITADO
11030;4691;4825.12;138.37;36;3.24;2021-11-22;ATIVO
11031;6790;3336.12;147.33;24;5.99;2023-07-08;INADIMPLENTE
11032;4569;5627.59;982.95;6;4.8;2024-09-26;ATIVO
11033;3838;7587.88;163.66;48;3.53;2023-09-12;ATIVO
11034;3936;19748.41;1109.64;18;1.14;2024-04-03;ATIVO
11035;4673;4520.46;96.83;48;2.82;2024-05-09;QUITADO
11036;4194;5819.99;980.18;6;1.05;2021-10-17;QUITADO
11037;1232;7920.63;671.14;12;1.68;2021-04-17;ATIVO
11038;5804;3035.75;175.45;18;4.03;2024-11-03;INADIMPLENTE
11039;3565;9201.38;529.03;18;3.49;2023-03-08;ATIVO
11040;3011;5230.41;892.31;6;2.36;2023-05-23;QUITADO
11041;4598;2961.95;130.38;24;5.64;2022-09-04;ATIVO
11042;2952;5000.07;850.68;6;2.08;2022-07-03;ATIVO
11043;3731;1876.09;330.88;6;5.82;2024-06-22;ATIVO
11044;333;7322.99;434.38;18;6.77;2024-11-30;QUITADO
11045;5695;1357.39;77.29;18;2.49;2023-02-07;ATIVO
11046;8893;2203.24;385.35;6;4.94;2023-03-24;ATIVO
11047;3428;18804.05;403.97;48;3.12;2024-08-21;QUITADO
11048;3628;15790.19;453.13;36;3.31;2022-10-27;QUITADO
11049;5372;3138.44;562.09;6;7.46;2021-11-12;INADIMPLENTE
11050;8879;18569.83;1055.18;18;2.28;2023-01-23;QUITADO
11051;690;7752.48;669.04;12;3.56;2023-03-14;ATIVO
11052;9961;1692.34;48.77;36;3.74;2023-10-27;INADIMPLENTE
11053;9109;4836.7;422.28;12;4.77;2024-04-02;QUITADO
11054;1867;5966.22;172.64;36;4.17;2024-07-22;QUITADO
11055;4916;5981.38;134.41;48;7.86;2023-04-13;ATIVO
11056;677;10603.34;304.11;36;3.25;2021-01-30;ATIVO
11057;6080;3499.37;75.78;48;3.94;2022-11-29;QUITADO
11058;6056;17895.78;385.43;48;3.38;2022-01-04;ATIVO
11059;746;2638.23;155.2;18;5.89;2022-02-05;ATIVO
11060;8127;4318.95;365.53;12;1.56;2023-05-21;ATIVO
11061;5998;5837.13;989.49;6;1.71;2023-06-05;ATIVO
11062;7511;18723.12;1609.56;12;3.16;2024-08-29;ATIVO
11063;4818;9749.56;831.88;12;2.39;2023-10-15;INADIMPLENTE
11064;7445;36745.23;6212.39;6;1.44;2021-04-03;ATIVO
11065;6790;5440.94;121.79;48;7.44;2022-12-17;QUITADO
11066;4190;13346.82;753.43;18;1.61;2021-01-10;ATIVO
11067;3206;9408.41;269.89;36;3.27;2022-04-10;QUITADO
11068;995;3821.33;84.55;48;6.21;2024-02-23;QUITADO
11069;339;1124.85;66.12;18;5.81;2023-11-07;QUITADO
11070;1349;2905.68;165.04;18;2.24;2024-05-08;QUITADO
11071;5794;3190.85;183.67;18;3.61;2021-12-16;QUITADO
11072;9109;2719.35;121.77;24;7.47;2023-12-07;QUITADO
11073;4990;830.34;144.99;6;4.77;2022-09-22;ATIVO
11074;4328;2984.63;509.87;6;2.5;2024-10-24;QUITADO
11075;3355;39073.49;1097.97;36;1.16;2023-08-07;QUITADO
11076;2332;4822.88;283.21;18;5.7;2021-06-08;ATIVO
11077;4599;47353.96;1328.94;36;1.03;2024-04-20;QUITADO
11078;7742;1503.51;268.73;6;7.24;2024-08-15;INADIMPLENTE
11079;9360;33434.83;937.48;36;0.94;2021-03-11;QUITADO
11080;2421;3484.74;102.93;36;6.33;2022-08-01;QUITADO
11081;7059;6854.9;293.76;24;2.85;2023-04-07;ATIVO
11082;5032;5365.39;153.33;36;2.88;2024-11-17;QUITADO
11083;9447;4863.42;218.65;24;7.9;2024-08-06;ATIVO
11084;8195;6790.59;387.4;18;2.69;2024-09-02;ATIVO
11085;5674;4823.3;144.66;36;7.97;2022-09-11;ATIVO
11086;3601;17708.85;751.0;24;1.78;2023-10-02;ATIVO
11087;6669;3925.43;701.34;6;7.2;2023-06-07;ATIVO
11088;9529;6339.6;369.85;18;5.01;2023-04-16;ATIVO
11089;5991;6224.91;277.03;24;6.81;2024-02-13;ATIVO
11090;2202;3643.7;79.74;48;5.05;2023-06-27;QUITADO
11091;6448;2724.08;118.0;24;3.96;2021-05-20;INADIMPLENTE
11092;462;14412.18;2469.53;6;2.81;2023-04-10;ATIVO
11093;9700;3267.9;194.48;18;7.12;2021-10-11;QUITADO
11094;6199;45749.89;7702.76;6;1.02;2023-06-01;ATIVO
11095;7417;6715.27;191.27;36;2.54;2021-12-02;QUITADO
11096;3796;5285.75;308.1;18;4.92;2022-02-22;ATIVO
11097;719;1158.53;201.35;6;4.28;2021-06-17;ATIVO
11098;1100;5435.18;156.44;36;3.62;2023-12-08;ATIVO
11099;212;1379.17;80.0;18;4.41;2024-03-16;ATIVO
11100;9623;2284.77;391.57;6;2.83;2021-04-20;ATIVO
11101;6792;6061.46;1049.44;6;3.88;2021-06-17;INADIMPLENTE
11102;2891;6591.85;292.27;24;6.41;2022-06-13;ATIVO
11103;5576;2771.63;158.44;18;2.9;2024-11-07;ATIVO
11104;1629;3771.44;110.67;36;5.64;2022-07-16;QUITADO
11105;4610;1916.14;57.21;36;7.49;2021-04-26;ATIVO
11106;867;2287.03;129.43;18;1.87;2022-10-22;QUITADO
11107;2163;4542.68;270.34;18;7.12;2023-09-06;INADIMPLENTE
11108;6105;27901.6;4711.65;6;1.32;2023-10-18;ATIVO
11109;5300;4428.39;124.97;36;1.59;2024-08-11;QUITADO
11110;91;9523.68;204.5;48;3.07;2022-01-31;QUITADO
11111;3527;6473.95;368.01;18;2.32;2022-07-17;QUITADO
11112;6311;2821.93;122.64;24;4.3;2021-05-05;ATIVO
11113;1956;3396.28;609.97;6;7.76;2024-07-12;INADIMPLENTE
11114;7866;6447.15;375.83;18;4.93;2023-03-28;QUITADO
11115;9006;12524.55;1067.82;12;2.31;2021-01-04;QUITADO
11116;3661;14281.14;406.5;36;2.47;2023-07-30;QUITADO
11117;1362;6377.74;553.64;12;4.17;2024-12-06;ATIVO
11118;4503;18708.78;396.51;48;1.73;2023-06-16;INADIMPLENTE
11119;3743;4315.8;194.01;24;7.89;2024-11-18;QUITADO
11120;4251;42249.71;2369.97;18;0.97;2022-07-21;QUITADO
11121;6882;4866.27;284.08;18;5.08;2021-04-06;QUITADO
11122;3633;11821.96;252.69;48;2.6;2021-02-11;ATIVO
11123;8681;7658.07;170.07;48;6.6;2022-10-22;INADIMPLENTE
11124;8268;6927.57;202.54;36;5.25;2021-04-05;QUITADO
11125;1730;11585.37;665.58;18;3.41;2021-01-04;QUITADO
11126;4859;3919.07;112.53;36;3.37;2022-02-14;ATIVO
11127;587;3505.69;149.49;24;2.34;2024-02-05;QUITADO
11128;9246;5882.01;352.46;18;7.86;2024-06-19;QUITADO
11129;1358;3067.06;66.0;48;3.29;2022-08-24;QUITADO
11130;4826;25600.83;4325.26;6;1.37;2022-06-25;ATIVO
11131;1967;7199.14;408.23;18;2.07;2022-04-26;ATIVO
11132;1009;5247.36;470.21;12;7.53;2023-04-01;QUITADO
11133;1723;1340.01;57.67;24;3.29;2021-02-13;ATIVO
11134;1806;15635.23;1345.8;12;3.29;2022-05-26;ATIVO
11135;2740;1599.15;35.51;48;6.58;2021-02-03;ATIVO
11136;2750;5273.64;151.71;36;3.56;2023-08-26;ATIVO
11137;154;23956.04;1009.95;24;1.18;2024-02-06;QUITADO
11138;8356;2510.72;145.25;18;4.13;2024-07-17;QUITADO
11139;3244;535.75;46.84;12;4.91;2021-11-02;ATIVO
11140;6992;4230.76;359.12;12;1.86;2023-11-19;ATIVO
11141;1467;3490.41;616.41;6;5.96;2022-02-24;QUITADO
11142;6515;2901.86;86.31;36;7.08;2022-03-21;ATIVO
11143;2603;45730.21;965.48;48;1.34;2021-11-03;QUITADO
11144;6163;10402.82;883.89;12;1.96;2022-09-17;QUITADO
11145;7890;2509.42;109.44;24;4.67;2021-04-29;QUITADO
11146;1356;4671.47;102.99;48;5.82;2024-09-29;ATIVO
11147;2336;15391.41;434.64;36;1.66;2024-08-20;QUITADO
11148;3180;4564.58;100.97;48;6.18;2021-12-08;INADIMPLENTE
11149;6107;1730.61;38.92;48;7.96;2022-01-28;INADIMPLENTE
11150;5004;10540.13;223.43;48;1.75;2022-09-09;ATIVO
11151;4505;17298.01;737.69;24;2.35;2021-09-02;ATIVO
11152;8164;11774.38;2015.38;6;2.7;2021-04-03;ATIVO
11153;5490;9221.21;259.12;36;1.16;2023-03-31;QUITADO
11154;7422;47150.88;7932.35;6;0.94;2022-05-07;QUITADO
11155;1333;9475.77;202.92;48;2.79;2022-10-14;ATIVO
11156;7320;5606.96;498.65;12;6.72;2021-06-15;ATIVO
11157;9280;20513.29;1155.01;18;1.35;2022-09-11;ATIVO
11158;3454;1484.2;64.72;24;4.66;2021-02-27;QUITADO
11159;7563;17592.55;503.0;36;2.93;2024-06-04;INADIMPLENTE
11160;5742;5277.6;236.68;24;7.63;2022-06-24;ATIVO
11161;2351;1739.75;155.1;12;6.98;2024-09-08;ATIVO
11162;9108;5621.76;246.05;24;5.04;2022-02-15;ATIVO
11163;8786;27122.82;759.59;36;0.82;2023-01-17;QUITADO
11164;1489;28609.64;1206.97;24;1.25;2022-07-05;ATIVO
11165;2445;3756.1;645.99;6;3.19;2021-04-17;QUITADO
11166;4710;1084.19;23.11;48;2.3;2024-02-02;ATIVO
11167;7843;33757.68;1420.21;24;0.97;2023-09-26;QUITADO
11168;9023;3760.32;81.94;48;4.59;2023-02-21;ATIVO
11169;1808;7905.15;225.01;36;2.47;2022-12-30;ATIVO
11170;941;9393.54;401.81;24;2.66;2021-07-11;QUITADO
11171;7134;18322.43;1047.94;18;2.95;2023-08-17;ATIVO
11172;6394;5299.42;303.77;18;3.18;2022-04-01;ATIVO
11173;1572;10477.52;298.32;36;2.5;2021-03-18;ATIVO
11174;5973;29037.48;610.57;48;0.93;2024-04-27;ATIVO
11175;3092;2682.66;60.15;48;7.62;2021-04-25;INADIMPLENTE
11176;9289;4956.07;289.02;18;4.97;2024-10-22;QUITADO
11177;845;8216.5;1412.69;6;3.16;2024-06-07;ATIVO
11178;9811;47260.04;1324.86;36;0.92;2021-09-03;ATIVO
11179;2054;5573.99;967.92;6;4.19;2023-08-03;ATIVO
11180;1404;8615.48;491.61;18;2.71;2024-01-13;QUITADO
11181;6986;4808.22;138.45;36;3.66;2022-12-25;INADIMPLENTE
11182;6493;5981.46;507.53;12;1.82;2023-07-20;ATIVO
11183;1918;1368.81;59.87;24;4.97;2022-05-18;INADIMPLENTE
11184;983;9485.64;1633.11;6;3.3;2021-06-11;ATIVO
11185;7305;5951.82;1047.92;6;5.64;2021-05-11;ATIVO
11186;2573;7102.4;401.36;18;1.72;2022-11-13;ATIVO
11187;2422;9638.77;550.96;18;2.89;2023-09-10;QUITADO
11188;6326;10034.65;422.17;24;0.97;2023-07-18;QUITADO
11189;9516;43992.48;2475.8;18;1.3;2024-11-17;QUITADO
11190;261;5041.2;148.74;36;6.22;2024-02-29;QUITADO
11191;3346;15924.31;686.6;24;3.48;2021-09-12;ATIVO
11192;4263;4161.51;184.93;24;6.65;2023-11-30;INADIMPLENTE
11193;492;6039.12;180.39;36;7.53;2021-04-18;INADIMPLENTE
11194;5389;6575.71;381.98;18;4.56;2024-03-24;ATIVO
11195;4853;5163.11;111.01;48;3.2;2021-01-04;INADIMPLENTE
11196;7825;572.8;51.5;12;7.9;2022-04-05;ATIVO
11197;1643;7237.28;316.21;24;4.86;2021-09-04;ATIVO
11198;5237;5801.43;129.34;48;7.01;2021-02-07;INADIMPLENTE
11199;4137;1969.8;44.31;48;7.97;2022-02-02;ATIVO
11200;4308;16963.1;478.78;36;1.61;2021-01-21;QUITADO
11201;452;8014.37;680.42;12;1.88;2021-08-04;ATIVO
11202;106;5736.46;123.27;48;3.15;2022-03-27;QUITADO
11203;663;18702.22;528.44;36;1.72;2023-01-27;ATIVO
11204;5075;716.29;42.61;18;7.08;2024-02-03;INADIMPLENTE
11205;5617;12912.01;277.88;48;3.3;2024-01-23;ATIVO
11206;2221;5123.32;221.99;24;3.99;2024-12-08;ATIVO
11207;9887;6858.18;200.3;36;5.14;2023-08-06;QUITADO
11208;9588;5706.51;124.27;48;4.53;2024-04-09;QUITADO
11209;2720;16837.51;475.99;36;1.77;2021-03-21;QUITADO
11210;8288;1574.38;46.49;36;6.3;2022-04-27;ATIVO
11211;8629;5754.15;171.78;36;7.47;2024-01-10;QUITADO
11212;1707;44340.06;7469.82;6;1.08;2024-07-12;QUITADO
11213;5435;1838.89;105.92;18;3.68;2023-05-29;ATIVO
11214;8362;4713.46;421.23;12;7.24;2021-03-24;INADIMPLENTE
11215;3412;4571.32;203.73;24;6.96;2024-03-31;ATIVO
11216;8022;4785.7;275.98;18;3.8;2024-01-22;QUITADO
11217;8899;793.0;17.39;48;5.27;2023-02-17;QUITADO
11218;4866;7617.33;169.23;48;6.64;2023-04-14;INADIMPLENTE
11219;2886;41867.11;2358.28;18;1.39;2022-07-16;ATIVO
11220;2485;1400.0;82.55;18;6.14;2021-06-17;ATIVO
11221;5534;3072.86;66.38;48;3.69;2021-12-07;ATIVO
11222;3677;7789.09;456.44;18;5.48;2022-11-16;INADIMPLENTE
11223;1679;5342.54;114.95;48;3.28;2021-07-29;QUITADO
11224;1324;6101.7;182.98;36;7.96;2023-10-10;ATIVO
11225;8360;4273.71;370.78;12;4.11;2022-04-05;INADIMPLENTE
11226;4171;4065.88;86.0;48;1.53;2023-09-01;ATIVO
11227;3093;18566.91;1599.08;12;3.35;2023-09-20;ATIVO
11228;5478;6735.49;598.39;12;6.61;2021-08-23;ATIVO
11229;3039;6819.45;605.74;12;6.59;2023-09-25;QUITADO
11230;564;14864.16;319.15;48;3.06;2021-10-29;ATIVO
11231;2584;6989.61;152.3;48;4.59;2022-06-30;ATIVO
11232;3600;8050.47;338.66;24;0.96;2023-02-25;QUITADO
11233;6181;15523.61;1312.65;12;1.47;2023-05-06;QUITADO
11234;9599;15384.76;437.7;36;2.42;2023-06-19;ATIVO
11235;9188;9374.25;1589.87;6;1.76;2024-08-31;INADIMPLENTE
11236;2171;14307.77;611.9;24;2.64;2021-02-24;QUITADO
11237;1669;5768.42;336.78;18;5.09;2023-03-19;INADIMPLENTE
11238;5277;2985.21;133.87;24;7.63;2022-08-10;ATIVO
11239;1947;6138.74;183.36;36;7.53;2023-02-20;ATIVO
11240;7214;2242.0;50.01;48;7.07;2024-08-17;ATIVO
11241;7360;3774.89;83.28;48;5.9;2024-05-04;ATIVO
11242;327;1203.87;26.53;48;5.77;2022-08-18;ATIVO
11243;1098;8610.45;739.14;12;3.01;2024-06-11;ATIVO
11244;9377;1200.2;52.04;24;4.07;2023-09-11;QUITADO
11245;6842;3421.92;609.56;6;6.88;2022-10-29;ATIVO
11246;8648;6702.3;1168.32;6;4.59;2024-01-19;ATIVO
11247;8375;2622.43;451.58;6;3.32;2021-02-17;INADIMPLENTE
11248;5113;43234.0;1816.19;24;0.82;2024-01-12;QUITADO
11249;5016;17668.08;500.45;36;1.97;2021-11-17;QUITADO
11250;2001;2025.2;45.06;48;6.8;2022-05-28;ATIVO
11251;648;11259.89;238.43;48;1.64;2021-04-08;ATIVO
11252;9411;1875.67;108.82;18;4.43;2021-04-26;ATIVO
11253;5752;2680.68;230.02;12;2.97;2022-04-18;ATIVO
11254;8027;1625.66;72.01;24;6.31;2022-06-13;ATIVO
11255;6658;17599.19;1005.11;18;2.8;2024-09-13;ATIVO
11256;212;5948.53;352.35;18;6.62;2022-08-03;ATIVO
11257;1347;18996.81;817.81;24;3.32;2023-11-29;QUITADO
11258;5732;5817.56;521.69;12;7.61;2022-08-18;ATIVO
11259;9203;9321.56;198.22;48;2.07;2024-11-06;QUITADO
11260;3916;6617.06;291.07;24;5.57;2022-10-01;INADIMPLENTE
11261;5354;18582.75;524.19;36;1.55;2023-03-05;ATIVO
11262;50;15643.48;333.73;48;2.4;2022-06-19;ATIVO
11263;1798;5258.36;221.05;24;0.89;2021-09-05;ATIVO
11264;8861;3718.04;107.91;36;4.48;2021-12-05;ATIVO
11265;4967;8140.88;230.39;36;1.88;2021-09-26;ATIVO
11266;3163;5904.02;516.26;12;4.93;2021-03-02;ATIVO
11267;9849;4383.42;193.51;24;5.95;2024-02-29;QUITADO
11268;1648;1024.9;29.5;36;3.63;2021-06-07;QUITADO
11269;645;1118.44;97.2;12;4.29;2023-04-12;INADIMPLENTE
11270;1980;40910.98;860.41;48;0.95;2024-02-12;ATIVO
11271;2123;9252.22;1568.56;6;1.72;2021-03-10;ATIVO
11272;5380;18165.72;1541.82;12;1.85;2021-12-16;ATIVO
11273;3537;6169.57;137.13;48;6.69;2021-07-29;INADIMPLENTE
11274;188;13639.78;575.31;24;1.23;2021-09-25;QUITADO
11275;338;6295.75;374.56;18;7.09;2022-08-19;INADIMPLENTE
11276;8623;13776.53;390.18;36;1.96;2022-01-12;ATIVO
11277;4081;10500.88;1807.38;6;3.27;2021-07-23;ATIVO
11278;5892;3161.27;70.73;48;7.4;2021-09-29;QUITADO
11279;7468;16941.94;1423.69;12;0.84;2021-04-06;ATIVO
11280;7667;8130.56;685.61;12;1.19;2023-10-22;ATIVO
11281;4268;10296.59;579.64;18;1.33;2023-09-14;QUITADO
11282;6768;8549.43;368.09;24;3.33;2023-06-02;QUITADO
11283;6187;13558.66;389.13;36;3.32;2022-02-27;QUITADO
11284;7165;48718.51;2046.58;24;0.82;2021-12-14;QUITADO
11285;4181;6063.32;172.96;36;2.69;2024-06-02;QUITADO
11286;4018;7939.69;460.81;18;4.47;2021-06-14;ATIVO
11287;3163;3619.03;78.76;48;4.46;2024-01-01;QUITADO
11288;8239;16604.12;2807.76;6;1.46;2022-09-13;QUITADO
11289;7637;2932.47;83.88;36;2.97;2023-02-19;ATIVO
11290;4520;12679.32;2165.84;6;2.49;2024-02-14;ATIVO
11291;3000;7200.45;204.17;36;2.08;2021-11-11;QUITADO
11292;8634;37478.06;2098.77;18;0.8;2024-06-26;ATIVO
11293;7052;7655.22;219.02;36;3.0;2022-11-20;ATIVO
11294;3042;30649.05;5152.11;6;0.86;2023-02-04;ATIVO
11295;1449;4546.76;102.03;48;7.71;2022-12-12;INADIMPLENTE
11296;9432;7350.22;651.41;12;6.35;2024-11-22;ATIVO
11297;8810;18779.59;3192.53;6;2.0;2021-04-07;ATIVO
11298;5950;3226.84;288.43;12;7.26;2024-01-29;QUITADO
11299;4694;6604.64;193.63;36;5.54;2024-06-18;QUITADO
11300;5749;1543.94;90.6;18;5.63;2023-08-26;QUITADO
11301;5704;5438.82;323.4;18;7.03;2021-04-07;INADIMPLENTE
11302;2484;1810.26;52.34;36;4.08;2022-05-24;INADIMPLENTE
11303;2663;16423.47;353.41;48;3.29;2021-11-17;ATIVO
11304;1772;4508.35;193.99;24;3.27;2021-12-12;QUITADO
11305;3078;17724.75;377.57;48;2.25;2024-03-13;ATIVO
11306;793;18656.04;400.79;48;3.12;2021-01-25;QUITADO
11307;1057;1253.83;35.52;36;1.99;2022-10-12;ATIVO
11308;145;7275.52;311.0;24;2.59;2023-08-20;ATIVO
11309;8464;1613.83;48.35;36;7.85;2023-02-08;QUITADO
11310;1720;4137.09;363.68;12;5.49;2024-02-29;ATIVO
11311;490;3828.55;660.74;6;3.55;2023-04-14;INADIMPLENTE
11312;2697;1085.05;46.07;24;1.9;2022-01-06;ATIVO
11313;2115;10173.8;578.27;18;2.31;2021-01-27;QUITADO
11314;7358;4837.61;856.58;6;6.24;2023-07-30;INADIMPLENTE
11315;5288;5901.9;513.66;12;4.44;2024-06-18;ATIVO
11316;86;1335.23;59.99;24;7.83;2022-07-16;QUITADO
11317;8737;2131.29;376.17;6;5.9;2022-08-09;ATIVO
11318;2340;15621.31;891.89;18;2.77;2022-05-29;QUITADO
11319;8105;37302.46;1044.68;36;0.82;2021-06-13;ATIVO
11320;4796;12617.51;543.24;24;3.33;2022-11-13;ATIVO
11321;6944;16746.46;354.26;48;1.54;2023-12-07;ATIVO
11322;7132;6714.3;142.76;48;2.06;2022-07-10;QUITADO
11323;6062;16349.62;466.15;36;2.64;2022-04-04;ATIVO
11324;1925;14549.3;2501.75;6;3.17;2024-12-23;QUITADO
11325;6207;16910.71;1434.17;12;1.77;2023-01-01;ATIVO
11326;8638;2558.15;110.12;24;3.31;2022-09-07;QUITADO
11327;2536;7939.53;177.73;48;7.45;2023-04-12;ATIVO
11328;2941;5162.35;149.64;36;4.35;2021-04-05;ATIVO
11329;6986;2398.89;420.13;6;5.08;2023-08-30;QUITADO
11330;2343;7592.33;436.69;18;3.53;2022-04-14;ATIVO
11331;5408;5735.03;250.96;24;5.02;2023-02-07;ATIVO
11332;913;2527.31;216.32;12;2.71;2023-05-15;QUITADO
11333;2262;2243.18;386.43;6;3.36;2024-01-14;QUITADO
11334;8404;16824.24;709.91;24;1.27;2022-02-16;QUITADO
11335;8047;1073.03;64.18;18;7.66;2023-07-05;ATIVO
11336;6183;19495.8;3342.23;6;2.86;2022-01-03;QUITADO
11337;3887;876.08;25.65;36;5.4;2024-12-28;ATIVO
11338;7348;10240.45;584.39;18;2.72;2023-11-02;ATIVO
11339;459;4695.86;201.79;24;3.13;2024-04-24;QUITADO
11340;2566;10060.49;287.0;36;2.7;2023-11-14;QUITADO
11341;2281;3693.91;165.12;24;7.28;2023-11-21;ATIVO
11342;2648;33075.01;1860.29;18;1.24;2021-06-09;QUITADO
11343;447;11434.53;323.06;36;1.71;2024-02-08;QUITADO
11344;7569;5329.47;117.14;48;5.5;2023-08-31;ATIVO
11345;8787;1855.18;80.68;24;4.37;2024-08-04;INADIMPLENTE
11346;9270;10668.37;606.97;18;2.41;2022-08-24;QUITADO
11347;5232;2638.81;115.37;24;4.93;2024-10-28;QUITADO
11348;1537;8539.69;242.95;36;2.42;2024-07-30;ATIVO
11349;8468;6032.21;179.42;36;7.08;2023-11-06;ATIVO
11350;7189;2840.47;168.08;18;6.51;2023-04-29;INADIMPLENTE
11351;4715;7580.72;661.92;12;4.78;2021-12-08;INADIMPLENTE
11352;4591;14414.51;826.51;18;3.21;2021-06-18;QUITADO
11353;883;1031.98;61.85;18;7.88;2023-05-23;ATIVO
11354;6710;9982.88;1700.92;6;2.23;2021-06-22;ATIVO
11355;9881;7541.37;324.78;24;3.36;2021-11-28;QUITADO
11356;9481;7158.1;209.28;36;5.25;2024-03-02;INADIMPLENTE
11357;9513;4548.74;267.67;18;5.92;2021-09-15;QUITADO
11358;312;41349.66;3484.4;12;1.12;2021-02-24;ATIVO
11359;6231;2943.0;127.16;24;3.7;2022-05-03;ATIVO
11360;7214;3667.76;218.37;18;7.17;2024-12-31;QUITADO
11361;5472;1742.34;37.51;48;3.35;2023-04-03;QUITADO
11362;8883;11718.42;1003.59;12;2.77;2021-11-26;QUITADO
11363;6630;7359.89;156.37;48;1.98;2024-01-09;ATIVO
11364;6047;10893.57;231.31;48;1.92;2022-04-06;QUITADO
11365;8738;2689.06;76.15;36;1.95;2022-05-25;QUITADO
11366;9479;7795.45;445.21;18;2.8;2023-11-13;QUITADO
11367;38;4834.73;422.88;12;4.96;2023-10-25;ATIVO
11368;2057;48267.93;4077.03;12;1.36;2021-01-17;INADIMPLENTE
11369;5631;6551.17;294.07;24;7.73;2023-06-10;ATIVO
11370;2766;16641.01;467.01;36;1.03;2023-07-08;QUITADO
11371;2711;15608.56;2688.05;6;3.33;2024-03-08;ATIVO
11372;4628;3881.46;109.48;36;1.54;2021-06-18;ATIVO
11373;2336;1372.11;116.06;12;1.5;2023-05-07;ATIVO
11374;6659;43208.64;1819.8;24;1.08;2024-02-23;ATIVO
11375;9922;14633.05;619.04;24;1.53;2022-06-10;QUITADO
11376;77;5187.1;113.35;48;4.89;2024-04-03;QUITADO
11377;409;8438.12;726.31;12;3.29;2023-10-10;QUITADO
11378;3079;15785.02;902.29;18;2.89;2021-01-08;ATIVO
11379;7558;5992.15;346.75;18;4.16;2021-11-28;QUITADO
11380;8266;15401.73;1311.84;12;2.21;2021-09-30;QUITADO
11381;6477;30825.38;1735.98;18;1.37;2022-02-17;QUITADO
11382;7827;9673.6;274.73;36;2.24;2021-11-17;QUITADO
11383;735;1047.73;31.4;36;7.89;2023-08-09;ATIVO
11384;2845;6089.83;1089.98;6;7.39;2023-02-09;INADIMPLENTE
11385;3421;1522.23;132.24;12;4.25;2022-03-12;QUITADO
11386;4190;3078.66;65.78;48;2.56;2021-04-10;QUITADO
11387;4846;10013.76;214.94;48;3.03;2021-04-02;ATIVO
11388;2862;3957.25;228.69;18;4.02;2022-09-24;QUITADO
11389;6370;29265.24;1643.41;18;1.08;2024-02-20;QUITADO
11390;2906;16939.89;2863.97;6;1.44;2023-09-26;ATIVO
11391;5122;571.48;16.96;36;6.85;2022-02-19;ATIVO
11392;2858;3508.54;297.32;12;1.69;2022-04-01;QUITADO
11393;3631;19348.53;406.64;48;0.88;2022-04-09;QUITADO
11394;611;4239.98;370.04;12;4.73;2021-07-31;ATIVO
11395;1835;6447.67;138.58;48;3.17;2021-03-03;QUITADO
11396;149;19367.4;1665.27;12;3.18;2023-07-16;ATIVO
11397;2249;2736.27;119.79;24;5.07;2022-07-28;QUITADO
11398;605;6025.52;133.1;48;6.03;2023-02-27;QUITADO
11399;3424;11976.21;1023.57;12;2.56;2022-01-24;ATIVO
11400;840;9623.85;823.8;12;2.72;2024-08-19;QUITADO
11401;4873;11054.25;1874.8;6;1.76;2021-11-23;QUITADO
11402;943;6507.55;186.41;36;3.12;2023-04-27;ATIVO
11403;9834;21192.91;1188.57;18;0.95;2024-09-04;ATIVO
11404;4892;625.96;55.55;12;6.5;2021-05-16;QUITADO
11405;8382;5530.95;163.56;36;6.46;2021-06-15;QUITADO
11406;6845;5575.61;121.59;48;4.68;2024-04-22;QUITADO
11407;2376;19471.0;1092.97;18;1.04;2024-03-27;ATIVO
11408;2664;7578.2;1327.95;6;5.14;2024-03-18;INADIMPLENTE
11409;5198;6159.96;131.26;48;2.28;2023-09-27;INADIMPLENTE
11410;7279;6437.03;185.53;36;3.76;2022-08-17;ATIVO
11411;7389;21237.27;448.99;48;1.48;2024-04-18;QUITADO
11412;7334;5936.01;507.73;12;2.64;2021-05-25;ATIVO
11413;1513;781.81;67.44;12;3.52;2023-10-30;ATIVO
11414;1009;4072.47;89.89;48;5.95;2023-07-15;QUITADO
11415;3210;16909.22;358.09;48;1.65;2023-05-30;ATIVO
11416;9153;2660.25;229.67;12;3.6;2021-05-17;INADIMPLENTE
11417;690;7383.15;1281.47;6;4.14;2021-03-11;QUITADO
11418;2436;29359.96;823.71;36;1.0;2023-08-24;QUITADO
11419;399;2536.36;432.07;6;2.21;2023-12-14;QUITADO
11420;8465;3737.09;217.54;18;4.78;2021-12-26;ATIVO
11421;6424;47374.87;997.24;48;1.04;2023-06-07;ATIVO
11422;8474;4379.12;393.14;12;7.73;2022-01-10;ATIVO
11423;8454;2047.99;43.45;48;1.83;2024-08-10;ATIVO
11424;3128;2497.07;436.78;6;4.95;2023-08-01;QUITADO
11425;6853;7596.63;321.84;24;1.68;2023-10-17;QUITADO
11426;7757;5990.9;173.85;36;4.47;2022-03-20;QUITADO
11427;7066;16358.46;701.37;24;2.9;2024-03-20;ATIVO
11428;2883;9846.92;1693.18;6;3.17;2023-02-18;QUITADO
11429;181;10810.68;459.45;24;2.0;2021-10-18;ATIVO
11430;350;7353.95;210.26;36;2.93;2022-01-20;ATIVO
11431;8242;13021.5;373.97;36;3.39;2024-09-27;ATIVO
11432;7505;7140.17;1279.16;6;7.49;2023-08-05;QUITADO
11433;8025;13077.87;2250.48;6;3.25;2022-09-15;ATIVO
11434;1685;1440.88;81.99;18;2.43;2023-12-04;QUITADO
11435;8107;5327.93;224.08;24;0.94;2023-03-12;ATIVO
11436;4369;17630.61;1495.08;12;1.76;2023-01-12;INADIMPLENTE
11437;7907;4596.23;201.16;24;5.04;2022-09-21;QUITADO
11438;349;5450.36;115.74;48;1.93;2023-03-20;QUITADO
11439;5443;4064.53;348.97;12;3.03;2022-11-22;QUITADO
11440;4405;17568.49;1487.76;12;1.62;2022-09-15;ATIVO
11441;8048;9653.76;206.27;48;2.56;2024-10-24;ATIVO
11442;6133;7215.35;642.35;12;6.83;2021-01-06;ATIVO
11443;1721;18019.79;763.14;24;1.64;2022-06-10;ATIVO
11444;5721;7905.93;1348.62;6;2.35;2022-05-25;ATIVO
11445;5410;16085.08;916.49;18;2.56;2022-08-28;ATIVO
11446;338;1138.18;68.01;18;7.55;2024-11-24;INADIMPLENTE
11447;9759;5029.76;213.41;24;1.83;2021-08-04;QUITADO
11448;2648;41633.25;7035.33;6;1.39;2024-11-18;QUITADO
11449;1580;17431.27;982.45;18;1.45;2022-03-20;QUITADO
11450;2973;7907.79;1343.53;6;1.94;2024-04-10;ATIVO
11451;2787;6632.15;195.15;36;5.93;2022-05-10;ATIVO
11452;2631;6846.14;192.78;36;1.37;2023-04-18;ATIVO
11453;4695;2042.03;58.36;36;2.89;2023-09-12;ATIVO
11454;5318;8679.35;497.86;18;3.25;2024-09-27;ATIVO
11455;7116;8097.21;230.66;36;2.55;2024-10-05;ATIVO
11456;3580;1720.69;150.36;12;4.86;2023-08-10;INADIMPLENTE
11457;9979;4419.28;194.23;24;5.48;2022-11-19;INADIMPLENTE
11458;3430;3760.44;219.67;18;5.15;2022-10-01;QUITADO
11459;3020;12045.01;519.14;24;3.44;2023-10-09;ATIVO
11460;5455;1148.23;100.51;12;5.04;2021-10-27;QUITADO
11461;4175;3479.36;149.48;24;3.11;2023-06-23;ATIVO
11462;8310;6307.07;536.73;12;2.12;2021-12-21;ATIVO
11463;664;3390.34;97.86;36;3.91;2022-12-29;INADIMPLENTE
11464;91;10674.82;1812.05;6;1.85;2022-07-17;QUITADO
11465;3695;9551.47;204.4;48;2.72;2022-08-13;QUITADO
11466;8355;1413.38;29.99;48;1.86;2022-04-01;QUITADO
11467;1469;3924.06;174.11;24;6.49;2023-07-10;ATIVO
11468;5380;3283.93;187.46;18;2.75;2021-04-14;ATIVO
11469;7972;2340.38;102.2;24;4.8;2024-12-27;INADIMPLENTE
11470;6420;8125.31;700.33;12;3.43;2021-05-20;ATIVO
11471;58;3034.52;181.46;18;7.64;2022-02-22;INADIMPLENTE
11472;4165;9872.23;209.66;48;1.94;2022-09-02;QUITADO
11473;6500;49225.06;1040.29;48;1.44;2023-06-04;ATIVO
11474;8497;7049.59;153.45;48;4.48;2023-06-09;INADIMPLENTE
11475;7811;11189.9;317.48;36;2.14;2021-10-20;ATIVO
11476;5593;6528.94;382.81;18;5.54;2022-09-07;ATIVO
11477;3772;12959.42;558.07;24;3.35;2024-06-27;ATIVO
11478;4422;2288.81;48.96;48;2.67;2024-07-28;ATIVO
11479;5546;11829.69;1017.94;12;3.26;2024-07-25;QUITADO
11480;7547;16017.97;672.89;24;0.82;2023-11-11;ATIVO
11481;183;19989.84;3443.25;6;3.35;2022-07-04;ATIVO
11482;9831;35438.19;747.67;48;1.27;2022-10-01;QUITADO
11483;4068;1451.63;42.89;36;6.37;2023-12-10;INADIMPLENTE
11484;978;1995.65;59.5;36;7.34;2023-08-16;QUITADO
11485;3258;12857.17;548.14;24;2.32;2022-10-04;QUITADO
11486;4870;8520.74;1442.14;6;1.55;2022-12-12;ATIVO
11487;1399;7708.02;1328.35;6;3.4;2021-03-30;ATIVO
11488;248;18455.6;518.55;36;1.15;2024-07-05;ATIVO
11489;9886;4718.02;208.28;24;5.95;2024-05-25;INADIMPLENTE
11490;9348;7141.77;1278.73;6;7.43;2023-02-02;INADIMPLENTE
11491;6484;12555.32;2147.17;6;2.61;2023-09-27;ATIVO
11492;5706;4270.97;369.51;12;3.82;2024-04-28;QUITADO
11493;4411;1148.99;196.11;6;2.41;2022-01-17;QUITADO
11494;6440;10633.23;228.75;48;3.26;2021-08-28;QUITADO
11495;3711;3544.69;77.61;48;5.1;2022-06-19;ATIVO
11496;7912;8416.59;476.33;18;1.87;2024-08-01;QUITADO
11497;8939;1018.69;182.41;6;7.44;2023-04-07;ATIVO
11498;5707;19714.71;844.04;24;2.75;2024-06-03;ATIVO
11499;4522;6047.61;341.09;18;1.52;2021-11-08;ATIVO
11500;12;17650.06;1518.05;12;3.21;2021-05-18;ATIVO
11501;719;7140.64;158.02;48;6.22;2023-07-06;QUITADO
11502;7348;14950.97;316.68;48;1.67;2021-09-26;ATIVO
11503;9459;4289.15;91.89;48;2.83;2021-08-04;QUITADO
11504;5466;6618.1;285.79;24;3.64;2022-05-20;ATIVO
11505;8498;7625.82;440.9;18;4.07;2024-06-30;ATIVO
11506;957;3288.13;282.67;12;3.16;2022-05-07;QUITADO
11507;2641;6551.83;585.02;12;7.15;2022-09-05;ATIVO
11508;3317;4727.67;104.2;48;5.79;2021-05-06;QUITADO
11509;4450;5846.2;511.35;12;4.96;2021-06-17;QUITADO
11510;2500;15727.6;2683.91;6;2.39;2021-04-28;QUITADO
11511;1283;2598.78;115.22;24;6.41;2022-03-06;QUITADO
11512;9467;1000.09;178.3;6;6.97;2023-12-12;ATIVO
11513;3150;6214.43;138.03;48;6.61;2023-07-21;ATIVO
11514;5718;5389.62;160.82;36;7.42;2024-01-06;INADIMPLENTE
11515;2105;7546.85;664.94;12;5.73;2022-12-18;ATIVO
11516;2151;2895.96;166.66;18;3.59;2023-01-11;QUITADO
11517;3016;1319.36;233.72;6;6.29;2022-04-01;ATIVO
11518;5792;1614.69;96.77;18;7.88;2023-06-27;QUITADO
11519;1740;46883.45;1312.74;36;0.8;2023-10-21;QUITADO
11520;1958;6673.14;580.4;12;4.37;2023-01-03;ATIVO
11521;7413;41058.82;2309.79;18;1.26;2022-07-24;ATIVO
11522;1474;9541.98;409.03;24;2.88;2022-06-05;ATIVO
11523;9946;10173.08;218.3;48;3.0;2024-02-14;QUITADO
11524;6466;3384.4;302.51;12;7.26;2024-07-14;QUITADO
11525;928;4645.54;132.49;36;2.67;2024-11-14;QUITADO
11526;3500;2674.84;151.16;18;1.72;2022-04-25;ATIVO
11527;9809;6347.61;136.22;48;3.01;2021-01-18;QUITADO
11528;6042;6729.91;1200.17;6;7.0;2023-06-22;QUITADO
11529;9818;6876.62;153.21;48;6.94;2022-12-12;QUITADO
11530;2717;10842.64;619.42;18;2.83;2024-01-03;QUITADO
11531;8987;4358.95;370.87;12;2.1;2023-06-28;QUITADO
11532;6719;7845.76;174.47;48;6.74;2021-01-12;ATIVO
11533;2686;4655.05;807.5;6;4.08;2023-05-18;INADIMPLENTE
11534;1616;7056.69;628.69;12;6.91;2022-11-19;ATIVO
11535;3725;31578.26;663.93;48;0.92;2022-08-05;ATIVO
11536;8037;2532.53;441.67;6;4.64;2024-12-29;ATIVO
11537;7897;786.79;35.12;24;7.12;2023-09-29;ATIVO
11538;1874;1578.05;34.47;48;4.84;2021-01-16;INADIMPLENTE
11539;3638;48491.47;4097.53;12;1.4;2021-01-31;QUITADO
11540;6506;14752.02;838.65;18;2.33;2022-02-14;ATIVO
11541;9675;4174.65;746.22;6;7.25;2024-10-30;ATIVO
11542;1695;5867.74;335.24;18;2.84;2023-06-30;QUITADO
11543;7386;7979.85;476.31;18;7.44;2022-01-15;QUITADO
11544;335;3951.48;352.83;12;7.15;2022-11-23;INADIMPLENTE
11545;2448;2435.7;106.0;24;4.45;2021-09-15;QUITADO
11546;9736;7892.9;354.85;24;7.9;2023-12-02;ATIVO
11547;602;10684.23;228.69;48;2.74;2024-08-24;QUITADO
11548;9017;18126.94;1555.9;12;3.0;2021-11-27;ATIVO
11549;4101;6865.29;615.24;12;7.54;2022-11-21;INADIMPLENTE
11550;4141;7678.37;663.03;12;3.62;2023-07-06;QUITADO
11551;850;5969.6;257.12;24;3.37;2024-08-03;ATIVO
11552;4062;4656.77;132.8;36;2.66;2022-06-06;ATIVO
11553;5275;1330.13;58.59;24;5.71;2021-01-20;QUITADO
11554;6931;44678.11;940.47;48;1.04;2024-12-29;QUITADO
11555;9642;7364.4;628.92;12;2.48;2022-01-09;ATIVO
11556;7560;6869.62;153.21;48;7.05;2024-09-29;ATIVO
11557;5;5927.23;1029.56;6;4.22;2021-03-10;QUITADO
11558;5786;1231.99;105.72;12;2.97;2022-03-16;ATIVO
11559;5549;2609.22;463.05;6;6.48;2022-01-20;INADIMPLENTE
11560;3910;6706.53;292.07;24;4.52;2024-08-04;ATIVO
11561;9095;2762.83;240.48;12;4.45;2023-01-06;QUITADO
11562;564;16082.87;1382.72;12;3.17;2021-07-18;ATIVO
11563;7210;14823.9;1261.64;12;2.13;2024-01-18;ATIVO
11564;4718;21991.09;616.61;36;0.94;2022-07-28;QUITADO
11565;5536;1915.43;113.2;18;6.38;2023-11-06;ATIVO
11566;4382;5171.12;302.19;18;5.19;2024-06-16;QUITADO
11567;9029;4827.52;139.22;36;3.82;2024-11-23;ATIVO
11568;6532;17188.27;2957.81;6;3.25;2022-03-27;ATIVO
11569;1416;7221.24;428.02;18;6.69;2022-10-08;ATIVO
11570;2769;2357.22;209.73;12;6.77;2024-05-06;QUITADO
11571;3096;10449.16;445.31;24;2.28;2022-10-08;QUITADO
11572;5541;17562.15;1502.44;12;2.66;2024-01-15;QUITADO
11573;306;10566.1;299.14;36;1.92;2023-12-12;ATIVO
11574;6147;9895.37;417.5;24;1.26;2023-03-31;QUITADO
11575;2816;6601.47;575.04;12;4.53;2023-11-15;ATIVO
11576;6126;12461.2;2141.66;6;3.12;2022-11-26;QUITADO
11577;5694;3135.75;88.86;36;2.02;2021-12-19;ATIVO
11578;2483;6452.36;281.83;24;4.83;2021-01-12;ATIVO
11579;8446;13869.87;793.74;18;3.01;2024-09-27;ATIVO
11580;8375;2342.46;50.09;48;2.65;2024-10-15;ATIVO
11581;9732;1600.55;68.04;24;2.02;2023-01-31;ATIVO
11582;5851;19761.69;846.38;24;2.79;2022-12-25;ATIVO
11583;2586;4448.49;188.49;24;1.69;2023-09-16;QUITADO
11584;6627;6520.84;144.79;48;6.58;2022-07-15;ATIVO
11585;4171;17933.78;773.02;24;3.45;2023-01-01;QUITADO
11586;1507;3113.2;277.9;12;7.12;2023-11-18;QUITADO
11587;1149;18784.53;798.34;24;2.0;2021-12-03;QUITADO
11588;3179;14727.47;829.48;18;1.38;2024-09-27;QUITADO
11589;8149;3664.68;216.22;18;6.2;2021-08-11;QUITADO
11590;5813;28935.12;2436.1;12;1.03;2024-12-14;ATIVO
11591;9973;14614.6;2471.57;6;1.47;2024-05-01;ATIVO
11592;6394;6687.38;287.39;24;3.14;2021-03-16;QUITADO
11593;143;24210.69;1019.27;24;1.04;2023-01-16;ATIVO
11594;7851;9222.16;790.34;12;2.84;2022-07-14;QUITADO
11595;4934;11415.39;976.3;12;2.63;2022-04-17;ATIVO
11596;876;2738.99;488.36;6;6.98;2022-10-02;INADIMPLENTE
11597;5208;16177.13;689.28;24;2.26;2024-04-05;ATIVO
11598;4617;15736.97;450.08;36;2.96;2024-04-17;QUITADO
11599;9899;5541.84;160.36;36;4.17;2021-07-26;ATIVO
11600;4987;13209.66;1135.04;12;3.11;2023-08-28;ATIVO
11601;6827;38909.34;822.53;48;1.47;2024-08-28;QUITADO
11602;4258;5098.43;150.77;36;6.46;2022-04-06;INADIMPLENTE
11603;2313;14937.45;316.39;48;1.67;2023-03-12;ATIVO
11604;4731;10778.96;462.06;24;2.88;2024-11-13;QUITADO
11605;1533;6694.93;292.04;24;4.69;2023-12-10;INADIMPLENTE
11606;6452;42518.72;1798.01;24;1.49;2022-02-13;QUITADO
11607;6705;25588.06;717.11;36;0.89;2021-06-27;ATIVO
11608;1712;8674.56;498.55;18;3.45;2022-05-30;ATIVO
11609;1844;34842.4;2943.89;12;1.39;2023-03-18;ATIVO
11610;2265;10464.05;224.56;48;3.01;2021-06-18;ATIVO
11611;5886;6219.24;137.04;48;5.77;2021-04-27;ATIVO
11612;4350;7513.85;161.13;48;2.93;2024-03-16;ATIVO
11613;2988;9783.75;1673.18;6;2.61;2022-12-20;ATIVO
11614;261;1079.34;192.27;6;6.88;2024-04-08;ATIVO
11615;1568;15475.21;443.24;36;3.11;2022-09-05;QUITADO
11616;9200;5737.01;170.09;36;6.73;2024-07-20;QUITADO
11617;8100;6413.89;1121.68;6;4.93;2023-09-13;ATIVO
11618;2260;8419.05;477.45;18;2.08;2021-09-26;ATIVO
11619;5659;9433.88;1600.3;6;1.78;2022-08-31;ATIVO
11620;8824;19723.17;1680.09;12;2.22;2023-12-09;ATIVO
11621;6891;43348.16;1219.53;36;1.28;2024-03-04;INADIMPLENTE
11622;7107;45903.94;968.29;48;1.25;2023-08-01;ATIVO
11623;7115;1364.54;29.46;48;3.63;2022-04-29;ATIVO
11624;5736;35757.07;3010.75;12;1.04;2021-06-28;ATIVO
11625;9920;19637.81;3358.39;6;2.61;2021-03-02;ATIVO
11626;9919;17497.69;1489.05;12;2.12;2022-06-07;QUITADO
11627;8056;6755.98;1185.79;6;5.31;2021-11-05;ATIVO
11628;7813;3190.77;70.42;48;5.94;2024-09-02;QUITADO
11629;9830;5945.75;131.38;48;6.06;2023-07-27;ATIVO
11630;3381;8606.61;740.89;12;3.3;2021-07-25;QUITADO
11631;4309;894.4;158.67;6;6.44;2021-01-17;ATIVO
11632;8246;24685.41;4163.19;6;1.19;2022-07-04;ATIVO
11633;2552;15706.62;338.22;48;3.36;2024-03-30;ATIVO
11634;9733;5653.8;165.09;36;5.12;2021-02-07;INADIMPLENTE
11635;6624;19498.87;412.24;48;1.48;2021-04-05;ATIVO
11636;6151;8359.76;718.66;12;3.16;2024-08-30;ATIVO
11637;8743;14999.66;843.06;18;1.17;2024-03-10;ATIVO
11638;2719;6318.15;181.12;36;3.2;2023-10-27;ATIVO
11639;995;3488.03;104.25;36;7.6;2024-09-19;QUITADO
11640;8284;5885.46;254.67;24;3.85;2022-08-02;INADIMPLENTE
11641;5726;7633.28;171.51;48;7.85;2022-08-02;QUITADO
11642;9081;12907.54;1084.77;12;0.85;2022-05-03;ATIVO
11643;2623;8211.99;465.62;18;2.06;2024-05-18;ATIVO
11644;4735;2031.81;91.03;24;7.53;2021-03-28;ATIVO
11645;3513;11579.68;977.42;12;1.29;2022-04-08;QUITADO
11646;5316;22611.06;475.92;48;1.03;2022-03-06;QUITADO
11647;8139;3106.82;88.25;36;2.26;2023-12-30;ATIVO
11648;7431;5805.65;255.52;24;5.63;2021-07-30;QUITADO
11649;9996;24460.38;689.17;36;1.43;2023-11-05;ATIVO
11650;3787;5996.08;348.97;18;4.76;2023-10-29;QUITADO
11651;3131;7011.47;1182.02;6;1.15;2024-03-10;ATIVO
11652;1392;3588.94;210.23;18;5.44;2023-02-08;ATIVO
11653;1567;2596.58;229.54;12;6.08;2023-11-16;QUITADO
11654;7269;12972.43;558.03;24;3.24;2021-04-01;ATIVO
11655;3795;16316.49;461.12;36;1.74;2022-11-25;ATIVO
11656;2338;15457.54;660.87;24;2.61;2023-06-20;ATIVO
11657;3128;2997.04;66.1;48;5.87;2021-10-08;INADIMPLENTE
11658;6391;25273.31;1418.25;18;1.01;2022-03-18;QUITADO
11659;3466;808.99;17.91;48;6.26;2023-03-12;QUITADO
11660;7634;17615.53;505.76;36;3.36;2024-02-28;ATIVO
11661;4357;3335.54;580.61;6;4.44;2022-05-23;INADIMPLENTE
11662;2810;18583.64;399.04;48;3.07;2023-03-25;ATIVO
11663;2506;33457.15;707.41;48;1.49;2023-06-17;QUITADO
11664;2797;6453.62;385.28;18;7.46;2021-09-29;ATIVO
11665;9372;16953.75;364.61;48;3.23;2022-01-23;QUITADO
11666;1473;11166.13;480.28;24;3.23;2023-12-11;ATIVO
11667;9788;2139.44;369.2;6;3.54;2023-08-16;QUITADO
11668;8424;3749.83;108.15;36;3.83;2024-01-21;QUITADO
11669;5754;17820.46;748.53;24;0.81;2021-08-27;QUITADO
11670;8050;794.83;35.31;24;6.61;2022-11-23;ATIVO
11671;9110;3333.81;145.66;24;4.86;2023-03-10;ATIVO
11672;6425;3391.06;295.28;12;4.49;2023-03-12;QUITADO
11673;2105;5795.23;126.02;48;4.38;2021-08-21;QUITADO
11674;1795;32855.56;690.99;48;0.95;2021-10-15;QUITADO
11675;257;2081.03;372.78;6;7.48;2022-08-05;QUITADO
11676;2399;4478.5;772.09;6;3.44;2022-04-18;ATIVO
11677;5596;15241.68;433.88;36;2.48;2024-01-30;QUITADO
11678;1193;18170.78;1041.08;18;3.13;2024-08-09;QUITADO
11679;1446;11693.47;249.87;48;2.57;2022-03-17;QUITADO
11680;2955;7067.82;1191.52;6;1.15;2021-12-24;QUITADO
11681;4406;7367.91;313.01;24;1.96;2024-12-07;ATIVO
11682;8598;7487.61;661.78;12;6.06;2023-10-10;ATIVO
11683;4038;5812.4;343.35;18;6.33;2024-05-07;INADIMPLENTE
11684;2295;1840.46;158.79;12;3.53;2024-04-22;INADIMPLENTE
11685;1980;32945.46;927.78;36;1.38;2021-11-13;ATIVO
11686;3648;2290.64;197.15;12;3.28;2023-06-29;ATIVO
11687;8863;6430.33;272.03;24;1.53;2022-07-02;ATIVO
11688;514;13579.17;776.5;18;2.93;2021-04-12;ATIVO
11689;2217;18801.12;404.81;48;3.35;2022-08-31;QUITADO
11690;2371;2487.29;425.74;6;2.7;2022-04-08;QUITADO
11691;4378;4539.17;401.79;12;6.22;2023-04-23;ATIVO
11692;751;15224.25;434.14;36;2.66;2022-05-06;ATIVO
11693;8499;3807.73;162.76;24;2.59;2024-02-23;ATIVO
11694;6906;15736.36;2647.9;6;0.96;2024-11-09;ATIVO
11695;7215;5638.92;486.78;12;3.59;2024-02-26;INADIMPLENTE
11696;769;5468.26;232.17;24;1.9;2023-07-23;QUITADO
11697;1549;16840.33;1445.32;12;2.99;2024-12-10;QUITADO
11698;6181;18462.91;3110.38;6;1.08;2022-08-05;QUITADO
11699;8012;8866.92;252.46;36;2.5;2022-08-14;ATIVO
11700;8965;44993.79;1901.36;24;1.42;2021-06-28;QUITADO
11701;2984;14680.67;421.29;36;3.31;2021-08-09;QUITADO
11702;5437;13258.98;2265.3;6;2.51;2023-03-27;QUITADO
11703;9750;12581.38;719.24;18;2.9;2024-09-16;ATIVO
11704;4813;6490.61;193.89;36;7.54;2022-01-13;ATIVO
11705;8862;2269.66;49.29;48;4.24;2024-06-24;INADIMPLENTE
11706;3577;4284.43;94.36;48;5.71;2022-12-04;QUITADO
11707;6203;4419.68;131.01;36;6.71;2022-03-07;ATIVO
11708;5447;3796.54;650.41;6;2.79;2021-03-21;ATIVO
11709;7492;4696.58;140.87;36;7.98;2024-11-10;ATIVO
11710;9621;1136.42;96.26;12;1.65;2022-04-16;ATIVO
11711;3120;6480.98;140.65;48;4.17;2024-10-09;QUITADO
11712;1148;4232.88;94.9;48;7.62;2023-06-20;ATIVO
11713;2560;6506.87;1147.7;6;5.83;2024-07-03;QUITADO
11714;713;2817.37;504.83;6;7.51;2021-01-13;ATIVO
11715;9562;4519.88;265.64;18;5.79;2022-07-06;ATIVO
11716;1101;20268.04;852.78;24;0.98;2022-08-21;QUITADO
11717;2258;4986.03;288.41;18;4.12;2021-07-08;ATIVO
11718;6454;10522.22;301.37;36;3.11;2022-06-23;QUITADO
11719;9696;27473.78;2315.35;12;1.13;2022-03-17;QUITADO
11720;1329;4301.69;95.11;48;6.13;2022-01-24;QUITADO
11721;2413;12456.84;703.53;18;1.66;2023-06-19;INADIMPLENTE
11722;8938;4978.78;892.94;6;7.61;2021-01-22;ATIVO
11723;9568;2300.18;66.97;36;4.81;2023-06-30;ATIVO
11724;258;5780.0;515.19;12;6.96;2022-05-07;QUITADO
11725;792;7252.05;1303.68;6;7.86;2024-10-03;QUITADO
11726;1577;1643.98;97.6;18;6.86;2021-10-23;ATIVO
11727;7854;2915.19;63.81;48;5.07;2023-03-10;QUITADO
11728;6089;919.92;40.02;24;4.42;2021-11-19;QUITADO
11729;9456;11646.69;662.24;18;2.35;2021-05-16;ATIVO
11730;8379;26084.64;1102.73;24;1.46;2023-06-04;ATIVO
11731;9988;7407.54;220.68;36;7.25;2023-04-30;QUITADO
11732;7009;9911.54;419.88;24;1.67;2024-07-21;QUITADO
11733;8154;5764.38;169.57;36;5.9;2023-05-05;ATIVO
11734;9645;17506.69;989.61;18;1.75;2021-12-15;ATIVO
11735;420;10355.77;222.3;48;3.04;2024-01-24;ATIVO
11736;2623;2102.87;360.15;6;2.76;2024-11-11;ATIVO
11737;3669;6863.33;1183.12;6;3.43;2021-03-01;INADIMPLENTE
11738;647;19010.07;1083.05;18;2.55;2024-04-28;QUITADO
11739;4986;2086.99;92.49;24;6.36;2022-12-07;ATIVO
11740;9961;4090.63;118.11;36;3.94;2021-11-26;INADIMPLENTE
11741;961;2937.59;525.34;6;7.3;2022-10-18;ATIVO
11742;7009;17952.77;515.0;36;3.27;2023-11-19;QUITADO
11743;7035;815.42;23.47;36;3.62;2023-05-04;INADIMPLENTE
11744;1456;6681.54;399.93;18;7.74;2023-05-08;ATIVO
11745;505;8094.45;1384.56;6;2.63;2023-11-03;ATIVO
11746;6252;5326.73;116.36;48;4.85;2022-11-16;ATIVO
11747;8485;1153.39;25.58;48;6.46;2021-01-30;INADIMPLENTE
11748;5322;3389.5;583.73;6;3.33;2022-08-03;ATIVO
11749;4350;16954.25;482.54;36;2.46;2023-06-21;ATIVO
11750;9681;16616.09;947.3;18;2.62;2021-09-17;ATIVO
11751;47;1707.98;37.45;48;5.24;2023-12-06;QUITADO
11752;4487;2716.7;243.21;12;7.43;2022-04-18;ATIVO
11753;4466;2912.0;64.64;48;6.55;2021-04-22;ATIVO
11754;4495;35749.78;6041.71;6;1.4;2021-05-03;QUITADO
11755;7531;38669.21;6506.09;6;0.95;2021-02-27;ATIVO
11756;2425;6690.29;387.07;18;4.14;2024-01-17;QUITADO
11757;6626;2979.79;517.14;6;4.13;2023-06-14;QUITADO
11758;1504;6893.97;1170.25;6;1.85;2023-01-28;QUITADO
11759;6636;899.71;26.4;36;5.63;2023-12-24;QUITADO
11760;9168;4306.33;187.34;24;4.41;2021-03-15;ATIVO
11761;9521;22124.29;1241.17;18;0.98;2022-04-06;ATIVO
11762;3707;2597.34;56.84;48;5.04;2022-09-16;QUITADO
11763;6010;3133.73;67.03;48;2.67;2024-12-15;QUITADO
11764;3901;1634.24;96.02;18;5.76;2022-12-10;QUITADO
11765;2995;9599.6;548.4;18;2.83;2024-08-26;QUITADO
11766;6632;2713.21;238.29;12;5.39;2022-02-06;ATIVO
11767;399;2072.64;357.46;6;3.48;2022-03-21;ATIVO
11768;8490;830.72;18.61;48;7.55;2024-12-08;ATIVO
11769;874;15771.27;447.64;36;2.18;2021-08-31;QUITADO
11770;3050;10756.78;610.87;18;2.22;2022-04-29;QUITADO
11771;1231;17238.0;733.98;24;2.19;2021-09-14;ATIVO
11772;11;21230.32;596.93;36;1.22;2024-09-20;ATIVO
11773;2973;15233.79;429.8;36;1.57;2022-07-20;ATIVO
11774;7670;7738.23;171.31;48;6.26;2022-05-31;QUITADO
11775;5836;3824.19;340.93;12;6.98;2022-05-03;INADIMPLENTE
11776;3989;1821.26;52.85;36;4.46;2022-02-24;ATIVO
11777;2889;8239.53;470.98;18;2.89;2022-11-20;ATIVO
11778;3666;29813.6;627.82;48;1.08;2021-05-02;QUITADO
11779;6214;7185.79;1285.66;6;7.35;2024-07-31;ATIVO
11780;2005;3306.59;97.26;36;5.89;2024-12-18;QUITADO
11781;3962;4219.5;92.16;48;4.84;2024-10-15;INADIMPLENTE
11782;4053;5719.94;252.85;24;6.09;2024-05-01;QUITADO
11783;6612;5034.69;428.96;12;2.24;2022-07-28;ATIVO
11784;2294;2444.3;208.36;12;2.29;2024-10-31;QUITADO
11785;761;47217.5;7953.0;6;1.06;2022-06-07;QUITADO
11786;4334;5220.69;917.62;6;5.46;2021-08-23;QUITADO
11787;7097;804.73;35.81;24;6.79;2024-04-22;INADIMPLENTE
11788;7230;18651.32;1070.48;18;3.31;2021-02-07;QUITADO
11789;9426;41974.93;7051.79;6;0.8;2024-11-08;ATIVO
11790;1799;5234.24;928.47;6;6.43;2021-03-05;ATIVO
11791;7411;6533.16;577.26;12;6.03;2021-08-13;QUITADO
11792;2022;3809.64;340.8;12;7.35;2022-09-25;ATIVO
11793;8157;5946.75;265.75;24;7.25;2022-02-20;INADIMPLENTE
11794;3786;3260.61;283.37;12;4.29;2024-08-25;INADIMPLENTE
11795;7091;17145.96;735.99;24;3.02;2022-10-19;INADIMPLENTE
11796;1351;10391.95;588.3;18;1.9;2021-09-26;ATIVO
11797;7278;7516.29;223.78;36;7.18;2023-02-09;ATIVO
11798;7765;1886.97;40.86;48;3.95;2021-11-21;ATIVO
11799;6583;672.68;14.67;48;4.65;2024-10-05;INADIMPLENTE
11800;9890;1510.43;43.51;36;3.71;2022-02-09;ATIVO
11801;8612;5815.58;170.78;36;5.72;2021-06-21;ATIVO
11802;1999;3077.43;67.9;48;5.9;2021-04-03;INADIMPLENTE
11803;9941;11652.1;247.29;48;1.87;2022-07-02;QUITADO
11804;8808;13748.53;387.75;36;1.53;2023-10-03;QUITADO
11805;6857;13256.29;282.36;48;2.24;2023-11-25;QUITADO
11806;2628;7023.21;624.77;12;6.75;2022-12-11;ATIVO
11807;2264;4709.18;101.89;48;3.86;2021-03-19;ATIVO
11808;8123;1700.7;75.6;24;6.68;2022-09-29;ATIVO
11809;3102;33618.43;942.53;36;0.93;2021-10-13;QUITADO
11810;4688;5818.29;347.22;18;7.42;2021-05-29;ATIVO
11811;132;2243.96;49.2;48;5.24;2022-07-25;ATIVO
11812;8745;4184.05;93.65;48;7.44;2024-04-26;ATIVO
11813;4107;4136.89;123.74;36;7.68;2023-05-03;ATIVO
11814;9185;6795.23;150.42;48;6.25;2022-02-12;INADIMPLENTE
11815;9223;6938.92;614.56;12;6.28;2021-01-12;ATIVO
11816;9083;6715.21;391.94;18;5.06;2024-08-24;ATIVO
11817;4735;6427.13;377.02;18;5.59;2022-01-22;INADIMPLENTE
11818;8829;5389.75;308.32;18;2.97;2022-03-25;ATIVO
11819;6154;6176.57;1050.02;6;2.0;2023-01-11;ATIVO
11820;228;4717.62;140.97;36;7.57;2021-10-20;ATIVO
11821;1232;10813.48;618.05;18;2.88;2022-08-20;ATIVO
11822;7013;5547.73;483.07;12;4.49;2021-08-17;INADIMPLENTE
11823;6388;12982.65;2238.43;6;3.45;2021-10-20;QUITADO
11824;3895;5318.63;910.55;6;2.72;2021-04-14;ATIVO
11825;7334;16028.19;2740.55;6;2.59;2022-03-31;ATIVO
11826;5787;1026.73;22.72;48;6.23;2022-09-06;QUITADO
11827;9070;3082.51;88.67;36;3.56;2023-08-17;QUITADO
11828;4924;9301.92;1590.32;6;2.58;2023-05-03;QUITADO
11829;3382;5794.65;332.58;18;3.31;2022-08-13;ATIVO
11830;695;2127.66;180.8;12;1.97;2022-09-09;ATIVO
11831;8027;7484.51;167.89;48;7.67;2023-09-08;INADIMPLENTE
11832;90;7193.64;1293.42;6;7.88;2023-11-21;QUITADO
11833;2152;2218.98;192.63;12;4.17;2023-12-18;ATIVO
11834;4944;11608.04;497.07;24;2.77;2021-06-14;ATIVO
11835;29;3928.79;684.59;6;4.55;2024-04-05;ATIVO
11836;1125;5630.99;168.12;36;7.48;2021-03-01;ATIVO
11837;8225;16033.75;1369.28;12;2.48;2023-09-20;INADIMPLENTE
11838;2073;3356.33;194.01;18;4.05;2022-12-04;INADIMPLENTE
11839;4769;4505.28;196.77;24;4.82;2023-12-01;ATIVO
11840;8102;2110.3;47.12;48;7.18;2024-01-18;ATIVO
11841;4961;894.3;78.62;12;5.5;2022-02-13;INADIMPLENTE
11842;8889;15522.02;1326.49;12;2.55;2023-09-14;QUITADO
11843;4527;12582.3;1065.51;12;1.62;2021-10-15;ATIVO
11844;6668;14193.51;2423.54;6;2.45;2021-11-24;ATIVO
11845;3070;7514.23;426.89;18;2.26;2024-06-17;QUITADO
11846;1877;21501.79;3616.96;6;0.93;2021-12-05;QUITADO
11847;489;5949.66;1036.83;6;4.56;2021-03-01;QUITADO
11848;1410;10583.07;226.04;48;2.52;2022-07-27;QUITADO
11849;3053;5973.27;354.21;18;6.74;2024-10-28;QUITADO
11850;5614;16392.09;346.11;48;1.35;2023-11-24;ATIVO
11851;4590;1818.7;160.42;12;5.85;2023-09-27;ATIVO
11852;2945;6774.43;200.15;36;6.36;2021-04-05;ATIVO
11853;7101;2444.07;144.12;18;6.14;2023-10-16;INADIMPLENTE
11854;3547;4506.11;101.36;48;7.97;2021-05-16;INADIMPLENTE
11855;6894;6700.83;596.09;12;6.75;2022-08-30;ATIVO
11856;8224;8722.32;1497.62;6;3.02;2022-08-07;ATIVO
11857;5054;2803.77;241.68;12;3.44;2022-12-21;INADIMPLENTE
11858;6490;4593.57;97.63;48;2.02;2022-05-22;QUITADO
11859;3872;1765.8;103.61;18;5.62;2022-10-22;ATIVO
11860;8022;6664.14;145.86;48;5.06;2023-03-12;ATIVO
11861;1473;12976.84;2203.47;6;1.88;2022-06-28;QUITADO
11862;6108;44533.6;2495.86;18;0.88;2023-08-07;ATIVO
11863;1013;5481.15;164.28;36;7.9;2021-04-26;INADIMPLENTE
11864;4293;7364.31;218.6;36;6.86;2021-10-04;ATIVO
11865;7023;13573.97;1151.41;12;1.79;2024-06-21;INADIMPLENTE
11866;9812;8867.54;762.46;12;3.18;2023-12-27;ATIVO
11867;720;14352.05;307.28;48;2.77;2022-06-15;QUITADO
11868;1604;500.79;43.39;12;3.98;2023-07-07;ATIVO
11869;9598;5432.67;316.15;18;4.75;2023-02-04;ATIVO
11870;108;6924.15;202.63;36;5.35;2024-08-25;ATIVO
11871;6103;11757.25;661.87;18;1.33;2021-02-06;QUITADO
11872;4148;17542.9;1498.16;12;2.48;2023-08-31;QUITADO
11873;372;6484.79;289.76;24;7.24;2022-08-14;ATIVO
11874;5302;2009.01;179.66;12;7.31;2023-10-12;ATIVO
11875;8348;2863.78;121.38;24;1.72;2022-05-15;QUITADO
11876;6244;2140.87;362.56;6;1.61;2024-05-29;ATIVO
11877;2445;11078.49;1910.67;6;3.48;2022-06-11;INADIMPLENTE
11878;34;15269.71;431.96;36;1.84;2023-03-15;ATIVO
11879;6750;5554.81;943.67;6;1.93;2021-12-29;QUITADO
11880;9815;5659.95;248.38;24;5.32;2022-07-31;QUITADO
11881;2767;35734.26;1003.83;36;1.13;2022-02-14;ATIVO
11882;225;4178.76;244.41;18;5.28;2021-10-22;ATIVO
11883;6540;1305.99;110.68;12;1.7;2022-09-03;ATIVO
11884;9232;7337.18;211.37;36;3.71;2024-04-27;INADIMPLENTE
11885;7442;6307.51;1076.59;6;2.41;2024-06-18;QUITADO
11886;9306;6790.2;197.01;36;4.45;2022-02-21;ATIVO
11887;4797;47555.21;1000.54;48;0.99;2024-11-10;ATIVO
11888;7973;10033.6;285.07;36;2.28;2022-02-07;ATIVO
11889;5164;12797.0;726.8;18;2.23;2023-03-09;QUITADO
11890;8313;2998.71;169.64;18;1.83;2022-08-20;ATIVO
11891;1528;41123.36;3457.79;12;0.9;2023-04-28;QUITADO
11892;1370;8648.11;242.92;36;1.12;2024-01-09;QUITADO
11893;2897;13209.83;1130.65;12;2.71;2023-04-19;ATIVO
11894;2811;961.34;85.57;12;6.81;2023-06-02;QUITADO
11895;2908;1191.89;51.54;24;3.79;2023-06-19;QUITADO
11896;641;16047.98;2726.55;6;1.94;2024-12-08;INADIMPLENTE
11897;3493;3931.94;174.99;24;6.81;2022-12-16;ATIVO
11898;7155;6585.04;388.33;18;6.15;2022-06-28;QUITADO
11899;2476;15003.77;2562.39;6;2.47;2022-07-28;INADIMPLENTE
11900;4870;17945.29;764.02;24;2.18;2023-03-05;ATIVO
11901;1235;18998.67;541.88;36;2.68;2021-07-27;ATIVO
11902;2732;11193.66;472.42;24;1.29;2021-11-04;QUITADO
11903;5452;2549.2;75.81;36;7.06;2023-04-19;ATIVO
11904;5454;875.03;38.81;24;6.46;2022-03-29;INADIMPLENTE
11905;6668;19761.96;557.62;36;1.58;2023-12-23;QUITADO
11906;7258;4285.2;92.31;48;3.4;2022-03-19;ATIVO
11907;5215;42070.8;1183.24;36;1.25;2024-04-06;ATIVO
11908;255;10003.89;430.38;24;3.25;2022-02-23;ATIVO
11909;4669;21424.39;904.02;24;1.27;2022-03-29;QUITADO
11910;8711;2410.81;68.8;36;2.74;2023-07-19;ATIVO
11911;4367;15322.98;327.56;48;2.61;2023-02-26;ATIVO
11912;9294;33921.97;950.76;36;0.9;2023-12-14;QUITADO
11913;9358;5177.65;110.51;48;2.45;2024-10-08;ATIVO
11914;8075;859.02;18.62;48;4.03;2024-07-29;INADIMPLENTE
11915;4721;2091.5;123.53;18;6.31;2023-04-24;INADIMPLENTE
11916;5913;6541.81;1154.08;6;5.85;2021-03-17;QUITADO
11917;3346;9518.64;203.74;48;2.74;2022-06-19;ATIVO
11918;4885;13649.76;388.3;36;2.41;2021-12-02;INADIMPLENTE
11919;1022;6897.15;305.0;24;6.13;2024-08-26;QUITADO
11920;4952;6913.07;598.84;12;3.95;2024-12-09;ATIVO
11921;1701;18956.41;544.68;36;3.44;2023-07-01;QUITADO
11922;6593;7093.47;209.02;36;6.08;2023-03-18;ATIVO
11923;5242;7113.74;627.97;12;5.93;2024-08-18;INADIMPLENTE
11924;7458;9110.66;195.71;48;3.11;2023-10-01;QUITADO
11925;9186;3707.57;108.69;36;5.54;2023-02-08;ATIVO
11926;7006;6976.99;611.88;12;5.24;2023-09-01;QUITADO
11927;6511;1217.95;51.75;24;1.98;2023-01-10;ATIVO
11928;9255;2426.25;53.16;48;5.16;2024-02-19;ATIVO
11929;8812;36920.34;1035.72;36;0.99;2022-04-19;QUITADO
11930;3562;4802.81;856.58;6;7.01;2021-05-16;ATIVO
11931;780;46223.2;1298.36;36;1.12;2024-08-15;QUITADO
11932;6922;16400.46;347.69;48;1.76;2023-08-19;ATIVO
11933;5625;49338.39;2080.85;24;1.22;2024-08-06;ATIVO
11934;6333;5425.1;121.66;48;7.64;2024-01-05;QUITADO
11935;7529;1427.17;42.24;36;6.56;2021-12-23;QUITADO
11936;8436;5796.6;254.04;24;5.18;2023-05-24;QUITADO
11937;8975;7156.61;208.08;36;4.67;2024-08-05;ATIVO
11938;3828;45061.86;1261.73;36;0.8;2021-02-23;ATIVO
11939;3031;18210.2;1544.68;12;1.79;2024-10-23;QUITADO
11940;1795;42842.84;1803.15;24;1.01;2021-06-20;ATIVO
11941;1240;3599.24;647.14;6;7.88;2023-08-27;INADIMPLENTE
11942;2726;3195.53;142.0;24;6.65;2023-03-27;INADIMPLENTE
11943;1886;4480.22;191.01;24;2.32;2022-12-28;ATIVO
11944;8367;6607.68;396.02;18;7.88;2022-03-24;INADIMPLENTE
11945;8738;11068.62;946.27;12;2.59;2024-03-15;QUITADO
11946;1921;7892.03;171.47;48;4.29;2023-12-06;ATIVO
11947;7312;5169.71;112.75;48;4.69;2021-08-31;QUITADO
11948;3581;8512.29;240.87;36;1.87;2021-06-09;ATIVO
11949;5012;39479.64;1108.94;36;1.12;2024-02-17;ATIVO
11950;3144;3833.03;223.89;18;5.14;2021-12-10;ATIVO
11951;7019;42716.81;1199.75;36;1.11;2024-02-07;QUITADO
11952;6409;19072.63;410.9;48;3.41;2024-10-28;QUITADO
11953;4955;17693.35;3033.23;6;2.86;2022-10-22;QUITADO
11954;5635;11945.78;335.18;36;1.01;2021-10-01;QUITADO
11955;5322;17113.75;729.97;24;2.37;2024-11-09;QUITADO
11956;1053;1562.56;68.34;24;4.97;2023-07-30;ATIVO
11957;187;42010.58;1773.2;24;1.3;2021-08-15;ATIVO
11958;7004;16977.79;2900.37;6;2.5;2024-12-07;INADIMPLENTE
11959;8595;4554.68;200.08;24;5.43;2022-04-21;INADIMPLENTE
11960;6553;3175.5;546.5;6;3.26;2021-02-28;QUITADO
11961;122;18434.74;529.23;36;3.35;2023-08-23;QUITADO
11962;3738;8278.88;176.69;48;2.44;2021-04-06;ATIVO
11963;5529;1701.14;294.13;6;3.74;2024-08-20;ATIVO
11964;5049;14089.7;606.68;24;3.34;2022-09-23;QUITADO
11965;8420;5126.38;440.23;12;3.05;2021-10-07;QUITADO
11966;1387;2896.81;252.55;12;4.62;2021-03-02;QUITADO
11967;9370;9564.45;537.84;18;1.22;2022-11-20;ATIVO
11968;6605;8626.98;184.78;48;2.81;2024-07-05;ATIVO
11969;2275;15075.36;2555.78;6;1.72;2021-12-13;ATIVO
11970;4869;19997.88;425.87;48;2.22;2021-02-23;ATIVO
11971;1706;1294.33;114.44;12;6.1;2024-03-11;INADIMPLENTE
11972;9262;2999.74;178.38;18;7.04;2021-11-23;ATIVO
11973;8533;2848.59;124.6;24;4.98;2023-03-09;ATIVO
11974;914;5873.23;171.2;36;4.94;2022-03-28;QUITADO
11975;4355;43164.2;2424.39;18;1.1;2021-02-23;QUITADO
11976;3309;34459.96;2911.29;12;1.38;2023-04-15;ATIVO
11977;5632;18626.17;790.06;24;1.8;2023-01-30;QUITADO
11978;4773;27096.99;4573.52;6;1.27;2024-09-21;QUITADO
11979;4850;37024.18;6251.53;6;1.31;2022-08-11;QUITADO
11980;8223;6913.82;307.15;24;6.62;2021-07-27;QUITADO
11981;9528;16422.77;465.77;36;2.1;2023-10-22;QUITADO
11982;8774;18881.94;542.28;36;3.39;2024-06-27;QUITADO
11983;3474;793.19;17.32;48;4.81;2024-04-08;ATIVO
11984;6296;660.03;19.65;36;7.16;2024-03-24;ATIVO
11985;5481;4603.76;136.55;36;6.78;2024-03-05;ATIVO
11986;8262;15975.16;677.35;24;1.76;2021-05-27;QUITADO
11987;6819;2774.76;479.89;6;3.77;2023-10-11;QUITADO
11988;2602;2986.28;63.27;48;1.69;2023-05-15;ATIVO
11989;29;4553.16;132.35;36;4.64;2021-04-21;QUITADO
11990;3462;8314.9;238.48;36;3.25;2023-12-17;QUITADO
11991;8131;19135.18;3225.23;6;1.13;2022-01-23;QUITADO
11992;7830;3702.54;158.44;24;2.7;2023-09-19;QUITADO
11993;7350;6673.21;562.94;12;1.23;2024-10-06;QUITADO
11994;2770;4246.79;749.84;6;5.94;2024-11-19;ATIVO
11995;1591;16810.68;957.37;18;2.51;2022-03-11;QUITADO
11996;3339;5782.41;496.13;12;2.96;2024-03-28;ATIVO
11997;2202;7639.75;671.85;12;5.53;2024-03-10;QUITADO
11998;382;25814.52;1089.8;24;1.32;2022-02-20;ATIVO
11999;9826;10762.14;1828.85;6;1.96;2022-06-02;ATIVO
12000;2567;5867.61;505.15;12;3.31;2021-12-04;ATIVO
12001;9883;18117.11;388.05;48;2.81;2023-05-06;QUITADO
12002;6096;13255.56;379.11;36;2.96;2022-10-02;QUITADO
12003;9729;1423.77;252.39;6;6.36;2022-06-25;INADIMPLENTE
12004;7199;47439.62;4006.28;12;1.34;2021-01-29;ATIVO
12005;2763;7769.31;167.77;48;3.65;2024-02-04;ATIVO
12006;8005;3232.03;145.31;24;7.9;2021-12-23;ATIVO
12007;420;14188.7;1216.56;12;2.89;2022-06-16;QUITADO
12008;2717;10953.7;312.24;36;2.62;2022-04-15;INADIMPLENTE
12009;2732;12524.93;2108.57;6;1.01;2021-05-11;ATIVO
12010;7343;3784.7;226.14;18;7.55;2023-03-24;ATIVO
12011;6320;17304.83;738.63;24;2.44;2022-03-26;QUITADO
12012;986;7017.34;148.88;48;1.84;2024-07-10;QUITADO
12013;1038;3000.28;130.8;24;4.63;2021-05-24;INADIMPLENTE
12014;4525;1924.13;338.49;6;5.55;2021-12-30;INADIMPLENTE
12015;2475;1622.27;35.41;48;4.76;2024-04-05;INADIMPLENTE
12016;3230;7666.29;449.59;18;5.56;2023-08-29;QUITADO
12017;9283;14305.26;2458.6;6;3.12;2023-08-06;QUITADO
12018;1580;15279.1;321.47;48;0.99;2024-12-29;QUITADO
12019;5558;1711.18;96.88;18;1.91;2023-02-25;ATIVO
12020;3412;2531.72;111.65;24;5.84;2021-11-16;ATIVO
12021;347;2532.67;111.54;24;5.7;2024-03-03;QUITADO
12022;4264;4177.94;248.96;18;7.26;2022-06-23;ATIVO
12023;8589;7918.6;686.48;12;4.03;2023-02-26;QUITADO
12024;4961;5824.25;126.64;48;4.37;2021-07-30;INADIMPLENTE
12025;2279;6750.07;1205.11;6;7.12;2024-02-04;INADIMPLENTE
12026;5632;15319.85;1319.93;12;3.39;2021-09-27;QUITADO
12027;1430;14096.19;396.38;36;1.23;2021-11-07;ATIVO
12028;9275;6235.51;541.19;12;4.15;2023-08-10;ATIVO
12029;692;35043.0;736.05;48;0.82;2021-03-27;ATIVO
12030;8977;7984.64;347.56;24;4.47;2021-02-02;ATIVO
12031;1820;12768.94;1090.57;12;2.49;2021-03-13;ATIVO
12032;7483;10573.09;901.53;12;2.32;2022-07-16;QUITADO
12033;4368;1536.66;89.65;18;5.01;2021-08-28;QUITADO
12034;3622;5554.55;491.9;12;6.27;2024-01-05;ATIVO
12035;215;7329.96;314.46;24;2.96;2023-10-20;QUITADO
12036;9978;5598.21;239.67;24;2.75;2021-03-23;ATIVO
12037;5933;1658.18;49.01;36;6.4;2023-05-21;ATIVO
12038;6428;5973.56;346.4;18;4.38;2024-01-01;ATIVO
12039;8338;16488.42;946.71;18;3.35;2023-03-14;ATIVO
12040;2432;6092.9;547.85;12;7.9;2023-12-22;ATIVO
12041;9173;7941.62;354.99;24;7.28;2024-05-26;ATIVO
12042;7150;20687.21;1165.26;18;1.39;2021-11-20;QUITADO
12043;8000;3002.77;64.6;48;3.27;2024-05-07;ATIVO
12044;5456;5028.9;215.87;24;3.02;2021-08-14;QUITADO
12045;7266;6569.8;287.43;24;5.0;2024-02-08;ATIVO
12046;8602;5100.31;905.99;6;6.58;2022-03-09;ATIVO
12047;9876;3155.42;268.32;12;2.04;2024-05-29;QUITADO
12048;3866;29137.95;816.67;36;0.9;2021-05-18;QUITADO
12049;7554;1764.13;152.22;12;3.54;2024-02-03;ATIVO
12050;4233;7165.56;613.61;12;2.76;2022-06-04;ATIVO
12051;4583;8606.87;183.61;48;2.4;2023-01-03;ATIVO
12052;5208;7753.7;219.86;36;2.08;2022-10-25;ATIVO
12053;5524;29333.05;1646.4;18;1.03;2024-05-15;QUITADO
12054;5829;41937.34;883.83;48;1.16;2024-11-23;ATIVO
12055;674;3402.41;608.86;6;7.37;2022-09-19;ATIVO
12056;4272;6381.85;278.09;24;4.58;2023-11-21;ATIVO
12057;6099;7700.75;226.49;36;5.88;2024-03-29;ATIVO
12058;7158;13169.32;373.42;36;2.08;2022-09-16;ATIVO
12059;1823;6836.45;304.65;24;6.95;2021-03-21;ATIVO
12060;6296;3411.24;592.19;6;4.16;2024-03-15;INADIMPLENTE
12061;1285;12326.44;2111.31;6;2.77;2022-12-09;ATIVO
12062;3795;3522.26;100.64;36;2.86;2023-12-15;INADIMPLENTE
12063;7482;1351.04;231.14;6;2.65;2023-10-15;QUITADO
12064;2651;1954.96;57.34;36;5.59;2023-10-28;QUITADO
12065;1467;2972.89;532.44;6;7.46;2021-11-30;INADIMPLENTE
12066;987;5187.79;447.19;12;3.44;2023-03-05;ATIVO
12067;356;9833.78;1689.77;6;3.1;2022-12-09;ATIVO
12068;899;4198.88;364.36;12;4.13;2022-12-25;ATIVO
12069;8652;2806.85;61.14;48;4.55;2021-10-23;ATIVO
12070;5905;14227.07;408.51;36;3.37;2024-07-18;INADIMPLENTE
12071;5773;5262.76;297.38;18;1.71;2022-03-28;ATIVO
12072;9098;3658.14;210.02;18;3.34;2023-12-02;ATIVO
12073;2910;4319.51;256.55;18;6.91;2024-08-13;QUITADO
12074;5598;5674.58;337.35;18;7.01;2021-06-11;ATIVO
12075;5107;10238.22;873.15;12;2.34;2021-10-08;ATIVO
12076;6416;13762.88;2332.58;6;1.69;2021-06-30;QUITADO
12077;4326;6221.21;369.3;18;6.85;2022-09-09;QUITADO
12078;5763;2825.29;83.53;36;6.43;2022-12-19;ATIVO
12079;240;35477.14;1490.19;24;0.81;2024-11-30;QUITADO
12080;5741;13895.2;2354.08;6;1.65;2023-03-08;ATIVO
12081;4112;2778.59;477.73;6;3.16;2023-10-11;QUITADO
12082;8304;7175.18;310.8;24;3.96;2024-10-21;QUITADO
12083;1998;6078.28;537.47;12;6.11;2021-01-31;ATIVO
12084;6656;5256.23;314.59;18;7.73;2021-07-15;ATIVO
12085;5029;5257.15;233.68;24;6.68;2021-01-22;ATIVO
12086;7912;17439.49;1488.02;12;2.39;2021-04-27;QUITADO
12087;4364;15949.92;1342.72;12;1.02;2024-10-14;ATIVO
12088;1385;567.79;33.77;18;7.05;2021-02-11;ATIVO
12089;571;1064.9;30.75;36;3.96;2022-12-03;ATIVO
12090;3689;19293.97;415.66;48;3.41;2022-02-25;QUITADO
12091;5414;6173.3;553.28;12;7.55;2023-03-31;ATIVO
12092;6023;20170.23;3390.28;6;0.85;2021-06-23;QUITADO
12093;8437;618.79;53.73;12;4.2;2021-06-19;QUITADO
12094;1103;4466.69;200.28;24;7.61;2024-01-04;QUITADO
12095;8657;9129.41;392.72;24;3.24;2022-12-09;QUITADO
12096;9981;8588.24;243.98;36;2.27;2023-10-25;QUITADO
12097;5979;14056.01;1187.03;12;1.34;2022-02-27;ATIVO
12098;2297;3863.3;110.57;36;3.03;2022-08-02;ATIVO
12099;6300;2797.53;79.69;36;2.55;2022-12-28;ATIVO
12100;191;7129.57;206.68;36;4.36;2024-09-13;QUITADO
12101;137;35950.84;1516.23;24;1.22;2021-03-10;ATIVO
12102;8713;6782.03;1148.76;6;1.63;2023-11-22;QUITADO
12103;8910;19301.2;411.92;48;2.44;2024-12-15;ATIVO
12104;3740;36385.21;3059.69;12;0.91;2024-06-26;ATIVO
12105;7144;16184.8;686.24;24;1.76;2024-01-08;ATIVO
12106;3731;1168.65;26.05;48;7.01;2023-03-06;QUITADO
12107;4131;3003.88;524.48;6;4.76;2023-11-07;ATIVO
12108;4974;6004.69;536.12;12;7.14;2021-10-17;ATIVO
12109;8848;13015.35;372.56;36;3.05;2023-04-22;QUITADO
12110;8956;3738.92;83.54;48;7.25;2022-09-17;ATIVO
12111;160;13756.91;296.49;48;3.45;2023-10-02;QUITADO
12112;5086;11683.12;491.42;24;0.95;2021-11-18;ATIVO
12113;1649;44760.44;941.65;48;0.98;2021-12-04;ATIVO
12114;7046;13335.92;1141.44;12;2.71;2022-04-18;ATIVO
12115;425;7611.34;330.21;24;4.12;2021-05-28;ATIVO
12116;931;14018.55;299.44;48;2.53;2022-08-15;QUITADO
12117;7410;7793.99;221.5;36;2.31;2021-11-03;ATIVO
12118;3867;2392.19;143.0;18;7.6;2021-02-25;INADIMPLENTE
12119;3946;14706.76;633.31;24;3.35;2024-06-18;QUITADO
12120;7688;4428.82;193.96;24;5.11;2021-06-20;INADIMPLENTE
12121;4791;44824.13;947.19;48;1.43;2024-04-08;QUITADO
12122;8997;2573.93;222.92;12;3.93;2024-07-11;ATIVO
12123;3670;13829.01;2374.44;6;3.02;2021-11-16;INADIMPLENTE
12124;5629;4702.86;838.21;6;6.94;2022-01-15;QUITADO
12125;2156;8446.63;1437.9;6;2.14;2024-05-12;QUITADO
12126;9401;4064.94;714.68;6;5.49;2022-09-06;ATIVO
12127;9077;937.21;83.41;12;6.8;2022-06-30;QUITADO
12128;2970;11590.93;243.6;48;0.88;2023-05-03;QUITADO
12129;8571;3944.49;671.42;6;2.13;2023-03-21;ATIVO
12130;5698;3529.1;305.12;12;3.75;2021-02-24;INADIMPLENTE
12131;489;703.02;62.95;12;7.45;2022-09-18;ATIVO
12132;9217;22703.04;956.55;24;1.12;2024-11-13;QUITADO
12133;2059;7379.6;159.2;48;3.55;2022-03-23;QUITADO
12134;3015;2133.35;46.14;48;3.82;2023-09-12;QUITADO
12135;6467;4985.64;285.32;18;3.01;2023-09-06;ATIVO
12136;4899;16071.38;456.47;36;2.25;2022-04-05;ATIVO
12137;7048;14829.08;1266.53;12;2.49;2022-09-17;ATIVO
12138;7412;4348.61;248.93;18;3.04;2021-12-12;ATIVO
12139;8368;6926.0;147.86;48;2.47;2021-05-28;ATIVO
12140;735;4541.08;197.33;24;4.29;2024-08-04;INADIMPLENTE
12141;7275;18467.25;3149.28;6;2.32;2021-10-01;ATIVO
12142;3876;10588.68;454.47;24;3.01;2021-08-05;ATIVO
12143;5043;16856.14;476.75;36;1.82;2024-06-08;QUITADO
12144;8188;4652.8;208.21;24;7.4;2024-06-01;ATIVO
12145;750;17033.23;364.19;48;2.63;2023-11-01;QUITADO
12146;4900;6920.99;1172.53;6;1.65;2023-04-14;ATIVO
12147;3452;3313.78;142.09;24;2.91;2022-12-12;INADIMPLENTE
12148;5192;1176.95;206.57;6;5.31;2022-08-26;ATIVO
12149;7252;11621.52;500.35;24;3.33;2022-01-20;QUITADO
12150;237;6433.84;279.18;24;4.14;2023-10-28;ATIVO
12151;6904;4404.76;791.61;6;7.83;2023-02-15;QUITADO
12152;7950;2569.27;459.6;6;7.33;2023-03-04;INADIMPLENTE
12153;9157;22623.61;1904.91;12;1.04;2024-07-12;ATIVO
12154;3525;5739.08;171.14;36;7.35;2023-05-09;ATIVO
12155;1154;2321.7;199.84;12;3.29;2021-02-22;ATIVO
12156;7730;1331.35;116.5;12;5.01;2023-10-26;ATIVO
12157;6787;10186.51;431.02;24;1.55;2022-09-06;ATIVO
12158;7218;10185.78;1738.88;6;2.43;2023-05-11;ATIVO
12159;6550;8131.23;700.57;12;3.39;2021-02-03;ATIVO
12160;1549;3868.18;332.89;12;3.27;2022-01-31;QUITADO
12161;8066;10339.99;1762.28;6;2.26;2023-03-31;ATIVO
12162;9731;2330.86;68.09;36;5.17;2021-05-28;QUITADO
12163;8246;26250.09;736.1;36;0.95;2022-11-09;ATIVO
12164;2758;36029.84;3046.32;12;1.46;2022-11-03;ATIVO
12165;7744;2193.94;47.91;48;4.83;2021-05-19;QUITADO
12166;1852;7863.67;455.35;18;4.23;2023-01-07;ATIVO
12167;8083;4744.11;209.43;24;5.95;2022-03-25;ATIVO
12168;9006;7726.37;220.89;36;2.92;2023-01-16;QUITADO
12169;5856;41764.53;7023.4;6;0.9;2022-11-27;QUITADO
12170;8805;928.79;55.38;18;7.32;2021-06-29;ATIVO
12171;4664;7614.5;169.52;48;6.86;2023-03-29;INADIMPLENTE
12172;6912;15518.16;2658.52;6;2.79;2023-02-04;ATIVO
12173;948;1841.17;104.96;18;2.61;2024-03-10;QUITADO
12174;3189;5959.68;168.54;36;1.81;2024-08-03;ATIVO
12175;1973;4279.26;256.3;18;7.81;2023-12-15;INADIMPLENTE
12176;7127;2346.27;207.88;12;6.32;2023-02-07;ATIVO
12177;5521;920.61;164.51;6;7.22;2021-08-08;INADIMPLENTE
12178;4376;15230.64;649.33;24;2.32;2024-09-22;QUITADO
12179;5373;12231.85;344.43;36;1.37;2024-06-01;QUITADO
12180;8173;5754.1;170.23;36;6.5;2021-07-11;QUITADO
12181;778;4294.18;187.26;24;4.66;2022-12-18;QUITADO
12182;2851;17345.18;497.61;36;3.28;2024-09-17;QUITADO
12183;480;16705.82;718.42;24;3.21;2024-02-05;ATIVO
12184;7619;39443.49;2210.59;18;0.88;2022-06-13;QUITADO
12185;5052;4642.79;412.2;12;6.54;2023-02-26;ATIVO
12186;813;38316.84;6472.99;6;1.36;2022-10-10;ATIVO
12187;3173;5187.97;220.45;24;1.98;2023-03-07;ATIVO
12188;7934;17120.13;979.84;18;3.02;2022-08-07;ATIVO
12189;3101;2620.55;57.96;48;6.16;2022-08-01;QUITADO
12190;6383;5422.83;115.19;48;1.96;2021-10-18;ATIVO
12191;4428;18914.07;537.79;36;2.36;2022-07-04;INADIMPLENTE
12192;3495;16224.95;697.13;24;3.12;2021-05-13;ATIVO
12193;4018;2968.17;171.48;18;3.99;2023-03-29;QUITADO
12194;7820;1078.39;47.64;24;6.03;2021-01-07;INADIMPLENTE
12195;8094;3371.67;74.58;48;6.18;2021-04-28;QUITADO
12196;2977;4335.44;189.98;24;5.17;2023-05-06;ATIVO
12197;1845;39784.7;6685.16;6;0.82;2023-08-23;ATIVO
12198;9515;3993.97;114.68;36;3.37;2023-02-20;QUITADO
12199;4384;17452.18;1000.69;18;3.21;2024-07-10;ATIVO
12200;7491;627.86;36.84;18;5.62;2024-01-14;ATIVO
12201;4853;3839.22;109.78;36;2.94;2023-10-17;QUITADO
12202;9809;14297.47;613.36;24;2.96;2022-02-19;ATIVO
12203;6966;16651.91;469.63;36;1.53;2023-05-26;ATIVO
12204;5495;17499.13;998.91;18;2.75;2023-03-21;ATIVO
12205;9740;6463.35;577.82;12;7.28;2021-08-05;QUITADO
12206;6983;17620.3;376.08;48;2.45;2023-03-13;ATIVO
12207;6422;12058.53;256.57;48;2.13;2024-01-24;ATIVO
12208;8501;1964.98;57.81;36;5.91;2023-05-18;ATIVO
12209;5749;6701.09;592.1;12;6.03;2024-11-11;ATIVO
12210;1722;13688.96;390.17;36;2.61;2022-07-15;QUITADO
12211;5972;6769.51;286.89;24;1.71;2024-03-24;ATIVO
12212;9418;7597.98;161.79;48;2.21;2023-07-20;ATIVO
12213;4342;6985.14;405.1;18;4.39;2024-07-20;QUITADO
12214;8072;3889.91;113.9;36;5.41;2023-08-19;QUITADO
12215;8048;11058.89;631.52;18;2.79;2023-05-20;ATIVO
12216;6388;13329.38;1129.33;12;1.67;2024-07-08;INADIMPLENTE
12217;2187;1708.55;74.41;24;4.52;2023-04-05;ATIVO
12218;5943;18006.5;764.75;24;1.93;2024-12-27;QUITADO
12219;8387;5146.18;152.01;36;6.34;2023-10-20;ATIVO
12220;3119;6284.09;182.29;36;4.43;2023-07-13;ATIVO
12221;5082;9812.71;209.11;48;2.29;2023-02-25;ATIVO
12222;6451;7305.95;426.79;18;5.15;2023-10-21;QUITADO
12223;1817;6427.04;1113.91;6;3.99;2024-10-12;ATIVO
12224;670;3172.99;284.8;12;7.71;2022-06-30;QUITADO
12225;7440;9213.04;194.97;48;1.58;2024-03-22;QUITADO
12226;4441;5132.25;115.02;48;7.57;2022-12-06;INADIMPLENTE
12227;4226;6525.45;377.06;18;4.01;2023-05-09;INADIMPLENTE
12228;8217;6663.13;398.97;18;7.78;2022-07-27;QUITADO
12229;3380;7243.84;1217.45;6;0.84;2021-03-13;ATIVO
12230;2251;7147.84;632.29;12;6.15;2023-06-07;ATIVO
12231;2380;5154.81;228.25;24;6.27;2023-09-11;QUITADO
12232;8178;6317.3;182.9;36;4.23;2024-11-27;INADIMPLENTE
12233;4043;7850.61;701.65;12;7.25;2021-12-25;ATIVO
12234;2234;4376.97;376.13;12;3.12;2023-10-05;ATIVO
12235;3823;11725.29;331.89;36;1.9;2021-12-24;QUITADO
12236;8234;8987.85;254.93;36;2.11;2021-05-27;ATIVO
12237;2255;17863.96;3066.94;6;3.01;2023-06-01;ATIVO
12238;6173;5662.84;249.24;24;5.63;2021-11-20;ATIVO
12239;5915;1404.46;82.24;18;5.4;2023-05-15;ATIVO
12240;6325;5287.83;116.92;48;6.13;2023-08-18;INADIMPLENTE
12241;3198;611.5;54.59;12;7.13;2024-06-21;ATIVO
12242;9060;29436.3;621.72;48;1.38;2024-04-17;QUITADO
12243;4037;2416.52;143.47;18;6.87;2022-08-23;QUITADO
12244;8511;15872.42;896.44;18;1.66;2023-03-03;QUITADO
12245;9522;5643.76;324.89;18;3.62;2021-03-28;ATIVO
12246;7852;5299.31;114.28;48;3.51;2023-03-17;ATIVO
12247;7391;4151.26;235.68;18;2.19;2022-02-15;ATIVO
12248;2609;5946.66;335.66;18;1.6;2023-08-20;QUITADO
12249;2441;10674.94;457.64;24;2.89;2023-12-30;QUITADO
12250;2777;3016.86;269.96;12;7.38;2021-11-04;ATIVO
12251;8997;1444.96;31.36;48;4.18;2021-04-18;ATIVO
12252;9803;8312.46;468.92;18;1.54;2024-10-22;QUITADO
12253;8799;4087.4;181.05;24;6.31;2022-09-19;ATIVO
12254;7328;2726.78;241.75;12;6.39;2024-07-31;INADIMPLENTE
12255;7502;10644.4;1802.63;6;1.61;2022-03-08;QUITADO
12256;4028;7589.96;1361.64;6;7.64;2023-02-15;QUITADO
12257;7836;7475.47;336.4;24;8.0;2021-12-21;QUITADO
12258;9294;27480.8;1539.69;18;0.85;2023-05-29;QUITADO
12259;9195;7957.53;174.7;48;5.38;2021-02-26;ATIVO
12260;1149;16268.8;350.52;48;3.42;2024-02-17;ATIVO
12261;2065;4167.07;180.64;24;4.04;2021-10-18;ATIVO
12262;1622;7667.29;332.44;24;4.06;2021-08-11;ATIVO
12263;4334;805.4;34.95;24;4.16;2024-11-27;ATIVO
12264;6103;15168.23;638.58;24;1.04;2023-01-18;ATIVO
12265;6591;11248.27;240.69;48;2.71;2024-10-13;QUITADO
12266;1540;2824.98;60.48;48;2.76;2023-05-01;ATIVO
12267;393;16511.16;2812.95;6;2.22;2022-04-06;ATIVO
12268;1966;8746.51;745.93;12;2.34;2021-12-09;ATIVO
12269;973;3909.24;671.22;6;3.02;2024-01-18;QUITADO
12270;8415;7833.25;1319.38;6;1.06;2021-10-13;ATIVO
12271;2541;6933.38;150.15;48;3.95;2024-11-30;INADIMPLENTE
12272;9090;17596.72;749.55;24;2.23;2022-04-29;ATIVO
12273;3474;2451.78;72.33;36;6.21;2022-02-02;INADIMPLENTE
12274;7264;11063.67;1904.61;6;3.29;2024-11-24;ATIVO
12275;9376;547.28;11.94;48;4.7;2024-02-18;QUITADO
12276;1908;5721.88;331.07;18;4.15;2021-02-01;ATIVO
12277;9764;26078.75;551.4;48;1.49;2022-09-12;QUITADO
12278;3541;6904.28;396.42;18;3.35;2021-08-20;ATIVO
12279;9918;9874.84;564.18;18;2.84;2023-02-11;ATIVO
12280;8403;8324.72;236.7;36;2.36;2023-03-27;ATIVO
12281;8486;2168.88;188.58;12;4.34;2024-04-10;INADIMPLENTE
12282;8484;5154.15;925.26;6;7.71;2021-08-23;ATIVO
12283;8808;19074.25;547.48;36;3.33;2023-09-17;QUITADO
12284;1355;1115.82;99.62;12;7.14;2021-10-03;ATIVO
12285;894;3440.53;102.37;36;7.11;2024-12-17;QUITADO
12286;6015;4671.61;403.0;12;3.52;2023-02-15;ATIVO
12287;7429;5589.98;124.04;48;6.51;2022-11-11;QUITADO
12288;2349;14858.6;424.38;36;2.82;2022-04-05;ATIVO
12289;2953;4513.68;100.9;48;7.3;2021-05-07;ATIVO
12290;4055;17176.42;362.21;48;1.22;2023-11-12;QUITADO
12291;6643;5490.53;237.67;24;3.89;2022-01-18;INADIMPLENTE
12292;4111;1118.4;98.98;12;6.2;2021-01-21;ATIVO
12293;735;6346.98;1107.76;6;4.72;2021-06-29;QUITADO
12294;6532;7947.22;1369.84;6;3.42;2022-12-18;QUITADO
12295;83;5318.08;902.48;6;1.82;2024-02-01;ATIVO
12296;3297;22710.6;956.78;24;1.11;2023-10-04;ATIVO
12297;6407;4529.57;780.22;6;3.35;2021-11-17;ATIVO
12298;4445;18553.42;396.27;48;2.52;2021-02-18;QUITADO
12299;1001;7705.2;228.27;36;6.65;2022-10-02;QUITADO
12300;5149;1219.52;26.44;48;4.06;2024-03-07;ATIVO
12301;790;7101.55;207.31;36;5.09;2024-07-10;QUITADO
12302;6304;4032.59;230.57;18;2.92;2024-04-13;QUITADO
12303;7264;17632.87;997.82;18;1.86;2022-06-24;QUITADO
12304;7939;6067.33;261.96;24;3.62;2021-06-25;ATIVO
12305;9846;11899.32;1023.34;12;3.2;2024-11-21;ATIVO
12306;4813;895.1;25.88;36;4.08;2023-10-02;QUITADO
12307;6872;5757.29;342.94;18;7.22;2024-01-12;ATIVO
12308;4515;11483.08;244.66;48;2.27;2024-02-23;ATIVO
12309;1513;6527.37;378.08;18;4.26;2024-11-11;ATIVO
12310;6576;6597.92;564.56;12;2.68;2021-06-02;ATIVO
12311;8561;5812.64;518.68;12;7.08;2022-07-27;ATIVO
12312;5314;38119.11;2139.96;18;1.05;2021-06-07;ATIVO
12313;841;2053.63;43.86;48;2.52;2021-03-20;ATIVO
12314;541;1353.99;59.8;24;5.99;2023-11-18;ATIVO
12315;1220;4208.19;725.98;6;3.51;2022-02-14;QUITADO
12316;7674;7710.29;168.71;48;5.03;2022-09-21;ATIVO
12317;8213;4728.75;268.96;18;2.38;2021-11-14;ATIVO
12318;5949;7165.23;160.59;48;7.58;2023-01-04;INADIMPLENTE
12319;6261;15189.2;648.26;24;2.43;2023-01-16;QUITADO
12320;5281;3305.33;292.14;12;6.06;2022-10-10;INADIMPLENTE
12321;9372;10357.42;884.35;12;2.46;2023-09-09;ATIVO
12322;4641;38418.84;3246.07;12;1.39;2024-05-16;ATIVO
12323;9589;5973.86;252.64;24;1.5;2024-03-25;QUITADO
12324;7698;12691.18;2187.32;6;3.41;2021-05-23;ATIVO
12325;3254;11452.79;1933.8;6;1.31;2024-08-23;QUITADO
12326;9487;10122.32;872.88;12;3.48;2024-12-09;ATIVO
12327;2487;1034.96;45.47;24;5.44;2021-07-09;QUITADO
12328;1370;36064.97;3037.57;12;1.07;2023-10-16;ATIVO
12329;2057;11522.73;645.53;18;0.84;2021-06-12;QUITADO
12330;2051;1742.2;150.51;12;3.67;2021-07-19;ATIVO
12331;2934;2048.59;58.94;36;3.57;2022-02-27;ATIVO
12332;7252;1355.16;38.84;36;3.17;2021-06-27;ATIVO
12333;5403;5300.99;902.14;6;2.11;2024-03-28;ATIVO
12334;4894;16345.52;926.06;18;1.98;2021-05-17;ATIVO
12335;7141;6508.78;580.47;12;7.02;2021-07-05;INADIMPLENTE
12336;7434;14429.26;412.24;36;2.85;2024-05-01;ATIVO
12337;1242;7416.65;623.74;12;0.92;2021-06-13;ATIVO
12338;9991;9790.42;277.29;36;1.96;2024-01-13;ATIVO
12339;6180;6623.29;194.72;36;5.84;2023-07-12;INADIMPLENTE
12340;6102;1046.35;23.47;48;7.68;2021-03-25;QUITADO
12341;5251;43403.58;1217.83;36;1.01;2023-08-19;ATIVO
12342;7884;10582.22;1813.79;6;2.84;2024-04-18;ATIVO
12343;5379;15083.49;637.97;24;1.51;2024-10-12;QUITADO
12344;8683;12715.81;727.49;18;2.98;2021-11-19;ATIVO
12345;5607;17648.18;378.48;48;2.94;2021-03-12;QUITADO
12346;6336;9787.95;558.51;18;2.71;2021-11-02;ATIVO
12347;4907;17000.34;482.86;36;2.25;2024-06-19;QUITADO
12348;9170;13470.15;379.75;36;1.49;2022-10-23;QUITADO
12349;9225;19022.02;1635.89;12;3.2;2021-09-08;ATIVO
12350;1666;9750.48;209.68;48;3.22;2022-06-19;ATIVO
12351;6487;5544.68;322.3;18;4.63;2024-12-01;ATIVO
12352;2756;12065.94;681.99;18;1.74;2022-07-30;ATIVO
12353;8162;13750.87;1184.75;12;3.39;2022-06-17;ATIVO
12354;9127;1814.05;39.55;48;4.65;2024-02-14;ATIVO
12355;7747;19124.18;1092.31;18;2.81;2021-05-11;ATIVO
12356;6225;10974.71;928.46;12;1.52;2024-07-21;QUITADO
12357;2099;24967.63;4218.28;6;1.37;2023-12-08;QUITADO
12358;3001;2550.83;150.91;18;6.49;2022-05-14;ATIVO
12359;1472;12434.55;263.35;48;1.66;2024-05-04;QUITADO
12360;7503;5556.66;244.15;24;5.45;2024-11-30;QUITADO
12361;4898;6090.92;131.4;48;3.55;2021-10-03;QUITADO
12362;2844;20241.91;855.05;24;1.38;2023-10-13;ATIVO
12363;5164;7281.33;209.24;36;3.45;2024-01-26;ATIVO
12364;6966;9548.98;404.8;24;1.74;2024-01-05;ATIVO
12365;7473;4607.64;260.97;18;1.95;2023-08-24;ATIVO
12366;7046;16346.91;349.24;48;2.55;2021-08-18;ATIVO
12367;3295;7404.04;1277.81;6;3.55;2023-05-25;ATIVO
12368;2437;7808.76;225.98;36;4.18;2024-03-11;INADIMPLENTE
12369;6062;10126.42;580.81;18;3.24;2023-05-14;QUITADO
12370;2684;49382.97;8330.08;6;1.21;2023-05-09;QUITADO
12371;8166;2688.35;57.47;48;2.62;2022-12-08;QUITADO
12372;2806;2392.24;136.7;18;2.86;2024-06-15;ATIVO
12373;714;32655.4;1372.62;24;0.88;2021-04-07;ATIVO
12374;4573;7278.78;430.05;18;6.35;2021-08-26;ATIVO
12375;2866;8157.86;232.73;36;2.7;2022-01-06;ATIVO
12376;9943;687.33;14.97;48;4.57;2023-05-22;QUITADO
12377;313;41124.91;1152.07;36;0.85;2021-01-29;ATIVO
12378;6151;13411.25;378.98;36;1.73;2022-08-24;QUITADO
12379;7957;2900.74;167.99;18;4.24;2023-04-18;INADIMPLENTE
12380;9061;18524.9;3185.97;6;3.19;2024-05-12;ATIVO
12381;1655;22222.58;467.37;48;0.95;2022-08-31;QUITADO
12382;5801;4157.07;371.4;12;7.21;2024-11-09;INADIMPLENTE
12383;5514;15637.43;668.89;24;2.66;2022-12-24;QUITADO
12384;2018;4501.04;130.49;36;4.37;2024-02-21;ATIVO
12385;767;14791.65;1256.18;12;1.91;2022-11-06;ATIVO
12386;9075;46751.06;986.35;48;1.27;2023-01-10;QUITADO
12387;982;19533.64;3364.02;6;3.33;2022-04-28;ATIVO
12388;6739;1018.86;22.15;48;4.36;2023-04-17;QUITADO
12389;329;8081.52;462.4;18;2.99;2022-02-07;ATIVO
12390;6325;1875.48;81.35;24;4.1;2024-03-07;ATIVO
12391;2865;7763.4;329.75;24;1.94;2024-06-17;QUITADO
12392;9619;4373.7;385.36;12;5.73;2024-09-07;QUITADO
12393;5986;16434.05;707.76;24;3.36;2023-09-14;QUITADO
12394;7877;15441.62;884.38;18;3.09;2022-04-17;ATIVO
12395;8345;19945.77;3435.66;6;3.35;2023-10-26;ATIVO
12396;4822;13901.7;1187.78;12;2.53;2023-08-12;QUITADO
12397;8008;38179.27;806.46;48;1.39;2024-07-03;QUITADO
12398;2315;23731.52;1332.92;18;1.1;2023-01-07;ATIVO
12399;6637;40538.0;3422.42;12;1.31;2023-12-03;QUITADO
12400;2537;17595.83;997.29;18;2.02;2023-09-25;ATIVO
12401;8612;4983.36;291.94;18;5.45;2023-01-30;INADIMPLENTE
12402;5565;7476.76;442.87;18;6.62;2021-01-01;ATIVO
12403;8588;4383.16;128.3;36;5.38;2024-04-26;QUITADO
12404;6977;11727.2;990.07;12;1.31;2021-11-27;ATIVO
12405;5584;3476.65;306.58;12;5.82;2021-01-12;QUITADO
12406;8537;19028.52;3274.17;6;3.24;2021-05-31;ATIVO
12407;9656;5514.2;159.21;36;3.94;2023-09-30;ATIVO
12408;3790;5381.02;155.89;36;4.29;2024-01-19;ATIVO
12409;5781;14848.25;1273.86;12;2.95;2021-03-15;QUITADO
12410;155;16395.73;702.9;24;2.89;2024-07-08;QUITADO
12411;9678;9501.14;813.85;12;2.79;2024-09-25;ATIVO
12412;6276;9147.59;1553.72;6;1.91;2023-04-16;QUITADO
12413;4655;2448.18;105.04;24;2.97;2021-05-24;QUITADO
12414;2306;17800.93;1522.87;12;2.66;2023-06-03;ATIVO
12415;9368;7820.39;173.6;48;6.55;2023-04-27;QUITADO
12416;8634;47559.08;8022.42;6;1.21;2023-01-10;QUITADO
12417;9010;2431.14;139.1;18;2.99;2021-04-06;QUITADO
12418;934;10385.83;441.79;24;2.09;2022-05-10;ATIVO
12419;1297;5475.55;932.76;6;2.21;2023-11-16;QUITADO
12420;324;2764.93;123.3;24;7.03;2022-08-24;INADIMPLENTE
12421;7282;15066.83;1266.12;12;0.84;2023-12-15;QUITADO
12422;2253;3548.02;310.19;12;4.91;2022-04-17;ATIVO
12423;8831;6691.6;146.94;48;5.4;2021-01-11;QUITADO
12424;7580;7074.87;635.5;12;7.79;2022-11-19;ATIVO
12425;1538;7246.37;1257.97;6;4.16;2023-10-17;ATIVO
12426;1548;5432.13;962.75;6;6.34;2021-08-30;ATIVO
12427;2664;1807.42;53.89;36;7.34;2024-03-21;QUITADO
12428;1489;6230.88;130.91;48;0.85;2022-10-23;ATIVO
12429;5845;1662.73;287.74;6;3.83;2024-06-04;INADIMPLENTE
12430;8606;7252.85;208.68;36;3.58;2021-06-29;ATIVO
12431;2666;7987.51;174.21;48;4.69;2024-03-23;INADIMPLENTE
12432;2350;1974.34;112.25;18;2.34;2023-02-12;ATIVO
12433;6099;7827.02;679.19;12;4.13;2021-03-14;ATIVO
12434;8129;3940.25;87.15;48;6.16;2024-12-20;ATIVO
12435;6435;8675.54;249.25;36;3.43;2023-12-15;ATIVO
12436;1707;16966.29;952.37;18;1.04;2024-08-10;ATIVO
12437;4594;6946.32;406.09;18;5.23;2022-10-28;INADIMPLENTE
12438;1912;12599.34;717.53;18;2.51;2023-04-06;QUITADO
12439;1167;7745.81;346.24;24;7.28;2022-03-02;ATIVO
12440;6893;7528.48;1312.72;6;4.62;2022-04-02;INADIMPLENTE
12441;5627;2543.12;452.59;6;6.78;2023-02-20;INADIMPLENTE
12442;5932;16432.12;1408.23;12;2.84;2022-04-28;ATIVO
12443;7548;13391.41;759.37;18;2.07;2022-05-22;QUITADO
12444;7367;16792.58;2882.45;6;2.99;2021-09-15;QUITADO
12445;5672;6555.89;1162.03;6;6.35;2024-04-29;QUITADO
12446;1233;15288.39;2601.06;6;2.08;2021-07-03;ATIVO
12447;4796;7535.16;1278.09;6;1.77;2023-09-27;ATIVO
12448;9065;10551.01;301.38;36;2.83;2023-10-11;QUITADO
12449;6525;6548.94;374.64;18;2.97;2023-03-03;ATIVO
12450;3672;16697.64;355.52;48;2.2;2022-04-30;QUITADO
12451;2354;27211.63;573.26;48;1.12;2022-06-18;QUITADO
12452;5470;2267.75;50.53;48;6.95;2023-08-31;ATIVO
12453;2608;18580.03;394.4;48;1.89;2023-01-23;ATIVO
12454;5001;2270.05;196.47;12;3.86;2022-10-20;QUITADO
12455;1167;2470.56;54.08;48;5.08;2021-12-05;QUITADO
12456;6139;5607.78;121.58;48;4.07;2022-09-08;QUITADO
12457;5505;18558.77;792.0;24;2.42;2021-03-14;ATIVO
12458;8631;4152.2;119.66;36;3.75;2021-01-03;QUITADO
12459;4290;7356.02;1300.67;6;6.09;2024-08-16;INADIMPLENTE
12460;8662;1309.02;113.66;12;4.19;2023-02-04;ATIVO
12461;4480;8007.06;456.45;18;2.61;2021-07-17;QUITADO
12462;1628;17498.22;498.65;36;2.59;2022-09-01;ATIVO
12463;7443;6905.69;194.91;36;1.61;2024-05-24;QUITADO
12464;7018;3013.66;537.99;6;7.11;2024-02-05;QUITADO
12465;6369;4723.85;274.59;18;4.63;2024-10-04;ATIVO
12466;2572;17314.11;736.14;24;2.04;2024-12-06;QUITADO
12467;3535;42102.8;1779.37;24;1.43;2023-01-09;ATIVO
12468;7726;46131.59;7770.1;6;1.06;2021-11-25;ATIVO
12469;756;629.57;109.77;6;4.61;2024-11-29;ATIVO
12470;8676;1840.58;322.04;6;4.98;2022-08-25;ATIVO
12471;4921;1171.32;202.27;6;3.61;2023-09-16;INADIMPLENTE
12472;8281;12277.94;698.21;18;2.36;2021-12-16;ATIVO
12473;9726;3808.04;644.51;6;1.55;2023-07-30;ATIVO
12474;3476;1890.92;54.69;36;4.12;2022-09-08;QUITADO
12475;1417;12832.62;2159.3;6;0.96;2023-11-27;ATIVO
12476;4760;2728.37;489.56;6;7.66;2024-10-10;QUITADO
12477;2729;5405.54;239.2;24;6.2;2023-07-22;ATIVO
12478;6625;26358.54;1483.55;18;1.31;2021-08-15;QUITADO
12479;9006;5549.54;237.8;24;2.84;2021-11-02;ATIVO
12480;9150;14632.69;621.4;24;1.92;2022-04-08;QUITADO
12481;9372;2891.59;246.1;12;2.13;2023-03-11;QUITADO
12482;2999;27551.18;1163.0;24;1.31;2022-06-05;QUITADO
12483;7639;4355.06;128.35;36;6.1;2023-01-07;ATIVO
12484;5012;44013.74;925.66;48;0.95;2023-01-15;QUITADO
12485;5160;12337.61;347.65;36;1.44;2022-10-15;QUITADO
12486;6956;6565.06;391.75;18;7.41;2024-07-25;QUITADO
12487;80;4779.06;850.83;6;6.82;2022-10-07;ATIVO
12488;7803;7770.69;678.12;12;4.72;2023-05-13;QUITADO
12489;3375;2666.98;79.77;36;7.68;2023-10-07;INADIMPLENTE
12490;8554;2651.83;459.96;6;4.07;2024-01-13;ATIVO
12491;1197;4688.0;206.68;24;5.81;2021-03-08;QUITADO
12492;9763;5999.73;1023.45;6;2.35;2022-09-04;QUITADO
12493;7325;11939.36;251.25;48;1.01;2024-11-14;ATIVO
12494;1011;17466.92;739.43;24;1.6;2024-03-31;ATIVO
12495;7732;15842.76;896.7;18;1.88;2024-12-03;ATIVO
12496;7706;13975.18;2386.73;6;2.47;2022-10-31;QUITADO
12497;7507;19185.55;551.1;36;3.41;2024-01-23;ATIVO
12498;6554;3710.21;106.67;36;3.5;2022-11-27;QUITADO
12499;4733;7314.06;416.66;18;2.54;2021-01-14;QUITADO
12500;6910;18043.14;386.24;48;2.75;2024-08-14;ATIVO
12501;5162;18369.85;779.65;24;1.86;2022-12-06;ATIVO
12502;2581;1872.38;106.08;18;1.98;2023-08-29;ATIVO
12503;4574;4267.72;749.34;6;5.35;2024-05-30;INADIMPLENTE
12504;9194;18996.38;812.17;24;2.61;2024-01-29;ATIVO
12505;2305;6944.0;393.38;18;1.97;2021-07-20;ATIVO
12506;7473;5506.46;315.55;18;3.15;2021-03-03;ATIVO
12507;8340;3217.98;186.5;18;4.32;2024-07-23;INADIMPLENTE
12508;2084;896.66;52.66;18;5.71;2021-12-30;QUITADO
12509;1283;4921.09;881.53;6;7.48;2022-05-08;QUITADO
12510;7978;9128.49;781.7;12;2.76;2023-02-19;ATIVO
12511;5432;6683.8;571.41;12;2.59;2021-07-30;ATIVO
12512;7129;6107.69;345.25;18;1.75;2024-03-14;QUITADO
12513;4096;12933.11;276.28;48;2.54;2022-08-13;ATIVO
12514;2039;3459.64;303.44;12;5.25;2022-09-20;QUITADO
12515;655;14583.05;410.11;36;1.24;2023-05-17;QUITADO
12516;820;24665.99;2077.9;12;1.09;2022-09-27;QUITADO
12517;3664;23686.55;3995.92;6;1.22;2023-02-05;QUITADO
12518;2812;4197.32;373.7;12;6.84;2024-03-23;INADIMPLENTE
12519;5187;7817.02;165.43;48;1.58;2022-08-29;ATIVO
12520;4346;19993.75;1697.47;12;1.88;2022-01-31;QUITADO
12521;2902;7906.28;684.29;12;3.86;2021-06-01;QUITADO
12522;6237;14035.96;300.9;48;2.9;2021-04-06;ATIVO
12523;8984;1381.57;244.08;6;6.0;2022-03-21;INADIMPLENTE
12524;6685;4034.66;89.05;48;5.94;2024-01-28;QUITADO
12525;4998;6512.57;273.58;24;0.82;2023-10-20;ATIVO
12526;3777;4692.72;139.5;36;7.02;2021-07-12;QUITADO
12527;8481;5684.84;169.53;36;7.36;2023-07-17;ATIVO
12528;9482;5701.87;255.71;24;7.63;2023-03-01;ATIVO
12529;7085;4320.04;129.29;36;7.74;2022-09-04;QUITADO
12530;5214;16633.92;2865.47;6;3.36;2023-06-07;QUITADO
12531;9544;12350.77;1051.26;12;2.14;2022-04-07;QUITADO
12532;5157;995.2;89.19;12;7.54;2023-10-02;ATIVO
12533;433;2700.58;58.59;48;4.13;2021-04-02;QUITADO
12534;5866;7345.57;1273.11;6;3.99;2023-01-08;INADIMPLENTE
12535;8597;19919.71;1695.0;12;2.11;2022-07-27;QUITADO
12536;2383;5162.5;150.85;36;5.19;2023-12-04;ATIVO
12537;8423;13471.88;381.82;36;2.03;2022-08-01;INADIMPLENTE
12538;856;19245.17;1619.32;12;0.97;2023-09-25;QUITADO
12539;9808;7982.88;225.87;36;1.86;2021-01-26;QUITADO
12540;6168;7353.75;636.77;12;3.91;2024-09-26;INADIMPLENTE
12541;967;4409.04;131.92;36;7.71;2023-04-27;INADIMPLENTE
12542;7353;632.85;54.95;12;4.19;2022-01-09;INADIMPLENTE
12543;3710;1670.59;287.29;6;3.18;2021-08-17;QUITADO
12544;3588;32374.27;1368.35;24;1.44;2024-09-06;ATIVO
12545;8842;45733.8;1928.06;24;1.18;2021-05-04;QUITADO
12546;3657;10332.82;296.18;36;3.19;2022-12-28;ATIVO
12547;4051;3231.49;188.41;18;4.95;2021-04-12;ATIVO
12548;1473;12893.0;2195.89;6;2.19;2024-12-12;ATIVO
12549;6888;9863.01;212.38;48;3.36;2023-02-11;ATIVO
12550;4381;2742.02;236.2;12;3.37;2023-03-02;ATIVO
12551;2584;1539.13;91.54;18;7.06;2022-04-10;ATIVO
12552;4587;10072.05;214.7;48;2.32;2021-01-07;ATIVO
12553;41;5220.69;116.62;48;7.22;2021-07-03;ATIVO
12554;3776;10524.17;1783.32;6;1.67;2024-07-17;ATIVO
12555;1700;33990.56;1436.38;24;1.42;2022-07-19;QUITADO
12556;3106;4855.05;277.12;18;2.74;2024-09-06;QUITADO
12557;6577;2439.9;71.94;36;6.15;2024-04-28;ATIVO
12558;3918;8687.13;740.0;12;2.22;2023-02-01;QUITADO
12559;7198;7436.74;630.88;12;1.8;2021-07-04;ATIVO
12560;153;15328.26;2615.77;6;2.39;2021-01-14;ATIVO
12561;4389;2231.72;195.52;12;5.13;2023-01-04;QUITADO
12562;737;8313.13;708.83;12;2.32;2023-10-15;ATIVO
12563;1467;2430.08;140.93;18;4.39;2024-01-25;ATIVO
12564;2087;1056.38;186.61;6;5.99;2021-02-21;QUITADO
12565;328;41770.45;7054.33;6;1.33;2021-02-20;ATIVO
12566;8536;4362.41;740.45;6;1.84;2021-09-29;QUITADO
12567;4096;8134.51;1388.29;6;2.4;2023-03-08;ATIVO
12568;1544;19823.78;1708.48;12;3.42;2023-02-04;ATIVO
12569;7331;8038.61;344.45;24;2.84;2024-01-20;QUITADO
12570;3553;6668.27;1138.5;6;2.44;2021-09-22;ATIVO
12571;8094;2829.81;167.89;18;6.79;2021-12-24;ATIVO
12572;1623;7796.1;675.14;12;3.92;2023-09-23;ATIVO
12573;9324;18105.36;384.78;48;2.01;2021-11-01;ATIVO
12574;3145;36941.0;2069.72;18;0.85;2021-04-23;QUITADO
12575;2359;44893.98;1894.15;24;1.26;2024-02-15;ATIVO
12576;2542;17136.03;367.53;48;2.95;2021-06-26;ATIVO
12577;3348;10117.72;429.62;24;1.91;2021-05-24;QUITADO
12578;6651;10974.14;626.5;18;2.76;2024-04-19;ATIVO
12579;2390;4277.92;94.93;48;6.51;2024-03-06;INADIMPLENTE
12580;9748;1065.1;94.26;12;6.2;2023-02-26;ATIVO
12581;2082;5674.64;127.01;48;7.43;2021-09-17;ATIVO
12582;3755;4958.29;872.08;6;5.53;2022-09-20;INADIMPLENTE
12583;384;18390.99;1044.2;18;2.2;2021-01-07;ATIVO
12584;4159;2294.38;202.98;12;6.16;2022-02-05;ATIVO
12585;9916;12465.18;357.61;36;3.28;2023-09-04;ATIVO
12586;8362;6911.65;199.11;36;3.71;2021-11-27;INADIMPLENTE
12587;6848;6808.7;201.75;36;6.67;2024-01-25;QUITADO
12588;920;3961.28;674.87;6;2.22;2022-08-22;ATIVO
12589;8852;33214.48;2801.92;12;1.23;2022-07-23;QUITADO
12590;2570;2793.69;122.08;24;4.88;2022-03-06;INADIMPLENTE
12591;5566;2709.1;161.24;18;7.13;2023-09-12;INADIMPLENTE
12592;8251;3751.49;218.13;18;4.66;2024-03-08;QUITADO
12593;2295;1239.47;214.94;6;4.05;2021-05-25;INADIMPLENTE
12594;9114;3292.52;295.7;12;7.77;2021-06-01;ATIVO
12595;9119;5187.7;932.92;6;7.9;2022-12-21;QUITADO
12596;6355;31319.88;882.35;36;1.42;2023-12-27;QUITADO
12597;7463;4712.76;99.79;48;1.64;2024-02-23;QUITADO
12598;5207;3381.53;99.45;36;5.87;2024-09-07;ATIVO
12599;6331;1798.02;158.81;12;5.99;2022-05-01;QUITADO
12600;5096;1258.4;112.96;12;7.72;2024-09-06;ATIVO
12601;5062;14495.95;1240.25;12;2.67;2022-10-23;ATIVO
12602;5778;11932.15;682.39;18;2.94;2023-01-11;ATIVO
12603;8160;2067.75;90.91;24;5.52;2023-04-04;QUITADO
12604;4157;2951.69;504.69;6;2.59;2024-08-31;QUITADO
12605;2423;12125.64;510.03;24;0.95;2021-04-21;QUITADO
12606;1658;1910.16;56.94;36;7.32;2021-07-22;QUITADO
12607;2890;6270.58;533.47;12;2.09;2023-06-18;QUITADO
12608;5805;7624.95;166.97;48;5.11;2022-12-05;INADIMPLENTE
12609;1956;7937.82;469.92;18;6.56;2024-08-24;ATIVO
12610;3462;18833.07;1596.73;12;1.74;2024-08-06;QUITADO
12611;7937;1003.87;58.21;18;4.37;2024-11-30;ATIVO
12612;9951;16979.43;732.03;24;3.47;2023-03-15;ATIVO
12613;5460;4480.15;261.74;18;5.16;2024-02-28;ATIVO
12614;1755;8428.81;475.99;18;1.65;2022-11-19;ATIVO
12615;6305;7462.92;330.73;24;6.36;2021-10-25;INADIMPLENTE
12616;14;3401.68;303.37;12;7.02;2021-06-06;QUITADO
12617;3710;9249.28;1588.41;6;3.04;2023-09-11;ATIVO
12618;6139;2780.07;124.42;24;7.41;2021-11-24;QUITADO
12619;5148;4297.48;92.45;48;3.26;2021-09-15;ATIVO
12620;4401;7886.62;174.54;48;6.23;2022-08-05;ATIVO
12621;9368;7596.99;221.56;36;4.99;2023-04-11;ATIVO
12622;4169;2880.34;128.03;24;6.68;2022-08-01;ATIVO
12623;7967;7090.85;1265.36;6;7.07;2024-01-26;INADIMPLENTE
12624;6065;40182.46;2260.49;18;1.26;2021-01-22;QUITADO
12625;3512;2938.64;253.78;12;3.63;2023-11-27;QUITADO
12626;6036;16287.59;349.4;48;2.97;2024-09-20;QUITADO
12627;4838;15616.51;2673.29;6;2.71;2023-08-13;QUITADO
12628;994;8559.64;1469.69;6;3.02;2024-11-26;QUITADO
12629;8897;779.72;17.26;48;6.26;2024-06-14;QUITADO
12630;5788;4564.52;133.87;36;5.58;2023-05-23;INADIMPLENTE
12631;5965;4821.16;843.54;6;4.98;2022-04-09;QUITADO
12632;3381;11563.77;490.01;24;1.7;2021-02-15;ATIVO
12633;5526;34859.33;982.65;36;1.48;2023-07-30;ATIVO
12634;1547;2453.39;104.82;24;2.54;2022-06-19;QUITADO
12635;840;18680.88;3203.46;6;2.89;2023-05-15;ATIVO
12636;8775;8030.33;452.33;18;1.39;2023-06-07;QUITADO
12637;4039;13834.74;393.68;36;2.44;2023-05-31;QUITADO
12638;9657;6590.53;193.03;36;5.44;2024-01-01;INADIMPLENTE
12639;8077;5986.05;174.56;36;4.98;2021-12-31;ATIVO
12640;6340;19341.25;1091.17;18;1.55;2021-10-26;ATIVO
12641;9330;7952.27;227.1;36;2.81;2022-09-05;QUITADO
12642;3267;7969.44;448.81;18;1.37;2022-08-14;ATIVO
12643;7437;2584.37;148.41;18;3.37;2021-02-07;ATIVO
12644;8399;6388.61;186.87;36;5.3;2022-11-28;ATIVO
12645;8122;11321.12;239.82;48;1.68;2021-07-06;QUITADO
12646;4949;5588.06;241.82;24;3.86;2024-01-01;ATIVO
12647;8789;2538.77;447.25;6;5.7;2024-02-20;ATIVO
12648;7450;3217.91;184.23;18;3.05;2024-06-13;ATIVO
12649;7659;43897.03;1855.2;24;1.43;2023-02-06;ATIVO
12650;5935;2902.46;123.86;24;2.42;2024-03-16;QUITADO
12651;5421;682.15;59.64;12;4.92;2021-07-12;INADIMPLENTE
12652;9785;19497.93;420.34;48;3.48;2022-08-12;QUITADO
12653;8164;14040.86;403.4;36;3.43;2022-02-07;QUITADO
12654;7970;6343.49;280.86;24;6.26;2024-04-18;ATIVO
12655;784;9775.94;836.98;12;2.74;2024-07-24;INADIMPLENTE
12656;7657;41860.45;1765.81;24;1.24;2021-02-14;QUITADO
12657;5063;3668.24;211.33;18;3.7;2022-12-13;ATIVO
12658;7209;1593.89;34.47;48;3.8;2022-07-09;ATIVO
12659;5268;7564.48;677.53;12;7.48;2022-03-29;ATIVO
12660;6218;3838.43;112.85;36;5.84;2024-06-11;QUITADO
12661;3541;4592.9;393.65;12;2.85;2024-01-06;ATIVO
12662;4762;6614.39;280.37;24;1.73;2023-03-15;QUITADO
12663;5643;885.03;158.95;6;7.76;2024-03-21;ATIVO
12664;8045;5743.43;503.89;12;5.28;2023-05-16;ATIVO
12665;6144;11701.8;992.61;12;1.79;2021-11-05;ATIVO
12666;2457;19035.57;405.3;48;2.2;2023-01-02;QUITADO
12667;7791;9090.86;1544.08;6;1.91;2021-01-12;ATIVO
12668;6565;4623.22;274.21;18;6.76;2022-02-13;INADIMPLENTE
12669;8885;3836.62;166.77;24;4.32;2021-10-06;ATIVO
12670;674;801.34;35.76;24;7.09;2023-08-07;INADIMPLENTE
12671;5861;2556.42;74.68;36;5.16;2024-08-19;QUITADO
12672;9294;47214.9;1983.22;24;0.81;2022-03-15;ATIVO
12673;5540;2303.79;138.01;18;7.83;2024-09-26;ATIVO
12674;1113;6314.62;366.91;18;4.59;2024-11-12;QUITADO
12675;9227;7611.36;170.53;48;7.54;2023-11-24;QUITADO
12676;6279;14642.43;414.5;36;1.91;2021-10-12;QUITADO
12677;7459;10809.97;462.26;24;2.63;2021-04-16;ATIVO
12678;8326;31052.03;1306.64;24;0.99;2023-09-27;ATIVO
12679;6742;18435.36;775.05;24;0.9;2024-06-23;ATIVO
12680;5142;18291.95;3141.03;6;3.03;2023-05-29;ATIVO
12681;7387;17546.41;1510.75;12;3.32;2023-07-15;QUITADO
12682;1412;10937.53;1875.6;6;2.89;2021-03-15;QUITADO
12683;3396;18296.18;1555.79;12;2.04;2021-01-04;QUITADO
12684;3863;37815.9;1060.11;36;0.92;2024-02-15;QUITADO
12685;1374;19792.53;565.85;36;2.92;2023-06-26;QUITADO
12686;5898;43930.62;1852.22;24;1.19;2021-01-06;QUITADO
12687;3978;47363.0;1999.9;24;1.34;2023-09-03;QUITADO
12688;2199;1018.19;21.99;48;3.68;2021-12-11;QUITADO
12689;7415;18507.49;1564.35;12;1.43;2022-07-02;ATIVO
12690;3418;2658.11;226.09;12;2.07;2024-06-25;QUITADO
12691;6660;16413.75;2808.12;6;2.65;2021-02-14;ATIVO
12692;6509;7974.1;357.27;24;7.53;2024-08-30;ATIVO
12693;6947;16520.21;2841.75;6;3.21;2024-04-20;ATIVO
12694;220;5975.02;129.87;48;4.33;2022-06-24;QUITADO
12695;4201;1455.17;41.14;36;1.79;2023-11-21;QUITADO
12696;53;14144.65;400.49;36;1.93;2021-09-07;QUITADO
12697;2137;954.81;57.16;18;7.75;2022-01-21;QUITADO
12698;9193;9681.6;546.26;18;1.56;2024-01-14;QUITADO
12699;4800;13201.47;2267.57;6;3.06;2022-11-08;ATIVO
12700;2916;2803.88;499.37;6;6.86;2024-01-31;ATIVO
12701;6274;4205.53;243.2;18;4.09;2024-11-05;QUITADO
12702;4902;29507.6;623.47;48;1.42;2023-03-24;QUITADO
12703;7224;19986.02;3415.61;6;2.54;2024-05-03;QUITADO
12704;7456;2601.07;77.9;36;7.82;2024-10-24;ATIVO
12705;9854;6678.41;143.17;48;2.9;2023-06-19;QUITADO
12706;4952;7100.46;619.28;12;4.66;2022-01-25;ATIVO
12707;9422;29175.85;1635.79;18;0.92;2021-12-05;QUITADO
12708;4890;1158.07;49.76;24;3.13;2022-07-25;ATIVO
12709;8308;9211.56;194.73;48;1.47;2024-12-05;ATIVO
12710;6915;6561.38;281.76;24;3.06;2023-01-12;QUITADO
12711;3362;11340.34;649.74;18;3.13;2021-04-20;ATIVO
12712;5151;23325.98;3945.2;6;1.48;2021-11-04;ATIVO
12713;8383;1484.44;252.45;6;2.04;2023-06-06;ATIVO
12714;1528;41471.25;3499.83;12;1.27;2024-07-28;QUITADO
12715;3137;17148.39;2916.37;6;2.04;2024-02-10;ATIVO
12716;2772;36079.69;6065.6;6;0.87;2023-07-24;QUITADO
12717;5601;15062.85;2567.96;6;2.29;2024-04-11;ATIVO
12718;4332;8596.35;185.14;48;3.38;2021-11-30;ATIVO
12719;3640;4441.83;189.37;24;2.32;2024-02-23;ATIVO
12720;680;1854.53;323.68;6;4.72;2021-11-17;ATIVO
12721;7813;1961.89;113.04;18;3.71;2021-05-19;INADIMPLENTE
12722;9003;18441.63;1584.6;12;3.11;2022-07-30;ATIVO
12723;1407;13190.5;739.99;18;0.98;2022-09-01;ATIVO
12724;3931;20481.67;860.23;24;0.8;2023-12-24;ATIVO
12725;8356;2640.42;78.23;36;6.66;2023-03-18;ATIVO
12726;6008;14451.69;620.16;24;2.99;2021-12-21;QUITADO
12727;4567;16035.24;688.38;24;3.03;2021-10-09;ATIVO
12728;6773;13824.04;2375.66;6;3.11;2023-12-11;ATIVO
12729;6071;4770.52;853.76;6;7.38;2023-06-09;INADIMPLENTE
12730;5520;6865.24;295.58;24;3.33;2021-10-19;QUITADO
12731;2200;9415.35;531.08;18;1.53;2022-12-26;QUITADO
12732;6394;11958.53;2041.92;6;2.45;2024-09-28;QUITADO
12733;9531;10060.75;572.18;18;2.37;2024-12-01;QUITADO
12734;8882;12912.04;730.25;18;1.8;2021-10-24;QUITADO
12735;115;1244.46;223.57;6;7.79;2023-08-08;ATIVO
12736;8747;15694.32;1344.61;12;2.81;2023-06-14;ATIVO
12737;8733;16605.27;474.31;36;2.83;2021-09-28;QUITADO
12738;5801;574.96;102.75;6;7.22;2022-01-28;ATIVO
12739;7645;14975.89;420.82;36;1.16;2022-08-21;ATIVO
12740;2324;1358.97;29.52;48;4.28;2022-03-27;ATIVO
12741;7075;3716.53;159.42;24;2.95;2021-04-27;QUITADO
12742;7403;18094.04;385.74;48;2.33;2024-09-30;QUITADO
12743;2528;1461.51;129.17;12;6.06;2022-10-07;QUITADO
12744;3756;40926.69;6909.11;6;1.29;2023-05-13;ATIVO
12745;7744;2680.88;477.02;6;6.76;2022-07-28;ATIVO
12746;1664;18208.21;391.48;48;3.2;2024-03-16;QUITADO
12747;5174;4097.72;698.11;6;2.22;2022-06-29;ATIVO
12748;9878;2606.32;56.74;48;4.5;2024-11-21;ATIVO
12749;7489;2808.09;123.02;24;5.14;2022-03-23;INADIMPLENTE
12750;3302;2510.47;71.63;36;2.71;2021-03-28;QUITADO
12751;3971;1545.95;276.42;6;7.28;2023-03-01;ATIVO
12752;8098;20924.05;880.12;24;0.95;2023-01-01;QUITADO
12753;7152;32559.57;1373.61;24;1.25;2024-06-22;QUITADO
12754;4429;9883.97;420.27;24;2.05;2023-08-02;QUITADO
12755;1413;6326.03;134.7;48;2.21;2023-05-15;INADIMPLENTE
12756;5725;8538.45;364.63;24;2.49;2022-06-08;QUITADO
12757;5757;5858.18;526.46;12;7.84;2022-09-12;QUITADO
12758;3716;2960.6;84.63;36;2.91;2022-07-25;ATIVO
12759;9108;2093.79;125.15;18;7.59;2021-10-18;INADIMPLENTE
12760;3217;3674.2;79.78;48;4.23;2022-06-08;QUITADO
12761;8001;4792.43;411.31;12;2.99;2024-10-23;QUITADO
12762;2044;19961.81;424.48;48;2.07;2024-07-23;ATIVO
12763;5409;6817.12;1156.3;6;1.77;2021-01-28;QUITADO
12764;3867;4791.46;413.54;12;3.57;2022-10-08;QUITADO
12765;1674;821.77;147.58;6;7.75;2022-11-16;INADIMPLENTE
12766;1486;1251.81;37.31;36;7.29;2024-02-23;ATIVO
12767;9275;3242.93;188.02;18;4.36;2023-03-31;ATIVO
12768;7731;2920.12;64.56;48;6.12;2021-06-25;QUITADO
12769;59;5311.1;226.98;24;2.57;2022-12-25;INADIMPLENTE
12770;8678;25577.72;4303.03;6;0.94;2021-03-16;ATIVO
12771;1884;7928.73;693.37;12;4.94;2022-06-08;QUITADO
12772;2270;4571.93;197.95;24;3.91;2023-01-04;ATIVO
12773;1421;18133.89;1023.26;18;1.57;2021-05-01;QUITADO
12774;3023;19200.37;1096.77;18;2.82;2022-07-12;QUITADO
12775;9576;8075.74;695.25;12;3.31;2023-05-31;ATIVO
12776;9928;780.25;17.54;48;7.9;2024-12-01;ATIVO
12777;3550;2737.54;60.59;48;6.23;2021-11-02;ATIVO
12778;1597;6961.38;146.89;48;1.28;2024-02-23;ATIVO
12779;793;7105.01;604.93;12;2.17;2021-07-24;ATIVO
12780;9315;6179.67;1072.69;6;4.15;2023-01-08;QUITADO
12781;2330;11893.75;337.55;36;2.17;2024-06-11;ATIVO
12782;4168;15070.66;431.98;36;3.19;2021-12-21;ATIVO
12783;2733;1025.81;23.0;48;7.61;2023-06-19;QUITADO
12784;8486;3435.67;198.51;18;4.0;2022-03-20;ATIVO
12785;8412;845.52;24.71;36;5.21;2021-06-26;INADIMPLENTE
12786;3482;9937.51;1684.74;6;1.72;2022-02-24;ATIVO
12787;6214;831.72;72.14;12;4.08;2021-11-06;ATIVO
12788;6202;2008.2;178.43;12;6.62;2023-03-24;ATIVO
12789;5473;6451.95;136.62;48;1.64;2024-12-22;INADIMPLENTE
12790;2045;26138.45;2205.21;12;1.24;2021-05-25;ATIVO
12791;9147;7420.69;423.85;18;2.81;2024-01-23;ATIVO
12792;8407;2200.77;124.39;18;1.74;2023-04-17;QUITADO
12793;5451;7627.56;336.85;24;5.99;2021-08-25;ATIVO
12794;428;15554.47;2615.22;6;0.88;2021-12-21;ATIVO
12795;3179;14404.04;807.35;18;0.89;2022-12-18;INADIMPLENTE
12796;511;4877.98;275.28;18;1.58;2024-07-08;QUITADO
12797;5247;3479.54;153.87;24;6.13;2022-04-04;INADIMPLENTE
12798;7659;34888.54;2932.38;12;0.86;2021-08-29;ATIVO
12799;9307;17375.56;2951.24;6;1.91;2022-01-14;QUITADO
12800;4492;5847.8;124.41;48;2.12;2023-02-20;ATIVO
12801;2859;8376.28;237.93;36;2.26;2021-08-16;QUITADO
12802;6748;18519.51;798.04;24;3.42;2022-01-01;QUITADO
12803;9596;5312.85;300.06;18;1.66;2022-06-13;QUITADO
12804;5543;22281.09;3743.59;6;0.81;2022-08-20;ATIVO
12805;5797;10078.29;849.01;12;1.09;2021-01-20;ATIVO
12806;7064;19722.45;1119.69;18;2.19;2024-05-05;ATIVO
12807;4935;5897.95;252.19;24;2.62;2023-02-02;ATIVO
12808;9206;14004.11;2356.19;6;0.95;2021-02-27;ATIVO
12809;5577;4367.9;384.59;12;5.66;2024-11-04;ATIVO
12810;8596;5475.74;116.22;48;1.88;2022-05-16;ATIVO
12811;4424;7313.77;437.93;18;7.78;2021-05-10;ATIVO
12812;545;3126.07;93.28;36;7.42;2021-03-02;ATIVO
12813;2581;9518.81;543.89;18;2.85;2023-03-03;QUITADO
12814;5165;3697.19;210.0;18;2.24;2022-06-19;QUITADO
12815;3682;5536.42;236.5;24;2.52;2024-02-18;QUITADO
12816;9530;45895.81;1937.57;24;1.32;2021-06-30;ATIVO
12817;4439;7188.66;155.95;48;4.13;2022-11-29;ATIVO
12818;9000;4148.63;739.49;6;6.95;2022-11-24;INADIMPLENTE
12819;3103;6590.06;1137.01;6;3.52;2024-12-09;QUITADO
12820;3608;2174.89;186.64;12;2.98;2024-03-04;QUITADO
12821;7401;5620.59;163.36;36;4.63;2022-10-05;ATIVO
12822;3956;16105.92;686.31;24;2.27;2023-05-23;ATIVO
12823;5110;13719.91;1155.67;12;1.08;2024-05-17;ATIVO
12824;9112;15223.72;326.61;48;2.98;2023-11-30;QUITADO
12825;328;14191.55;398.47;36;1.08;2023-07-29;ATIVO
12826;1792;27022.43;4550.13;6;1.03;2024-10-01;QUITADO
12827;8992;2586.64;219.13;12;1.66;2024-12-26;ATIVO
12828;2763;6687.09;146.43;48;5.11;2022-01-26;INADIMPLENTE
12829;3324;5319.46;305.25;18;3.29;2021-11-27;QUITADO
12830;2533;19727.27;566.06;36;3.3;2021-11-02;QUITADO
12831;4434;11119.28;319.12;36;3.32;2021-09-04;QUITADO
12832;9024;7132.29;423.82;18;6.96;2024-07-03;QUITADO
12833;8496;22187.12;1249.01;18;1.33;2021-04-21;QUITADO
12834;8448;34597.49;1939.77;18;0.92;2022-09-17;QUITADO
12835;6843;18372.99;784.07;24;2.42;2022-07-29;QUITADO
12836;7845;4907.08;279.68;18;2.59;2023-10-21;ATIVO
12837;7724;7506.66;220.72;36;5.85;2024-04-21;QUITADO
12838;3281;2511.03;56.01;48;7.07;2022-08-05;QUITADO
12839;612;5403.99;310.31;18;3.36;2021-04-01;ATIVO
12840;4974;4377.8;384.26;12;5.33;2024-04-27;ATIVO
12841;1412;16189.07;344.02;48;2.0;2024-06-27;INADIMPLENTE
12842;9718;8448.44;720.09;12;2.28;2023-05-15;QUITADO
12843;2761;5776.0;502.42;12;4.38;2024-06-24;QUITADO
12844;3383;1529.89;88.39;18;3.99;2023-08-22;ATIVO
12845;3790;6087.77;136.53;48;7.65;2024-09-08;ATIVO
12846;9827;7742.63;440.64;18;2.44;2023-01-08;ATIVO
12847;2797;5599.05;983.47;6;5.39;2022-01-29;ATIVO
12848;2114;34206.53;962.15;36;1.26;2023-04-23;ATIVO
12849;5158;6691.02;393.17;18;5.77;2024-04-07;QUITADO
12850;1304;4980.77;144.33;36;4.32;2022-09-29;QUITADO
12851;6407;3165.27;68.15;48;3.35;2021-12-28;ATIVO
12852;3674;3591.85;211.98;18;6.23;2022-08-06;ATIVO
12853;8257;19774.48;1689.73;12;2.54;2023-08-02;ATIVO
12854;398;4744.73;104.51;48;5.73;2022-12-13;QUITADO
12855;9752;7637.7;1352.13;6;6.22;2024-07-01;ATIVO
12856;3246;6002.58;128.81;48;3.0;2022-04-11;QUITADO
12857;3558;6894.09;293.86;24;2.3;2023-08-23;ATIVO
12858;8640;9340.95;261.83;36;0.91;2023-10-27;QUITADO
12859;2523;17394.01;3000.18;6;3.49;2021-08-27;QUITADO
12860;2469;9496.46;203.96;48;3.09;2021-01-04;QUITADO
12861;1364;19390.59;3316.11;6;2.61;2024-11-01;QUITADO
12862;4101;3327.56;147.19;24;6.16;2024-08-22;INADIMPLENTE
12863;617;10728.05;303.34;36;1.79;2021-10-01;ATIVO
12864;1946;10806.74;231.6;48;2.87;2022-06-22;QUITADO
12865;5209;12677.41;535.83;24;1.44;2021-08-29;ATIVO
12866;3874;27816.27;4694.0;6;1.25;2022-06-26;QUITADO
12867;8791;32531.92;5478.92;6;1.05;2021-12-26;ATIVO
12868;2517;17473.83;501.64;36;3.35;2024-03-03;QUITADO
12869;4116;4062.41;86.54;48;2.25;2024-10-12;QUITADO
12870;8457;7269.78;163.51;48;7.96;2022-09-24;INADIMPLENTE
12871;4342;7472.97;333.64;24;7.15;2022-04-15;QUITADO
12872;7036;3358.6;95.42;36;2.28;2022-03-22;ATIVO
12873;6506;9916.69;567.84;18;3.07;2023-07-29;INADIMPLENTE
12874;7150;12381.67;520.18;24;0.83;2021-09-10;QUITADO
12875;83;4098.59;702.29;6;2.81;2023-02-11;QUITADO
12876;7991;1889.07;42.13;48;7.04;2021-10-09;INADIMPLENTE
12877;1811;7468.94;429.59;18;3.53;2023-11-20;ATIVO
12878;721;5564.54;157.26;36;1.74;2024-07-13;QUITADO
12879;8692;49392.82;1389.31;36;1.26;2024-09-15;QUITADO
12880;8994;33010.1;694.79;48;1.03;2023-06-05;QUITADO
12881;1610;5766.12;340.68;18;6.35;2021-11-03;ATIVO
12882;8728;3245.19;94.37;36;4.69;2024-03-05;QUITADO
12883;262;2247.24;131.84;18;5.6;2024-05-04;ATIVO
12884;4225;7419.69;160.44;48;3.79;2024-07-03;QUITADO
12885;7557;4380.71;257.51;18;5.81;2023-01-04;QUITADO
12886;8002;1771.25;153.8;12;4.2;2024-06-06;ATIVO
12887;5834;15947.47;1360.58;12;2.38;2023-01-18;QUITADO
12888;3504;40695.15;2288.88;18;1.24;2022-12-29;QUITADO
12889;6390;2897.48;170.66;18;6.02;2022-08-07;INADIMPLENTE
12890;6936;6811.32;393.96;18;4.11;2022-08-26;QUITADO
12891;864;4264.93;189.75;24;6.78;2021-12-31;INADIMPLENTE
12892;9816;17498.24;501.52;36;3.18;2021-08-15;INADIMPLENTE
12893;1363;27678.58;582.0;48;0.93;2024-10-30;QUITADO
12894;5702;3859.49;341.02;12;6.03;2024-08-28;ATIVO
12895;3560;6988.92;612.4;12;5.15;2023-07-23;ATIVO
12896;5049;13005.63;275.18;48;1.56;2022-03-18;QUITADO
12897;8829;1972.06;41.82;48;1.79;2021-06-02;QUITADO
12898;1787;12559.91;267.89;48;2.38;2022-12-26;ATIVO
12899;6478;7765.19;334.65;24;3.43;2023-05-31;ATIVO
12900;1237;4965.6;287.87;18;4.35;2024-08-22;ATIVO
12901;328;22684.3;958.22;24;1.38;2021-09-16;QUITADO
12902;7102;3109.5;134.51;24;3.82;2024-07-25;ATIVO
12903;2198;9982.27;286.13;36;3.19;2023-02-10;ATIVO
12904;4061;17719.91;745.27;24;0.94;2021-04-15;QUITADO
12905;5875;1309.81;55.65;24;1.97;2023-03-17;ATIVO
12906;9380;6939.57;302.45;24;4.6;2024-09-29;ATIVO
12907;3541;3422.0;73.37;48;2.91;2023-11-14;ATIVO
12908;2052;10245.39;431.67;24;1.12;2022-11-15;ATIVO
12909;3970;16603.0;2807.29;6;1.45;2022-11-15;QUITADO
12910;2123;15533.36;439.9;36;1.95;2024-07-07;INADIMPLENTE
12911;8681;2990.0;176.04;18;5.98;2022-01-09;INADIMPLENTE
12912;7154;4356.79;189.41;24;4.34;2023-03-11;INADIMPLENTE
12913;781;9476.24;406.57;24;2.97;2022-07-13;ATIVO
12914;3959;934.63;83.72;12;7.49;2022-08-26;QUITADO
12915;5690;15488.54;437.47;36;1.68;2024-02-15;QUITADO
12916;7448;4461.03;775.33;6;4.28;2022-04-28;INADIMPLENTE
12917;4823;4075.91;119.08;36;5.18;2024-04-19;QUITADO
12918;5395;6119.41;177.99;36;4.71;2023-07-01;QUITADO
12919;2218;613.21;106.96;6;4.66;2024-05-21;QUITADO
12920;9504;9117.58;194.6;48;2.45;2022-06-13;QUITADO
12921;8941;19340.03;818.73;24;1.6;2024-09-13;ATIVO
12922;6413;5301.02;119.25;48;7.98;2022-10-19;ATIVO
12923;4440;6469.79;274.86;24;1.96;2021-08-06;QUITADO
12924;3271;17069.32;964.32;18;1.69;2024-07-05;ATIVO
12925;5453;16855.36;956.73;18;2.17;2024-07-13;QUITADO
12926;9799;3611.92;152.84;24;1.56;2024-02-22;QUITADO
12927;9243;14817.46;2546.63;6;3.12;2021-08-21;QUITADO
12928;5010;978.81;85.75;12;5.13;2021-03-03;QUITADO
12929;8568;19512.94;1679.58;12;3.29;2024-05-02;QUITADO
12930;7378;3113.71;132.59;24;2.2;2024-07-29;ATIVO
12931;8430;5266.57;932.97;6;6.29;2022-12-23;QUITADO
12932;1405;3790.79;325.72;12;3.11;2022-06-23;QUITADO
12933;3400;6276.05;183.0;36;4.97;2024-03-02;QUITADO
12934;2778;14059.15;599.56;24;2.35;2021-06-03;ATIVO
12935;9059;6943.17;311.2;24;7.57;2023-02-25;ATIVO
12936;7172;9883.18;210.57;48;2.27;2024-02-23;ATIVO
12937;3193;8296.8;1427.74;6;3.25;2023-05-27;ATIVO
12938;7802;20456.68;3438.09;6;0.84;2024-12-28;QUITADO
12939;3637;1531.56;261.23;6;2.34;2021-06-30;QUITADO
12940;2961;13009.8;274.24;48;1.18;2022-07-19;ATIVO
12941;4999;5733.08;989.91;6;3.6;2024-09-12;INADIMPLENTE
12942;502;6328.57;269.2;24;2.09;2024-06-24;QUITADO
12943;1389;2016.06;58.01;36;3.59;2024-03-03;QUITADO
12944;9381;16529.24;948.41;18;3.28;2022-04-07;ATIVO
12945;8126;4612.84;390.94;12;1.7;2022-08-19;ATIVO
12946;6761;3131.84;68.8;48;5.45;2023-01-04;INADIMPLENTE
12947;6586;2677.29;58.12;48;4.2;2021-06-14;INADIMPLENTE
12948;5337;7486.6;1295.18;6;3.8;2022-08-25;QUITADO
12949;7703;16649.15;2865.32;6;3.26;2021-10-11;QUITADO
12950;7340;29712.4;2503.02;12;1.09;2023-02-27;ATIVO
12951;1739;14217.03;807.53;18;2.24;2024-07-26;ATIVO
12952;7180;2298.99;199.8;12;4.29;2024-08-24;ATIVO
12953;9084;3574.84;107.03;36;7.78;2024-01-24;INADIMPLENTE
12954;1673;701.74;30.69;24;4.96;2024-06-04;ATIVO
12955;6747;6165.56;179.33;36;4.71;2024-07-12;QUITADO
12956;3061;9342.45;267.82;36;3.2;2022-03-17;QUITADO
12957;7265;32877.91;1389.23;24;1.41;2024-03-08;ATIVO
12958;5806;9150.1;261.36;36;2.83;2021-08-01;ATIVO
12959;1324;5241.05;151.86;36;4.31;2022-06-02;ATIVO
12960;8648;6640.37;148.61;48;7.42;2024-05-29;QUITADO
12961;2435;5135.66;218.29;24;2.01;2024-08-28;ATIVO
12962;353;2817.04;125.16;24;6.63;2023-10-26;INADIMPLENTE
12963;4642;4970.66;108.4;48;4.68;2021-05-07;QUITADO
12964;7417;4204.09;360.75;12;2.97;2021-04-30;QUITADO
12965;8586;7064.92;1244.13;6;5.66;2022-09-27;INADIMPLENTE
12966;1717;16659.38;356.82;48;2.81;2021-03-06;QUITADO
12967;1594;5563.35;493.47;12;6.44;2024-02-14;QUITADO
12968;4038;6796.49;1193.92;6;5.4;2023-11-06;QUITADO
12969;8412;3564.41;103.59;36;4.62;2021-05-18;INADIMPLENTE
12970;2892;2381.45;67.18;36;1.56;2024-12-28;ATIVO
12971;138;1229.74;27.21;48;6.2;2022-03-25;QUITADO
12972;6396;2045.47;349.26;6;2.45;2021-04-01;ATIVO
12973;416;524.51;11.45;48;4.78;2024-08-10;QUITADO
12974;3570;5734.82;333.58;18;4.7;2022-06-07;ATIVO
12975;669;7078.33;154.72;48;4.92;2021-10-02;QUITADO
12976;1058;9928.47;1691.15;6;2.2;2024-11-23;ATIVO
12977;2118;5602.18;323.03;18;3.79;2021-06-05;QUITADO
12978;6537;2643.57;75.94;36;3.42;2022-07-13;ATIVO
12979;8156;14039.09;1195.9;12;2.22;2023-04-04;ATIVO
12980;9220;15371.05;327.31;48;2.21;2021-09-29;ATIVO
12981;5242;3060.74;529.61;6;3.82;2022-09-07;INADIMPLENTE
12982;1845;12768.05;2156.95;6;1.36;2021-01-01;QUITADO
12983;509;7998.7;230.03;36;3.53;2023-12-04;ATIVO
12984;2907;18456.89;395.32;48;2.81;2023-05-13;ATIVO
12985;1356;6404.24;373.01;18;4.84;2022-05-07;QUITADO
12986;1084;3839.74;337.77;12;5.56;2022-01-02;INADIMPLENTE
12987;1009;2944.5;129.78;24;5.78;2024-04-01;QUITADO
12988;3246;14012.24;2415.48;6;3.43;2022-07-26;ATIVO
12989;5296;3162.6;93.16;36;6.04;2024-02-18;ATIVO
12990;2677;1853.19;78.48;24;1.64;2022-02-16;ATIVO
12991;8638;8907.61;188.9;48;1.79;2021-05-28;QUITADO
12992;6127;49141.32;1036.17;48;1.21;2021-03-25;ATIVO
12993;6342;19191.15;815.38;24;1.97;2022-05-21;ATIVO
12994;8765;1177.71;99.79;12;1.68;2022-10-16;ATIVO
12995;6751;4670.77;200.22;24;2.88;2024-09-12;ATIVO
12996;1770;18345.22;1561.48;12;2.14;2022-03-03;ATIVO
12997;3398;4578.48;801.16;6;4.99;2024-11-23;INADIMPLENTE
12998;582;5503.93;123.8;48;7.97;2022-08-29;QUITADO
12999;6879;6769.66;1141.82;6;1.2;2023-10-11;ATIVO
13000;1758;16581.83;704.94;24;2.03;2021-10-03;ATIVO
13001;6476;9703.99;274.81;36;1.95;2023-12-05;QUITADO
13002;490;1110.97;32.68;36;5.91;2023-10-31;INADIMPLENTE
13003;4800;15374.55;326.04;48;1.79;2021-04-07;QUITADO
13004;417;6914.44;151.94;48;5.48;2021-03-07;ATIVO
13005;8494;19610.93;556.46;36;2.15;2023-01-15;ATIVO
13006;2873;4515.49;101.14;48;7.51;2024-11-07;ATIVO
13007;8641;19888.02;3409.8;6;2.87;2022-05-31;ATIVO
13008;9723;2174.83;94.38;24;4.15;2023-08-18;ATIVO
13009;778;5871.04;257.67;24;5.33;2023-09-07;INADIMPLENTE
13010;3608;3488.62;199.49;18;2.93;2022-07-10;QUITADO
13011;6176;3365.71;148.85;24;6.14;2021-01-16;QUITADO
13012;3406;13050.44;1107.66;12;1.85;2023-10-12;QUITADO
13013;9428;2069.69;370.06;6;7.28;2023-01-09;INADIMPLENTE
13014;9389;7818.72;1375.44;6;5.55;2023-04-06;ATIVO
13015;4002;6051.06;270.63;24;7.34;2022-01-04;ATIVO
13016;2724;5540.58;245.19;24;6.21;2023-12-06;INADIMPLENTE
13017;9017;14077.39;602.75;24;2.76;2022-04-14;QUITADO
13018;4857;4426.61;772.37;6;4.69;2024-08-31;QUITADO
13019;1913;1775.99;52.86;36;7.14;2022-10-27;QUITADO
13020;3419;6533.45;280.34;24;2.98;2021-01-07;QUITADO
13021;9571;33348.66;703.38;48;1.24;2023-04-06;QUITADO
13022;8618;28719.3;1619.45;18;1.5;2023-11-04;QUITADO
13023;4386;5063.33;455.15;12;7.87;2021-10-26;QUITADO
13024;8206;8470.76;177.97;48;0.85;2022-04-15;QUITADO
13025;7441;1599.69;90.54;18;1.88;2022-09-01;ATIVO
13026;2972;10088.98;570.31;18;1.75;2022-03-07;ATIVO
13027;4432;5683.4;331.06;18;4.85;2023-05-03;ATIVO
13028;2432;3125.39;545.02;6;4.63;2022-08-04;INADIMPLENTE
13029;611;1762.7;308.18;6;4.9;2022-09-26;QUITADO
13030;6699;15397.77;329.99;48;2.87;2022-08-20;QUITADO
13031;7800;2834.26;244.43;12;3.49;2021-07-07;QUITADO
13032;411;5451.14;119.71;48;5.41;2023-03-03;ATIVO
13033;6726;6468.92;1110.93;6;3.04;2023-09-25;INADIMPLENTE
13034;254;968.02;83.69;12;3.75;2023-06-22;QUITADO
13035;192;2429.43;107.44;24;6.14;2022-06-29;ATIVO
13036;9699;3218.55;69.13;48;3.1;2021-03-22;ATIVO
13037;5545;7052.23;309.77;24;5.42;2021-02-13;INADIMPLENTE
13038;2789;5556.74;162.36;36;5.19;2021-02-23;ATIVO
13039;2546;4515.19;267.45;18;6.62;2023-05-08;ATIVO
13040;2819;5289.58;446.18;12;1.22;2024-02-20;QUITADO
13041;3193;2839.13;121.64;24;2.83;2021-04-17;QUITADO
13042;2473;27810.67;4688.42;6;1.15;2023-06-18;QUITADO
13043;7781;2566.31;458.3;6;7.15;2023-09-05;INADIMPLENTE
13044;6754;1338.68;37.99;36;2.16;2024-11-19;QUITADO
13045;5145;3964.5;348.55;12;5.5;2023-02-16;INADIMPLENTE
13046;5025;9050.3;389.05;24;3.17;2023-07-01;QUITADO
13047;6148;12766.36;361.54;36;1.95;2024-11-27;QUITADO
13048;648;9289.99;1601.28;6;3.42;2021-07-02;QUITADO
13049;1664;14576.19;2501.52;6;2.97;2023-12-20;QUITADO
13050;262;4665.84;272.61;18;5.17;2024-03-24;QUITADO
13051;3062;2684.08;116.09;24;3.8;2022-12-19;ATIVO
13052;4652;18034.1;509.16;36;1.64;2021-12-12;ATIVO
13053;2302;11434.2;1933.71;6;1.47;2024-05-19;QUITADO
13054;500;2901.02;130.3;24;7.8;2021-07-09;ATIVO
13055;7484;10751.22;459.03;24;2.47;2021-05-04;QUITADO
13056;2756;9175.83;786.29;12;2.83;2024-12-01;QUITADO
13057;9742;6501.1;578.11;12;6.71;2021-02-25;ATIVO
13058;998;15663.76;900.67;18;3.5;2024-01-14;ATIVO
13059;5861;2862.15;169.25;18;6.44;2023-08-06;ATIVO
13060;5315;5156.54;109.21;48;1.66;2022-10-30;ATIVO
13061;723;14318.25;306.08;48;2.61;2023-04-16;ATIVO
13062;7266;4657.86;810.78;6;4.44;2022-04-13;ATIVO
13063;2969;6597.52;138.56;48;0.81;2022-05-11;QUITADO
13064;9939;7089.28;423.31;18;7.48;2024-08-07;ATIVO
13065;1685;11775.07;253.51;48;3.34;2022-11-14;QUITADO
13066;1916;6106.15;133.08;48;4.61;2024-05-18;QUITADO
13067;6770;2296.77;137.02;18;7.38;2024-02-14;ATIVO
13068;2233;1102.09;32.77;36;7.05;2023-10-21;ATIVO
13069;6565;1739.66;103.05;18;6.62;2021-01-07;INADIMPLENTE
13070;8887;3713.96;648.46;6;4.76;2021-02-26;ATIVO
13071;2710;761.94;17.03;48;7.28;2024-12-10;ATIVO
13072;6911;7603.6;214.65;36;1.63;2021-05-20;QUITADO
13073;5946;1186.74;35.3;36;7.07;2022-02-20;ATIVO
13074;3474;4804.46;142.43;36;6.72;2023-06-02;ATIVO
13075;2728;19951.64;849.19;24;2.15;2021-08-20;QUITADO
13076;1255;629.99;110.09;6;4.85;2024-02-08;INADIMPLENTE
13077;9124;4096.86;236.3;18;3.82;2021-04-27;QUITADO
13078;6772;6608.73;395.86;18;7.82;2024-12-31;INADIMPLENTE
13079;5991;5346.12;465.16;12;4.41;2022-11-27;ATIVO
13080;9278;12472.68;262.06;48;0.85;2024-09-13;QUITADO
13081;4505;8356.69;1436.65;6;3.15;2023-12-13;ATIVO
13082;6378;5575.05;501.01;12;7.84;2022-10-01;ATIVO
13083;6412;16475.62;1395.35;12;1.63;2021-05-17;ATIVO
13084;7473;16091.22;341.3;48;1.81;2024-07-03;ATIVO
13085;9999;41223.3;1156.2;36;0.97;2023-07-21;ATIVO
13086;4474;838.36;36.48;24;4.43;2021-03-21;ATIVO
13087;5456;13347.76;382.23;36;3.09;2024-04-22;ATIVO
13088;2178;15865.6;338.43;48;2.39;2023-01-05;QUITADO
13089;2410;5316.46;114.51;48;3.39;2023-08-04;ATIVO
13090;2685;7624.87;167.03;48;5.15;2024-11-14;QUITADO
13091;4002;7375.35;165.47;48;7.69;2021-07-30;ATIVO
13092;1831;4927.23;283.59;18;3.6;2023-01-28;ATIVO
13093;9535;10096.45;570.9;18;1.78;2024-06-01;ATIVO
13094;8558;15141.0;1305.66;12;3.48;2023-10-12;QUITADO
13095;1015;12103.63;257.88;48;2.27;2021-06-13;ATIVO
13096;2015;15648.59;2632.61;6;0.94;2024-04-29;QUITADO
13097;1020;17827.16;1015.45;18;2.53;2022-10-17;QUITADO
13098;6521;5855.71;512.96;12;5.12;2023-02-06;QUITADO
13099;7462;19211.81;545.14;36;2.15;2024-12-17;QUITADO
13100;1935;3380.1;95.78;36;2.01;2022-11-30;ATIVO
13101;3824;7414.68;444.84;18;7.99;2021-07-06;INADIMPLENTE
13102;731;15295.19;329.13;48;3.29;2022-02-20;INADIMPLENTE
13103;3501;17738.68;501.61;36;1.8;2023-06-03;ATIVO
13104;2825;15583.75;329.21;48;1.4;2022-01-24;QUITADO
13105;4861;2101.69;125.72;18;7.67;2023-05-26;QUITADO
13106;9696;45322.11;3809.7;12;0.87;2021-08-09;QUITADO
13107;5950;5533.27;119.71;48;3.85;2022-05-15;INADIMPLENTE
13108;819;7564.5;166.61;48;5.72;2023-05-12;QUITADO
13109;1418;5661.34;996.49;6;5.61;2023-11-14;QUITADO
13110;668;19075.26;1619.17;12;1.86;2023-01-29;ATIVO
13111;6678;4342.49;372.55;12;2.95;2021-06-06;ATIVO
13112;9483;2455.35;70.34;36;3.13;2024-04-14;QUITADO
13113;2959;11875.55;1005.07;12;1.56;2024-09-19;ATIVO
13114;8295;27831.74;783.23;36;1.31;2024-03-13;INADIMPLENTE
13115;364;5159.93;876.59;6;1.93;2024-05-16;QUITADO
13116;2875;2201.2;62.86;36;2.81;2024-08-22;ATIVO
13117;6567;12975.22;370.19;36;2.71;2024-02-26;QUITADO
13118;1236;16423.46;2829.76;6;3.38;2021-11-28;ATIVO
13119;757;6186.03;177.99;36;3.58;2021-11-10;ATIVO
13120;6933;8733.26;186.71;48;2.62;2023-11-04;QUITADO
13121;7536;4592.01;271.34;18;6.36;2022-04-29;QUITADO
13122;6115;7038.16;149.43;48;1.91;2023-11-30;QUITADO
13123;264;7882.05;692.31;12;5.4;2023-01-27;INADIMPLENTE
13124;7098;4707.93;276.64;18;5.77;2024-01-17;ATIVO
13125;6174;15697.12;670.72;24;2.55;2024-09-11;QUITADO
13126;2403;4947.29;148.12;36;7.78;2021-03-16;INADIMPLENTE
13127;1327;11573.16;329.22;36;2.41;2021-04-16;QUITADO
13128;6287;6390.44;361.63;18;1.86;2022-07-14;QUITADO
13129;4422;4793.04;271.13;18;1.82;2024-03-23;ATIVO
13130;2820;7887.65;173.99;48;5.88;2023-02-21;QUITADO
13131;8393;2550.08;55.63;48;4.72;2024-04-10;QUITADO
13132;125;39762.54;6688.72;6;0.93;2021-10-25;ATIVO
13133;7148;16342.84;932.0;18;2.65;2022-06-08;QUITADO
13134;1746;6470.5;581.97;12;7.93;2024-08-04;QUITADO
13135;3137;12074.05;2053.19;6;2.03;2021-07-05;ATIVO
13136;2261;3401.5;99.08;36;4.86;2024-02-01;ATIVO
13137;6230;6611.75;294.75;24;6.99;2022-01-25;ATIVO
13138;4680;5051.0;895.79;6;6.41;2022-11-19;ATIVO
13139;7611;8441.23;242.19;36;3.29;2023-02-08;QUITADO
13140;5421;4436.09;779.05;6;5.37;2022-07-14;ATIVO
13141;7150;16091.12;901.46;18;0.84;2024-01-09;ATIVO
13142;5077;7156.59;426.73;18;7.33;2022-10-27;ATIVO
13143;3541;9638.86;819.14;12;1.98;2024-08-28;ATIVO
13144;1900;7303.21;650.59;12;6.9;2022-03-23;ATIVO
13145;9807;13965.09;2374.53;6;2.02;2023-11-04;ATIVO
13146;4970;1037.59;46.05;24;6.51;2023-01-06;ATIVO
13147;914;7122.96;320.27;24;7.91;2023-04-16;INADIMPLENTE
13148;5910;19094.13;1093.78;18;3.11;2022-09-19;QUITADO
13149;2406;8390.76;239.65;36;2.82;2024-09-28;ATIVO
13150;8482;4889.82;142.23;36;4.71;2024-11-21;ATIVO
13151;7420;18591.82;1060.87;18;2.71;2023-08-22;QUITADO
13152;6098;10184.5;431.78;24;1.75;2021-08-27;ATIVO
13153;2607;7016.22;607.66;12;3.93;2021-12-08;ATIVO
13154;2482;16698.89;953.88;18;2.82;2024-04-21;ATIVO
13155;4861;3327.6;194.81;18;5.38;2023-12-04;QUITADO
13156;9791;3139.35;274.72;12;5.01;2024-04-17;QUITADO
13157;4746;19603.8;3367.28;6;3.06;2024-05-04;QUITADO
13158;4692;2665.27;118.29;24;6.52;2021-02-08;QUITADO
13159;4545;6155.3;176.28;36;3.1;2022-08-13;ATIVO
13160;1474;14355.2;306.75;48;2.57;2023-03-20;QUITADO
13161;4808;997.4;177.44;6;6.74;2023-10-13;ATIVO
13162;1050;3797.23;221.04;18;4.78;2023-06-23;QUITADO
13163;9621;19097.1;814.09;24;2.31;2024-08-27;QUITADO
13164;8102;3752.23;81.66;48;4.46;2024-10-23;ATIVO
13165;9922;1689.74;47.65;36;1.52;2024-04-04;QUITADO
13166;8385;7573.2;671.87;12;6.46;2024-08-20;ATIVO
13167;5456;5194.28;297.43;18;3.07;2024-06-15;QUITADO
13168;9106;6225.3;276.64;24;6.65;2023-08-18;INADIMPLENTE
13169;8746;3781.91;220.07;18;4.74;2022-03-17;ATIVO
13170;7514;18728.57;530.07;36;1.89;2024-12-18;QUITADO
13171;2700;902.64;53.44;18;6.57;2022-11-22;ATIVO
13172;9643;1326.5;29.58;48;7.05;2022-02-13;QUITADO
13173;5149;6615.89;383.83;18;4.43;2022-04-11;INADIMPLENTE
13174;6235;49177.26;2076.1;24;1.32;2021-10-02;ATIVO
13175;9298;10249.66;589.07;18;3.45;2024-06-28;ATIVO
13176;3865;14214.32;2449.13;6;3.38;2023-10-24;QUITADO
13177;4235;3171.35;71.3;48;7.91;2022-06-12;ATIVO
13178;8332;3760.08;636.33;6;1.54;2024-10-21;QUITADO
13179;368;7302.06;206.08;36;1.6;2022-10-18;QUITADO
13180;8241;1641.28;147.51;12;7.85;2021-12-13;QUITADO
13181;2431;1128.08;49.09;24;4.44;2024-12-10;QUITADO
13182;5995;28408.1;600.54;48;1.47;2024-07-08;ATIVO
13183;5662;9924.06;284.85;36;3.33;2024-11-09;ATIVO
13184;6672;3640.99;643.06;6;5.97;2023-02-01;ATIVO
13185;7066;3554.6;76.41;48;3.18;2024-11-28;QUITADO
13186;8304;4388.57;189.97;24;3.89;2023-11-12;INADIMPLENTE
13187;6354;1735.31;150.8;12;4.28;2022-09-14;QUITADO
13188;4337;15828.81;446.68;36;1.59;2021-07-08;QUITADO
13189;9805;3788.07;82.68;48;4.77;2023-06-20;QUITADO
13190;7607;3053.37;523.91;6;2.95;2023-10-28;QUITADO
13191;8479;10685.41;1803.7;6;1.28;2024-08-17;QUITADO
13192;7052;18130.91;386.08;48;2.21;2021-07-31;QUITADO
13193;6916;15251.38;436.57;36;3.05;2022-07-09;ATIVO
13194;3341;6050.61;177.94;36;5.87;2021-10-15;QUITADO
13195;2064;5739.66;336.73;18;5.6;2022-03-06;ATIVO
13196;4241;2473.58;220.73;12;7.08;2023-01-31;INADIMPLENTE
13197;7619;9699.11;204.31;48;1.11;2023-12-19;QUITADO
13198;3367;11210.05;955.66;12;2.3;2022-10-12;ATIVO
13199;9112;9977.78;860.42;12;3.48;2023-08-14;QUITADO
13200;2957;25738.3;1444.2;18;1.0;2024-11-18;ATIVO
13201;9327;3853.65;173.25;24;7.9;2022-06-25;QUITADO
13202;4161;6080.55;181.96;36;7.73;2022-02-18;INADIMPLENTE
13203;4118;14072.8;397.75;36;1.75;2024-01-11;QUITADO
13204;6976;1055.79;91.17;12;3.62;2022-01-25;ATIVO
13205;8263;4345.74;95.43;48;5.41;2021-10-24;ATIVO
13206;6888;7299.52;417.49;18;2.95;2021-11-24;ATIVO
13207;9117;3792.01;112.96;36;7.24;2024-10-31;QUITADO
13208;1063;9589.59;205.14;48;2.68;2021-02-11;ATIVO
13209;8322;2956.92;62.86;48;2.04;2022-11-20;ATIVO
13210;3191;29323.11;1239.39;24;1.44;2021-06-21;QUITADO
13211;6781;6130.37;520.72;12;1.93;2022-05-14;QUITADO
13212;5435;6140.34;1076.2;6;5.16;2023-03-28;ATIVO
13213;9858;17905.97;760.85;24;1.98;2023-07-15;ATIVO
13214;9823;20268.05;1137.49;18;1.02;2023-10-24;INADIMPLENTE
13215;2761;6821.66;397.13;18;4.79;2021-11-04;INADIMPLENTE
13216;251;1071.75;22.69;48;1.64;2024-05-07;ATIVO
13217;5084;31578.95;887.72;36;1.2;2023-11-27;QUITADO
13218;6200;3555.53;622.22;6;5.0;2021-05-22;QUITADO
13219;8293;3544.91;157.39;24;6.56;2024-09-12;ATIVO
13220;1685;14055.78;403.87;36;3.44;2022-02-24;ATIVO
13221;6861;30479.35;2575.0;12;1.38;2023-10-08;ATIVO
13222;5586;13790.03;1187.67;12;3.35;2023-03-07;QUITADO
13223;6817;6442.07;135.89;48;1.25;2023-10-09;QUITADO
13224;6542;4979.75;110.09;48;6.12;2024-03-07;INADIMPLENTE
13225;6869;13921.45;396.26;36;2.47;2024-05-12;ATIVO
13226;4685;16450.06;704.34;24;2.76;2024-09-11;INADIMPLENTE
13227;323;4823.35;432.37;12;7.57;2024-12-03;QUITADO
13228;4790;1027.49;179.11;6;4.59;2021-08-10;QUITADO
13229;5135;4595.53;395.64;12;3.31;2022-07-29;INADIMPLENTE
13230;2985;15121.63;2558.33;6;1.51;2024-06-02;ATIVO
13231;9063;35595.55;749.21;48;1.03;2024-12-18;ATIVO
13232;3063;39891.7;1679.77;24;1.06;2022-08-09;QUITADO
13233;8948;7446.37;333.35;24;7.44;2024-11-16;INADIMPLENTE
13234;1121;14820.06;1275.39;12;3.27;2021-10-24;ATIVO
13235;3898;18389.87;1056.09;18;3.37;2021-02-16;QUITADO
13236;4353;34190.49;1439.7;24;1.06;2023-12-06;ATIVO
13237;5461;42342.69;2385.54;18;1.41;2023-10-23;ATIVO
13238;1668;42911.41;7252.74;6;1.41;2023-02-06;ATIVO
13239;9300;5979.32;341.02;18;2.66;2022-01-06;ATIVO
13240;801;1457.06;41.9;36;3.53;2021-11-02;ATIVO
13241;9685;40910.2;3441.91;12;0.96;2024-09-17;ATIVO
13242;1714;19529.41;1111.11;18;2.41;2021-12-26;ATIVO
13243;1701;6401.28;137.63;48;3.2;2023-10-28;ATIVO
13244;7633;2142.64;367.18;6;2.82;2022-05-19;QUITADO
13245;4902;25757.15;2177.34;12;1.44;2024-09-13;ATIVO
13246;7672;3981.33;112.86;36;2.05;2022-08-30;QUITADO
13247;8956;6368.39;189.67;36;7.22;2023-04-06;ATIVO
13248;3017;8966.16;383.71;24;2.71;2022-04-02;ATIVO
13249;6376;7171.75;632.79;12;5.88;2024-07-08;ATIVO
13250;9729;6811.68;1198.74;6;5.59;2021-12-27;ATIVO
13251;5522;589.34;52.9;12;7.71;2021-06-25;ATIVO
13252;8349;7035.61;201.59;36;3.15;2024-10-23;QUITADO
13253;1035;46885.41;2635.48;18;1.18;2023-02-26;ATIVO
13254;1658;7358.89;634.83;12;3.52;2022-07-06;ATIVO
13255;7480;765.97;67.49;12;5.73;2024-08-05;QUITADO
13256;8356;5673.19;508.93;12;7.65;2022-01-26;INADIMPLENTE
13257;8091;17648.33;3012.86;6;2.43;2021-05-02;ATIVO
13258;321;2815.93;82.33;36;5.25;2024-11-08;ATIVO
13259;6448;7891.52;692.74;12;5.34;2024-03-18;QUITADO
13260;8786;30216.44;1701.69;18;1.37;2022-10-31;QUITADO
13261;1470;3791.11;110.73;36;5.15;2022-01-22;ATIVO
13262;4833;7988.99;1388.62;6;4.29;2021-03-19;QUITADO
13263;5848;5976.78;530.94;12;6.6;2024-09-09;ATIVO
13264;9232;7127.71;412.14;18;4.08;2024-10-27;ATIVO
13265;1657;31661.3;2674.06;12;1.35;2021-03-22;ATIVO
13266;8339;6826.27;1209.73;6;6.33;2023-11-15;ATIVO
13267;3545;13472.86;573.94;24;2.24;2021-04-23;QUITADO
13268;494;31044.32;1306.45;24;1.0;2022-06-06;QUITADO
13269;2119;38894.36;1633.56;24;0.8;2022-07-16;QUITADO
13270;4294;21858.2;3696.95;6;1.48;2021-09-11;QUITADO
13271;9958;4451.56;253.54;18;2.52;2021-08-19;ATIVO
13272;9922;14529.9;1234.44;12;1.95;2024-03-27;ATIVO
13273;701;1084.35;95.04;12;5.18;2022-05-17;ATIVO
13274;1967;17683.19;1501.01;12;1.86;2021-09-05;ATIVO
13275;9646;4832.46;105.19;48;4.48;2021-10-06;ATIVO
13276;4877;4551.84;136.14;36;7.67;2021-09-04;ATIVO
13277;1967;4545.8;386.66;12;2.07;2022-10-12;ATIVO
13278;5587;1531.26;33.07;48;3.66;2022-07-05;QUITADO
13279;3804;6561.66;1170.38;6;7.02;2023-03-15;ATIVO
13280;4244;1995.73;343.27;6;3.2;2024-05-13;QUITADO
13281;8903;4855.48;433.76;12;7.2;2024-10-29;QUITADO
13282;402;2744.81;155.2;18;1.78;2024-06-04;ATIVO
13283;9404;33868.77;713.64;48;1.14;2022-01-02;ATIVO
13284;3028;17263.54;370.91;48;3.13;2024-01-12;QUITADO
13285;5118;2699.74;58.44;48;3.9;2022-05-21;ATIVO
13286;8803;6804.98;150.79;48;6.36;2024-08-29;QUITADO
13287;4288;6788.67;145.31;48;2.74;2021-09-08;QUITADO
13288;9573;11849.3;338.2;36;2.75;2024-01-06;ATIVO
13289;4688;4141.34;370.68;12;7.41;2021-02-14;ATIVO
13290;829;12297.15;263.44;48;2.83;2021-07-30;QUITADO
13291;9548;17436.12;1465.8;12;0.88;2021-08-22;ATIVO
13292;3413;14126.34;2428.08;6;3.13;2021-06-10;ATIVO
13293;2866;3084.04;528.6;6;2.84;2022-09-10;QUITADO
13294;1687;45591.02;1282.5;36;1.27;2023-12-05;ATIVO
13295;5683;705.34;40.8;18;4.12;2024-09-22;QUITADO
13296;7469;19093.88;406.54;48;2.2;2024-07-05;QUITADO
13297;3472;6153.44;172.33;36;0.82;2022-01-21;ATIVO
13298;7156;14405.2;1233.57;12;2.76;2023-06-07;QUITADO
13299;9426;11528.93;243.4;48;1.34;2024-09-30;ATIVO
13300;6529;2034.32;89.87;24;6.03;2021-09-25;ATIVO
13301;7559;5285.66;115.82;48;5.18;2021-09-16;ATIVO
13302;3148;7990.61;460.48;18;3.73;2023-02-15;ATIVO
13303;1839;14065.58;598.96;24;2.2;2024-06-21;ATIVO
13304;5917;17726.7;760.25;24;2.93;2023-06-30;ATIVO
13305;8339;1038.03;93.22;12;7.76;2023-08-09;INADIMPLENTE
13306;6096;19115.97;547.67;36;3.14;2022-09-29;ATIVO
13307;7843;36729.81;6204.89;6;1.36;2022-04-13;ATIVO
13308;8425;19567.54;827.87;24;1.54;2021-09-25;QUITADO
13309;6577;2016.06;44.08;48;4.95;2021-12-05;INADIMPLENTE
13310;8340;5225.95;228.4;24;4.89;2021-03-31;ATIVO
13311;8964;4755.03;202.92;24;2.42;2024-02-13;ATIVO
13312;2428;29664.19;1249.6;24;1.1;2024-02-03;QUITADO
13313;4844;6705.94;199.84;36;7.28;2022-01-10;INADIMPLENTE
13314;3719;6690.47;150.17;48;7.74;2024-10-08;QUITADO
13315;3381;3593.01;77.41;48;3.41;2021-10-16;QUITADO
13316;2300;7548.06;1290.59;6;2.59;2022-07-04;QUITADO
13317;2913;3525.19;608.45;6;3.56;2023-05-28;ATIVO
13318;442;6392.22;190.68;36;7.39;2024-09-06;QUITADO
13319;8791;35870.23;6036.96;6;0.98;2022-10-16;ATIVO
13320;9652;15220.97;1307.61;12;3.09;2021-12-06;ATIVO
13321;5933;4555.22;132.91;36;5.04;2021-08-24;QUITADO
13322;5708;1339.56;229.4;6;2.75;2022-08-18;ATIVO
13323;1473;13252.78;376.08;36;2.16;2024-01-18;ATIVO
13324;9132;24749.29;4163.24;6;0.93;2022-08-03;ATIVO
13325;7438;19543.41;1121.57;18;3.3;2024-09-21;ATIVO
13326;5320;2758.36;122.79;24;6.84;2024-10-18;QUITADO
13327;1124;4128.03;119.17;36;3.93;2021-09-11;ATIVO
13328;2185;4725.46;821.21;6;4.27;2022-10-05;ATIVO
13329;9347;5233.52;299.91;18;3.15;2022-04-07;QUITADO
13330;7471;2733.16;237.69;12;4.36;2021-02-12;QUITADO
13331;8537;3628.03;103.52;36;2.72;2023-07-19;QUITADO
13332;2389;13384.08;1143.34;12;2.51;2021-08-30;ATIVO
13333;6339;14531.35;2460.64;6;1.6;2023-10-28;ATIVO
13334;4158;3902.29;83.07;48;2.18;2023-01-14;ATIVO
13335;2590;7422.42;210.92;36;2.3;2021-01-20;ATIVO
13336;1365;2436.65;438.27;6;7.92;2022-11-29;ATIVO
13337;9833;7804.99;444.75;18;2.57;2024-06-15;ATIVO
13338;1178;8553.84;361.29;24;1.37;2022-06-11;ATIVO
13339;9537;15748.92;900.31;18;2.9;2021-03-13;QUITADO
13340;7320;7067.03;154.05;48;4.63;2024-10-01;ATIVO
13341;416;2755.93;61.07;48;6.36;2024-12-04;QUITADO
13342;3679;17867.72;1528.14;12;2.63;2024-11-06;QUITADO
13343;4271;3290.23;189.33;18;3.58;2023-01-19;QUITADO
13344;2384;5019.43;438.03;12;4.72;2023-12-14;QUITADO
13345;9725;42562.05;1790.27;24;0.95;2024-11-28;ATIVO
13346;1480;17820.2;500.95;36;1.2;2022-08-25;ATIVO
13347;4182;7319.55;656.14;12;7.57;2023-11-18;ATIVO
13348;1936;5180.3;150.46;36;4.56;2022-11-18;ATIVO
13349;6602;7176.29;424.6;18;6.5;2021-11-15;ATIVO
13350;4610;7713.0;225.97;36;5.47;2023-04-21;ATIVO
13351;9054;526.34;31.24;18;6.84;2024-06-13;ATIVO
13352;5635;42061.01;2369.44;18;1.4;2021-02-17;ATIVO
13353;7892;6432.82;379.0;18;6.05;2023-06-24;ATIVO
13354;9378;13805.55;294.98;48;2.56;2022-08-07;ATIVO
13355;2226;3757.02;108.33;36;3.8;2024-02-07;ATIVO
13356;4013;4296.81;767.98;6;7.24;2021-01-28;ATIVO
13357;5708;19792.07;426.77;48;3.5;2024-02-29;ATIVO
13358;3029;7607.06;653.07;12;3.02;2021-08-03;ATIVO
13359;1886;18288.28;516.85;36;1.74;2022-08-02;QUITADO
13360;6788;5647.99;962.61;6;2.26;2021-06-21;QUITADO
13361;5603;45181.82;2537.71;18;1.1;2023-01-26;QUITADO
13362;4656;45093.48;1899.0;24;1.07;2022-04-01;ATIVO
13363;5589;18762.21;1057.98;18;1.5;2024-10-22;QUITADO
13364;9288;4847.68;138.87;36;3.13;2021-03-25;ATIVO
13365;3419;8532.25;481.88;18;1.66;2021-01-27;QUITADO
13366;6483;7216.9;423.23;18;5.56;2022-11-06;QUITADO
13367;5735;4752.11;845.32;6;6.73;2022-06-26;QUITADO
13368;8842;48907.13;2067.35;24;1.45;2022-03-08;QUITADO
13369;6486;7662.38;670.65;12;5.03;2024-11-14;QUITADO
13370;6226;5914.25;173.76;36;5.77;2023-02-24;QUITADO
13371;3063;21584.63;911.68;24;1.37;2023-07-26;QUITADO
13372;5649;1260.95;55.0;24;4.68;2021-09-08;ATIVO
13373;8362;7153.09;425.73;18;7.13;2023-05-03;QUITADO
13374;5001;6134.4;272.44;24;6.59;2023-04-04;ATIVO
13375;1956;3480.91;304.26;12;4.89;2023-02-24;ATIVO
13376;7774;10666.31;1817.18;6;2.22;2023-07-06;QUITADO
13377;5314;7505.51;210.32;36;0.88;2023-04-18;ATIVO
13378;3318;3426.08;301.41;12;5.57;2024-06-15;QUITADO
13379;4168;4489.83;128.8;36;3.27;2024-08-09;QUITADO
13380;401;3932.04;223.49;18;2.31;2022-08-04;ATIVO
13381;3870;12411.48;1053.94;12;1.9;2023-10-28;ATIVO
13382;521;8757.57;370.15;24;1.44;2022-01-16;QUITADO
13383;7886;2046.52;90.99;24;6.71;2024-05-10;INADIMPLENTE
13384;1319;9435.61;202.55;48;3.04;2022-08-17;ATIVO
13385;4966;6026.48;521.34;12;3.81;2024-12-03;QUITADO
13386;1246;15049.28;2558.13;6;1.99;2021-08-26;QUITADO
13387;9609;26139.96;732.21;36;0.84;2023-05-21;QUITADO
13388;8274;6293.78;1108.23;6;5.65;2023-01-24;INADIMPLENTE
13389;3171;6098.83;353.97;18;4.47;2021-03-16;INADIMPLENTE
13390;3644;18686.84;396.74;48;1.91;2021-07-24;ATIVO
13391;504;15051.92;320.98;48;2.36;2024-09-20;QUITADO
13392;5434;6877.54;146.48;48;2.23;2024-01-12;ATIVO
13393;6344;5281.4;116.98;48;6.32;2024-10-20;ATIVO
13394;2048;28006.3;1572.55;18;1.07;2023-02-22;ATIVO
13395;4919;15980.15;679.82;24;2.1;2023-02-10;ATIVO
13396;1408;28535.7;1598.0;18;0.8;2023-07-15;ATIVO
13397;4649;2794.1;500.89;6;7.56;2022-02-22;QUITADO
13398;8521;7073.51;632.67;12;7.33;2024-09-16;QUITADO
13399;5836;2623.28;75.97;36;4.26;2023-06-02;INADIMPLENTE
13400;5480;3729.25;635.9;6;2.31;2024-06-27;INADIMPLENTE
13401;8803;1562.97;70.24;24;7.86;2022-04-04;QUITADO
13402;2630;6108.38;357.51;18;5.35;2023-06-11;QUITADO
13403;6785;2237.47;65.5;36;5.38;2021-04-25;ATIVO
13404;1908;5601.95;982.21;6;5.2;2023-09-28;INADIMPLENTE
13405;8584;4233.94;189.75;24;7.56;2021-12-01;ATIVO
13406;3868;13659.18;588.2;24;3.35;2023-02-04;QUITADO
13407;5679;8830.53;504.91;18;2.92;2023-07-31;QUITADO
13408;46;8813.59;188.94;48;2.9;2023-08-20;ATIVO
13409;7476;23750.34;4007.47;6;1.24;2021-11-17;QUITADO
13410;1663;9951.04;209.2;48;0.91;2024-09-12;ATIVO
13411;7980;3416.42;293.19;12;2.98;2022-06-08;QUITADO
13412;1881;12060.6;691.61;18;3.22;2022-11-26;ATIVO
13413;8928;12843.25;271.07;48;1.31;2022-06-22;ATIVO
13414;2932;1155.07;51.1;24;6.18;2022-07-09;ATIVO
13415;4150;7312.91;322.74;24;5.92;2021-07-17;ATIVO
13416;4502;10980.94;1868.59;6;2.1;2021-02-22;QUITADO
13417;1680;18191.89;1037.54;18;2.66;2024-08-14;QUITADO
13418;6402;6550.11;192.23;36;5.65;2022-05-16;QUITADO
13419;495;5283.54;919.51;6;4.42;2023-10-03;ATIVO
13420;9403;2158.19;194.2;12;7.98;2021-08-26;QUITADO
13421;27;6231.6;272.84;24;5.08;2021-01-20;ATIVO
13422;9204;42112.38;886.47;48;1.04;2024-10-03;QUITADO
13423;4821;6358.07;1098.67;6;3.68;2024-05-12;ATIVO
13424;9603;11318.68;483.73;24;2.57;2021-04-28;ATIVO
13425;6041;23116.85;1947.21;12;1.08;2022-09-22;QUITADO
13426;3610;4606.36;138.15;36;7.97;2023-01-16;INADIMPLENTE
13427;4686;4790.01;841.29;6;5.38;2021-03-29;ATIVO
13428;2903;5605.4;157.87;36;1.39;2024-04-19;ATIVO
13429;8405;7811.06;333.21;24;2.38;2022-03-13;ATIVO
13430;8926;5419.56;957.46;6;6.0;2022-06-14;ATIVO
13431;6592;2724.08;157.01;18;3.75;2021-07-20;QUITADO
13432;5222;2413.15;103.93;24;3.36;2024-07-26;ATIVO
13433;1722;13830.33;1184.57;12;2.78;2021-01-08;QUITADO
13434;3919;7229.69;205.42;36;2.29;2022-12-17;ATIVO
13435;9125;7517.12;1307.6;6;4.37;2024-07-13;INADIMPLENTE
13436;2387;15857.37;2725.35;6;3.12;2022-08-19;QUITADO
13437;2950;15942.0;456.43;36;3.07;2024-02-25;ATIVO
13438;6246;6975.16;150.17;48;3.34;2023-09-07;QUITADO
13439;1997;7966.08;178.46;48;7.53;2024-04-08;ATIVO
13440;734;37020.65;2080.77;18;1.17;2023-12-22;ATIVO
13441;9312;2398.15;53.3;48;6.69;2021-04-20;ATIVO
13442;6934;15500.65;1315.49;12;1.84;2023-10-25;ATIVO
13443;6158;6701.13;196.51;36;5.57;2024-05-13;ATIVO
13444;9683;3703.45;105.65;36;2.7;2024-11-10;INADIMPLENTE
13445;51;5520.62;320.59;18;4.53;2024-11-06;ATIVO
13446;9321;15961.37;452.42;36;2.04;2024-06-18;QUITADO
13447;4224;17331.36;733.33;24;1.55;2022-02-19;QUITADO
13448;6055;19269.14;550.24;36;2.8;2024-05-14;QUITADO
13449;672;8520.44;483.49;18;2.14;2024-12-04;QUITADO
13450;9437;5596.74;122.53;48;5.09;2023-11-27;QUITADO
13451;5778;6606.15;140.16;48;1.84;2024-08-03;QUITADO
13452;612;5337.99;455.06;12;2.3;2021-04-07;ATIVO
13453;4881;1537.06;269.27;6;5.11;2023-04-23;INADIMPLENTE
13454;7836;3783.96;109.71;36;4.38;2023-06-11;QUITADO
13455;5289;1169.48;50.94;24;4.53;2022-05-12;QUITADO
13456;3459;7444.93;215.88;36;4.39;2022-12-23;QUITADO
13457;1848;12956.25;552.21;24;2.29;2024-03-15;QUITADO
13458;4278;7335.09;1259.56;6;3.03;2024-07-19;ATIVO
13459;8952;6449.96;385.39;18;7.55;2024-10-17;ATIVO
13460;820;36747.93;2058.29;18;0.82;2022-02-23;ATIVO
13461;3886;17125.76;1451.98;12;1.74;2024-06-02;QUITADO
13462;7375;14811.77;628.57;24;1.85;2022-01-13;ATIVO
13463;9108;2289.63;198.55;12;4.06;2022-05-06;ATIVO
13464;8447;9489.76;808.53;12;2.24;2021-02-03;ATIVO
13465;5632;7131.22;409.17;18;3.28;2024-06-17;QUITADO
13466;2394;2308.36;48.94;48;1.76;2024-01-01;QUITADO
13467;4236;8217.97;700.92;12;2.35;2023-12-23;INADIMPLENTE
13468;6955;6248.89;138.32;48;6.25;2024-09-21;INADIMPLENTE
13469;7979;749.22;44.04;18;5.8;2023-01-28;ATIVO
13470;8778;6487.69;379.57;18;5.31;2022-04-23;INADIMPLENTE
13471;5638;13837.49;2381.89;6;3.28;2023-08-22;QUITADO
13472;9031;12106.43;2064.15;6;2.3;2023-09-06;ATIVO
13473;572;15547.5;328.96;48;1.56;2024-03-28;ATIVO
13474;8941;11433.82;487.22;24;2.27;2023-08-11;ATIVO
13475;2721;2208.69;128.69;18;4.88;2024-04-15;QUITADO
13476;7607;6277.36;134.75;48;3.04;2023-10-07;QUITADO
13477;5527;8723.35;187.81;48;3.34;2021-08-20;QUITADO
13478;9189;3220.14;72.27;48;7.73;2024-08-10;INADIMPLENTE
13479;5361;2050.15;91.64;24;7.28;2021-02-08;INADIMPLENTE
13480;8173;7683.87;1349.03;6;5.34;2024-11-27;QUITADO
13481;8835;17036.08;365.03;48;2.85;2021-12-02;QUITADO
13482;1084;1848.64;321.85;6;4.46;2022-04-12;QUITADO
13483;8391;10443.04;449.4;24;3.28;2023-10-29;ATIVO
13484;6962;5346.68;909.56;6;2.07;2024-01-17;ATIVO
13485;2457;12298.28;2083.94;6;1.67;2022-02-09;QUITADO
13486;5611;2054.44;44.96;48;5.04;2022-07-11;ATIVO
13487;7023;1833.68;158.06;12;3.44;2023-11-06;QUITADO
13488;5853;7525.01;215.17;36;2.94;2021-01-19;QUITADO
13489;6843;6545.22;185.54;36;2.05;2022-11-08;QUITADO
13490;2318;7333.44;163.72;48;7.16;2021-06-07;ATIVO
13491;6550;10982.64;313.68;36;2.82;2022-04-02;ATIVO
13492;372;1047.19;185.23;6;6.13;2022-10-02;QUITADO
13493;1405;13029.59;559.62;24;3.08;2024-02-02;QUITADO
13494;5624;9580.21;815.83;12;2.19;2024-10-27;ATIVO
13495;9324;8347.62;359.82;24;3.45;2023-05-28;QUITADO
13496;3631;22965.25;1941.52;12;1.45;2024-06-15;QUITADO
13497;1002;7944.84;172.85;48;4.43;2023-09-27;INADIMPLENTE
13498;3185;609.65;17.69;36;4.44;2023-07-17;QUITADO
13499;6197;18078.59;763.52;24;1.36;2022-07-05;ATIVO
13500;1643;5477.58;954.38;6;4.54;2023-12-11;ATIVO
13501;4456;1753.06;38.65;48;5.83;2023-07-13;ATIVO
13502;5026;2492.37;53.81;48;3.64;2022-11-22;INADIMPLENTE
13503;8379;16417.34;462.19;36;1.35;2022-05-19;ATIVO
13504;9498;4339.06;190.11;24;5.15;2024-07-11;QUITADO
13505;3050;2852.06;80.82;36;2.01;2022-06-30;INADIMPLENTE
13506;5916;4579.55;266.0;18;4.55;2022-07-31;INADIMPLENTE
13507;5633;9649.64;275.74;36;2.87;2024-08-21;QUITADO
13508;8962;15153.55;433.39;36;2.96;2023-11-13;ATIVO
13509;745;7078.77;205.58;36;4.55;2023-05-22;ATIVO
13510;860;18296.38;3145.15;6;3.14;2023-08-18;QUITADO
13511;3478;5861.05;513.57;12;5.15;2024-03-20;INADIMPLENTE
13512;6055;14359.94;406.71;36;1.96;2024-02-06;ATIVO
13513;7105;6248.47;279.67;24;7.42;2023-05-18;ATIVO
13514;5363;19180.5;411.86;48;3.07;2022-06-01;QUITADO
13515;957;1756.66;49.7;36;1.86;2022-05-06;QUITADO
13516;7363;3583.97;211.47;18;6.21;2022-08-21;QUITADO
13517;4403;17254.9;370.15;48;2.97;2024-04-12;ATIVO
13518;6639;2748.58;246.25;12;7.51;2024-10-28;QUITADO
13519;4692;6366.73;189.02;36;6.88;2024-08-14;ATIVO
13520;1614;7362.05;441.56;18;7.96;2022-03-21;ATIVO
13521;7295;3582.45;214.31;18;7.68;2023-06-28;ATIVO
13522;836;5228.75;116.62;48;7.06;2023-03-05;ATIVO
13523;230;805.44;35.48;24;5.73;2024-08-28;QUITADO
13524;5682;7872.81;1397.29;6;6.49;2022-12-07;ATIVO
13525;8583;6519.56;385.16;18;6.34;2022-05-28;QUITADO
13526;5477;3491.55;297.36;12;2.2;2023-01-30;QUITADO
13527;3768;7582.64;222.89;36;5.82;2021-08-09;ATIVO
13528;2929;549.92;24.01;24;4.79;2022-06-15;ATIVO
13529;3099;1796.77;39.29;48;4.97;2023-11-04;QUITADO
13530;9805;1233.24;27.25;48;6.08;2021-03-23;ATIVO
13531;4642;7166.13;313.7;24;5.06;2023-12-03;INADIMPLENTE
13532;1170;12426.37;706.23;18;2.3;2023-02-18;QUITADO
13533;1698;47003.11;7900.44;6;0.85;2023-02-26;QUITADO
13534;2893;10464.43;593.8;18;2.14;2021-08-01;QUITADO
13535;8518;18106.95;387.87;48;2.82;2023-07-16;ATIVO
13536;9590;48418.07;1022.13;48;1.33;2021-08-31;ATIVO
13537;3822;3508.69;303.0;12;3.63;2021-09-23;ATIVO
13538;5821;4386.69;249.36;18;2.32;2023-05-17;ATIVO
13539;3029;18553.88;1576.15;12;1.94;2022-11-28;QUITADO
13540;1221;38049.91;804.12;48;1.44;2023-10-07;ATIVO
13541;5253;8876.32;758.85;12;2.59;2022-11-18;ATIVO
13542;9122;8287.4;353.8;24;2.46;2023-08-01;QUITADO
13543;6190;9103.92;1567.39;6;3.3;2022-03-25;ATIVO
13544;8427;17442.65;3004.21;6;3.34;2024-07-31;INADIMPLENTE
13545;9400;1747.95;103.46;18;6.54;2024-02-25;ATIVO
13546;6105;21107.48;1185.54;18;1.1;2023-09-16;QUITADO
13547;7319;19175.93;1094.31;18;2.72;2022-06-28;ATIVO
13548;4168;2924.55;62.68;48;2.88;2022-12-14;QUITADO
13549;8223;4957.53;142.94;36;3.8;2022-02-21;QUITADO
13550;417;4106.43;182.41;24;6.61;2021-10-17;QUITADO
13551;9547;18438.03;527.94;36;3.08;2024-04-20;QUITADO
13552;2605;4332.85;383.96;12;6.34;2023-09-21;ATIVO
13553;1633;8100.57;343.33;24;1.72;2021-01-24;QUITADO
13554;7671;13879.89;293.44;48;1.48;2024-05-28;QUITADO
13555;2842;2573.25;56.71;48;5.79;2022-05-18;ATIVO
13556;1368;27083.11;2277.46;12;0.91;2021-09-21;ATIVO
13557;1877;36445.06;1533.58;24;0.99;2022-10-09;QUITADO
13558;9073;38454.86;812.92;48;1.47;2021-07-20;ATIVO
13559;7554;1504.82;43.46;36;3.96;2023-03-11;QUITADO
13560;1028;5107.51;114.54;48;7.64;2023-07-03;ATIVO
13561;7011;4276.48;767.91;6;7.74;2021-09-01;QUITADO
13562;9005;7303.62;318.65;24;4.71;2023-06-24;QUITADO
13563;5216;1394.02;122.67;12;5.6;2021-08-27;ATIVO
13564;6773;12693.74;1088.28;12;2.88;2023-12-09;ATIVO
13565;9491;16087.71;1362.09;12;1.6;2024-08-25;QUITADO
13566;8590;25908.23;1093.65;24;1.31;2021-08-16;QUITADO
13567;5950;6103.49;1057.12;6;3.92;2024-03-05;INADIMPLENTE
13568;1122;15372.98;323.22;48;0.92;2022-07-29;ATIVO
13569;6953;7555.67;168.4;48;6.98;2022-07-04;INADIMPLENTE
13570;3076;10877.15;228.49;48;0.83;2021-04-04;QUITADO
13571;5467;7151.81;634.78;12;6.51;2022-11-13;QUITADO
13572;9850;7231.74;213.9;36;6.48;2024-03-06;ATIVO
13573;5778;13049.2;1113.86;12;2.43;2023-02-07;ATIVO
13574;6718;955.8;28.25;36;6.41;2022-10-08;QUITADO
13575;5890;4614.44;411.42;12;6.99;2021-01-03;INADIMPLENTE
13576;8194;15465.39;328.96;48;2.1;2022-05-30;ATIVO
13577;8356;1843.91;82.71;24;7.66;2023-03-07;ATIVO
13578;7108;13724.91;591.03;24;3.35;2023-07-14;QUITADO
13579;8154;6125.32;267.78;24;4.92;2023-04-18;INADIMPLENTE
13580;9590;8428.6;473.83;18;1.19;2024-08-14;QUITADO
13581;4074;12242.07;1039.86;12;1.93;2024-10-09;ATIVO
13582;1712;2655.51;225.96;12;2.11;2022-02-20;ATIVO
13583;6611;4573.88;390.61;12;2.48;2023-03-21;ATIVO
13584;6003;16948.78;484.08;36;2.82;2021-07-17;ATIVO
13585;6079;6685.17;381.43;18;2.7;2024-02-26;QUITADO
13586;665;951.08;84.07;12;6.07;2021-02-18;ATIVO
13587;8975;1553.56;68.51;24;5.84;2022-04-24;INADIMPLENTE
13588;1508;4861.68;141.93;36;5.1;2021-09-19;QUITADO
13589;1138;4073.82;88.2;48;3.92;2023-11-05;INADIMPLENTE
13590;4295;7444.08;163.51;48;5.43;2022-07-20;ATIVO
13591;2443;16712.79;1433.4;12;2.92;2024-02-29;QUITADO
13592;9769;1094.68;98.29;12;7.75;2021-01-26;INADIMPLENTE
13593;9027;19090.87;403.1;48;1.35;2023-11-12;QUITADO
13594;7625;766.93;22.48;36;5.51;2021-04-08;QUITADO
13595;8621;19798.53;843.5;24;2.25;2023-02-03;QUITADO
13596;4193;19843.09;420.84;48;1.8;2024-09-22;QUITADO
13597;9339;7036.52;418.44;18;7.04;2023-04-11;ATIVO
13598;5676;2678.22;116.27;24;4.19;2023-04-30;QUITADO
13599;2517;16928.89;1454.47;12;3.1;2021-03-19;QUITADO
13600;9277;7426.21;434.89;18;5.41;2023-01-22;ATIVO
13601;4395;17747.92;382.06;48;3.33;2023-05-12;QUITADO
13602;7768;904.06;80.63;12;7.02;2023-06-21;ATIVO
13603;6481;24793.07;4193.33;6;1.48;2021-04-15;QUITADO
13604;8042;18383.67;1048.18;18;2.63;2023-01-18;ATIVO
13605;7403;19451.74;1661.02;12;2.47;2023-11-06;QUITADO
13606;3459;7641.01;684.25;12;7.46;2022-12-03;INADIMPLENTE
13607;1306;9609.07;550.12;18;3.05;2024-11-09;QUITADO
13608;5544;2767.17;470.0;6;1.91;2023-09-01;ATIVO
13609;9841;2363.29;50.61;48;2.79;2024-11-11;ATIVO
13610;1703;11570.01;248.88;48;3.25;2024-08-08;ATIVO
13611;9218;1301.74;228.5;6;5.32;2023-08-26;INADIMPLENTE
13612;5938;4598.65;137.05;36;7.29;2024-02-22;ATIVO
13613;130;7251.44;206.42;36;2.48;2021-07-01;QUITADO
13614;2104;12202.15;2078.84;6;2.22;2023-12-19;QUITADO
13615;4545;9157.4;784.18;12;2.76;2024-05-17;ATIVO
13616;455;10848.6;1842.63;6;1.91;2023-10-29;ATIVO
13617;5956;2285.69;130.54;18;2.8;2023-09-04;QUITADO
13618;2275;17302.51;1465.81;12;1.66;2021-08-06;QUITADO
13619;1458;1928.22;326.25;6;1.52;2022-06-14;QUITADO
13620;8817;14430.93;2484.77;6;3.31;2024-03-15;ATIVO
13621;3068;834.19;18.58;48;6.9;2022-11-04;ATIVO
13622;4588;28215.9;794.98;36;1.43;2021-03-20;ATIVO
13623;7489;1952.67;87.17;24;7.14;2021-01-09;ATIVO
13624;8479;47009.42;7946.16;6;1.42;2022-09-12;QUITADO
13625;6678;4899.85;835.83;6;2.35;2021-04-21;ATIVO
13626;1048;17350.24;367.9;48;1.78;2022-08-24;QUITADO
13627;2004;4031.45;116.78;36;4.28;2022-02-02;QUITADO
13628;2651;5366.41;471.84;12;5.51;2022-05-01;INADIMPLENTE
13629;9219;17483.6;988.02;18;1.72;2023-08-25;QUITADO
13630;3099;1196.17;103.19;12;3.52;2023-03-18;INADIMPLENTE
13631;3499;15204.13;651.69;24;2.87;2024-12-15;ATIVO
13632;6602;7863.83;232.99;36;6.66;2021-09-21;INADIMPLENTE
13633;6820;31459.7;2649.96;12;1.08;2023-03-06;ATIVO
13634;8117;19722.67;1672.65;12;1.77;2022-08-16;ATIVO
13635;5220;9577.73;201.33;48;0.9;2023-11-10;QUITADO
13636;9273;9305.66;1599.64;6;3.14;2021-10-29;ATIVO
13637;8734;4253.93;378.14;12;6.67;2023-10-26;ATIVO
13638;3082;4632.35;401.43;12;3.99;2021-09-03;QUITADO
13639;7747;14064.28;401.14;36;2.68;2022-11-07;QUITADO
13640;694;31544.7;2653.17;12;0.93;2022-12-17;QUITADO
13641;9721;13400.81;566.46;24;1.45;2022-05-27;QUITADO
13642;422;7150.04;420.03;18;5.74;2023-07-04;INADIMPLENTE
13643;6125;10942.06;233.77;48;2.55;2023-12-21;ATIVO
13644;7008;2727.61;61.12;48;7.56;2024-06-23;ATIVO
13645;1480;32352.7;1367.31;24;1.43;2023-12-30;QUITADO
13646;2047;5114.72;144.53;36;1.73;2021-09-04;QUITADO
13647;4640;1614.36;144.01;12;7.05;2024-02-08;ATIVO
13648;3317;5323.19;469.46;12;5.83;2024-06-21;QUITADO
13649;8684;5746.59;249.79;24;4.32;2022-10-17;ATIVO
13650;1233;15753.83;446.84;36;2.11;2023-08-26;ATIVO
13651;9512;7420.6;427.59;18;3.72;2022-07-31;QUITADO
13652;4576;18602.24;393.55;48;1.55;2022-09-01;QUITADO
13653;8978;3139.14;276.48;12;5.69;2022-08-28;QUITADO
13654;9861;18498.36;797.43;24;3.46;2024-06-22;ATIVO
13655;7902;10059.43;851.53;12;1.58;2024-08-05;QUITADO
13656;6410;5105.44;892.18;6;4.85;2022-07-23;INADIMPLENTE
13657;7461;1239.37;53.11;24;2.85;2021-07-20;INADIMPLENTE
13658;1407;29794.91;836.99;36;1.13;2024-03-03;ATIVO
13659;3110;6131.43;134.62;48;5.39;2022-02-22;ATIVO
13660;4524;46184.91;7796.01;6;1.28;2022-07-20;ATIVO
13661;8423;19084.82;1093.88;18;3.17;2022-12-02;QUITADO
13662;796;2614.72;115.2;24;5.74;2023-01-28;ATIVO
13663;4212;2109.6;183.78;12;4.54;2021-12-07;QUITADO
13664;3911;17130.55;368.7;48;3.31;2024-03-24;QUITADO
13665;4767;2008.39;179.8;12;7.43;2022-06-08;INADIMPLENTE
13666;7198;11818.82;502.89;24;2.12;2021-09-04;ATIVO
13667;1537;4021.14;113.74;36;1.83;2022-10-07;QUITADO
13668;678;2675.78;60.04;48;7.71;2022-05-11;ATIVO
13669;1515;1716.45;301.44;6;5.37;2021-05-04;ATIVO
13670;611;6323.9;372.79;18;6.11;2023-11-13;INADIMPLENTE
13671;174;6977.23;152.89;48;5.18;2021-04-15;INADIMPLENTE
13672;7953;4133.5;717.16;6;4.1;2023-11-07;QUITADO
13673;1691;20958.51;590.62;36;1.45;2024-12-17;QUITADO
13674;7112;1419.35;60.75;24;2.72;2024-09-20;QUITADO
13675;4109;8447.31;355.42;24;0.98;2022-07-06;QUITADO
13676;3496;8448.3;361.2;24;2.61;2024-02-15;ATIVO
13677;8210;3713.46;331.58;12;7.15;2023-10-02;ATIVO
13678;6546;1447.68;63.46;24;5.21;2021-05-22;ATIVO
13679;6006;5901.13;169.71;36;3.53;2024-07-14;QUITADO
13680;1910;2327.41;68.66;36;6.2;2021-02-17;QUITADO
13681;6467;6702.21;285.1;24;2.09;2024-06-01;ATIVO
13682;6925;1487.38;253.03;6;2.07;2024-11-12;QUITADO
13683;6393;1275.55;37.2;36;4.98;2022-07-14;INADIMPLENTE
13684;3863;23411.42;3949.51;6;1.22;2022-05-12;ATIVO
13685;5329;23892.32;2019.9;12;1.45;2023-08-03;QUITADO
13686;2948;17929.18;3091.59;6;3.46;2021-02-06;ATIVO
13687;4727;796.93;23.57;36;6.46;2021-07-22;QUITADO
13688;5347;2993.04;85.19;36;2.47;2024-07-11;QUITADO
13689;2869;9375.86;266.25;36;2.23;2021-07-16;ATIVO
13690;3027;7966.59;467.28;18;5.58;2021-01-13;QUITADO
13691;696;11597.73;661.2;18;2.62;2023-08-28;ATIVO
13692;3782;7906.71;676.35;12;2.65;2021-06-03;QUITADO
13693;1650;5894.68;350.5;18;7.03;2022-08-18;ATIVO
13694;9431;19753.38;3362.68;6;2.14;2023-05-13;QUITADO
13695;7631;6091.04;133.05;48;4.85;2024-08-05;INADIMPLENTE
13696;1995;10868.24;305.55;36;1.21;2022-04-27;QUITADO
13697;8387;6424.06;281.7;24;5.24;2021-01-04;ATIVO
13698;6477;25480.36;4281.97;6;0.83;2024-02-05;QUITADO
13699;8147;11477.35;981.31;12;2.6;2024-02-05;ATIVO
13700;7466;36967.5;1560.03;24;1.28;2022-12-24;ATIVO
13701;7007;1219.91;26.86;48;5.7;2024-01-15;QUITADO
13702;1743;6672.31;147.29;48;5.96;2024-11-05;ATIVO
13703;1311;14050.18;795.32;18;1.89;2024-11-21;ATIVO
13704;9640;6725.41;201.13;36;7.66;2023-04-14;ATIVO
13705;4089;9235.65;520.17;18;1.38;2024-02-10;ATIVO
13706;8958;6074.6;529.65;12;4.63;2021-01-14;ATIVO
13707;7912;17092.17;1446.71;12;1.57;2021-11-26;QUITADO
13708;3400;3558.49;154.56;24;4.24;2021-12-31;ATIVO
13709;6198;5382.17;232.33;24;3.6;2021-12-19;QUITADO
13710;603;10523.38;450.44;24;2.73;2021-06-23;ATIVO
13711;9612;6799.4;1163.6;6;2.68;2021-03-01;ATIVO
13712;7346;10559.59;224.08;48;1.86;2024-11-30;ATIVO
13713;8020;4975.36;446.37;12;7.66;2023-11-13;QUITADO
13714;7277;12948.85;728.59;18;1.28;2024-05-06;QUITADO
13715;329;14996.44;430.06;36;3.24;2021-04-22;ATIVO
13716;5875;7583.25;161.08;48;1.96;2021-11-27;QUITADO
13717;7634;9185.78;194.89;48;1.84;2023-12-14;QUITADO
13718;2326;6377.43;276.04;24;3.88;2021-12-24;QUITADO
13719;5724;5340.06;472.24;12;6.12;2022-12-08;ATIVO
13720;7926;13873.76;1169.21;12;1.13;2023-05-01;ATIVO
13721;9299;1455.83;256.93;6;5.89;2022-10-29;ATIVO
13722;7234;11682.59;657.34;18;1.28;2021-10-11;QUITADO
13723;4252;6834.55;143.95;48;1.1;2021-07-01;QUITADO
13724;4142;3032.69;259.24;12;2.58;2022-05-16;QUITADO
13725;9531;10123.07;290.56;36;3.33;2023-12-14;ATIVO
13726;1156;7497.1;168.25;48;7.72;2021-05-06;ATIVO
13727;3490;8440.7;713.59;12;1.45;2021-12-07;QUITADO
13728;7395;2479.35;214.65;12;3.89;2024-10-29;ATIVO
13729;621;3614.84;322.5;12;7.06;2021-07-14;QUITADO
13730;6211;738.03;15.96;48;3.77;2022-07-13;ATIVO
13731;8119;18250.33;3107.73;6;2.17;2022-12-14;QUITADO
13732;6407;1654.21;47.29;36;2.91;2021-06-13;ATIVO
13733;147;5214.77;225.54;24;3.8;2021-08-28;ATIVO
13734;2631;6265.8;351.69;18;1.03;2024-07-09;ATIVO
13735;8743;48724.82;8193.08;6;0.89;2022-10-24;QUITADO
13736;4578;5751.02;993.01;6;3.6;2021-12-06;QUITADO
13737;6754;14782.62;847.13;18;3.15;2021-05-03;QUITADO
13738;4205;1351.49;120.82;12;7.28;2023-10-29;ATIVO
13739;9472;6238.22;365.8;18;5.55;2021-05-03;ATIVO
13740;6028;1862.79;83.79;24;7.95;2021-03-27;QUITADO
13741;3725;7474.3;314.36;24;0.94;2022-05-20;QUITADO
13742;4972;24747.07;695.6;36;1.19;2021-07-13;QUITADO
13743;6655;47948.85;2017.85;24;1.0;2021-08-09;QUITADO
13744;5270;736.36;43.45;18;6.2;2021-08-15;QUITADO
13745;1770;5860.59;124.67;48;2.11;2024-01-07;ATIVO
13746;8541;49980.04;2106.45;24;1.15;2022-10-14;QUITADO
13747;2490;2220.06;63.52;36;3.0;2022-12-17;ATIVO
13748;7785;6453.3;380.03;18;6.0;2024-01-10;ATIVO
13749;2847;7446.91;212.96;36;2.95;2021-05-14;ATIVO
13750;4428;9883.84;849.43;12;3.13;2023-05-05;ATIVO
13751;9165;18552.91;783.24;24;1.32;2024-06-11;ATIVO
13752;4387;6074.71;364.18;18;7.91;2022-01-11;QUITADO
13753;3775;13973.07;299.93;48;3.03;2024-09-14;ATIVO
13754;7708;4073.55;724.68;6;6.74;2024-03-28;QUITADO
13755;825;45217.48;1273.63;36;1.4;2022-01-31;ATIVO
13756;48;3662.85;80.2;48;5.1;2023-02-12;INADIMPLENTE
13757;3928;2526.05;453.38;6;7.69;2024-07-15;ATIVO
13758;4337;13719.92;393.95;36;3.37;2022-11-09;ATIVO
13759;4965;2388.13;68.0;36;2.51;2023-01-31;ATIVO
13760;7605;26382.13;1110.8;24;1.05;2021-02-17;QUITADO
13761;1344;9574.9;408.49;24;2.39;2023-05-23;ATIVO
13762;5043;9234.77;796.42;12;3.49;2023-08-04;QUITADO
13763;4946;43290.6;909.55;48;0.85;2023-03-10;ATIVO
13764;501;6517.54;547.85;12;0.87;2021-03-09;ATIVO
13765;8300;9982.63;212.13;48;2.0;2022-12-16;ATIVO
13766;6107;3428.94;298.75;12;4.55;2023-10-23;INADIMPLENTE
13767;9013;12829.28;543.27;24;1.63;2024-01-04;ATIVO
13768;8008;37451.86;786.57;48;0.81;2024-02-24;ATIVO
13769;5607;3212.24;136.88;24;2.27;2024-05-23;QUITADO
13770;9128;6661.21;383.02;18;3.5;2022-05-18;ATIVO
13771;5756;9860.66;558.88;18;2.02;2021-05-05;QUITADO
13772;6628;2731.64;81.08;36;6.86;2021-07-23;INADIMPLENTE
13773;725;46690.08;3928.97;12;0.98;2024-04-24;QUITADO
13774;5983;3580.37;104.11;36;4.68;2021-12-11;ATIVO
13775;1571;4316.49;367.98;12;2.3;2024-05-07;QUITADO
13776;3818;9309.84;196.73;48;1.43;2023-12-06;INADIMPLENTE
13777;3411;42100.8;1179.76;36;0.88;2022-04-23;INADIMPLENTE
13778;9585;18368.36;519.82;36;1.88;2024-08-13;QUITADO
13779;2545;2509.39;142.35;18;2.11;2022-01-05;QUITADO
13780;126;6832.14;201.32;36;6.08;2021-11-23;ATIVO
13781;6679;4032.42;88.7;48;5.58;2023-07-19;INADIMPLENTE
13782;5419;3271.33;94.41;36;3.9;2024-05-23;QUITADO
13783;3982;5353.46;962.2;6;7.84;2023-03-15;INADIMPLENTE
13784;5210;2536.97;429.38;6;1.55;2021-08-27;ATIVO
13785;7589;19393.95;412.08;48;1.99;2024-07-05;ATIVO
13786;541;3836.61;112.67;36;5.72;2023-08-24;INADIMPLENTE
13787;2621;15922.48;341.07;48;2.82;2024-12-21;ATIVO
13788;6199;43129.15;3636.15;12;1.17;2024-03-16;QUITADO
13789;8943;2110.23;362.99;6;3.21;2023-07-13;ATIVO
13790;1355;1555.8;93.16;18;7.78;2024-02-10;ATIVO
13791;3526;16497.49;2807.32;6;2.1;2024-05-26;ATIVO
13792;6224;6921.42;613.64;12;6.39;2024-07-21;ATIVO
13793;5405;4892.29;285.36;18;4.99;2023-04-17;ATIVO
13794;2920;5499.9;977.79;6;6.67;2022-11-16;INADIMPLENTE
13795;1211;17443.82;750.59;24;3.27;2023-11-25;QUITADO
13796;1932;18788.11;1606.85;12;2.63;2023-01-15;INADIMPLENTE
13797;1770;14948.53;427.61;36;2.98;2023-12-03;ATIVO
13798;863;4978.06;443.71;12;6.96;2023-08-01;QUITADO
13799;1436;2474.95;109.69;24;6.37;2024-09-11;QUITADO
13800;3583;7126.67;204.99;36;3.55;2021-02-24;ATIVO
13801;7628;2511.77;436.55;6;4.28;2023-04-21;QUITADO
13802;7954;39943.65;6755.8;6;1.48;2023-10-13;ATIVO
13803;8704;3597.0;153.47;24;2.4;2024-03-13;ATIVO
13804;2430;15463.4;2648.62;6;2.77;2024-03-09;QUITADO
13805;8458;7244.24;622.94;12;3.19;2022-02-03;QUITADO
13806;1904;3201.98;91.63;36;3.02;2021-11-25;QUITADO
13807;6060;6859.53;200.03;36;4.98;2023-05-26;ATIVO
13808;7899;646.69;18.82;36;4.77;2023-02-03;ATIVO
13809;4765;7032.58;603.51;12;2.98;2022-02-23;ATIVO
13810;9966;6351.87;137.45;48;3.87;2022-08-25;QUITADO
13811;4584;6791.13;1207.58;6;6.69;2022-12-07;ATIVO
13812;3195;7805.11;672.09;12;3.33;2023-08-28;QUITADO
13813;9403;7746.3;167.76;48;3.95;2021-03-05;INADIMPLENTE
13814;2672;2424.89;69.75;36;3.55;2022-03-30;QUITADO
13815;2342;11703.34;329.71;36;1.42;2021-10-24;QUITADO
13816;5569;1114.13;199.1;6;7.22;2021-10-23;ATIVO
13817;1918;6415.51;1141.21;6;6.73;2022-10-15;ATIVO
13818;3368;8686.03;746.35;12;3.11;2021-04-09;INADIMPLENTE
13819;5415;7420.05;326.73;24;5.68;2024-11-04;QUITADO
13820;4529;3237.06;142.46;24;5.62;2022-10-04;QUITADO
13821;6662;9679.06;272.3;36;1.28;2023-06-07;ATIVO
13822;2448;6389.35;286.14;24;7.48;2021-10-16;ATIVO
13823;8498;6552.42;287.08;24;5.15;2024-05-04;ATIVO
13824;9974;3678.61;107.91;36;5.6;2023-07-08;ATIVO
13825;7236;13223.61;378.75;36;3.11;2022-06-19;ATIVO
13826;4096;3812.19;81.55;48;2.68;2022-03-08;ATIVO
13827;9527;7586.24;1286.37;6;1.74;2021-01-17;ATIVO
13828;461;19936.49;571.79;36;3.25;2021-06-10;ATIVO
13829;4833;4344.24;775.66;6;7.13;2022-04-13;ATIVO
13830;4024;3939.14;114.87;36;4.98;2021-05-01;QUITADO
13831;4614;1978.3;87.51;24;6.16;2023-05-21;ATIVO
13832;2434;10195.02;437.28;24;2.94;2023-01-09;QUITADO
13833;1582;4304.4;126.48;36;5.78;2023-11-11;ATIVO
13834;8507;16579.36;713.4;24;3.27;2023-02-13;QUITADO
13835;1580;23942.94;506.19;48;1.48;2024-12-09;ATIVO
13836;3051;1491.91;87.47;18;5.53;2022-11-30;ATIVO
13837;9409;45142.45;2540.02;18;1.28;2024-01-13;QUITADO
13838;7584;1967.92;343.4;6;4.7;2024-10-04;ATIVO
13839;7134;11176.52;477.14;24;2.46;2022-06-29;ATIVO
13840;8567;15898.15;1369.89;12;3.4;2022-07-07;INADIMPLENTE
13841;8314;2549.0;228.75;12;7.69;2022-07-17;ATIVO
13842;4080;17842.57;503.66;36;1.62;2022-11-17;QUITADO
13843;3934;17165.9;490.56;36;2.88;2024-05-02;QUITADO
13844;90;923.5;41.49;24;7.82;2023-07-16;QUITADO
13845;9188;6962.37;295.09;24;1.72;2023-02-13;QUITADO
13846;7215;2352.49;104.66;24;6.77;2024-04-06;QUITADO
13847;874;4698.81;99.36;48;1.5;2023-11-06;ATIVO
13848;7298;3680.79;106.14;36;3.81;2022-02-18;ATIVO
13849;2543;1181.27;25.06;48;1.82;2022-02-22;ATIVO
13850;6041;35820.89;2013.73;18;1.19;2022-08-17;QUITADO
13851;285;525.06;91.49;6;4.55;2021-09-28;QUITADO
13852;3108;6593.33;197.51;36;7.84;2022-01-02;QUITADO
13853;9938;9721.5;830.78;12;2.55;2021-10-01;ATIVO
13854;8416;46409.8;1952.69;24;0.98;2021-07-04;ATIVO
13855;5373;40076.34;3388.79;12;1.47;2022-09-28;QUITADO
13856;7491;4208.28;93.96;48;7.17;2024-10-26;ATIVO
13857;8496;9349.58;1574.94;6;1.07;2021-02-15;QUITADO
13858;5895;28995.63;1223.86;24;1.3;2021-09-27;ATIVO
13859;9289;1979.87;345.39;6;4.67;2022-10-06;QUITADO
13860;4685;3018.16;259.08;12;3.01;2023-03-11;ATIVO
13861;4953;4426.65;188.45;24;2.17;2021-08-28;QUITADO
13862;3041;23110.52;1300.35;18;1.28;2023-04-19;QUITADO
13863;2913;6996.18;307.25;24;5.4;2023-01-02;ATIVO
13864;4165;7957.34;456.31;18;3.22;2021-03-08;ATIVO
13865;179;13090.39;371.15;36;2.07;2021-06-21;ATIVO
13866;2678;2112.68;93.66;24;6.4;2022-07-01;QUITADO
13867;264;3884.27;171.75;24;6.12;2022-09-06;QUITADO
13868;5251;27307.46;4599.03;6;1.05;2021-11-23;QUITADO
13869;5380;14352.57;822.48;18;3.15;2024-05-30;ATIVO
13870;9906;43273.0;1824.5;24;1.19;2024-08-03;QUITADO
13871;2065;1060.79;63.36;18;7.51;2023-08-30;QUITADO
13872;5489;17915.28;385.03;48;3.16;2021-10-06;QUITADO
13873;672;5712.68;968.68;6;1.74;2024-11-25;QUITADO
13874;2573;2577.34;74.07;36;3.46;2023-02-15;ATIVO
13875;8820;2313.06;68.02;36;5.86;2024-12-07;ATIVO
13876;4584;1766.15;52.73;36;7.49;2021-11-24;ATIVO
13877;5617;9227.4;197.33;48;2.65;2021-12-28;ATIVO
13878;3008;1310.74;222.52;6;1.86;2024-08-10;QUITADO
13879;6434;18987.55;3216.81;6;1.65;2024-08-07;ATIVO
13880;3084;13500.97;569.85;24;1.3;2023-11-30;QUITADO
13881;5001;4927.37;146.29;36;6.88;2022-08-13;ATIVO
13882;2683;4209.34;372.6;12;6.22;2023-05-24;INADIMPLENTE
13883;9704;6303.72;269.09;24;2.45;2022-01-20;ATIVO
13884;5477;6507.77;276.15;24;1.84;2021-08-23;QUITADO
13885;9323;4792.17;286.94;18;7.78;2023-01-19;QUITADO
13886;1771;15445.51;656.69;24;2.04;2024-01-12;QUITADO
13887;2236;3989.14;169.56;24;2.01;2024-11-07;ATIVO
13888;209;16724.37;352.19;48;1.08;2021-12-23;QUITADO
13889;4718;9174.65;387.74;24;1.43;2021-08-15;ATIVO
13890;1055;3389.12;99.5;36;5.69;2024-04-23;INADIMPLENTE
13891;1187;16830.33;967.28;18;3.45;2022-09-27;ATIVO
13892;4156;7591.59;660.03;12;4.33;2024-04-08;ATIVO
13893;874;18861.92;1607.35;12;2.26;2022-07-12;ATIVO
13894;4650;18157.08;1033.84;18;2.49;2021-12-10;ATIVO
13895;8168;13501.25;770.1;18;2.67;2022-10-22;ATIVO
13896;7591;5925.72;354.65;18;7.73;2023-08-20;QUITADO
13897;3540;4139.22;713.33;6;3.4;2023-06-23;ATIVO
13898;8090;19278.65;819.02;24;1.96;2024-02-12;ATIVO
13899;9505;1830.43;51.65;36;1.59;2022-01-07;ATIVO
13900;3243;5659.55;120.31;48;2.04;2024-05-14;QUITADO
13901;5013;9319.23;198.91;48;2.45;2023-09-14;QUITADO
13902;9430;1985.27;59.48;36;7.85;2024-03-08;INADIMPLENTE
13903;1244;2165.18;382.7;6;6.05;2024-02-03;QUITADO
13904;958;7849.98;230.4;36;5.66;2024-03-20;INADIMPLENTE
13905;934;10539.84;594.92;18;1.6;2021-08-28;QUITADO
13906;4082;13307.31;284.64;48;2.67;2022-09-27;ATIVO
13907;1375;6237.53;355.3;18;2.53;2024-10-30;QUITADO
13908;3203;15641.88;2693.79;6;3.33;2023-12-20;ATIVO
13909;9344;6807.76;150.13;48;5.85;2022-07-07;INADIMPLENTE
13910;495;842.45;147.86;6;5.31;2023-05-16;QUITADO
13911;2734;9028.17;765.21;12;1.71;2024-01-11;ATIVO
13912;1480;27068.46;762.13;36;1.36;2021-05-30;QUITADO
13913;7619;36096.81;3032.73;12;0.82;2023-10-18;ATIVO
13914;2223;7477.17;334.35;24;7.32;2021-12-11;INADIMPLENTE
13915;7185;21744.54;609.15;36;0.85;2021-09-19;ATIVO
13916;8411;986.56;85.6;12;4.12;2022-09-21;ATIVO
13917;9609;17686.01;990.71;18;0.83;2024-06-06;QUITADO
13918;2115;7207.94;205.25;36;2.51;2021-02-11;ATIVO
13919;4626;4070.31;362.6;12;6.9;2022-09-26;ATIVO
13920;1465;49260.33;8279.02;6;0.84;2023-07-20;QUITADO
13921;5156;1466.96;41.66;36;2.23;2024-09-24;ATIVO
13922;8966;3874.21;675.21;6;4.57;2022-08-14;ATIVO
13923;3074;19183.77;812.83;24;1.69;2021-02-18;ATIVO
13924;8395;6460.21;372.68;18;3.84;2022-05-06;ATIVO
13925;4621;17689.61;751.0;24;1.89;2024-05-08;QUITADO
13926;3990;13575.74;1169.21;12;3.35;2024-04-15;QUITADO
13927;8406;3362.32;285.35;12;1.84;2022-05-09;ATIVO
13928;6279;3351.81;572.6;6;2.5;2024-09-05;ATIVO
13929;5630;4177.39;92.24;48;5.99;2021-04-03;ATIVO
13930;356;10419.1;882.24;12;1.61;2021-10-21;QUITADO
13931;260;11195.29;238.53;48;2.27;2024-07-14;QUITADO
13932;8193;1753.83;152.93;12;4.64;2024-09-14;INADIMPLENTE
13933;1810;6866.35;144.68;48;1.14;2024-07-16;QUITADO
13934;6064;7069.74;304.0;24;3.2;2021-10-11;ATIVO
13935;5869;2550.79;225.68;12;6.17;2022-08-09;INADIMPLENTE
13936;918;1791.77;160.05;12;7.19;2021-11-19;ATIVO
13937;3337;6444.64;277.41;24;3.31;2021-11-02;QUITADO
13938;2369;2355.74;207.62;12;5.76;2022-03-26;ATIVO
13939;4494;2270.42;49.6;48;4.87;2023-02-15;ATIVO
13940;7960;7144.07;154.34;48;3.7;2024-10-08;ATIVO
13941;3256;11126.25;234.0;48;0.95;2023-07-02;ATIVO
13942;5878;1252.27;27.39;48;4.99;2022-12-26;INADIMPLENTE
13943;754;6798.89;387.39;18;2.56;2024-10-07;QUITADO
13944;2854;16577.66;1427.2;12;3.31;2021-02-21;ATIVO
13945;5955;6538.39;144.8;48;6.3;2021-06-21;ATIVO
13946;5758;10795.33;1852.48;6;2.96;2024-03-22;ATIVO
13947;825;47177.05;2655.02;18;1.3;2024-09-12;ATIVO
13948;3569;1320.77;114.62;12;4.14;2024-05-12;QUITADO
13949;9051;2198.15;64.4;36;5.47;2023-10-06;ATIVO
13950;3433;3609.94;76.89;48;2.24;2023-11-07;ATIVO
13951;1043;733.62;21.3;36;4.53;2022-03-28;ATIVO
13952;7488;15598.33;444.9;36;2.68;2024-01-26;QUITADO
13953;1080;6194.81;173.51;36;0.83;2021-12-27;QUITADO
13954;8023;8742.65;374.19;24;2.72;2023-12-29;ATIVO
13955;8491;2576.75;146.36;18;2.24;2022-12-05;ATIVO
13956;7046;14970.3;848.65;18;2.04;2022-08-05;INADIMPLENTE
13957;370;18766.21;526.44;36;0.99;2024-08-15;ATIVO
13958;963;15012.28;1265.03;12;1.12;2023-05-28;QUITADO
13959;8670;4108.0;351.3;12;2.62;2022-02-23;ATIVO
13960;7101;2403.0;216.05;12;7.89;2022-02-20;ATIVO
13961;1465;20884.65;440.06;48;1.14;2023-07-06;ATIVO
13962;1455;6871.66;609.12;12;6.37;2023-10-06;ATIVO
13963;3766;9156.71;257.35;36;1.18;2022-02-06;ATIVO
13964;5760;2450.55;105.64;24;3.46;2022-11-07;ATIVO
13965;43;1588.15;69.13;24;4.47;2022-06-01;ATIVO
13966;2864;3359.22;73.52;48;5.06;2024-06-14;ATIVO
13967;1233;18297.49;779.63;24;2.26;2021-03-13;QUITADO
13968;8366;1303.05;57.06;24;5.09;2021-07-11;ATIVO
13969;8404;34053.39;716.89;48;1.05;2024-01-11;QUITADO
13970;7750;15349.71;1291.42;12;0.96;2022-04-21;ATIVO
13971;8980;4171.02;88.83;48;2.23;2024-08-31;ATIVO
13972;7983;3025.75;540.05;6;7.09;2022-02-26;INADIMPLENTE
13973;6839;4632.82;810.82;6;5.01;2021-04-23;QUITADO
13974;5987;2320.78;137.54;18;6.68;2021-06-20;ATIVO
13975;5220;15485.64;1301.44;12;0.85;2024-09-17;QUITADO
13976;7244;18761.31;397.82;48;1.78;2024-09-03;ATIVO
13977;4694;740.54;32.11;24;4.08;2022-04-13;QUITADO
13978;191;4550.51;408.94;12;7.84;2021-09-16;INADIMPLENTE
13979;5994;15718.53;2692.06;6;2.76;2023-03-24;ATIVO
13980;1893;12959.81;369.28;36;2.58;2024-11-25;ATIVO
13981;8808;8862.92;760.66;12;2.99;2021-01-02;QUITADO
13982;4121;1313.37;37.58;36;3.0;2023-04-27;QUITADO
13983;1677;11334.79;324.65;36;3.11;2023-04-15;ATIVO
13984;9325;18525.03;397.9;48;3.1;2024-06-04;ATIVO
13985;6859;9607.12;410.38;24;2.52;2024-02-23;ATIVO
13986;9450;11947.17;343.12;36;3.39;2024-03-11;ATIVO
13987;7627;11908.92;2044.76;6;3.02;2021-06-26;QUITADO
13988;8144;1465.31;43.91;36;7.87;2022-09-18;ATIVO
13989;5030;4944.22;422.98;12;2.66;2022-10-18;QUITADO
13990;9574;11803.11;998.64;12;1.53;2023-06-27;ATIVO
13991;7430;1463.76;32.07;48;5.16;2023-03-07;ATIVO
13992;9578;17114.94;366.22;48;2.71;2023-03-23;QUITADO
13993;6150;5654.4;491.74;12;4.36;2021-04-24;INADIMPLENTE
13994;3928;1113.18;98.92;12;6.64;2021-01-27;ATIVO
13995;2647;6776.67;606.0;12;7.31;2022-02-17;ATIVO
13996;7526;12410.0;526.6;24;1.84;2024-06-01;QUITADO
13997;1848;2857.04;80.66;36;1.64;2023-02-12;ATIVO
13998;3359;17796.77;3033.16;6;2.26;2021-06-01;QUITADO
13999;8687;19898.38;847.17;24;2.18;2022-08-24;QUITADO
14000;2542;15729.18;901.46;18;3.16;2023-04-26;ATIVO
14001;2672;5037.98;449.6;12;7.09;2022-01-28;INADIMPLENTE
14002;3377;6327.34;186.83;36;6.3;2023-08-26;QUITADO
14003;126;3743.97;661.62;6;6.03;2021-04-17;QUITADO
14004;4248;526.72;23.23;24;5.87;2021-01-07;QUITADO
14005;5804;1701.97;296.14;6;4.4;2021-01-27;QUITADO
14006;6228;4279.71;127.46;36;7.22;2022-09-19;ATIVO
14007;4488;13541.86;388.28;36;3.22;2021-06-15;INADIMPLENTE
14008;4363;19724.78;558.32;36;1.9;2023-07-31;QUITADO
14009;835;17739.47;3015.41;6;1.99;2023-01-18;QUITADO
14010;6485;10837.28;230.13;48;1.93;2024-09-13;ATIVO
14011;3005;9537.9;804.52;12;1.22;2024-06-30;QUITADO
14012;8251;2832.72;62.95;48;6.67;2022-07-12;QUITADO
14013;3435;7079.1;614.88;12;4.23;2022-05-03;ATIVO
14014;8966;1434.12;255.32;6;6.82;2021-06-24;QUITADO
14015;1934;19419.24;821.6;24;1.54;2021-10-31;QUITADO
14016;2481;6806.43;202.04;36;6.86;2024-07-16;ATIVO
14017;4453;5843.14;524.76;12;7.77;2021-05-21;ATIVO
14018;7315;6101.93;132.3;48;4.07;2021-07-13;ATIVO
14019;3609;7751.43;1339.45;6;3.68;2021-01-12;QUITADO
14020;2387;19479.21;419.33;48;3.33;2024-05-12;ATIVO
14021;4208;4360.57;128.04;36;5.71;2023-09-15;QUITADO
14022;141;6348.65;136.03;48;2.85;2024-08-03;QUITADO
14023;7965;1638.03;69.49;24;1.81;2024-10-10;QUITADO
14024;39;9699.47;208.56;48;3.21;2023-04-11;ATIVO
14025;5702;3700.48;330.88;12;7.3;2021-07-30;INADIMPLENTE
14026;8791;7269.76;409.85;18;1.48;2022-11-16;QUITADO
14027;8780;12339.76;261.96;48;1.9;2024-07-18;ATIVO
14028;9656;1508.47;131.68;12;4.75;2023-02-25;INADIMPLENTE
14029;6154;16359.75;1392.62;12;2.15;2023-08-27;QUITADO
14030;3447;7165.15;310.07;24;3.86;2024-11-22;INADIMPLENTE
14031;5423;5588.4;971.45;6;4.3;2023-09-14;ATIVO
14032;2385;16412.63;1414.08;12;3.39;2022-04-13;QUITADO
14033;464;7819.51;349.24;24;7.19;2023-02-02;INADIMPLENTE
14034;7176;34795.66;1949.14;18;0.83;2022-06-16;ATIVO
14035;7701;2580.25;55.12;48;2.53;2022-08-10;QUITADO
14036;3266;17662.38;1515.87;12;2.99;2023-05-01;QUITADO
14037;1743;7921.6;341.75;24;3.54;2021-06-17;INADIMPLENTE
14038;8864;10736.68;228.98;48;2.37;2024-12-28;QUITADO
14039;9039;6019.41;263.93;24;5.23;2022-02-14;ATIVO
14040;9382;1639.97;36.08;48;5.59;2022-10-10;QUITADO
14041;4442;11359.73;323.31;36;2.46;2022-05-09;ATIVO
14042;6057;4997.89;219.3;24;5.31;2021-03-08;ATIVO
14043;2414;5022.83;141.89;36;1.7;2024-06-12;QUITADO
14044;2318;1264.05;111.67;12;6.01;2024-03-11;QUITADO
14045;2993;24874.38;698.0;36;1.02;2021-09-17;ATIVO
14046;9954;5543.39;481.72;12;4.28;2024-10-19;ATIVO
14047;6897;17534.64;1007.95;18;3.47;2023-12-21;ATIVO
14048;5965;2107.52;185.16;12;5.43;2024-09-06;QUITADO
14049;6291;16661.54;1412.9;12;1.76;2021-10-23;INADIMPLENTE
14050;999;2446.61;417.31;6;2.34;2022-06-14;ATIVO
14051;3687;7647.72;677.84;12;6.36;2022-01-29;QUITADO
14052;7688;3224.59;144.46;24;7.52;2022-11-23;ATIVO
14053;3595;3889.96;693.06;6;6.9;2023-04-08;QUITADO
14054;1320;5283.95;305.27;18;3.99;2021-09-12;QUITADO
14055;7423;5523.87;471.69;12;2.47;2021-09-13;ATIVO
14056;2694;19002.79;532.18;36;0.82;2024-01-04;ATIVO
14057;9538;7489.51;669.37;12;7.25;2024-11-30;INADIMPLENTE
14058;3112;1507.01;32.47;48;3.42;2021-07-25;QUITADO
14059;6711;3589.34;157.72;24;5.46;2023-06-04;ATIVO
14060;6512;578.0;51.9;12;7.76;2023-03-15;INADIMPLENTE
14061;5230;5984.61;265.54;24;6.49;2022-08-21;ATIVO
14062;5383;20549.9;433.77;48;1.32;2024-07-07;QUITADO
14063;4587;16710.93;708.2;24;1.71;2024-09-20;QUITADO
14064;8066;14555.83;627.11;24;3.4;2021-08-23;INADIMPLENTE
14065;1766;27123.06;570.15;48;0.9;2023-02-09;QUITADO
14066;8037;7887.42;471.67;18;7.64;2024-11-15;QUITADO
14067;6149;3335.38;196.68;18;6.14;2023-05-27;QUITADO
14068;7366;7396.87;435.76;18;6.04;2024-05-09;INADIMPLENTE
14069;888;5289.68;939.36;6;6.55;2022-01-10;QUITADO
14070;5014;4041.0;172.75;24;2.6;2024-12-01;QUITADO
14071;3657;12675.87;718.93;18;2.09;2024-01-21;QUITADO
14072;209;37127.0;2081.79;18;0.93;2023-08-17;ATIVO
14073;7659;18249.82;768.55;24;1.07;2024-09-30;ATIVO
14074;2218;1785.37;315.45;6;6.01;2021-08-12;QUITADO
14075;4874;13595.35;384.75;36;1.88;2022-05-22;QUITADO
14076;2819;45503.27;3831.75;12;1.05;2024-10-12;QUITADO
14077;4291;5456.11;466.22;12;2.54;2024-10-15;ATIVO
14078;6756;7078.95;1235.16;6;4.69;2022-08-13;ATIVO
14079;7702;3250.14;190.3;18;5.39;2021-11-21;INADIMPLENTE
14080;539;4193.77;725.52;6;3.8;2022-11-23;INADIMPLENTE
14081;9058;16684.85;1433.78;12;3.12;2023-02-14;ATIVO
14082;5151;25454.83;716.69;36;1.36;2022-01-31;QUITADO
14083;8730;16334.31;2811.41;6;3.27;2021-10-25;QUITADO
14084;5856;7203.2;1216.26;6;1.31;2022-07-04;ATIVO
14085;7285;865.68;37.64;24;4.36;2023-08-08;ATIVO
14086;8345;1337.1;228.71;6;2.63;2024-07-28;QUITADO
14087;5284;46001.16;2577.6;18;0.86;2022-02-04;QUITADO
14088;9652;10549.74;597.0;18;1.86;2021-05-08;ATIVO
14089;5893;5089.37;303.52;18;7.35;2022-11-25;ATIVO
14090;6337;6511.69;561.85;12;3.54;2023-09-22;ATIVO
14091;427;1425.75;61.81;24;4.05;2022-02-14;ATIVO
14092;5999;11155.37;629.91;18;1.64;2022-07-19;ATIVO
14093;3355;7422.93;313.37;24;1.32;2023-07-11;ATIVO
14094;6773;8246.24;177.43;48;3.28;2023-06-06;ATIVO
14095;982;12628.91;267.79;48;1.78;2021-03-09;ATIVO
14096;7772;19547.55;418.77;48;2.83;2023-05-14;QUITADO
14097;2716;3492.7;610.93;6;4.95;2021-09-29;ATIVO
14098;4347;7065.09;406.2;18;3.49;2023-09-03;ATIVO
14099;620;10167.07;582.8;18;3.18;2021-12-03;QUITADO
14100;8926;984.78;58.56;18;7.03;2021-09-02;QUITADO
14101;8852;15601.11;656.87;24;1.05;2023-06-18;QUITADO
14102;1127;6132.0;275.28;24;7.74;2021-05-02;ATIVO
14103;7823;1118.5;32.01;36;3.03;2022-11-30;ATIVO
14104;3632;7571.86;321.93;24;2.04;2024-07-28;QUITADO
14105;4278;16307.74;348.88;48;2.69;2023-08-31;ATIVO
14106;3283;13697.46;389.24;36;2.3;2024-09-03;QUITADO
14107;3811;1956.16;113.06;18;4.03;2022-09-01;ATIVO
14108;6132;47624.76;1006.67;48;1.46;2022-03-15;QUITADO
14109;7551;48369.72;4075.15;12;1.1;2021-01-12;ATIVO
14110;4361;7828.85;1362.61;6;4.43;2021-09-23;ATIVO
14111;7275;1741.35;74.57;24;2.78;2021-03-07;QUITADO
14112;2665;9926.63;423.49;24;2.39;2023-05-09;ATIVO
14113;6085;1823.67;313.52;6;3.15;2023-06-09;ATIVO
14114;5435;5320.48;237.78;24;7.26;2021-02-03;ATIVO
14115;7776;5046.82;295.86;18;5.52;2023-02-27;INADIMPLENTE
14116;9903;1414.31;80.76;18;2.79;2022-11-18;QUITADO
14117;2322;2273.48;402.25;6;6.16;2024-04-10;QUITADO
14118;340;11899.95;1018.04;12;2.66;2022-07-15;QUITADO
14119;8610;5822.15;1016.06;6;4.71;2024-08-30;ATIVO
14120;33;2623.01;74.9;36;2.8;2021-03-31;QUITADO
14121;2882;4695.67;136.1;36;4.34;2024-12-02;INADIMPLENTE
14122;4654;3890.48;83.18;48;2.62;2021-12-21;ATIVO
14123;922;2933.14;169.68;18;4.13;2023-07-02;QUITADO
14124;4477;7108.44;1273.6;6;7.5;2024-06-23;INADIMPLENTE
14125;8525;14662.34;315.61;48;3.32;2021-03-31;QUITADO
14126;6545;7645.43;1348.78;6;5.85;2023-06-08;QUITADO
14127;3117;2241.02;196.52;12;5.23;2022-06-29;ATIVO
14128;906;5338.74;115.18;48;3.56;2023-02-19;ATIVO
14129;8517;2485.01;106.91;24;3.25;2024-03-04;QUITADO
14130;5016;5662.03;480.99;12;1.94;2022-05-24;QUITADO
14131;8889;6538.17;557.16;12;2.26;2023-12-30;QUITADO
14132;7595;13652.85;1155.49;12;1.56;2021-12-31;ATIVO
14133;4434;8338.63;477.06;18;2.98;2022-07-01;ATIVO
14134;8118;6377.36;1139.1;6;7.17;2023-04-10;QUITADO
14135;4190;19498.66;829.51;24;2.1;2021-07-16;QUITADO
14136;296;17638.16;378.78;48;3.08;2023-10-30;ATIVO
14137;5187;3154.57;89.66;36;2.32;2021-08-12;QUITADO
14138;4672;25984.71;547.03;48;1.05;2021-02-07;ATIVO
14139;9779;5682.64;167.86;36;6.34;2022-06-01;ATIVO
14140;1645;3791.53;83.78;48;6.07;2024-06-04;ATIVO
14141;2450;1554.55;268.06;6;3.46;2024-10-02;ATIVO
14142;9670;4570.24;813.5;6;6.8;2021-10-13;ATIVO
14143;6401;43509.95;1831.77;24;1.04;2021-03-04;INADIMPLENTE
14144;7904;5125.05;111.26;48;4.2;2021-12-06;QUITADO
14145;6149;2491.57;74.59;36;7.78;2024-04-12;INADIMPLENTE
14146;4819;9319.74;534.75;18;3.28;2023-09-02;QUITADO
14147;8565;8785.08;495.87;18;1.6;2024-05-31;QUITADO
14148;2976;7257.41;1237.27;6;2.29;2024-10-12;QUITADO
14149;2288;1869.23;331.66;6;6.46;2024-10-23;QUITADO
14150;41;3881.19;171.52;24;6.06;2024-11-22;ATIVO
14151;7398;16129.81;687.8;24;2.34;2021-01-15;QUITADO
14152;8821;14102.19;604.04;24;2.8;2024-09-19;QUITADO
14153;4614;3526.34;152.26;24;3.63;2021-05-23;QUITADO
14154;6415;9291.99;788.12;12;1.78;2022-11-12;ATIVO
14155;4447;4865.14;854.24;6;5.35;2021-10-16;QUITADO
14156;6219;2262.73;194.58;12;3.19;2023-10-25;ATIVO
14157;4714;720.59;32.05;24;6.76;2021-08-12;ATIVO
14158;9066;6615.42;393.4;18;7.04;2022-01-02;QUITADO
14159;9860;41585.79;878.85;48;1.44;2022-08-22;ATIVO
14160;9102;8306.06;354.74;24;2.5;2023-12-04;QUITADO
14161;1162;3324.15;141.54;24;2.19;2023-12-17;ATIVO
14162;7593;2555.79;73.71;36;3.83;2021-02-14;QUITADO
14163;504;6064.96;259.73;24;2.78;2022-04-21;ATIVO
14164;7541;5643.22;1011.92;6;7.59;2021-03-29;ATIVO
14165;7786;5367.42;238.96;24;6.85;2021-10-08;ATIVO
14166;4243;25097.17;1411.44;18;1.23;2021-09-12;ATIVO
14167;4964;1319.3;114.32;12;3.98;2024-06-03;ATIVO
14168;3603;7817.07;225.13;36;3.68;2023-10-26;ATIVO
14169;8487;10563.75;1819.96;6;3.37;2024-04-09;QUITADO
14170;5996;7673.3;172.63;48;7.99;2024-07-19;INADIMPLENTE
14171;1795;12578.01;265.45;48;1.3;2024-11-27;ATIVO
14172;1114;39824.57;837.56;48;0.95;2022-09-10;ATIVO
14173;6378;3680.09;162.74;24;6.13;2023-11-15;QUITADO
14174;4568;4331.32;124.9;36;3.81;2022-11-23;INADIMPLENTE
14175;4632;18661.42;3215.67;6;3.39;2024-04-22;ATIVO
14176;4027;4580.81;270.98;18;6.48;2021-12-02;QUITADO
14177;5109;18559.0;1573.96;12;1.77;2021-09-07;ATIVO
14178;4153;6910.92;595.49;12;3.4;2022-04-06;ATIVO
14179;1373;3218.63;185.71;18;3.86;2023-09-17;ATIVO
14180;7280;4865.17;217.27;24;7.18;2024-07-14;ATIVO
14181;6435;16667.29;953.37;18;2.96;2024-07-01;QUITADO
14182;3522;14050.63;401.85;36;2.96;2024-09-18;QUITADO
14183;5046;5427.95;478.56;12;5.8;2021-06-10;ATIVO
14184;1054;5831.94;520.31;12;7.06;2021-02-05;ATIVO
14185;6521;767.24;67.26;12;5.2;2024-04-08;ATIVO
14186;7608;16077.89;1369.03;12;2.18;2024-12-22;ATIVO
14187;85;4357.73;252.39;18;4.25;2024-08-12;QUITADO
14188;521;10853.92;304.06;36;0.85;2024-09-23;QUITADO
14189;6343;2067.79;92.11;24;6.91;2024-11-26;ATIVO
14190;7121;4328.26;381.79;12;5.85;2021-06-07;QUITADO
14191;9993;6559.56;1109.77;6;1.51;2022-06-23;QUITADO
14192;9585;11022.5;475.02;24;3.43;2022-07-30;ATIVO
14193;263;2126.74;369.7;6;4.3;2024-04-12;ATIVO
14194;7126;42491.45;7147.06;6;0.92;2023-12-28;QUITADO
14195;921;10234.73;437.62;24;2.62;2024-07-28;QUITADO
14196;1446;15169.42;434.73;36;3.17;2022-02-08;ATIVO
14197;947;4780.59;276.64;18;4.16;2021-04-25;QUITADO
14198;5878;3330.53;96.09;36;3.86;2021-02-11;INADIMPLENTE
14199;7965;8893.94;1507.23;6;1.68;2023-08-09;QUITADO
14200;3435;1788.32;51.96;36;4.59;2021-08-03;QUITADO
14201;5738;3978.08;236.85;18;7.17;2024-07-05;QUITADO
14202;738;5906.49;261.88;24;6.41;2023-10-03;INADIMPLENTE
14203;1754;10568.12;298.84;36;1.8;2024-06-25;QUITADO
14204;1659;9186.14;528.1;18;3.48;2024-08-09;INADIMPLENTE
14205;9357;3006.72;173.3;18;3.75;2023-01-29;QUITADO
14206;3990;19531.39;3319.36;6;1.97;2021-04-13;QUITADO
14207;2854;9273.51;398.37;24;3.1;2021-06-19;ATIVO
14208;5414;3909.5;171.61;24;5.35;2023-07-01;ATIVO
14209;8723;13828.98;392.36;36;2.14;2022-11-09;QUITADO
14210;4978;4990.82;848.61;6;2.02;2024-12-01;QUITADO
14211;9409;34342.74;5794.76;6;1.24;2021-05-31;ATIVO
14212;7037;4928.8;870.18;6;5.93;2022-07-26;ATIVO
14213;5900;45526.29;961.17;48;1.34;2021-08-25;QUITADO
14214;5467;4824.02;141.75;36;5.78;2022-05-10;INADIMPLENTE
14215;9648;686.92;39.59;18;3.73;2024-10-16;QUITADO
14216;2932;5046.93;453.17;12;7.75;2024-04-06;ATIVO
14217;917;16148.29;457.67;36;2.03;2024-07-03;QUITADO
14218;8248;12954.42;552.94;24;2.44;2023-04-22;ATIVO
14219;6549;10241.92;576.62;18;1.34;2023-08-07;ATIVO
14220;8747;1939.59;328.34;6;1.57;2024-03-20;QUITADO
14221;4526;18679.21;792.39;24;1.81;2022-04-18;ATIVO
14222;1970;7356.2;323.34;24;5.49;2023-04-03;ATIVO
14223;9416;5513.37;241.1;24;4.95;2021-08-25;ATIVO
14224;2588;19718.74;1125.28;18;2.72;2023-09-16;ATIVO
14225;2744;1813.75;102.61;18;1.83;2021-05-22;QUITADO
14226;6655;29588.3;1664.51;18;1.26;2021-05-28;QUITADO
14227;1966;19517.08;416.49;48;2.43;2024-09-11;QUITADO
14228;661;18808.23;405.12;48;3.39;2024-08-25;ATIVO
14229;5246;4081.05;177.76;24;4.54;2021-12-15;INADIMPLENTE
14230;611;4920.39;107.68;48;5.05;2021-02-28;QUITADO
14231;1452;1935.02;56.59;36;5.29;2024-11-22;QUITADO
14232;8501;1673.32;291.41;6;4.49;2024-11-30;QUITADO
14233;5622;5469.96;958.34;6;5.12;2021-03-04;ATIVO
14234;4103;7785.14;1378.36;6;6.23;2021-12-24;QUITADO
14235;29;4923.25;436.16;12;6.31;2022-07-14;ATIVO
14236;832;7654.56;1350.39;6;5.85;2022-03-23;QUITADO
14237;1204;1226.97;108.98;12;6.58;2022-10-31;ATIVO
14238;9809;1498.93;64.53;24;3.32;2024-11-09;QUITADO
14239;5568;17980.48;3046.79;6;1.67;2021-12-07;ATIVO
14240;6203;5641.61;121.95;48;3.76;2022-12-01;ATIVO
14241;7832;12026.89;344.7;36;3.18;2023-09-02;QUITADO
14242;4008;5070.01;224.43;24;6.24;2022-04-08;ATIVO
14243;3463;2769.14;244.26;12;5.85;2022-10-30;ATIVO
14244;5916;6963.31;206.52;36;6.77;2021-08-21;QUITADO
14245;9424;8301.02;710.71;12;2.74;2024-10-23;QUITADO
14246;4212;1928.59;83.34;24;3.71;2022-04-23;ATIVO
14247;8180;9845.48;209.79;48;2.28;2022-12-06;QUITADO
14248;7425;38874.04;6552.22;6;1.13;2023-11-28;ATIVO
14249;4949;978.05;28.2;36;3.81;2024-12-24;QUITADO
14250;2406;14883.86;629.59;24;1.52;2023-10-11;ATIVO
14251;2493;11276.07;970.31;12;3.26;2023-05-25;QUITADO
14252;8846;8799.0;501.3;18;2.55;2024-11-19;QUITADO
14253;4895;2771.41;165.16;18;7.27;2022-12-29;ATIVO
14254;196;3861.65;347.0;12;7.83;2021-05-17;ATIVO
14255;9487;1834.39;155.34;12;1.62;2023-04-21;QUITADO
14256;5472;19142.4;548.91;36;3.23;2024-12-14;QUITADO
14257;4786;6862.01;603.29;12;5.5;2023-08-30;ATIVO
14258;8039;18762.48;1064.67;18;2.14;2023-12-08;QUITADO
14259;8305;2192.58;125.09;18;2.69;2022-12-18;ATIVO
14260;492;1232.79;53.47;24;4.09;2022-12-08;QUITADO
14261;1061;32404.1;1362.86;24;0.94;2024-03-08;QUITADO
14262;168;9577.89;1628.24;6;2.0;2021-05-15;ATIVO
14263;5033;5904.3;349.34;18;6.5;2024-02-04;INADIMPLENTE
14264;9691;16559.9;709.25;24;2.79;2023-12-14;ATIVO
14265;6456;6368.41;182.6;36;3.22;2021-12-18;ATIVO
14266;1374;4034.49;229.5;18;2.39;2022-11-09;QUITADO
14267;595;4215.21;120.84;36;3.2;2022-01-23;ATIVO
14268;5189;14752.95;1268.51;12;3.18;2022-07-16;ATIVO
14269;5594;17220.9;1457.46;12;1.56;2021-03-08;ATIVO
14270;5640;14957.62;322.37;48;3.45;2021-05-30;ATIVO
14271;7406;7109.29;154.2;48;4.11;2024-04-03;ATIVO
14272;5928;5114.58;893.09;6;4.77;2022-10-03;QUITADO
14273;883;1302.92;117.18;12;7.92;2024-10-07;INADIMPLENTE
14274;7097;2738.61;159.16;18;4.61;2024-09-19;ATIVO
14275;8780;14117.13;2394.27;6;1.76;2021-05-07;ATIVO
14276;2432;2769.85;496.03;6;7.45;2023-06-24;ATIVO
14277;5042;16688.4;956.34;18;3.15;2024-07-01;ATIVO
14278;835;2854.41;244.46;12;2.77;2023-11-10;QUITADO
14279;5186;2718.07;157.66;18;4.41;2021-07-18;QUITADO
14280;3474;4929.3;213.6;24;4.0;2024-12-04;ATIVO
14281;9857;3885.81;86.84;48;7.27;2021-12-29;ATIVO
14282;2229;5171.82;926.53;6;7.49;2023-04-29;QUITADO
14283;8331;5067.68;298.71;18;6.1;2023-07-26;QUITADO
14284;8032;39535.82;1667.92;24;1.25;2023-04-29;ATIVO
14285;9711;7668.12;443.64;18;4.14;2023-03-09;INADIMPLENTE
14286;5846;2067.31;363.43;6;5.48;2024-11-24;INADIMPLENTE
14287;4691;3791.1;81.57;48;3.28;2023-09-22;QUITADO
14288;6115;4336.4;93.22;48;3.19;2024-04-14;QUITADO
14289;5616;18915.76;811.01;24;2.9;2024-05-21;QUITADO
14290;9155;14568.52;2502.63;6;3.07;2023-04-09;QUITADO
14291;7074;5379.1;239.44;24;6.83;2022-08-19;ATIVO
14292;9591;4246.97;369.13;12;4.3;2022-09-09;ATIVO
14293;7193;24891.12;1048.12;24;1.06;2022-01-26;ATIVO
14294;6439;3239.6;71.91;48;6.54;2023-07-30;QUITADO
14295;7129;2658.48;225.73;12;1.89;2023-01-20;ATIVO
14296;5807;12629.16;716.21;18;2.08;2024-02-25;QUITADO
14297;780;17334.94;730.02;24;1.07;2022-08-19;QUITADO
14298;7027;2182.93;190.84;12;4.91;2021-12-02;ATIVO
14299;5772;3098.32;66.69;48;3.32;2023-02-05;QUITADO
14300;1713;1083.26;48.61;24;7.69;2023-10-22;ATIVO
14301;5422;7088.1;154.08;48;4.34;2021-10-25;ATIVO
14302;6680;757.08;44.71;18;6.3;2023-06-01;ATIVO
14303;5261;4380.56;251.93;18;3.52;2023-03-02;ATIVO
14304;6898;5535.62;327.74;18;6.57;2021-03-10;INADIMPLENTE
14305;4632;6467.82;184.05;36;2.44;2021-04-04;QUITADO
14306;3548;3065.61;131.59;24;3.02;2024-07-02;QUITADO
14307;9551;10181.39;435.85;24;2.74;2024-05-23;QUITADO
14308;8079;4555.35;272.38;18;7.63;2024-02-15;ATIVO
14309;6082;18729.65;1586.71;12;1.66;2023-10-01;ATIVO
14310;586;3013.3;171.42;18;2.4;2021-11-29;QUITADO
14311;7792;14343.49;612.53;24;2.49;2024-07-22;QUITADO
14312;9058;4884.66;209.57;24;2.97;2021-06-19;QUITADO
14313;7095;6701.45;599.39;12;7.33;2021-03-14;INADIMPLENTE
14314;1805;6502.33;284.12;24;4.87;2022-05-27;ATIVO
14315;5363;16952.86;1455.83;12;3.05;2023-03-05;ATIVO
14316;7253;10621.65;1802.85;6;1.84;2024-08-08;QUITADO
14317;6545;6022.56;179.49;36;7.29;2023-07-24;QUITADO
14318;2390;7521.08;1329.1;6;6.03;2021-08-02;ATIVO
14319;168;5030.51;216.06;24;3.08;2022-04-15;ATIVO
14320;2537;8363.25;240.4;36;3.48;2024-12-13;QUITADO
14321;1710;7233.48;211.62;36;5.32;2023-06-20;ATIVO
14322;966;7710.49;227.35;36;6.15;2023-06-17;QUITADO
14323;2860;8234.46;351.85;24;2.55;2023-02-17;QUITADO
14324;2637;6182.69;1089.18;6;5.7;2023-06-07;ATIVO
14325;6365;4300.81;92.37;48;3.09;2024-11-13;ATIVO
14326;1505;10366.73;1766.32;6;2.23;2023-07-01;QUITADO
14327;8013;1711.97;298.08;6;4.47;2021-10-10;INADIMPLENTE
14328;2345;5508.37;484.42;12;5.53;2021-06-24;ATIVO
14329;6389;1424.98;42.41;36;7.15;2023-06-29;ATIVO
14330;8838;48105.3;1355.23;36;1.42;2023-04-06;ATIVO
14331;6106;3940.24;702.02;6;6.9;2023-05-29;INADIMPLENTE
14332;5432;16799.54;478.09;36;2.45;2024-06-25;QUITADO
14333;4990;6791.17;589.53;12;4.17;2023-06-03;ATIVO
14334;7627;8868.85;1514.8;6;2.48;2023-07-06;ATIVO
14335;9276;6315.15;359.61;18;2.5;2022-09-07;QUITADO
14336;7346;18572.95;396.92;48;2.58;2021-08-20;QUITADO
14337;5470;3558.05;308.6;12;4.08;2023-02-13;ATIVO
14338;8195;10047.83;858.42;12;2.52;2023-08-21;ATIVO
14339;4963;6139.61;173.15;36;1.53;2024-10-18;QUITADO
14340;4197;42625.53;1800.93;24;1.4;2023-09-19;ATIVO
14341;113;5758.55;332.59;18;3.96;2023-12-14;ATIVO
14342;894;7701.66;170.75;48;6.42;2021-09-15;ATIVO
14343;8332;18294.51;785.29;24;3.02;2024-02-11;ATIVO
14344;7101;7794.36;695.58;12;7.09;2024-11-08;INADIMPLENTE
14345;1360;4294.89;376.2;12;5.11;2024-02-28;ATIVO
14346;2850;2457.17;105.32;24;2.87;2024-09-24;ATIVO
14347;2347;8975.46;383.93;24;2.66;2022-06-29;ATIVO
14348;3754;7005.53;1188.84;6;1.82;2021-10-01;QUITADO
14349;8332;8425.9;1445.18;6;2.91;2024-04-18;QUITADO
14350;1930;5928.8;175.87;36;6.79;2024-12-28;ATIVO
14351;6883;10256.19;435.03;24;1.8;2024-09-10;QUITADO
14352;5993;4631.17;132.91;36;3.32;2024-02-22;QUITADO
14353;5091;7824.06;347.71;24;6.66;2024-07-07;QUITADO
14354;5898;15273.15;1288.54;12;1.24;2023-05-14;ATIVO
14355;711;16479.65;1414.64;12;3.01;2023-06-12;QUITADO
14356;3659;6285.03;278.82;24;6.47;2022-03-10;ATIVO
14357;529;5980.16;506.12;12;1.56;2022-02-18;QUITADO
14358;3095;3599.01;76.61;48;2.18;2024-06-10;ATIVO
14359;6242;2295.16;407.51;6;6.53;2023-07-27;INADIMPLENTE
14360;4218;6063.23;131.16;48;3.83;2023-04-12;ATIVO
14361;2893;14791.58;627.29;24;1.78;2023-06-12;QUITADO
14362;9650;11041.83;234.68;48;2.02;2022-09-22;ATIVO
14363;5571;711.12;41.82;18;5.85;2023-02-26;INADIMPLENTE
14364;3694;7776.53;678.05;12;4.63;2021-06-13;QUITADO
14365;2283;8615.92;369.48;24;2.92;2021-04-01;ATIVO
14366;6045;32581.46;1375.34;24;1.31;2021-10-21;ATIVO
14367;3030;20009.69;1687.98;12;1.23;2022-12-28;ATIVO
14368;9588;548.01;16.35;36;7.42;2021-04-17;INADIMPLENTE
14369;8075;2453.7;70.78;36;3.84;2021-01-30;ATIVO
14370;2580;1037.96;45.54;24;5.31;2024-07-07;QUITADO
14371;3359;12279.15;261.39;48;2.18;2023-01-17;QUITADO
14372;2248;19262.06;412.81;48;2.87;2023-03-29;QUITADO
14373;2969;35697.91;3016.18;12;1.39;2023-05-31;INADIMPLENTE
14374;7047;2200.65;127.48;18;4.27;2021-02-14;INADIMPLENTE
14375;1819;6036.51;132.06;48;5.01;2022-08-25;ATIVO
14376;4177;19140.37;406.41;48;1.92;2023-05-09;ATIVO
14377;9509;4008.67;113.04;36;1.52;2022-07-16;ATIVO
14378;9703;18938.77;1630.31;12;3.3;2022-08-04;ATIVO
14379;4444;8135.19;174.92;48;3.21;2023-11-25;QUITADO
14380;5890;3889.43;225.63;18;4.42;2024-05-03;ATIVO
14381;4486;2441.52;144.96;18;6.87;2023-12-12;ATIVO
14382;8803;5729.94;504.57;12;5.67;2022-03-14;ATIVO
14383;6130;4032.93;718.4;6;6.88;2021-03-30;INADIMPLENTE
14384;3843;8162.03;1401.15;6;3.0;2021-02-15;ATIVO
14385;7447;18893.8;3222.34;6;2.33;2023-02-03;ATIVO
14386;7277;27282.72;1533.44;18;1.17;2024-10-11;ATIVO
14387;1121;14783.54;313.41;48;1.76;2024-01-05;ATIVO
14388;457;6190.99;1057.52;6;2.49;2022-10-10;ATIVO
14389;8815;13465.11;288.97;48;3.01;2023-01-28;QUITADO
14390;5947;627.2;37.61;18;7.95;2023-10-05;ATIVO
14391;1351;5915.34;169.97;36;3.44;2023-02-10;QUITADO
14392;8676;6991.3;206.48;36;6.32;2022-01-10;INADIMPLENTE
14393;1362;4661.98;807.53;6;3.93;2024-03-13;QUITADO
14394;4150;1746.35;102.13;18;5.27;2021-05-07;ATIVO
14395;2957;39485.89;1668.28;24;1.4;2023-01-20;ATIVO
14396;2589;2924.9;85.16;36;4.81;2021-06-02;ATIVO
14397;4625;42990.4;7258.21;6;1.3;2021-04-14;ATIVO
14398;1639;36879.52;3111.71;12;1.25;2023-05-25;ATIVO
14399;2631;48771.94;1029.09;48;1.28;2023-05-15;ATIVO
14400;9411;4972.46;438.07;12;5.72;2023-05-11;QUITADO
14401;2496;2767.5;161.73;18;5.19;2021-07-19;ATIVO
14402;986;15966.42;343.54;48;3.28;2021-05-14;QUITADO
14403;8563;4421.65;98.86;48;7.32;2021-03-28;INADIMPLENTE
14404;6828;14392.21;615.09;24;2.57;2023-01-09;QUITADO
14405;3707;5373.38;160.95;36;7.83;2023-02-22;ATIVO
14406;2800;8740.0;740.79;12;1.71;2024-09-07;ATIVO
14407;7615;6683.79;1201.19;6;7.83;2024-11-18;ATIVO
14408;5631;4869.62;105.36;48;3.85;2023-02-21;INADIMPLENTE
14409;2832;15261.11;652.29;24;2.58;2022-07-18;ATIVO
14410;1389;1778.14;159.94;12;7.94;2023-11-07;ATIVO
14411;9210;26855.55;565.81;48;1.13;2022-05-29;ATIVO
14412;3790;7451.66;1300.31;6;4.7;2024-01-09;INADIMPLENTE
14413;199;2724.3;477.84;6;5.24;2022-04-11;ATIVO
14414;1739;1984.58;341.65;6;3.29;2024-01-11;QUITADO
14415;7624;18403.21;1558.14;12;1.6;2024-12-31;QUITADO
14416;2593;15436.88;331.12;48;2.96;2022-04-20;QUITADO
14417;2396;5754.02;125.79;48;4.93;2023-09-14;QUITADO
14418;9185;1880.29;325.76;6;3.95;2024-04-16;INADIMPLENTE
14419;1796;2593.19;440.58;6;1.94;2022-01-10;QUITADO
14420;9718;2213.36;127.1;18;3.36;2024-09-05;ATIVO
14421;3431;3012.42;177.6;18;6.12;2022-03-16;QUITADO
14422;1786;5896.49;348.32;18;6.33;2021-09-02;QUITADO
14423;958;3680.4;159.85;24;4.24;2024-11-28;INADIMPLENTE
14424;6806;13483.97;572.28;24;1.86;2024-02-25;ATIVO
14425;7506;3440.2;616.48;6;7.52;2024-06-10;ATIVO
14426;4836;3892.86;109.77;36;1.51;2022-11-10;ATIVO
14427;7700;1014.68;181.09;6;7.08;2021-09-01;INADIMPLENTE
14428;6333;716.09;42.31;18;6.36;2021-03-11;ATIVO
14429;6431;21912.32;3685.29;6;0.91;2022-11-18;ATIVO
14430;6392;16086.34;342.64;48;2.24;2021-11-06;QUITADO
14431;2559;46719.35;1968.44;24;1.12;2024-10-05;ATIVO
14432;4833;5342.13;957.13;6;7.5;2021-04-17;ATIVO
14433;3571;3183.84;92.77;36;4.9;2024-01-03;ATIVO
14434;7462;6514.44;278.06;24;2.44;2023-11-05;ATIVO
14435;5130;660.43;19.77;36;7.74;2021-02-21;QUITADO
14436;8869;16350.58;460.09;36;1.3;2024-11-21;ATIVO
14437;5800;3354.96;195.59;18;4.94;2024-12-11;ATIVO
14438;1212;7771.98;173.98;48;7.45;2023-10-25;QUITADO
14439;7401;6734.66;151.26;48;7.81;2023-02-27;ATIVO
14440;5844;9221.4;776.06;12;0.99;2023-09-23;ATIVO
14441;9463;15559.82;2639.72;6;1.79;2021-08-05;ATIVO
14442;1086;4968.94;280.91;18;1.76;2022-06-21;QUITADO
14443;1375;8714.41;745.23;12;2.62;2023-05-01;QUITADO
14444;4775;748.7;21.92;36;5.4;2022-10-13;ATIVO
14445;2393;46439.13;2607.3;18;1.06;2024-02-29;ATIVO
14446;3422;38448.46;811.34;48;1.29;2024-05-06;ATIVO
14447;4665;16613.0;1417.5;12;2.39;2023-04-24;ATIVO
14448;6711;6543.41;286.44;24;5.06;2021-03-19;INADIMPLENTE
14449;7866;3097.63;276.72;12;7.2;2023-12-09;QUITADO
14450;9906;17768.88;1499.84;12;1.29;2021-10-27;ATIVO
14451;4113;1618.06;46.18;36;2.74;2021-06-30;ATIVO
14452;9728;3695.69;82.14;48;6.68;2024-05-04;ATIVO
14453;4972;13010.27;275.06;48;1.48;2022-05-20;ATIVO
14454;3427;7204.03;154.03;48;2.63;2024-07-29;INADIMPLENTE
14455;4936;4700.37;801.96;6;2.37;2022-10-27;QUITADO
14456;1957;1160.28;199.36;6;3.09;2022-02-21;QUITADO
14457;1327;12924.65;367.96;36;2.49;2024-11-05;ATIVO
14458;820;40922.34;6881.77;6;0.9;2024-06-22;QUITADO
14459;1178;32669.72;917.38;36;1.09;2023-03-03;ATIVO
14460;3222;5702.04;246.28;24;3.66;2023-08-14;QUITADO
14461;9041;7230.28;1243.49;6;3.19;2023-01-12;QUITADO
14462;9467;7194.99;315.17;24;5.13;2021-10-11;ATIVO
14463;6631;4579.91;98.74;48;3.49;2022-08-05;ATIVO
14464;1591;6864.96;293.16;24;2.49;2024-12-12;QUITADO
14465;1639;38150.41;2145.54;18;1.23;2023-07-25;QUITADO
14466;5319;3305.52;72.86;48;5.8;2024-09-21;ATIVO
14467;641;12011.55;2061.18;6;2.96;2024-05-18;QUITADO
14468;9302;7425.61;1321.39;6;6.77;2024-04-16;ATIVO
14469;2967;12761.14;2172.16;6;2.13;2023-01-04;INADIMPLENTE
14470;8859;43383.3;3653.6;12;1.06;2023-03-10;INADIMPLENTE
14471;4312;6795.59;607.53;12;7.28;2024-11-23;ATIVO
14472;4902;9373.44;789.24;12;1.04;2021-07-18;QUITADO
14473;16;2360.56;68.94;36;5.14;2023-08-17;ATIVO
14474;2186;2290.96;409.17;6;7.16;2021-11-29;INADIMPLENTE
14475;1144;10196.94;433.58;24;2.05;2023-05-08;QUITADO
14476;9119;6091.97;180.2;36;6.49;2024-08-29;ATIVO
14477;8690;17280.96;369.42;48;2.61;2021-01-11;QUITADO
14478;5032;6580.46;1122.52;6;2.35;2023-11-07;INADIMPLENTE
14479;5176;19785.11;418.83;48;1.61;2021-05-16;ATIVO
14480;7252;13459.48;379.56;36;1.52;2024-06-11;ATIVO
14481;8089;4216.09;375.23;12;6.8;2022-08-05;QUITADO
14482;9923;4453.9;264.66;18;6.96;2021-08-25;ATIVO
14483;6677;12998.68;2213.68;6;2.18;2022-02-20;QUITADO
14484;9763;19776.81;560.45;36;2.02;2021-07-09;ATIVO
14485;6011;7110.45;156.25;48;5.48;2021-04-13;QUITADO
14486;3196;5395.78;310.98;18;3.74;2023-10-06;ATIVO
14487;4918;6835.33;192.68;36;1.48;2022-04-10;ATIVO
14488;3660;19313.8;413.64;48;2.8;2022-09-23;ATIVO
14489;3055;19560.49;1681.88;12;3.18;2024-07-05;ATIVO
14490;9947;4180.12;736.33;6;5.69;2023-05-30;QUITADO
14491;2182;18095.81;1024.62;18;1.92;2022-03-04;ATIVO
14492;2735;6945.38;153.44;48;6.04;2022-01-12;ATIVO
14493;9858;14710.87;628.34;24;2.51;2024-04-07;ATIVO
14494;5052;7367.28;653.48;12;6.44;2022-05-31;ATIVO
14495;7157;1099.93;197.84;6;7.92;2023-01-16;ATIVO
14496;172;8952.55;1518.5;6;1.77;2024-08-23;ATIVO
14497;3461;18824.83;802.41;24;2.3;2022-08-31;ATIVO
14498;8018;2205.76;383.99;6;4.45;2022-12-09;INADIMPLENTE
14499;5361;6133.97;267.93;24;4.83;2024-03-13;ATIVO
14500;6294;9495.92;266.68;36;1.1;2021-10-16;ATIVO
14501;7138;44213.96;3723.92;12;1.07;2023-07-24;ATIVO
14502;5164;8721.37;739.72;12;1.78;2024-07-03;ATIVO
14503;1429;968.37;21.1;48;4.61;2021-10-30;ATIVO
14504;2250;1663.45;298.06;6;7.51;2021-07-07;INADIMPLENTE
14505;2893;3246.23;184.76;18;2.45;2024-12-11;QUITADO
14506;7766;47271.57;3975.93;12;0.93;2021-08-19;ATIVO
14507;9925;16077.99;1378.96;12;2.92;2021-05-16;QUITADO
14508;7203;1491.52;32.31;48;3.97;2024-04-03;ATIVO
14509;6105;12154.58;513.78;24;1.45;2024-05-16;ATIVO
14510;9203;8976.73;257.51;36;3.27;2024-04-18;ATIVO
14511;4409;4025.49;118.23;36;5.73;2024-06-23;ATIVO
14512;7724;1251.22;219.32;6;5.17;2021-02-18;ATIVO
14513;216;5225.86;155.45;36;7.09;2024-01-08;ATIVO
14514;3866;29354.26;1236.55;24;1.1;2022-02-03;QUITADO
14515;8477;6603.79;562.26;12;2.17;2022-04-07;QUITADO
14516;680;6470.41;372.19;18;3.54;2023-02-15;QUITADO
14517;216;2762.9;246.15;12;6.91;2023-08-12;ATIVO
14518;7047;4170.94;124.86;36;7.77;2023-03-21;QUITADO
14519;5966;1667.2;96.92;18;4.64;2023-04-28;ATIVO
14520;4765;15737.4;2673.26;6;1.92;2023-06-10;ATIVO
14521;1753;1987.56;171.64;12;3.63;2021-05-11;ATIVO
14522;6572;19974.74;1143.55;18;3.05;2022-06-27;ATIVO
14523;3349;4644.87;787.77;6;1.76;2022-10-01;ATIVO
14524;1714;6241.41;531.35;12;2.16;2021-10-10;ATIVO
14525;496;6164.77;350.88;18;2.45;2022-06-06;ATIVO
14526;4874;4479.0;254.73;18;2.37;2023-01-28;QUITADO
14527;5444;7036.85;310.97;24;6.06;2021-06-01;ATIVO
14528;9540;1874.6;42.0;48;7.55;2021-01-20;ATIVO
14529;6788;6221.71;132.78;48;2.44;2021-08-05;ATIVO
14530;2383;4385.4;383.06;12;4.82;2024-05-30;QUITADO
14531;5729;37218.55;1048.12;36;1.38;2022-01-23;ATIVO
14532;9558;5281.84;316.7;18;7.93;2022-10-24;ATIVO
14533;1244;1365.62;118.77;12;4.37;2024-03-17;QUITADO
14534;9454;7294.43;324.69;24;6.83;2023-06-08;ATIVO
14535;1049;17303.33;371.7;48;3.11;2021-01-25;QUITADO
14536;5873;17496.01;3011.94;6;3.29;2024-04-01;ATIVO
14537;675;7311.74;161.48;48;6.01;2023-05-17;ATIVO
14538;2473;25207.71;4250.86;6;1.18;2023-08-21;ATIVO
14539;1080;47789.36;1004.57;48;0.9;2021-06-27;ATIVO
14540;830;2481.78;109.51;24;5.9;2022-08-03;QUITADO
14541;5928;812.75;141.78;6;4.67;2022-10-13;ATIVO
14542;3975;19619.2;416.95;48;2.01;2021-07-04;QUITADO
14543;4097;13746.11;1185.03;12;3.45;2021-12-01;ATIVO
14544;8826;3631.01;107.63;36;6.71;2022-01-16;INADIMPLENTE
14545;194;9402.86;532.52;18;1.94;2024-07-23;QUITADO
14546;9368;5644.42;123.34;48;4.89;2023-01-06;ATIVO
14547;304;7093.51;635.05;12;7.43;2023-10-29;ATIVO
14548;7255;4967.2;212.47;24;2.66;2023-05-20;QUITADO
14549;5722;7687.1;227.28;36;6.44;2022-10-19;ATIVO
14550;1733;18075.04;1534.42;12;1.87;2022-10-16;INADIMPLENTE
14551;977;4047.0;88.02;48;4.4;2022-08-30;ATIVO
14552;1233;3995.57;171.56;24;3.05;2023-06-25;ATIVO
14553;7404;6469.71;365.29;18;1.63;2022-05-10;ATIVO
14554;8245;10482.3;590.1;18;1.33;2022-08-10;QUITADO
14555;1392;3534.41;157.24;24;6.77;2021-03-23;INADIMPLENTE
14556;528;2215.86;129.2;18;4.95;2022-12-29;QUITADO
14557;219;27507.61;772.05;36;1.04;2024-04-22;ATIVO
14558;6107;7263.17;157.28;48;3.94;2023-12-21;ATIVO
14559;6603;18354.05;1569.73;12;2.63;2022-07-03;QUITADO
14560;4052;5630.37;330.38;18;5.62;2022-07-15;ATIVO
14561;2064;4829.34;143.34;36;6.85;2022-11-16;ATIVO
14562;8381;5057.5;880.43;6;4.45;2021-09-11;QUITADO
14563;4687;6476.31;1153.75;6;6.89;2022-04-02;ATIVO
14564;6214;6537.72;585.34;12;7.44;2021-10-24;INADIMPLENTE
14565;2975;7397.11;658.4;12;6.81;2021-08-03;QUITADO
14566;7019;39630.82;6697.61;6;1.4;2024-08-20;ATIVO
14567;1842;8972.01;514.79;18;3.28;2021-07-07;ATIVO
14568;6420;11918.5;1023.2;12;3.02;2024-10-22;QUITADO
14569;2990;1572.19;33.31;48;1.7;2024-09-18;QUITADO
14570;4585;13083.82;1119.76;12;2.7;2022-03-24;ATIVO
14571;4517;3726.15;214.19;18;3.47;2021-10-17;QUITADO
14572;1302;1216.27;215.77;6;6.44;2023-06-30;ATIVO
14573;1173;6899.99;200.83;36;4.78;2024-01-25;INADIMPLENTE
14574;7661;13415.78;573.52;24;2.6;2021-06-04;QUITADO
14575;2006;7768.92;222.92;36;3.3;2022-08-21;ATIVO
14576;6621;6374.69;183.57;36;3.67;2021-04-19;INADIMPLENTE
14577;478;18715.78;792.38;24;1.61;2023-04-21;QUITADO
14578;7423;19141.69;3259.19;6;2.16;2022-10-07;QUITADO
14579;3691;12820.61;551.29;24;3.2;2021-11-15;ATIVO
14580;2283;17641.94;1496.48;12;1.79;2024-06-12;ATIVO
14581;2037;3387.3;152.27;24;7.89;2024-03-19;INADIMPLENTE
14582;5735;4755.42;277.58;18;5.07;2023-06-02;INADIMPLENTE
14583;7646;5715.37;170.94;36;7.67;2021-10-21;ATIVO
14584;1689;2754.45;79.24;36;3.57;2023-12-10;QUITADO
14585;1245;9882.9;841.86;12;2.22;2021-11-04;QUITADO
14586;9780;5008.95;219.48;24;5.16;2022-01-14;ATIVO
14587;5526;32871.13;5547.55;6;1.26;2023-09-12;ATIVO
14588;2557;4147.0;119.0;36;3.3;2021-09-21;QUITADO
14589;2376;14450.53;1216.98;12;1.06;2021-03-23;ATIVO
14590;4764;5381.56;238.16;24;6.21;2021-10-27;QUITADO
14591;278;17958.37;1532.45;12;2.4;2022-11-28;ATIVO
14592;7440;10250.84;1761.09;6;3.08;2021-10-05;ATIVO
14593;7146;593.76;17.64;36;6.98;2022-08-06;ATIVO
14594;1939;7941.55;224.11;36;1.59;2023-11-15;QUITADO
14595;7741;1593.02;138.35;12;4.22;2024-10-23;QUITADO
14596;2789;2906.23;84.69;36;4.91;2022-04-04;QUITADO
14597;2711;10404.06;596.85;18;3.26;2023-11-01;QUITADO
14598;3023;16626.87;709.69;24;2.44;2022-02-25;QUITADO
14599;285;7987.36;697.1;12;4.73;2024-01-12;ATIVO
14600;3544;10108.04;215.41;48;2.29;2023-04-08;ATIVO
14601;7579;7312.55;160.69;48;5.48;2022-01-21;QUITADO
14602;1603;7170.23;641.97;12;7.44;2023-06-25;QUITADO
14603;8596;8692.81;371.73;24;2.63;2021-10-17;QUITADO
14604;2434;1743.92;74.56;24;2.61;2023-06-27;ATIVO
14605;2424;5819.23;173.7;36;7.46;2024-03-27;ATIVO
14606;4985;14002.5;299.45;48;2.65;2023-01-27;ATIVO
14607;7497;2676.01;230.03;12;3.15;2022-11-21;ATIVO
14608;3358;1592.3;140.22;12;5.67;2022-02-08;ATIVO
14609;1298;6164.26;175.99;36;2.78;2023-08-03;QUITADO
14610;6;7435.38;667.39;12;7.71;2022-09-19;QUITADO
14611;7524;1638.1;141.59;12;3.72;2024-07-02;QUITADO
14612;7105;2236.79;130.68;18;5.16;2022-09-25;INADIMPLENTE
14613;2988;11237.11;475.94;24;1.65;2023-10-01;ATIVO
14614;5379;13041.67;741.78;18;2.38;2024-03-13;ATIVO
14615;2351;2566.93;76.15;36;6.8;2024-01-04;QUITADO
14616;3992;10792.54;229.23;48;1.95;2021-01-11;ATIVO
14617;3210;16623.57;473.68;36;2.58;2024-12-12;QUITADO
14618;6433;4895.98;436.03;12;6.87;2021-12-07;ATIVO
14619;9299;4988.09;287.06;18;3.59;2022-08-22;QUITADO
14620;1395;6241.41;1110.55;6;6.76;2023-09-02;QUITADO
14621;7014;7631.66;454.68;18;7.24;2021-09-23;INADIMPLENTE
14622;7138;42571.72;3596.25;12;1.37;2024-05-15;INADIMPLENTE
14623;2545;12901.93;741.36;18;3.43;2022-10-21;QUITADO
14624;7127;2907.17;504.49;6;4.12;2022-01-30;QUITADO
14625;7575;30911.11;1298.78;24;0.84;2022-02-15;ATIVO
14626;7000;10036.4;432.57;24;3.44;2021-04-14;QUITADO
14627;3969;4027.91;119.14;36;6.48;2023-08-29;ATIVO
14628;8255;4779.5;404.7;12;1.61;2021-09-30;INADIMPLENTE
14629;6075;1352.31;30.28;48;7.48;2022-11-25;QUITADO
14630;1057;10517.24;904.92;12;3.25;2024-07-12;ATIVO
14631;9628;6787.31;142.93;48;1.08;2024-07-01;QUITADO
14632;5082;16661.83;470.93;36;1.75;2023-05-29;ATIVO
14633;3993;6156.02;131.37;48;2.43;2023-02-27;INADIMPLENTE
14634;1554;4278.94;123.14;36;3.6;2023-12-24;ATIVO
14635;7547;15859.58;1336.96;12;1.16;2024-01-29;INADIMPLENTE
14636;7758;3169.05;135.83;24;2.87;2022-10-11;ATIVO
14637;5219;7524.45;1298.34;6;3.53;2024-11-09;QUITADO
14638;2041;14570.91;623.39;24;2.68;2021-05-14;ATIVO
14639;6139;4332.88;764.75;6;5.9;2024-10-13;ATIVO
14640;9024;5551.39;123.18;48;6.51;2024-11-12;QUITADO
14641;3931;43078.48;3627.21;12;1.04;2021-06-22;QUITADO
14642;371;7143.92;421.21;18;6.13;2021-12-01;ATIVO
14643;1877;25162.01;2122.0;12;1.2;2021-02-01;QUITADO
14644;3160;8430.06;239.76;36;2.39;2023-03-08;ATIVO
14645;1226;4539.41;202.06;24;6.83;2022-08-31;QUITADO
14646;9359;1074.2;23.55;48;5.25;2023-07-23;QUITADO
14647;8557;6180.91;545.83;12;5.97;2023-07-14;QUITADO
14648;4533;12425.12;353.46;36;2.41;2021-09-08;ATIVO
14649;9387;2940.56;172.55;18;5.62;2023-11-16;ATIVO
14650;5094;4644.85;416.14;12;7.51;2022-03-28;QUITADO
14651;6148;2236.63;48.12;48;3.28;2021-10-24;INADIMPLENTE
14652;5233;2703.39;476.11;6;5.67;2022-08-07;INADIMPLENTE
14653;3074;3260.25;187.3;18;3.41;2023-05-03;QUITADO
14654;7412;5513.44;474.11;12;3.19;2023-12-26;QUITADO
14655;5013;13805.16;2374.03;6;3.18;2023-04-03;QUITADO
14656;5900;31138.76;5249.48;6;1.15;2022-04-26;ATIVO
14657;707;18498.01;394.62;48;2.4;2022-09-21;QUITADO
14658;1533;7010.06;155.38;48;6.39;2024-09-17;ATIVO
14659;4506;5828.88;124.68;48;2.67;2024-06-06;INADIMPLENTE
14660;4807;7801.33;701.6;12;7.92;2021-04-18;QUITADO
14661;9942;19724.01;1662.41;12;1.14;2024-05-12;QUITADO
14662;8749;560.24;32.26;18;3.66;2024-06-11;QUITADO
14663;5450;5300.83;316.31;18;7.41;2023-09-07;QUITADO
14664;4992;17582.43;502.03;36;2.79;2022-02-07;QUITADO
14665;2178;3497.54;74.8;48;2.66;2021-11-14;ATIVO
14666;2607;6481.15;1138.2;6;5.37;2022-02-26;ATIVO
14667;8254;10591.85;896.86;12;1.61;2024-07-07;ATIVO
14668;9257;16970.69;724.72;24;2.49;2022-06-17;QUITADO
14669;5319;5048.68;109.56;48;4.16;2023-04-05;INADIMPLENTE
14670;9277;5230.54;302.06;18;3.95;2024-08-16;QUITADO
14671;8996;12589.73;360.59;36;3.11;2024-09-21;QUITADO
14672;5322;17046.81;1460.63;12;2.82;2022-01-22;ATIVO
14673;276;16698.51;354.43;48;1.88;2023-05-14;QUITADO
14674;8008;42169.54;7132.98;6;1.49;2024-01-10;QUITADO
14675;108;5004.49;111.26;48;6.71;2024-10-12;QUITADO
14676;295;5570.5;118.65;48;2.24;2021-06-13;ATIVO
14677;2551;6546.24;1128.9;6;3.47;2021-12-15;QUITADO
14678;6679;3122.86;555.71;6;6.77;2023-11-09;QUITADO
14679;8443;16356.15;2810.8;6;3.11;2021-11-25;QUITADO
14680;8563;3595.81;158.17;24;5.57;2023-09-29;INADIMPLENTE
14681;1961;9560.86;201.53;48;1.18;2023-11-17;QUITADO
14682;481;5662.35;484.51;12;2.68;2022-07-19;ATIVO
14683;6686;2424.31;54.41;48;7.72;2021-10-26;QUITADO
14684;6704;2041.62;45.47;48;6.91;2021-06-24;INADIMPLENTE
14685;1481;5602.96;166.33;36;6.87;2021-08-13;QUITADO
14686;9355;1832.69;328.88;6;7.67;2022-07-16;ATIVO
14687;6935;10027.3;576.07;18;3.41;2024-08-27;QUITADO
14688;4682;9321.61;1590.27;6;2.36;2023-09-06;QUITADO
14689;5368;1006.69;58.95;18;5.41;2021-09-05;INADIMPLENTE
14690;5881;17435.35;2973.31;6;2.32;2024-10-21;QUITADO
14691;6326;17771.15;2988.52;6;0.9;2021-02-16;QUITADO
14692;8189;10412.33;584.59;18;1.06;2021-05-22;QUITADO
14693;5975;6106.99;274.59;24;7.91;2022-08-03;INADIMPLENTE
14694;5250;47749.46;4020.11;12;1.03;2021-01-14;ATIVO
14695;6654;4795.22;828.05;6;3.61;2024-11-19;ATIVO
14696;6957;17170.05;962.38;18;0.89;2021-09-12;QUITADO
14697;7440;19757.65;1122.34;18;2.25;2023-04-15;QUITADO
14698;6054;15875.72;2703.37;6;2.17;2024-07-03;QUITADO
14699;2178;15164.77;321.62;48;1.8;2023-08-23;ATIVO
14700;1861;10846.23;928.44;12;2.72;2022-01-10;QUITADO
14701;8159;4220.73;90.35;48;2.75;2022-05-15;QUITADO
14702;378;7810.91;347.26;24;6.7;2021-02-20;ATIVO
14703;5999;11797.26;673.1;18;2.7;2022-02-22;ATIVO
14704;4861;7894.69;471.05;18;7.4;2024-11-20;INADIMPLENTE
14705;306;10428.76;1791.14;6;3.05;2022-01-29;ATIVO
14706;8534;7019.14;201.06;36;3.12;2021-07-06;QUITADO
14707;9401;1405.65;83.21;18;6.55;2022-12-19;QUITADO
14708;1681;2480.7;74.41;36;7.98;2024-06-21;ATIVO
14709;8418;1027.63;29.12;36;2.0;2023-08-26;ATIVO
14710;2343;598.48;103.79;6;4.05;2023-04-08;ATIVO
14711;9974;4668.14;808.44;6;3.91;2022-09-25;QUITADO
14712;347;6156.38;1097.58;6;6.97;2021-08-01;ATIVO
14713;3446;4445.71;762.51;6;2.91;2024-09-14;ATIVO
14714;9004;1419.5;41.04;36;4.09;2024-10-05;INADIMPLENTE
14715;4011;533.95;11.86;48;6.64;2021-08-31;ATIVO
14716;7759;6405.4;138.41;48;3.72;2024-03-16;QUITADO
14717;3437;3424.1;203.54;18;7.0;2023-05-07;QUITADO
14718;3740;31738.48;1340.95;24;1.4;2023-11-14;ATIVO
14719;6357;6399.43;541.55;12;1.55;2021-08-03;QUITADO
14720;513;15478.55;434.73;36;1.11;2022-03-17;QUITADO
14721;6456;6774.71;580.87;12;2.89;2023-01-21;ATIVO
14722;340;6927.91;1180.4;6;2.23;2024-01-15;ATIVO
14723;9167;2748.16;120.28;24;5.04;2021-06-20;ATIVO
14724;2239;1304.08;76.59;18;5.71;2023-04-20;ATIVO
14725;5427;4814.38;210.25;24;4.81;2022-06-02;ATIVO
14726;2742;3870.18;219.25;18;1.97;2023-03-15;ATIVO
14727;7658;2245.38;66.2;36;6.14;2024-07-23;INADIMPLENTE
14728;2724;7402.71;213.75;36;3.95;2024-06-09;ATIVO
14729;5369;31389.5;2644.3;12;1.09;2024-12-11;ATIVO
14730;2734;12994.51;560.12;24;3.45;2022-02-19;QUITADO
14731;2048;7341.13;617.76;12;0.98;2023-06-02;ATIVO
14732;7117;6596.75;190.96;36;4.21;2021-10-04;QUITADO
14733;3772;3117.11;176.64;18;2.0;2021-10-25;QUITADO
14734;280;15575.71;439.75;36;1.64;2021-08-14;QUITADO
14735;3849;13515.2;381.43;36;1.6;2023-06-30;QUITADO
14736;7303;2042.77;44.5;48;4.57;2022-01-10;ATIVO
14737;9773;10067.59;570.89;18;2.07;2024-09-13;INADIMPLENTE
14738;135;4677.98;135.44;36;4.23;2024-06-14;QUITADO
14739;2386;12537.82;270.29;48;3.48;2023-03-28;QUITADO
14740;5483;17714.25;1520.92;12;3.03;2024-06-12;QUITADO
14741;3610;1273.61;55.07;24;3.77;2024-03-11;ATIVO
14742;2556;1822.22;53.41;36;5.51;2021-07-29;QUITADO
14743;1078;6305.88;188.74;36;7.75;2023-01-28;INADIMPLENTE
14744;2010;4506.11;799.08;6;6.4;2023-07-26;ATIVO
14745;2777;6935.13;604.45;12;4.59;2021-06-19;ATIVO
14746;5105;18310.93;391.55;48;2.64;2024-01-30;ATIVO
14747;9801;3859.96;338.07;12;5.1;2022-07-20;ATIVO
14748;2651;7765.98;227.11;36;5.28;2024-12-22;ATIVO
14749;130;9764.3;208.24;48;2.37;2024-02-01;ATIVO
14750;7212;4053.14;723.96;6;7.17;2022-11-07;ATIVO
14751;4671;5971.2;531.04;12;6.72;2024-09-25;ATIVO
14752;6785;5460.85;236.86;24;4.1;2021-03-23;QUITADO
14753;5813;45814.8;2576.57;18;1.23;2023-02-06;ATIVO
14754;1555;17668.59;1508.46;12;2.45;2021-03-13;QUITADO
14755;4484;7100.21;159.0;48;7.49;2022-10-20;ATIVO
14756;644;3612.6;107.0;36;6.63;2023-12-11;INADIMPLENTE
14757;8875;31812.66;895.17;36;1.3;2024-03-26;ATIVO
14758;5168;5193.23;110.75;48;2.36;2022-05-19;QUITADO
14759;6551;4348.54;747.8;6;3.18;2024-01-10;ATIVO
14760;2342;23588.47;496.98;48;1.13;2021-06-12;ATIVO
14761;8056;6388.18;369.95;18;4.24;2024-08-28;ATIVO
14762;8667;14861.39;2562.6;6;3.46;2023-01-29;QUITADO
14763;3665;515.65;14.97;36;4.49;2021-08-09;ATIVO
14764;9673;10379.67;1761.08;6;1.8;2023-06-30;ATIVO
14765;242;3392.81;295.09;12;4.37;2021-04-16;ATIVO
14766;5982;3570.69;321.01;12;7.88;2023-10-15;ATIVO
14767;9729;7680.51;444.02;18;4.06;2023-07-20;ATIVO
14768;8557;6690.56;200.14;36;7.69;2023-05-29;ATIVO
14769;3356;7928.69;338.42;24;2.44;2021-05-13;QUITADO
14770;802;2246.6;197.4;12;5.44;2023-01-01;INADIMPLENTE
14771;4188;5570.86;120.82;48;4.1;2023-01-17;ATIVO
14772;4276;5243.01;305.84;18;5.0;2023-06-29;INADIMPLENTE
14773;7975;5484.46;962.8;6;5.33;2021-08-16;INADIMPLENTE
14774;803;6895.11;1197.8;6;4.23;2021-03-16;ATIVO
14775;4670;8968.19;514.38;18;3.24;2024-11-06;QUITADO
14776;4966;7522.22;1315.39;6;4.92;2024-09-22;ATIVO
14777;6509;4116.29;89.73;48;4.63;2022-07-24;ATIVO
14778;7779;17832.75;1514.3;12;1.9;2023-12-24;ATIVO
14779;4610;7147.69;314.38;24;5.56;2021-01-20;QUITADO
14780;1827;18176.55;517.27;36;2.45;2022-03-16;ATIVO
14781;2436;32864.63;2765.01;12;0.96;2022-08-09;QUITADO
14782;3095;11612.75;656.96;18;1.83;2024-02-09;ATIVO
14783;8177;3460.47;74.47;48;3.3;2021-11-05;ATIVO
14784;2136;1239.12;26.48;48;2.59;2023-08-24;QUITADO
14785;3199;8534.07;361.38;24;1.63;2023-12-12;ATIVO
14786;1652;14097.23;2428.95;6;3.38;2024-01-23;QUITADO
14787;6952;16387.97;1397.89;12;2.36;2024-01-19;QUITADO
14788;6346;5639.21;122.71;48;4.45;2022-12-05;QUITADO
14789;4718;13592.61;286.97;48;1.34;2022-11-14;QUITADO
14790;4020;10484.28;225.81;48;3.38;2021-06-09;ATIVO
14791;3421;4690.12;813.74;6;4.1;2022-03-23;ATIVO
14792;5277;2471.49;440.38;6;6.91;2023-01-24;QUITADO
14793;2030;11066.69;1892.59;6;2.61;2022-05-31;ATIVO
14794;7277;38090.29;6437.89;6;1.41;2024-03-08;ATIVO
14795;4998;10127.26;212.97;48;0.94;2023-08-03;QUITADO
14796;9044;5429.74;461.26;12;1.94;2022-11-01;ATIVO
14797;8809;18413.71;3121.12;6;1.7;2024-06-14;QUITADO
14798;4759;11318.81;953.52;12;1.09;2022-09-17;QUITADO
14799;5499;13825.98;293.95;48;2.05;2024-03-06;QUITADO
14800;6963;38724.18;817.48;48;1.33;2022-05-16;QUITADO
14801;4645;11506.24;330.45;36;3.39;2024-01-20;ATIVO
14802;6689;7751.79;675.44;12;4.56;2023-07-02;ATIVO
14803;8390;10246.45;219.57;48;2.86;2024-09-10;ATIVO
14804;9176;6090.34;1061.04;6;4.53;2022-10-31;ATIVO
14805;7093;11439.75;327.84;36;3.17;2024-07-12;ATIVO
14806;8037;4893.79;145.78;36;7.24;2024-05-18;ATIVO
14807;2918;11801.29;337.25;36;2.88;2021-05-19;QUITADO
14808;8645;4381.01;765.0;6;4.77;2022-10-25;QUITADO
14809;1093;3007.13;180.01;18;7.75;2022-12-02;ATIVO
14810;6295;2556.36;149.62;18;5.35;2021-10-01;QUITADO
14811;1154;17693.16;760.73;24;3.19;2022-02-12;QUITADO
14812;7369;8886.48;376.19;24;1.6;2022-08-24;QUITADO
14813;2193;2584.12;75.79;36;5.58;2023-09-08;INADIMPLENTE
14814;4891;6760.32;194.87;36;3.77;2024-07-06;QUITADO
14815;8956;2533.29;54.73;48;3.7;2024-01-13;ATIVO
14816;6372;32424.33;913.56;36;1.43;2021-10-16;QUITADO
14817;1353;18167.97;1036.99;18;2.74;2023-06-27;QUITADO
14818;3821;1967.05;43.19;48;5.4;2023-07-22;QUITADO
14819;6119;32109.19;2706.27;12;1.14;2023-11-12;QUITADO
14820;8406;5829.29;246.63;24;1.54;2021-03-25;ATIVO
14821;9263;16961.06;1437.87;12;1.73;2023-07-19;QUITADO
14822;3369;1207.62;68.67;18;2.36;2024-04-27;QUITADO
14823;1101;45331.81;952.72;48;0.88;2023-10-07;ATIVO
14824;2943;4009.58;236.52;18;6.18;2023-07-22;INADIMPLENTE
14825;7190;17060.62;729.77;24;2.66;2022-03-20;QUITADO
14826;8452;10579.27;224.15;48;1.7;2021-12-21;QUITADO
14827;8223;1022.17;90.04;12;5.7;2023-05-15;INADIMPLENTE
14828;6140;17442.01;986.73;18;1.83;2023-01-23;ATIVO
14829;606;2617.31;76.84;36;5.69;2021-01-19;ATIVO
14830;1086;3439.0;584.63;6;2.0;2021-08-28;ATIVO
14831;4373;36391.98;1020.49;36;0.95;2023-05-24;QUITADO
14832;7005;7335.07;1299.16;6;6.27;2024-02-11;ATIVO
14833;4873;17438.35;743.38;24;2.31;2021-01-30;ATIVO
14834;1697;6861.65;146.85;48;2.73;2024-04-06;ATIVO
14835;9046;19739.71;1680.18;12;2.14;2022-06-02;QUITADO
14836;4841;3582.7;206.8;18;3.9;2023-11-06;ATIVO
14837;1772;13100.69;752.63;18;3.41;2024-11-30;ATIVO
14838;5897;37670.38;1060.63;36;1.36;2023-11-08;QUITADO
14839;4943;2406.68;414.99;6;3.46;2022-12-17;ATIVO
14840;6391;44253.47;7444.91;6;0.94;2023-01-15;ATIVO
14841;1980;27360.34;1534.61;18;0.96;2024-03-13;ATIVO
14842;7607;16648.18;1413.29;12;1.87;2021-03-27;QUITADO
14843;3443;2254.07;386.46;6;2.87;2023-08-23;QUITADO
14844;5303;12078.5;1036.23;12;2.95;2022-07-08;QUITADO
14845;9330;7795.61;663.99;12;2.21;2024-04-22;ATIVO
14846;5557;16920.66;362.49;48;2.83;2021-12-12;QUITADO
14847;7436;16773.96;357.43;48;2.28;2022-10-23;QUITADO
14848;614;14910.58;427.4;36;3.19;2023-02-08;QUITADO
14849;8743;37733.32;1057.48;36;0.89;2024-03-03;ATIVO
14850;225;7033.96;1217.46;6;3.85;2024-08-31;ATIVO
14851;5819;4463.21;765.66;6;2.93;2022-10-12;QUITADO
14852;8823;3641.82;309.16;12;1.87;2023-09-14;QUITADO
14853;381;5759.47;128.81;48;7.35;2021-10-13;ATIVO
14854;7035;1996.88;59.68;36;7.6;2023-05-15;ATIVO
14855;1427;7995.79;1385.94;6;4.0;2023-02-18;ATIVO
14856;5434;4664.16;132.95;36;2.62;2022-01-24;ATIVO
14857;9038;1277.87;55.92;24;5.03;2023-11-05;QUITADO
14858;490;6336.44;548.79;12;3.93;2022-09-03;QUITADO
14859;6467;7092.95;607.57;12;2.79;2022-10-06;ATIVO
14860;11;33949.03;2860.77;12;1.12;2023-01-21;QUITADO
14861;4383;2358.14;401.36;6;2.12;2024-12-13;QUITADO
14862;8643;17736.22;381.51;48;3.25;2024-07-14;QUITADO
14863;5763;5137.17;224.79;24;5.02;2021-07-07;QUITADO
14864;1715;5974.84;1016.92;6;2.12;2021-05-04;ATIVO
14865;7353;4882.27;213.56;24;4.98;2024-05-23;ATIVO
14866;8309;5191.15;295.9;18;2.6;2021-12-18;QUITADO
14867;5229;5831.39;168.83;36;4.23;2021-06-22;ATIVO
14868;5966;5589.65;322.96;18;4.0;2023-06-10;ATIVO
14869;5515;18812.42;801.1;24;2.2;2023-01-27;QUITADO
14870;7541;2275.19;202.74;12;6.93;2024-09-01;ATIVO
14871;5738;550.77;24.73;24;7.76;2024-01-06;ATIVO
14872;1654;16023.62;343.84;48;3.0;2021-11-30;ATIVO
14873;1857;1958.57;166.28;12;1.88;2021-02-15;QUITADO
14874;5366;1697.92;100.36;18;6.39;2023-08-11;ATIVO
14875;6700;572.03;51.27;12;7.55;2023-12-05;QUITADO
14876;3565;19885.73;571.05;36;3.38;2022-10-10;QUITADO
14877;9267;8389.21;352.45;24;0.83;2023-09-16;ATIVO
14878;9196;7387.92;208.87;36;1.78;2024-06-14;ATIVO
14879;4743;5916.58;1031.16;6;4.57;2023-12-18;ATIVO
14880;1790;6061.35;176.67;36;4.93;2024-10-24;ATIVO
14881;4194;24921.98;2105.49;12;1.38;2021-05-13;QUITADO
14882;6025;5297.58;227.93;24;3.26;2024-05-26;QUITADO
14883;4272;5459.96;318.01;18;4.84;2022-03-26;ATIVO
14884;1552;10666.52;1793.22;6;0.87;2021-10-03;QUITADO
14885;6849;10298.14;217.87;48;1.55;2022-12-01;QUITADO
14886;7839;2105.39;125.89;18;7.63;2023-10-07;ATIVO
14887;6720;14337.22;607.72;24;1.73;2023-12-04;ATIVO
14888;5635;11120.33;313.01;36;1.33;2024-05-03;ATIVO
14889;8594;11997.44;509.09;24;1.84;2024-06-15;INADIMPLENTE
14890;1999;4672.34;406.34;12;4.36;2024-03-13;ATIVO
14891;4336;5742.19;322.14;18;0.98;2021-10-16;ATIVO
14892;2550;5184.51;909.97;6;5.31;2023-07-06;QUITADO
14893;1257;2811.01;119.7;24;2.2;2022-12-15;QUITADO
14894;7294;43089.07;7252.61;6;0.99;2022-03-28;ATIVO
14895;2128;19924.21;426.67;48;2.79;2024-11-22;ATIVO
14896;5079;4363.46;260.11;18;7.3;2023-07-27;INADIMPLENTE
14897;1906;3713.0;80.73;48;4.36;2021-01-29;QUITADO
14898;9121;12571.81;538.7;24;2.84;2024-02-22;ATIVO
14899;5365;1816.93;313.51;6;3.53;2022-03-07;QUITADO
14900;8577;7713.0;227.21;36;6.05;2024-08-25;QUITADO
14901;3192;5765.28;258.76;24;7.72;2021-04-28;ATIVO
14902;7234;24937.44;1403.01;18;1.27;2024-06-28;ATIVO
14903;8885;7055.65;411.58;18;5.0;2021-03-19;ATIVO
14904;2247;4672.53;275.19;18;6.01;2021-01-23;INADIMPLENTE
14905;5184;4179.26;727.12;6;4.39;2024-03-20;QUITADO
14906;6263;2802.86;487.79;6;4.42;2024-02-12;ATIVO
14907;6706;4399.9;261.67;18;7.05;2024-02-16;INADIMPLENTE
14908;9777;15632.84;2651.59;6;1.77;2024-12-31;ATIVO
14909;694;23894.61;4034.21;6;1.3;2024-02-02;QUITADO
14910;9085;43350.59;2436.06;18;1.15;2022-03-28;ATIVO
14911;4347;2894.54;122.75;24;1.78;2022-04-18;QUITADO
14912;6441;6634.69;569.92;12;3.08;2024-05-23;QUITADO
14913;8997;4146.41;123.78;36;7.47;2021-10-20;QUITADO
14914;330;3439.14;294.51;12;2.76;2023-11-05;QUITADO
14915;7593;6249.06;270.61;24;3.93;2022-09-21;INADIMPLENTE
14916;5928;5779.63;129.58;48;7.62;2024-05-27;ATIVO
14917;194;19202.54;821.71;24;2.7;2022-12-26;QUITADO
14918;8068;6417.78;187.02;36;4.91;2022-04-15;INADIMPLENTE
14919;190;24601.12;1381.08;18;1.05;2024-11-23;QUITADO
14920;4162;8236.2;232.1;36;1.45;2021-03-03;QUITADO
14921;150;9957.55;572.5;18;3.49;2022-05-30;ATIVO
14922;6727;4783.28;139.01;36;4.62;2021-09-28;QUITADO
14923;286;1050.05;90.02;12;2.88;2022-01-16;INADIMPLENTE
14924;6767;11502.41;241.77;48;0.89;2023-07-17;QUITADO
14925;8703;561.84;50.34;12;7.52;2021-11-16;ATIVO
14926;4190;13360.12;1144.18;12;2.77;2023-12-12;ATIVO
14927;131;4502.9;99.21;48;5.76;2023-08-29;ATIVO
14928;2792;35514.8;749.95;48;1.36;2023-06-08;QUITADO
14929;4871;5262.74;454.53;12;3.64;2021-05-06;ATIVO
14930;1615;15455.07;2636.38;6;2.35;2023-12-10;QUITADO
14931;300;7091.67;309.64;24;4.79;2024-04-09;QUITADO
14932;9565;5684.67;254.84;24;7.59;2024-11-07;QUITADO
14933;6903;7407.62;634.52;12;2.79;2022-05-12;QUITADO
14934;8891;4642.18;99.23;48;2.6;2023-09-19;ATIVO
14935;9604;18559.17;396.08;48;2.44;2022-08-29;ATIVO
14936;494;24900.81;1395.83;18;0.9;2024-12-30;QUITADO
14937;4988;43457.37;1837.7;24;1.49;2021-11-25;QUITADO
14938;6874;4361.12;97.54;48;7.36;2021-02-09;QUITADO
14939;4870;6071.31;130.44;48;3.13;2022-04-03;QUITADO
14940;7251;9039.6;190.36;48;1.08;2022-08-27;QUITADO
14941;6981;1903.99;171.04;12;7.8;2024-02-10;ATIVO
14942;8229;15409.52;331.69;48;3.32;2024-01-02;ATIVO
14943;1398;17775.29;505.46;36;2.37;2021-06-19;ATIVO
14944;3130;4800.3;141.14;36;5.85;2021-08-01;ATIVO
14945;8071;2745.57;164.11;18;7.59;2024-12-08;ATIVO
14946;1422;25225.96;1413.92;18;0.89;2024-07-30;QUITADO
14947;8850;6952.19;1209.68;6;4.4;2022-05-30;ATIVO
14948;3786;7376.34;661.9;12;7.68;2022-02-15;INADIMPLENTE
14949;2980;3399.61;296.02;12;4.49;2024-02-24;QUITADO
14950;9171;18825.98;3208.57;6;2.26;2023-03-15;ATIVO
14951;2971;1444.26;64.67;24;7.46;2024-08-28;QUITADO
14952;4281;7595.06;218.82;36;3.72;2022-04-22;INADIMPLENTE
14953;8342;1032.74;91.7;12;6.55;2024-11-27;ATIVO
14954;3682;19392.7;415.41;48;2.82;2022-06-13;QUITADO
14955;592;16301.19;697.28;24;2.66;2024-12-29;QUITADO
14956;8314;1065.37;31.06;36;4.97;2023-11-30;QUITADO
14957;1699;3806.24;81.43;48;2.69;2022-03-30;ATIVO
14958;6683;1570.78;266.09;6;1.64;2021-06-20;QUITADO
14959;1496;48199.48;2709.35;18;1.18;2021-01-24;ATIVO
14960;5314;26819.97;1505.79;18;1.06;2022-08-10;QUITADO
14961;9436;44172.77;3723.76;12;1.16;2024-02-12;ATIVO
14962;7893;18041.07;3057.06;6;1.67;2023-09-18;QUITADO
14963;3995;10187.76;291.85;36;3.13;2021-02-15;ATIVO
14964;2791;39661.88;1116.7;36;1.36;2022-01-09;ATIVO
14965;1451;10992.29;934.25;12;1.99;2022-04-26;QUITADO
14966;1680;5720.33;492.33;12;3.28;2022-02-12;QUITADO
14967;5792;2980.98;128.69;24;3.61;2023-04-02;QUITADO
14968;6179;7441.04;161.5;48;4.18;2021-04-13;QUITADO
14969;7310;25793.33;1088.59;24;1.29;2023-04-13;ATIVO
14970;9257;12463.68;2142.51;6;3.14;2023-12-28;QUITADO
14971;3072;16192.58;925.95;18;2.93;2021-12-21;ATIVO
14972;2947;5380.39;161.08;36;7.78;2023-06-11;ATIVO
14973;9483;5212.41;294.73;18;1.78;2023-03-10;QUITADO
14974;1265;16873.29;354.87;48;0.95;2024-01-06;ATIVO
14975;815;4531.72;258.01;18;2.48;2022-02-22;ATIVO
14976;5813;31347.84;882.18;36;1.31;2022-02-16;QUITADO
14977;1524;11414.76;321.39;36;1.36;2021-11-17;ATIVO
14978;1689;7074.41;414.01;18;5.34;2022-06-06;QUITADO
14979;4856;2077.22;121.0;18;4.85;2021-08-17;ATIVO
14980;9252;6852.17;409.53;18;7.58;2022-11-22;ATIVO
14981;3025;7663.85;226.62;36;6.45;2024-06-05;ATIVO
14982;8679;1026.26;90.01;12;5.25;2024-07-28;INADIMPLENTE
14983;698;6385.57;561.61;12;5.54;2024-02-03;ATIVO
14984;8542;4244.31;93.07;48;5.25;2023-06-08;ATIVO
14985;9712;11208.88;1911.3;6;2.31;2023-10-04;QUITADO
14986;1620;7430.71;157.73;48;1.89;2023-07-30;ATIVO
14987;3716;1442.93;248.09;6;3.16;2023-07-28;QUITADO
14988;3206;8756.81;498.8;18;2.53;2022-10-25;ATIVO
14989;7552;4267.52;244.65;18;3.19;2023-09-03;ATIVO
14990;8111;4831.92;273.19;18;1.77;2023-04-25;ATIVO
14991;5185;6425.08;1141.09;6;6.56;2021-11-07;INADIMPLENTE
14992;4970;3844.95;221.21;18;3.56;2023-09-26;QUITADO
14993;4860;19194.05;820.95;24;2.65;2022-12-16;QUITADO
14994;3667;36084.59;2028.15;18;1.17;2022-04-13;ATIVO
14995;3035;14170.15;608.31;24;3.03;2023-06-24;QUITADO
14996;2902;3351.14;299.54;12;7.26;2022-04-20;INADIMPLENTE
14997;627;5733.19;251.52;24;5.29;2023-04-16;ATIVO
14998;3254;25090.6;1058.72;24;1.27;2021-09-03;ATIVO
14999;8640;47950.53;2688.69;18;0.93;2022-12-25;ATIVO
15000;5007;4202.07;188.97;24;7.93;2023-09-14;INADIMPLENTE
