evento_id;cliente_id;emprestimo_id;tipo_evento;data_evento;valor_em_risco
1;9091;10;ATRASO_30;2024-02-13;6329.14
2;9091;10;ATRASO_60;2024-03-14;5063.31
3;9091;10;CALOTE;2024-05-13;2531.66
4;8816;15;ATRASO_30;2023-11-28;913.63
5;8816;15;ATRASO_60;2023-12-28;730.9
6;8816;15;CALOTE;2024-02-26;365.45
7;6941;27;ATRASO_60;2024-07-05;2869.88
8;6941;27;ATRASO_90;2024-08-04;2152.41
9;7268;33;ATRASO_60;2022-12-05;1792.68
10;7268;33;ATRASO_90;2023-01-04;1344.51
11;7268;33;CALOTE;2023-02-03;896.34
12;6162;45;ATRASO_30;2022-08-18;6630.96
13;6162;45;ATRASO_60;2022-09-17;5304.77
14;6162;45;CALOTE;2022-11-16;2652.38
15;942;50;ATRASO_30;2023-11-03;1711.08
16;942;50;ATRASO_60;2023-12-03;1368.86
17;942;50;ATRASO_90;2024-01-02;1026.65
18;942;50;CALOTE;2024-02-01;684.43
19;6217;55;ATRASO_30;2023-12-22;4545.2
20;2325;64;ATRASO_30;2021-07-26;2959.18
21;2325;64;ATRASO_60;2021-08-25;2367.34
22;2325;64;ATRASO_90;2021-09-24;1775.51
23;2325;64;CALOTE;2021-10-24;1183.67
24;3402;69;ATRASO_30;2023-04-25;1540.58
25;3402;69;ATRASO_60;2023-05-25;1232.46
26;3402;69;ATRASO_90;2023-06-24;924.35
27;3402;69;CALOTE;2023-07-24;616.23
28;8735;70;ATRASO_30;2024-03-17;6162.22
29;8735;70;ATRASO_90;2024-05-16;3697.33
30;8735;70;CALOTE;2024-06-15;2464.89
31;2388;91;CALOTE;2024-12-08;3182.58
32;5564;93;CALOTE;2023-05-26;2247.02
33;6447;118;ATRASO_30;2023-10-13;1058.82
34;6447;118;ATRASO_90;2023-12-12;635.29
35;7207;121;CALOTE;2022-07-05;458.03
36;9619;133;ATRASO_90;2024-03-14;883.99
37;2895;136;ATRASO_30;2023-12-04;7666.6
38;2895;136;ATRASO_90;2024-02-02;4599.96
39;2289;151;ATRASO_30;2024-11-27;4666.6
40;2289;151;ATRASO_60;2024-12-27;3733.28
41;2289;151;ATRASO_90;2025-01-26;2799.96
42;2289;151;CALOTE;2025-02-25;1866.64
43;100;186;ATRASO_30;2023-11-06;9797.52
44;100;186;ATRASO_60;2023-12-06;7838.02
45;100;186;CALOTE;2024-02-04;3919.01
46;8157;192;ATRASO_30;2021-12-28;1807.48
47;8157;192;CALOTE;2022-03-28;722.99
48;6779;211;ATRASO_60;2023-11-05;954.85
49;6779;211;ATRASO_90;2023-12-05;716.14
50;4260;230;ATRASO_30;2021-02-17;4436.12
51;4260;230;ATRASO_60;2021-03-19;3548.9
52;4260;230;ATRASO_90;2021-04-18;2661.67
53;3748;241;ATRASO_60;2022-01-15;1956.14
54;3748;241;CALOTE;2022-03-16;978.07
55;9788;276;ATRASO_90;2024-08-26;4798.91
56;4131;285;CALOTE;2025-01-01;312.05
57;2381;299;ATRASO_30;2024-12-11;3776.7
58;2381;299;ATRASO_60;2025-01-10;3021.36
59;2381;299;CALOTE;2025-03-11;1510.68
60;1987;304;ATRASO_30;2023-09-01;9878.1
61;1987;304;ATRASO_60;2023-10-01;7902.48
62;1987;304;ATRASO_90;2023-10-31;5926.86
63;9598;305;ATRASO_90;2021-11-03;2732.48
64;9598;305;CALOTE;2021-12-03;1821.65
65;2620;309;ATRASO_30;2024-04-15;14002.58
66;2620;309;ATRASO_60;2024-05-15;11202.06
67;2620;309;ATRASO_90;2024-06-14;8401.55
68;2380;314;ATRASO_60;2024-03-25;5322.09
69;936;315;ATRASO_30;2024-01-31;7206.23
70;936;315;ATRASO_90;2024-03-31;4323.74
71;936;315;CALOTE;2024-04-30;2882.49
72;7367;351;ATRASO_30;2024-09-02;15354.33
73;7367;351;ATRASO_90;2024-11-01;9212.6
74;7367;351;CALOTE;2024-12-01;6141.73
75;3739;352;ATRASO_30;2023-05-15;7989.34
76;3739;352;ATRASO_60;2023-06-14;6391.47
77;3739;352;ATRASO_90;2023-07-14;4793.6
78;8615;361;ATRASO_60;2023-11-18;779.08
79;8615;361;CALOTE;2024-01-17;389.54
80;3731;380;ATRASO_30;2022-03-31;6284.69
81;3731;380;ATRASO_90;2022-05-30;3770.81
82;2828;387;ATRASO_30;2024-03-16;2554.79
83;2828;387;ATRASO_60;2024-04-15;2043.83
84;2828;387;ATRASO_90;2024-05-15;1532.87
85;2828;387;CALOTE;2024-06-14;1021.92
86;6675;395;ATRASO_30;2023-03-22;3271.47
87;6675;395;CALOTE;2023-06-20;1308.59
88;752;404;ATRASO_30;2022-01-28;708.12
89;752;404;ATRASO_90;2022-03-29;424.87
90;2977;419;ATRASO_30;2022-01-11;3127.66
91;2977;419;ATRASO_90;2022-03-12;1876.6
92;7708;424;CALOTE;2023-01-16;3033.72
93;8011;429;ATRASO_30;2023-08-12;12795.01
94;8011;429;ATRASO_60;2023-09-11;10236.01
95;8011;429;ATRASO_90;2023-10-11;7677.01
96;8011;429;CALOTE;2023-11-10;5118.0
97;4721;460;ATRASO_30;2024-03-16;1491.51
98;4721;460;ATRASO_60;2024-04-15;1193.21
99;4721;460;ATRASO_90;2024-05-15;894.91
100;4721;460;CALOTE;2024-06-14;596.6
101;1583;493;ATRASO_60;2021-12-15;1613.82
102;1583;493;ATRASO_90;2022-01-14;1210.36
103;320;496;ATRASO_30;2024-03-13;4549.52
104;320;496;ATRASO_60;2024-04-12;3639.62
105;320;496;ATRASO_90;2024-05-12;2729.71
106;320;496;CALOTE;2024-06-11;1819.81
107;9575;501;ATRASO_30;2021-03-19;4770.12
108;9575;501;ATRASO_60;2021-04-18;3816.1
109;9575;501;CALOTE;2021-06-17;1908.05
110;4534;513;ATRASO_60;2021-12-09;4676.62
111;4534;513;ATRASO_90;2022-01-08;3507.47
112;4534;513;CALOTE;2022-02-07;2338.31
113;3937;514;ATRASO_60;2024-07-19;10372.94
114;1418;519;ATRASO_30;2024-04-28;4293.48
115;1418;519;ATRASO_60;2024-05-28;3434.78
116;1418;519;ATRASO_90;2024-06-27;2576.09
117;1418;519;CALOTE;2024-07-27;1717.39
118;7364;523;ATRASO_60;2022-02-16;15249.71
119;7364;523;CALOTE;2022-04-17;7624.86
120;8546;528;ATRASO_30;2023-08-15;5666.35
121;8546;528;ATRASO_90;2023-10-14;3399.81
122;8546;528;CALOTE;2023-11-13;2266.54
123;6099;541;ATRASO_30;2024-03-26;4805.02
124;6099;541;ATRASO_60;2024-04-25;3844.02
125;6099;541;ATRASO_90;2024-05-25;2883.01
126;6099;541;CALOTE;2024-06-24;1922.01
127;735;544;ATRASO_30;2023-01-06;4798.13
128;735;544;ATRASO_60;2023-02-05;3838.5
129;735;544;ATRASO_90;2023-03-07;2878.88
130;6559;553;ATRASO_30;2022-12-22;28580.81
131;6559;553;ATRASO_60;2023-01-21;22864.65
132;6559;553;ATRASO_90;2023-02-20;17148.49
133;6559;553;CALOTE;2023-03-22;11432.32
134;2299;554;ATRASO_60;2021-07-03;1308.3
135;2299;554;ATRASO_90;2021-08-02;981.23
136;2299;554;CALOTE;2021-09-01;654.15
137;7524;569;ATRASO_60;2024-01-05;6380.69
138;7524;569;ATRASO_90;2024-02-04;4785.52
139;7524;569;CALOTE;2024-03-05;3190.34
140;3177;575;ATRASO_60;2021-08-18;4495.53
141;3177;575;CALOTE;2021-10-17;2247.76
142;4006;579;ATRASO_30;2022-02-09;1332.45
143;4006;579;ATRASO_60;2022-03-11;1065.96
144;4006;579;CALOTE;2022-05-10;532.98
145;1081;580;ATRASO_60;2025-01-05;2482.14
146;1081;580;ATRASO_90;2025-02-04;1861.61
147;1081;580;CALOTE;2025-03-06;1241.07
148;4895;592;ATRASO_30;2024-07-10;4570.71
149;4895;592;ATRASO_60;2024-08-09;3656.57
150;4895;592;ATRASO_90;2024-09-08;2742.43
151;4895;592;CALOTE;2024-10-08;1828.28
152;2446;610;ATRASO_60;2024-06-06;3623.43
153;2446;610;ATRASO_90;2024-07-06;2717.57
154;7064;640;ATRASO_30;2022-05-30;1956.53
155;7064;640;ATRASO_60;2022-06-29;1565.22
156;7064;640;ATRASO_90;2022-07-29;1173.92
157;4352;652;ATRASO_60;2024-05-27;796.23
158;4352;652;ATRASO_90;2024-06-26;597.17
159;4352;652;CALOTE;2024-07-26;398.12
160;1223;653;ATRASO_30;2024-11-09;1972.12
161;1223;653;ATRASO_90;2025-01-08;1183.27
162;1223;653;CALOTE;2025-02-07;788.85
163;2895;664;ATRASO_30;2024-12-01;2181.84
164;2895;664;ATRASO_60;2024-12-31;1745.47
165;2895;664;CALOTE;2025-03-01;872.74
166;6650;700;ATRASO_30;2022-07-31;3542.51
167;6650;700;ATRASO_60;2022-08-30;2834.01
168;6650;700;CALOTE;2022-10-29;1417.0
169;6790;727;ATRASO_30;2024-02-29;1095.51
170;6790;727;ATRASO_60;2024-03-30;876.41
171;6790;727;ATRASO_90;2024-04-29;657.31
172;6790;727;CALOTE;2024-05-29;438.2
173;1042;732;ATRASO_30;2024-09-08;1343.21
174;1042;732;ATRASO_90;2024-11-07;805.93
175;2811;758;ATRASO_30;2023-01-26;6712.29
176;2811;758;ATRASO_90;2023-03-27;4027.37
177;9507;793;ATRASO_30;2023-01-01;4746.7
178;9507;793;ATRASO_90;2023-03-02;2848.02
179;9507;793;CALOTE;2023-04-01;1898.68
180;3728;795;ATRASO_30;2022-04-09;5906.72
181;3728;795;ATRASO_60;2022-05-09;4725.38
182;3728;795;CALOTE;2022-07-08;2362.69
183;1502;798;ATRASO_30;2024-10-27;1765.45
184;1502;798;ATRASO_60;2024-11-26;1412.36
185;1502;798;ATRASO_90;2024-12-26;1059.27
186;7370;848;ATRASO_30;2024-11-01;2138.95
187;7370;848;ATRASO_60;2024-12-01;1711.16
188;7370;848;CALOTE;2025-01-30;855.58
189;8619;849;ATRASO_30;2024-05-08;5319.09
190;8619;849;ATRASO_60;2024-06-07;4255.27
191;8619;849;ATRASO_90;2024-07-07;3191.45
192;8619;849;CALOTE;2024-08-06;2127.64
193;9624;851;CALOTE;2023-10-30;223.93
194;1997;855;ATRASO_30;2021-10-28;4044.63
195;1997;855;CALOTE;2022-01-26;1617.85
196;6371;861;ATRASO_30;2022-12-14;2030.3
197;6371;861;ATRASO_60;2023-01-13;1624.24
198;6371;861;ATRASO_90;2023-02-12;1218.18
199;6371;861;CALOTE;2023-03-14;812.12
200;347;864;ATRASO_30;2024-03-13;6796.87
201;347;864;ATRASO_60;2024-04-12;5437.5
202;347;864;ATRASO_90;2024-05-12;4078.12
203;8516;885;ATRASO_30;2022-08-28;16486.27
204;8516;885;ATRASO_60;2022-09-27;13189.02
205;8516;885;ATRASO_90;2022-10-27;9891.76
206;9527;905;ATRASO_30;2022-07-15;17694.81
207;9527;905;ATRASO_60;2022-08-14;14155.85
208;9527;905;ATRASO_90;2022-09-13;10616.89
209;9527;905;CALOTE;2022-10-13;7077.92
210;2221;908;ATRASO_60;2021-10-04;5349.04
211;2221;908;ATRASO_90;2021-11-03;4011.78
212;4479;910;ATRASO_30;2022-05-11;3198.21
213;4479;910;ATRASO_90;2022-07-10;1918.93
214;4479;910;CALOTE;2022-08-09;1279.28
215;4363;912;ATRASO_90;2021-08-10;2291.05
216;4363;912;CALOTE;2021-09-09;1527.37
217;8509;923;ATRASO_30;2022-09-19;6972.15
218;8509;923;CALOTE;2022-12-18;2788.86
219;4263;933;ATRASO_30;2021-02-03;7685.86
220;4263;933;ATRASO_60;2021-03-05;6148.69
221;4263;933;ATRASO_90;2021-04-04;4611.52
222;4263;933;CALOTE;2021-05-04;3074.34
223;2050;939;ATRASO_30;2023-01-16;15553.15
224;2050;939;ATRASO_60;2023-02-15;12442.52
225;2050;939;CALOTE;2023-04-16;6221.26
226;1145;954;ATRASO_30;2022-09-30;6700.01
227;1145;954;ATRASO_60;2022-10-30;5360.01
228;1145;954;ATRASO_90;2022-11-29;4020.01
229;1145;954;CALOTE;2022-12-29;2680.0
230;1242;970;ATRASO_30;2023-07-25;46200.48
231;1242;970;ATRASO_60;2023-08-24;36960.38
232;1242;970;ATRASO_90;2023-09-23;27720.29
233;1242;970;CALOTE;2023-10-23;18480.19
234;960;979;ATRASO_90;2022-10-29;3881.27
235;960;979;CALOTE;2022-11-28;2587.51
236;3517;988;ATRASO_60;2022-01-26;6087.1
237;3517;988;ATRASO_90;2022-02-25;4565.32
238;3517;988;CALOTE;2022-03-27;3043.55
239;3167;1002;ATRASO_90;2023-09-06;2346.94
240;3167;1002;CALOTE;2023-10-06;1564.63
241;7580;1015;ATRASO_60;2023-12-27;2858.51
242;7580;1015;ATRASO_90;2024-01-26;2143.88
243;7580;1015;CALOTE;2024-02-25;1429.26
244;413;1022;ATRASO_30;2023-08-06;1206.51
245;413;1022;ATRASO_90;2023-10-05;723.91
246;192;1026;CALOTE;2022-02-04;1533.01
247;8013;1035;ATRASO_30;2021-09-18;6514.87
248;8013;1035;ATRASO_60;2021-10-18;5211.9
249;8013;1035;CALOTE;2021-12-17;2605.95
250;5918;1048;ATRASO_30;2023-10-16;6533.73
251;5918;1048;ATRASO_60;2023-11-15;5226.98
252;5918;1048;CALOTE;2024-01-14;2613.49
253;8204;1053;ATRASO_30;2023-01-07;2096.41
254;8204;1053;ATRASO_60;2023-02-06;1677.13
255;8204;1053;ATRASO_90;2023-03-08;1257.85
256;599;1056;ATRASO_30;2023-04-04;1328.46
257;599;1056;ATRASO_60;2023-05-04;1062.77
258;599;1056;CALOTE;2023-07-03;531.38
259;1822;1068;ATRASO_30;2021-10-16;789.65
260;1822;1068;ATRASO_60;2021-11-15;631.72
261;1822;1068;ATRASO_90;2021-12-15;473.79
262;1822;1068;CALOTE;2022-01-14;315.86
263;5893;1077;ATRASO_30;2024-01-30;6680.67
264;5893;1077;ATRASO_60;2024-02-29;5344.54
265;5893;1077;ATRASO_90;2024-03-30;4008.4
266;5893;1077;CALOTE;2024-04-29;2672.27
267;7166;1095;ATRASO_30;2023-07-17;15675.17
268;7166;1095;CALOTE;2023-10-15;6270.07
269;3417;1096;ATRASO_30;2022-09-28;5988.5
270;3417;1096;ATRASO_60;2022-10-28;4790.8
271;3417;1096;ATRASO_90;2022-11-27;3593.1
272;1141;1097;ATRASO_30;2021-10-01;6421.03
273;1141;1097;ATRASO_90;2021-11-30;3852.62
274;7546;1101;ATRASO_30;2022-04-21;1964.27
275;7546;1101;ATRASO_60;2022-05-21;1571.42
276;7546;1101;ATRASO_90;2022-06-20;1178.56
277;7546;1101;CALOTE;2022-07-20;785.71
278;8411;1102;ATRASO_60;2025-01-09;5643.08
279;8411;1102;ATRASO_90;2025-02-08;4232.31
280;8411;1102;CALOTE;2025-03-10;2821.54
281;5302;1103;ATRASO_30;2024-06-14;6691.24
282;5302;1103;ATRASO_90;2024-08-13;4014.74
283;489;1106;ATRASO_90;2024-04-17;3874.82
284;4108;1113;ATRASO_90;2022-10-24;2452.65
285;4108;1113;CALOTE;2022-11-23;1635.1
286;4874;1116;ATRASO_30;2022-10-28;12188.16
287;4874;1116;ATRASO_60;2022-11-27;9750.53
288;4874;1116;ATRASO_90;2022-12-27;7312.9
289;4874;1116;CALOTE;2023-01-26;4875.26
290;6166;1122;CALOTE;2024-04-23;883.62
291;5426;1132;ATRASO_30;2024-05-10;1035.93
292;5426;1132;ATRASO_60;2024-06-09;828.74
293;5426;1132;ATRASO_90;2024-07-09;621.56
294;5426;1132;CALOTE;2024-08-08;414.37
295;1363;1147;ATRASO_30;2023-07-31;12511.58
296;1363;1147;ATRASO_60;2023-08-30;10009.26
297;1363;1147;ATRASO_90;2023-09-29;7506.95
298;1363;1147;CALOTE;2023-10-29;5004.63
299;7925;1163;ATRASO_60;2025-01-27;6508.44
300;7925;1163;ATRASO_90;2025-02-26;4881.33
301;7925;1163;CALOTE;2025-03-28;3254.22
302;9317;1168;ATRASO_30;2024-08-06;2146.72
303;9317;1168;ATRASO_90;2024-10-05;1288.03
304;9317;1168;CALOTE;2024-11-04;858.69
305;7159;1170;ATRASO_30;2024-10-25;19156.9
306;7159;1170;ATRASO_90;2024-12-24;11494.14
307;7159;1170;CALOTE;2025-01-23;7662.76
308;5098;1174;ATRASO_30;2024-07-10;3446.66
309;5098;1174;ATRASO_60;2024-08-09;2757.33
310;4608;1178;ATRASO_60;2022-10-27;2458.7
311;4608;1178;CALOTE;2022-12-26;1229.35
312;6841;1185;ATRASO_90;2021-04-03;3311.75
313;521;1198;ATRASO_30;2021-10-10;25415.35
314;521;1198;ATRASO_90;2021-12-09;15249.21
315;521;1198;CALOTE;2022-01-08;10166.14
316;2159;1201;ATRASO_30;2021-04-12;6181.69
317;2159;1201;ATRASO_60;2021-05-12;4945.35
318;2159;1201;CALOTE;2021-07-11;2472.68
319;5680;1216;ATRASO_30;2024-04-02;5781.16
320;5680;1216;ATRASO_90;2024-06-01;3468.7
321;5680;1216;CALOTE;2024-07-01;2312.46
322;9334;1226;ATRASO_30;2021-09-08;1792.94
323;9334;1226;ATRASO_60;2021-10-08;1434.35
324;9334;1226;ATRASO_90;2021-11-07;1075.76
325;9334;1226;CALOTE;2021-12-07;717.18
326;4910;1241;ATRASO_30;2023-12-10;3355.06
327;4910;1241;ATRASO_60;2024-01-09;2684.05
328;4910;1241;ATRASO_90;2024-02-08;2013.04
329;4910;1241;CALOTE;2024-03-09;1342.02
330;436;1248;ATRASO_30;2022-05-07;7874.38
331;436;1248;ATRASO_90;2022-07-06;4724.63
332;7748;1255;ATRASO_30;2023-06-11;2061.83
333;7748;1255;ATRASO_90;2023-08-10;1237.1
334;3454;1256;ATRASO_30;2022-05-06;3148.42
335;3454;1256;ATRASO_60;2022-06-05;2518.74
336;3454;1256;ATRASO_90;2022-07-05;1889.05
337;3454;1256;CALOTE;2022-08-04;1259.37
338;127;1267;ATRASO_30;2021-05-31;14625.23
339;127;1267;ATRASO_60;2021-06-30;11700.18
340;127;1267;ATRASO_90;2021-07-30;8775.14
341;7837;1269;ATRASO_90;2022-07-17;406.36
342;7837;1269;CALOTE;2022-08-16;270.91
343;2388;1271;ATRASO_30;2024-07-23;743.97
344;2388;1271;ATRASO_90;2024-09-21;446.38
345;9185;1281;ATRASO_30;2021-11-30;5951.4
346;9185;1281;ATRASO_60;2021-12-30;4761.12
347;9185;1281;ATRASO_90;2022-01-29;3570.84
348;9185;1281;CALOTE;2022-02-28;2380.56
349;7505;1300;ATRASO_30;2022-11-13;1220.91
350;7505;1300;ATRASO_60;2022-12-13;976.73
351;7505;1300;ATRASO_90;2023-01-12;732.55
352;7505;1300;CALOTE;2023-02-11;488.36
353;9814;1301;ATRASO_30;2023-02-26;5030.97
354;9814;1301;ATRASO_60;2023-03-28;4024.78
355;9814;1301;ATRASO_90;2023-04-27;3018.58
356;5188;1338;ATRASO_30;2024-08-04;1130.03
357;5188;1338;ATRASO_60;2024-09-03;904.02
358;5188;1338;ATRASO_90;2024-10-03;678.02
359;5188;1338;CALOTE;2024-11-02;452.01
360;2855;1345;ATRASO_30;2025-01-01;3405.7
361;2855;1345;CALOTE;2025-04-01;1362.28
362;7592;1353;ATRASO_30;2021-11-25;4742.19
363;7592;1353;ATRASO_60;2021-12-25;3793.75
364;7592;1353;CALOTE;2022-02-23;1896.88
365;1453;1356;ATRASO_30;2021-07-27;7606.06
366;1453;1356;ATRASO_90;2021-09-25;4563.64
367;1453;1356;CALOTE;2021-10-25;3042.42
368;6056;1357;ATRASO_30;2024-06-22;13106.77
369;6056;1357;ATRASO_90;2024-08-21;7864.06
370;6056;1357;CALOTE;2024-09-20;5242.71
371;8934;1365;ATRASO_30;2022-02-01;2656.25
372;8934;1365;ATRASO_90;2022-04-02;1593.75
373;8934;1365;CALOTE;2022-05-02;1062.5
374;64;1381;ATRASO_90;2021-10-20;3675.95
375;5854;1387;ATRASO_30;2021-02-19;4429.13
376;5854;1387;ATRASO_60;2021-03-21;3543.3
377;5854;1387;ATRASO_90;2021-04-20;2657.48
378;5854;1387;CALOTE;2021-05-20;1771.65
379;5700;1400;ATRASO_30;2024-11-10;6449.12
380;5700;1400;ATRASO_60;2024-12-10;5159.3
381;5700;1400;ATRASO_90;2025-01-09;3869.47
382;5700;1400;CALOTE;2025-02-08;2579.65
383;7866;1415;CALOTE;2024-04-05;3064.97
384;3048;1418;ATRASO_30;2021-11-07;17448.35
385;3048;1418;ATRASO_60;2021-12-07;13958.68
386;3048;1418;ATRASO_90;2022-01-06;10469.01
387;3048;1418;CALOTE;2022-02-05;6979.34
388;9738;1421;ATRASO_30;2022-11-09;6571.17
389;9738;1421;ATRASO_90;2023-01-08;3942.7
390;4581;1439;ATRASO_90;2023-04-28;1617.23
391;4581;1439;CALOTE;2023-05-28;1078.16
392;8238;1440;ATRASO_30;2023-09-17;3671.39
393;8238;1440;ATRASO_60;2023-10-17;2937.11
394;8238;1440;ATRASO_90;2023-11-16;2202.83
395;8238;1440;CALOTE;2023-12-16;1468.56
396;1095;1444;ATRASO_30;2023-10-13;7961.81
397;1095;1444;ATRASO_60;2023-11-12;6369.45
398;1095;1444;ATRASO_90;2023-12-12;4777.09
399;1678;1450;ATRASO_30;2024-12-04;2992.48
400;1678;1450;ATRASO_60;2025-01-03;2393.98
401;1678;1450;ATRASO_90;2025-02-02;1795.49
402;1678;1450;CALOTE;2025-03-04;1196.99
403;8205;1451;ATRASO_30;2022-02-15;19644.04
404;8205;1451;ATRASO_60;2022-03-17;15715.23
405;8205;1451;ATRASO_90;2022-04-16;11786.42
406;8205;1451;CALOTE;2022-05-16;7857.62
407;1387;1465;ATRASO_60;2023-01-01;2908.72
408;1387;1465;ATRASO_90;2023-01-31;2181.54
409;1387;1465;CALOTE;2023-03-02;1454.36
410;458;1485;ATRASO_30;2022-02-12;19606.67
411;458;1485;ATRASO_60;2022-03-14;15685.34
412;458;1485;ATRASO_90;2022-04-13;11764.0
413;458;1485;CALOTE;2022-05-13;7842.67
414;5889;1486;ATRASO_60;2021-07-04;2011.82
415;5889;1486;ATRASO_90;2021-08-03;1508.87
416;4770;1494;ATRASO_30;2021-12-24;6972.69
417;4770;1494;ATRASO_60;2022-01-23;5578.15
418;4770;1494;ATRASO_90;2022-02-22;4183.61
419;4770;1494;CALOTE;2022-03-24;2789.08
420;7950;1499;ATRASO_30;2025-01-01;4625.31
421;7950;1499;ATRASO_60;2025-01-31;3700.25
422;8314;1502;ATRASO_30;2021-09-29;1152.55
423;8314;1502;CALOTE;2021-12-28;461.02
424;3861;1508;ATRASO_30;2024-07-30;4910.84
425;3861;1508;ATRASO_90;2024-09-28;2946.5
426;3861;1508;CALOTE;2024-10-28;1964.34
427;8810;1535;ATRASO_30;2023-11-13;3240.18
428;8810;1535;ATRASO_60;2023-12-13;2592.14
429;8810;1535;ATRASO_90;2024-01-12;1944.11
430;8810;1535;CALOTE;2024-02-11;1296.07
431;6384;1563;ATRASO_30;2024-05-21;17731.92
432;6384;1563;ATRASO_60;2024-06-20;14185.54
433;6384;1563;ATRASO_90;2024-07-20;10639.15
434;6384;1563;CALOTE;2024-08-19;7092.77
435;8432;1570;ATRASO_30;2025-01-25;7092.14
436;8432;1570;ATRASO_90;2025-03-26;4255.28
437;8432;1570;CALOTE;2025-04-25;2836.86
438;3426;1573;ATRASO_30;2022-10-17;6341.89
439;3426;1573;ATRASO_60;2022-11-16;5073.51
440;3426;1573;ATRASO_90;2022-12-16;3805.13
441;3426;1573;CALOTE;2023-01-15;2536.76
442;8910;1574;ATRASO_60;2022-12-15;13906.41
443;8910;1574;ATRASO_90;2023-01-14;10429.81
444;8910;1574;CALOTE;2023-02-13;6953.2
445;843;1577;ATRASO_60;2023-02-22;1037.74
446;843;1577;ATRASO_90;2023-03-24;778.3
447;843;1577;CALOTE;2023-04-23;518.87
448;6107;1586;ATRASO_30;2023-01-02;3488.76
449;6107;1586;CALOTE;2023-04-02;1395.5
450;2051;1589;ATRASO_90;2024-09-10;384.43
451;8196;1596;ATRASO_30;2021-09-15;3499.81
452;8196;1596;ATRASO_90;2021-11-14;2099.89
453;8196;1596;CALOTE;2021-12-14;1399.92
454;9094;1602;ATRASO_30;2021-09-15;17290.4
455;9094;1602;ATRASO_60;2021-10-15;13832.32
456;9094;1602;ATRASO_90;2021-11-14;10374.24
457;9094;1602;CALOTE;2021-12-14;6916.16
458;9438;1610;ATRASO_30;2023-06-14;8984.24
459;9438;1610;ATRASO_60;2023-07-14;7187.39
460;9438;1610;ATRASO_90;2023-08-13;5390.54
461;9438;1610;CALOTE;2023-09-12;3593.7
462;8681;1627;ATRASO_30;2024-06-03;7844.4
463;8681;1627;ATRASO_60;2024-07-03;6275.52
464;8681;1627;ATRASO_90;2024-08-02;4706.64
465;8681;1627;CALOTE;2024-09-01;3137.76
466;6979;1631;ATRASO_30;2024-05-06;5025.54
467;6979;1631;ATRASO_90;2024-07-05;3015.32
468;5782;1632;ATRASO_30;2022-07-21;4077.17
469;5782;1632;CALOTE;2022-10-19;1630.87
470;201;1633;ATRASO_30;2024-09-18;874.33
471;201;1633;ATRASO_60;2024-10-18;699.46
472;201;1633;ATRASO_90;2024-11-17;524.6
473;549;1664;ATRASO_30;2023-06-15;5984.87
474;549;1664;ATRASO_60;2023-07-15;4787.9
475;549;1664;ATRASO_90;2023-08-14;3590.92
476;7105;1665;ATRASO_30;2023-05-03;6236.32
477;7105;1665;ATRASO_60;2023-06-02;4989.06
478;7105;1665;ATRASO_90;2023-07-02;3741.79
479;5645;1684;ATRASO_30;2024-01-22;3258.98
480;5645;1684;ATRASO_90;2024-03-22;1955.39
481;5645;1684;CALOTE;2024-04-21;1303.59
482;7385;1706;ATRASO_30;2022-08-18;5351.34
483;7385;1706;ATRASO_60;2022-09-17;4281.07
484;7385;1706;CALOTE;2022-11-16;2140.54
485;8749;1707;ATRASO_30;2023-06-16;3642.11
486;8749;1707;ATRASO_60;2023-07-16;2913.69
487;8749;1707;ATRASO_90;2023-08-15;2185.27
488;8749;1707;CALOTE;2023-09-14;1456.84
489;53;1710;ATRASO_60;2021-04-02;6973.4
490;53;1710;CALOTE;2021-06-01;3486.7
491;5;1733;ATRASO_60;2022-01-07;4673.8
492;5;1733;ATRASO_90;2022-02-06;3505.35
493;5;1733;CALOTE;2022-03-08;2336.9
494;9513;1740;ATRASO_30;2023-05-22;3402.14
495;9513;1740;ATRASO_90;2023-07-21;2041.28
496;9513;1740;CALOTE;2023-08-20;1360.86
497;6940;1742;ATRASO_30;2024-05-09;19363.47
498;6940;1742;ATRASO_90;2024-07-08;11618.08
499;2039;1751;ATRASO_30;2024-06-29;7606.45
500;2039;1751;ATRASO_90;2024-08-28;4563.87
501;2039;1751;CALOTE;2024-09-27;3042.58
502;1888;1753;ATRASO_30;2021-07-23;1922.0
503;1888;1753;ATRASO_90;2021-09-21;1153.2
504;1888;1753;CALOTE;2021-10-21;768.8
505;1609;1758;ATRASO_60;2024-11-15;2229.76
506;1609;1758;ATRASO_90;2024-12-15;1672.32
507;1609;1758;CALOTE;2025-01-14;1114.88
508;8946;1786;ATRASO_60;2024-07-07;4865.26
509;8946;1786;ATRASO_90;2024-08-06;3648.95
510;8946;1786;CALOTE;2024-09-05;2432.63
511;2185;1787;CALOTE;2024-01-17;1972.36
512;5192;1790;ATRASO_90;2021-04-01;1589.75
513;5192;1790;CALOTE;2021-05-01;1059.83
514;375;1803;ATRASO_30;2023-04-14;5887.35
515;375;1803;ATRASO_60;2023-05-14;4709.88
516;375;1803;CALOTE;2023-07-13;2354.94
517;8834;1818;ATRASO_90;2022-05-23;22150.94
518;7300;1820;ATRASO_30;2023-09-17;7494.05
519;7300;1820;ATRASO_60;2023-10-17;5995.24
520;7300;1820;ATRASO_90;2023-11-16;4496.43
521;7300;1820;CALOTE;2023-12-16;2997.62
522;7658;1831;ATRASO_60;2021-11-01;1845.82
523;7658;1831;ATRASO_90;2021-12-01;1384.36
524;7658;1831;CALOTE;2021-12-31;922.91
525;4463;1835;ATRASO_30;2023-02-14;4070.37
526;4463;1835;ATRASO_90;2023-04-15;2442.22
527;4463;1835;CALOTE;2023-05-15;1628.15
528;5522;1841;ATRASO_30;2023-10-23;4824.34
529;5522;1841;ATRASO_60;2023-11-22;3859.47
530;5522;1841;ATRASO_90;2023-12-22;2894.6
531;5522;1841;CALOTE;2024-01-21;1929.74
532;1167;1842;ATRASO_30;2023-05-15;7983.52
533;1167;1842;ATRASO_90;2023-07-14;4790.11
534;1167;1842;CALOTE;2023-08-13;3193.41
535;3157;1846;ATRASO_30;2023-08-07;3304.78
536;3157;1846;ATRASO_60;2023-09-06;2643.82
537;3157;1846;ATRASO_90;2023-10-06;1982.87
538;3157;1846;CALOTE;2023-11-05;1321.91
539;6510;1850;ATRASO_60;2024-02-22;2625.78
540;6510;1850;ATRASO_90;2024-03-23;1969.34
541;6510;1850;CALOTE;2024-04-22;1312.89
542;7304;1881;ATRASO_60;2024-05-16;2481.17
543;7304;1881;ATRASO_90;2024-06-15;1860.88
544;7304;1881;CALOTE;2024-07-15;1240.58
545;3341;1909;ATRASO_60;2021-09-10;1494.17
546;3341;1909;ATRASO_90;2021-10-10;1120.63
547;3341;1909;CALOTE;2021-11-09;747.08
548;7907;1919;ATRASO_60;2021-03-09;1726.82
549;7907;1919;ATRASO_90;2021-04-08;1295.12
550;7907;1919;CALOTE;2021-05-08;863.41
551;2913;1921;ATRASO_30;2024-08-03;1660.44
552;2913;1921;ATRASO_90;2024-10-02;996.26
553;273;1922;ATRASO_30;2023-11-06;1629.11
554;273;1922;CALOTE;2024-02-04;651.64
555;3711;1941;ATRASO_30;2024-05-17;1283.65
556;3711;1941;ATRASO_60;2024-06-16;1026.92
557;3711;1941;ATRASO_90;2024-07-16;770.19
558;7681;1955;ATRASO_60;2024-02-22;1558.65
559;7681;1955;ATRASO_90;2024-03-23;1168.99
560;6812;1959;ATRASO_30;2023-11-23;2220.07
561;6812;1959;ATRASO_60;2023-12-23;1776.06
562;6812;1959;CALOTE;2024-02-21;888.03
563;2369;1963;ATRASO_60;2021-08-06;696.86
564;2369;1963;ATRASO_90;2021-09-05;522.64
565;2369;1963;CALOTE;2021-10-05;348.43
566;5658;1969;ATRASO_30;2024-02-14;8349.59
567;5658;1969;ATRASO_60;2024-03-15;6679.67
568;5658;1969;CALOTE;2024-05-14;3339.84
569;8415;1976;ATRASO_60;2022-12-22;37364.41
570;8415;1976;ATRASO_90;2023-01-21;28023.31
571;8415;1976;CALOTE;2023-02-20;18682.2
572;1789;1983;ATRASO_30;2022-10-12;1813.44
573;1789;1983;ATRASO_60;2022-11-11;1450.75
574;1789;1983;ATRASO_90;2022-12-11;1088.06
575;1160;1987;ATRASO_30;2023-09-20;6316.49
576;1160;1987;ATRASO_60;2023-10-20;5053.19
577;1160;1987;ATRASO_90;2023-11-19;3789.89
578;1160;1987;CALOTE;2023-12-19;2526.6
579;1508;2006;ATRASO_90;2024-09-15;2244.88
580;6577;2008;ATRASO_30;2024-06-13;3153.31
581;6577;2008;ATRASO_60;2024-07-13;2522.65
582;6577;2008;CALOTE;2024-09-11;1261.32
583;427;2013;ATRASO_30;2024-07-02;3775.9
584;427;2013;ATRASO_60;2024-08-01;3020.72
585;427;2013;ATRASO_90;2024-08-31;2265.54
586;427;2013;CALOTE;2024-09-30;1510.36
587;6981;2019;ATRASO_30;2021-09-05;5722.49
588;6981;2019;ATRASO_60;2021-10-05;4577.99
589;6981;2019;CALOTE;2021-12-04;2289.0
590;5958;2040;ATRASO_30;2023-07-31;2446.18
591;5958;2040;ATRASO_60;2023-08-30;1956.94
592;5958;2040;ATRASO_90;2023-09-29;1467.71
593;5958;2040;CALOTE;2023-10-29;978.47
594;3799;2042;ATRASO_60;2024-03-13;6333.0
595;7065;2044;ATRASO_30;2021-06-12;2259.87
596;7065;2044;ATRASO_60;2021-07-12;1807.9
597;7065;2044;ATRASO_90;2021-08-11;1355.92
598;3810;2055;ATRASO_30;2023-04-03;4550.15
599;3810;2055;ATRASO_60;2023-05-03;3640.12
600;3810;2055;ATRASO_90;2023-06-02;2730.09
601;3810;2055;CALOTE;2023-07-02;1820.06
602;3455;2057;ATRASO_60;2024-10-20;5292.88
603;3455;2057;ATRASO_90;2024-11-19;3969.66
604;3455;2057;CALOTE;2024-12-19;2646.44
605;4540;2067;ATRASO_30;2022-12-24;6987.73
606;4540;2067;ATRASO_60;2023-01-23;5590.18
607;4956;2083;ATRASO_30;2024-02-06;9556.35
608;4956;2083;ATRASO_90;2024-04-06;5733.81
609;4956;2083;CALOTE;2024-05-06;3822.54
610;6735;2095;ATRASO_30;2022-04-02;19272.91
611;6735;2095;ATRASO_90;2022-06-01;11563.75
612;6735;2095;CALOTE;2022-07-01;7709.16
613;6849;2098;ATRASO_30;2022-05-10;19922.67
614;6849;2098;ATRASO_60;2022-06-09;15938.14
615;6849;2098;CALOTE;2022-08-08;7969.07
616;3975;2105;ATRASO_60;2021-08-17;9080.5
617;3975;2105;CALOTE;2021-10-16;4540.25
618;3262;2106;ATRASO_30;2024-07-02;4152.92
619;3262;2106;ATRASO_60;2024-08-01;3322.34
620;3262;2106;CALOTE;2024-09-30;1661.17
621;2186;2113;ATRASO_30;2024-12-22;6629.74
622;2186;2113;CALOTE;2025-03-22;2651.9
623;1901;2127;ATRASO_30;2023-07-16;1042.78
624;1901;2127;ATRASO_60;2023-08-15;834.22
625;1901;2127;CALOTE;2023-10-14;417.11
626;6283;2133;ATRASO_30;2023-08-26;6937.6
627;6283;2133;ATRASO_60;2023-09-25;5550.08
628;6283;2133;ATRASO_90;2023-10-25;4162.56
629;9765;2152;ATRASO_30;2022-11-10;4377.94
630;1613;2196;ATRASO_60;2023-03-01;7972.85
631;1613;2196;CALOTE;2023-04-30;3986.42
632;5534;2206;ATRASO_30;2022-12-24;2883.36
633;5534;2206;ATRASO_60;2023-01-23;2306.69
634;5534;2206;ATRASO_90;2023-02-22;1730.02
635;5534;2206;CALOTE;2023-03-24;1153.34
636;1873;2207;ATRASO_30;2025-01-03;4854.2
637;1873;2207;ATRASO_60;2025-02-02;3883.36
638;1873;2207;ATRASO_90;2025-03-04;2912.52
639;1873;2207;CALOTE;2025-04-03;1941.68
640;2183;2209;ATRASO_30;2021-12-12;3043.13
641;2183;2209;ATRASO_60;2022-01-11;2434.5
642;2183;2209;ATRASO_90;2022-02-10;1825.88
643;2183;2209;CALOTE;2022-03-12;1217.25
644;7308;2215;ATRASO_60;2023-06-21;6041.12
645;7308;2215;ATRASO_90;2023-07-21;4530.84
646;1173;2239;ATRASO_60;2024-05-06;2699.61
647;1173;2239;ATRASO_90;2024-06-05;2024.71
648;1173;2239;CALOTE;2024-07-05;1349.8
649;6369;2256;ATRASO_60;2024-11-04;685.36
650;6369;2256;ATRASO_90;2024-12-04;514.02
651;1023;2293;ATRASO_60;2025-02-04;3945.08
652;1023;2293;ATRASO_90;2025-03-06;2958.81
653;6256;2307;ATRASO_30;2023-09-24;4522.24
654;6256;2307;ATRASO_60;2023-10-24;3617.79
655;6256;2307;ATRASO_90;2023-11-23;2713.34
656;2764;2317;ATRASO_30;2021-04-01;16082.36
657;2764;2317;ATRASO_60;2021-05-01;12865.89
658;2764;2317;ATRASO_90;2021-05-31;9649.42
659;2764;2317;CALOTE;2021-06-30;6432.94
660;5466;2321;ATRASO_30;2022-09-15;557.42
661;5466;2321;CALOTE;2022-12-14;222.97
662;9895;2322;ATRASO_90;2023-04-07;3450.94
663;9895;2322;CALOTE;2023-05-07;2300.63
664;4091;2323;ATRASO_30;2024-06-10;4673.93
665;4091;2323;ATRASO_90;2024-08-09;2804.36
666;4091;2323;CALOTE;2024-09-08;1869.57
667;6586;2334;ATRASO_30;2021-03-23;4694.34
668;6586;2334;ATRASO_60;2021-04-22;3755.47
669;6586;2334;CALOTE;2021-06-21;1877.74
670;7285;2335;ATRASO_30;2024-05-13;2205.08
671;7285;2335;ATRASO_60;2024-06-12;1764.06
672;7285;2335;ATRASO_90;2024-07-12;1323.05
673;7285;2335;CALOTE;2024-08-11;882.03
674;2010;2341;ATRASO_30;2024-02-20;2795.46
675;2010;2341;ATRASO_60;2024-03-21;2236.37
676;2010;2341;ATRASO_90;2024-04-20;1677.28
677;2010;2341;CALOTE;2024-05-20;1118.18
678;4064;2350;ATRASO_30;2024-05-18;11642.64
679;4064;2350;ATRASO_60;2024-06-17;9314.11
680;4064;2350;ATRASO_90;2024-07-17;6985.58
681;4064;2350;CALOTE;2024-08-16;4657.06
682;6482;2360;ATRASO_30;2023-04-26;2982.46
683;6482;2360;ATRASO_90;2023-06-25;1789.48
684;6482;2360;CALOTE;2023-07-25;1192.98
685;4929;2376;ATRASO_30;2023-04-22;4061.29
686;4929;2376;ATRASO_60;2023-05-22;3249.03
687;4929;2376;ATRASO_90;2023-06-21;2436.77
688;4929;2376;CALOTE;2023-07-21;1624.52
689;4575;2377;ATRASO_30;2021-04-08;1446.51
690;4575;2377;ATRASO_90;2021-06-07;867.91
691;4575;2377;CALOTE;2021-07-07;578.6
692;7060;2395;ATRASO_30;2022-03-08;7587.36
693;7060;2395;ATRASO_60;2022-04-07;6069.89
694;7060;2395;ATRASO_90;2022-05-07;4552.42
695;7060;2395;CALOTE;2022-06-06;3034.94
696;10;2396;ATRASO_30;2021-07-14;5744.75
697;10;2396;CALOTE;2021-10-12;2297.9
698;3430;2402;ATRASO_30;2024-08-02;3550.85
699;3430;2402;ATRASO_60;2024-09-01;2840.68
700;3430;2402;CALOTE;2024-10-31;1420.34
701;5375;2411;ATRASO_30;2022-10-31;6843.52
702;5375;2411;ATRASO_60;2022-11-30;5474.82
703;5375;2411;ATRASO_90;2022-12-30;4106.11
704;6214;2419;ATRASO_30;2024-11-29;5443.33
705;6214;2419;ATRASO_60;2024-12-29;4354.66
706;6214;2419;ATRASO_90;2025-01-28;3266.0
707;4145;2420;ATRASO_30;2022-12-30;3068.74
708;4145;2420;ATRASO_60;2023-01-29;2454.99
709;4145;2420;ATRASO_90;2023-02-28;1841.24
710;8725;2425;ATRASO_30;2021-06-10;17659.66
711;8725;2425;ATRASO_60;2021-07-10;14127.73
712;8725;2425;CALOTE;2021-09-08;7063.86
713;5287;2428;ATRASO_90;2023-01-04;1944.44
714;5287;2428;CALOTE;2023-02-03;1296.3
715;8761;2433;ATRASO_30;2023-05-27;3623.71
716;8761;2433;ATRASO_60;2023-06-26;2898.97
717;8761;2433;ATRASO_90;2023-07-26;2174.23
718;8761;2433;CALOTE;2023-08-25;1449.48
719;9595;2441;ATRASO_90;2024-12-06;796.11
720;9595;2441;CALOTE;2025-01-05;530.74
721;7241;2451;ATRASO_30;2024-12-21;5338.31
722;7241;2451;CALOTE;2025-03-21;2135.32
723;5602;2492;ATRASO_30;2023-07-18;4784.65
724;5602;2492;ATRASO_60;2023-08-17;3827.72
725;5602;2492;ATRASO_90;2023-09-16;2870.79
726;7628;2496;ATRASO_30;2022-02-23;4522.32
727;7628;2496;ATRASO_60;2022-03-25;3617.86
728;7628;2496;ATRASO_90;2022-04-24;2713.39
729;7628;2496;CALOTE;2022-05-24;1808.93
730;5855;2503;ATRASO_30;2022-12-08;6949.15
731;5855;2503;ATRASO_60;2023-01-07;5559.32
732;5855;2503;CALOTE;2023-03-08;2779.66
733;2511;2517;ATRASO_30;2023-08-22;16073.8
734;2511;2517;ATRASO_60;2023-09-21;12859.04
735;2511;2517;ATRASO_90;2023-10-21;9644.28
736;2511;2517;CALOTE;2023-11-20;6429.52
737;608;2544;ATRASO_30;2021-02-18;7321.48
738;608;2544;ATRASO_60;2021-03-20;5857.18
739;608;2544;ATRASO_90;2021-04-19;4392.89
740;608;2544;CALOTE;2021-05-19;2928.59
741;8468;2548;ATRASO_30;2022-04-27;7388.85
742;8468;2548;ATRASO_60;2022-05-27;5911.08
743;8468;2548;CALOTE;2022-07-26;2955.54
744;4013;2550;ATRASO_60;2022-03-19;5766.58
745;4013;2550;ATRASO_90;2022-04-18;4324.94
746;2163;2552;ATRASO_60;2025-02-24;1912.9
747;2163;2552;ATRASO_90;2025-03-26;1434.67
748;2163;2552;CALOTE;2025-04-25;956.45
749;3518;2570;ATRASO_30;2024-06-02;31519.98
750;3518;2570;ATRASO_60;2024-07-02;25215.98
751;3518;2570;ATRASO_90;2024-08-01;18911.99
752;3518;2570;CALOTE;2024-08-31;12607.99
753;1652;2573;ATRASO_30;2022-05-18;4296.31
754;1652;2573;ATRASO_90;2022-07-17;2577.79
755;1652;2573;CALOTE;2022-08-16;1718.52
756;4375;2591;ATRASO_60;2021-09-30;2535.87
757;4375;2591;ATRASO_90;2021-10-30;1901.9
758;4375;2591;CALOTE;2021-11-29;1267.94
759;7095;2592;ATRASO_30;2024-12-14;4143.66
760;7095;2592;ATRASO_60;2025-01-13;3314.93
761;7095;2592;ATRASO_90;2025-02-12;2486.2
762;7095;2592;CALOTE;2025-03-14;1657.46
763;8803;2594;ATRASO_30;2024-02-16;1439.49
764;8803;2594;ATRASO_60;2024-03-17;1151.59
765;8803;2594;ATRASO_90;2024-04-16;863.69
766;8803;2594;CALOTE;2024-05-16;575.8
767;9141;2629;ATRASO_30;2023-03-29;5254.91
768;9141;2629;ATRASO_60;2023-04-28;4203.93
769;9141;2629;ATRASO_90;2023-05-28;3152.95
770;9141;2629;CALOTE;2023-06-27;2101.96
771;7972;2633;ATRASO_60;2023-03-16;5229.58
772;7972;2633;ATRASO_90;2023-04-15;3922.19
773;7972;2633;CALOTE;2023-05-15;2614.79
774;9944;2681;ATRASO_90;2023-09-01;661.11
775;9944;2681;CALOTE;2023-10-01;440.74
776;1677;2683;ATRASO_30;2023-10-04;7159.4
777;1677;2683;ATRASO_60;2023-11-03;5727.52
778;8693;2693;CALOTE;2023-10-23;3127.12
779;1073;2696;ATRASO_30;2024-07-20;6425.75
780;1073;2696;ATRASO_90;2024-09-18;3855.45
781;1073;2696;CALOTE;2024-10-18;2570.3
782;859;2701;ATRASO_30;2021-08-23;9373.55
783;859;2701;ATRASO_90;2021-10-22;5624.13
784;859;2701;CALOTE;2021-11-21;3749.42
785;1665;2703;ATRASO_30;2024-03-14;6708.38
786;1665;2703;ATRASO_60;2024-04-13;5366.7
787;1665;2703;ATRASO_90;2024-05-13;4025.03
788;1665;2703;CALOTE;2024-06-12;2683.35
789;3154;2704;ATRASO_90;2023-03-06;473.15
790;3154;2704;CALOTE;2023-04-05;315.44
791;8679;2707;ATRASO_30;2021-11-23;3247.01
792;8679;2707;ATRASO_60;2021-12-23;2597.61
793;8679;2707;CALOTE;2022-02-21;1298.8
794;6285;2709;ATRASO_30;2023-03-01;1493.86
795;6285;2709;ATRASO_60;2023-03-31;1195.09
796;6285;2709;CALOTE;2023-05-30;597.54
797;4341;2715;ATRASO_30;2024-12-05;6466.59
798;4341;2715;ATRASO_60;2025-01-04;5173.27
799;4341;2715;ATRASO_90;2025-02-03;3879.95
800;3244;2729;ATRASO_90;2024-08-01;3195.61
801;3244;2729;CALOTE;2024-08-31;2130.41
802;2904;2753;ATRASO_30;2023-03-21;4091.63
803;2904;2753;ATRASO_60;2023-04-20;3273.3
804;2904;2753;ATRASO_90;2023-05-20;2454.98
805;2904;2753;CALOTE;2023-06-19;1636.65
806;9139;2758;ATRASO_30;2021-09-21;7349.94
807;9139;2758;ATRASO_60;2021-10-21;5879.95
808;9139;2758;ATRASO_90;2021-11-20;4409.96
809;9139;2758;CALOTE;2021-12-20;2939.98
810;6461;2760;ATRASO_30;2022-11-18;5534.69
811;6461;2760;ATRASO_90;2023-01-17;3320.81
812;9732;2767;ATRASO_30;2024-12-02;5490.22
813;9732;2767;ATRASO_90;2025-01-31;3294.13
814;9732;2767;CALOTE;2025-03-02;2196.09
815;9700;2772;ATRASO_30;2023-11-09;689.45
816;9700;2772;ATRASO_60;2023-12-09;551.56
817;9700;2772;ATRASO_90;2024-01-08;413.67
818;9700;2772;CALOTE;2024-02-07;275.78
819;4180;2784;ATRASO_30;2023-03-14;2376.89
820;4180;2784;ATRASO_90;2023-05-13;1426.13
821;4180;2784;CALOTE;2023-06-12;950.76
822;8526;2785;ATRASO_30;2023-12-12;4740.32
823;3016;2794;ATRASO_30;2022-07-26;2601.2
824;3016;2794;ATRASO_60;2022-08-25;2080.96
825;3016;2794;CALOTE;2022-10-24;1040.48
826;4857;2809;ATRASO_30;2025-01-17;2084.44
827;4857;2809;ATRASO_60;2025-02-16;1667.55
828;4857;2809;ATRASO_90;2025-03-18;1250.66
829;4857;2809;CALOTE;2025-04-17;833.78
830;6587;2815;ATRASO_30;2021-07-31;4704.15
831;6587;2815;ATRASO_60;2021-08-30;3763.32
832;6587;2815;ATRASO_90;2021-09-29;2822.49
833;8438;2823;CALOTE;2021-10-05;561.6
834;5340;2841;ATRASO_30;2024-06-19;3422.09
835;5340;2841;CALOTE;2024-09-17;1368.84
836;460;2850;ATRASO_30;2022-04-17;982.79
837;460;2850;ATRASO_60;2022-05-17;786.23
838;460;2850;ATRASO_90;2022-06-16;589.67
839;460;2850;CALOTE;2022-07-16;393.12
840;5795;2880;ATRASO_60;2024-09-02;1900.29
841;5795;2880;ATRASO_90;2024-10-02;1425.22
842;5795;2880;CALOTE;2024-11-01;950.14
843;6496;2885;ATRASO_90;2022-05-18;1515.71
844;6496;2885;CALOTE;2022-06-17;1010.48
845;1285;2889;ATRASO_60;2021-05-17;14518.46
846;1285;2889;ATRASO_90;2021-06-16;10888.84
847;1285;2889;CALOTE;2021-07-16;7259.23
848;8241;2891;ATRASO_30;2022-01-27;2368.17
849;8241;2891;ATRASO_60;2022-02-26;1894.54
850;8241;2891;ATRASO_90;2022-03-28;1420.9
851;8241;2891;CALOTE;2022-04-27;947.27
852;8605;2914;ATRASO_30;2022-12-25;2943.44
853;8605;2914;ATRASO_60;2023-01-24;2354.75
854;8605;2914;ATRASO_90;2023-02-23;1766.06
855;1937;2915;ATRASO_30;2021-03-12;5959.78
856;1937;2915;ATRASO_60;2021-04-11;4767.82
857;1937;2915;ATRASO_90;2021-05-11;3575.87
858;1937;2915;CALOTE;2021-06-10;2383.91
859;8818;2918;ATRASO_30;2024-07-04;5707.21
860;8818;2918;ATRASO_60;2024-08-03;4565.77
861;2619;2922;ATRASO_30;2023-10-20;5805.57
862;2619;2922;ATRASO_60;2023-11-19;4644.46
863;2619;2922;ATRASO_90;2023-12-19;3483.34
864;2619;2922;CALOTE;2024-01-18;2322.23
865;7809;2932;ATRASO_30;2023-05-14;2656.42
866;7809;2932;ATRASO_60;2023-06-13;2125.14
867;7979;2947;ATRASO_30;2021-07-31;3798.08
868;7979;2947;ATRASO_60;2021-08-30;3038.46
869;7979;2947;ATRASO_90;2021-09-29;2278.85
870;7979;2947;CALOTE;2021-10-29;1519.23
871;9489;2953;ATRASO_60;2024-07-23;8543.49
872;9489;2953;ATRASO_90;2024-08-22;6407.62
873;6067;2959;ATRASO_30;2023-10-01;3992.98
874;6067;2959;ATRASO_60;2023-10-31;3194.38
875;6067;2959;ATRASO_90;2023-11-30;2395.79
876;6067;2959;CALOTE;2023-12-30;1597.19
877;5563;2964;ATRASO_60;2024-06-18;3961.01
878;5563;2964;ATRASO_90;2024-07-18;2970.76
879;5563;2964;CALOTE;2024-08-17;1980.5
880;1152;2972;ATRASO_60;2024-12-05;591.35
881;1152;2972;ATRASO_90;2025-01-04;443.51
882;1152;2972;CALOTE;2025-02-03;295.68
883;1564;2974;ATRASO_30;2021-07-11;6916.0
884;1564;2974;ATRASO_90;2021-09-09;4149.6
885;1564;2974;CALOTE;2021-10-09;2766.4
886;9791;2986;ATRASO_30;2023-03-05;5811.27
887;9791;2986;ATRASO_60;2023-04-04;4649.02
888;9791;2986;CALOTE;2023-06-03;2324.51
889;4727;2987;ATRASO_60;2024-07-13;2613.16
890;3555;2991;ATRASO_30;2021-03-07;4222.85
891;3555;2991;ATRASO_60;2021-04-06;3378.28
892;3555;2991;CALOTE;2021-06-05;1689.14
893;6268;3001;ATRASO_90;2023-12-11;3549.03
894;6268;3001;CALOTE;2024-01-10;2366.02
895;7518;3009;ATRASO_30;2024-02-06;5165.01
896;7518;3009;ATRASO_60;2024-03-07;4132.01
897;7518;3009;ATRASO_90;2024-04-06;3099.01
898;7518;3009;CALOTE;2024-05-06;2066.0
899;8492;3011;ATRASO_60;2024-08-22;2367.21
900;8492;3011;ATRASO_90;2024-09-21;1775.41
901;8492;3011;CALOTE;2024-10-21;1183.6
902;3713;3014;ATRASO_30;2022-12-08;4655.0
903;3713;3014;ATRASO_60;2023-01-07;3724.0
904;3713;3014;ATRASO_90;2023-02-06;2793.0
905;3713;3014;CALOTE;2023-03-08;1862.0
906;8681;3019;ATRASO_90;2021-07-23;3524.15
907;579;3043;ATRASO_90;2024-03-14;4328.27
908;579;3043;CALOTE;2024-04-13;2885.52
909;1822;3075;ATRASO_30;2022-06-01;7824.85
910;1822;3075;ATRASO_90;2022-07-31;4694.91
911;1822;3075;CALOTE;2022-08-30;3129.94
912;1996;3082;ATRASO_30;2022-07-10;2969.53
913;1996;3082;ATRASO_60;2022-08-09;2375.62
914;1996;3082;ATRASO_90;2022-09-08;1781.72
915;3556;3090;ATRASO_30;2023-04-17;1445.71
916;3556;3090;ATRASO_60;2023-05-17;1156.57
917;3556;3090;ATRASO_90;2023-06-16;867.43
918;1513;3101;ATRASO_30;2021-03-09;5293.54
919;1513;3101;ATRASO_60;2021-04-08;4234.83
920;1513;3101;CALOTE;2021-06-07;2117.42
921;9425;3119;ATRASO_60;2021-10-13;5309.06
922;9425;3119;ATRASO_90;2021-11-12;3981.79
923;9425;3119;CALOTE;2021-12-12;2654.53
924;778;3142;ATRASO_30;2023-02-01;1780.34
925;778;3142;ATRASO_60;2023-03-03;1424.27
926;778;3142;ATRASO_90;2023-04-02;1068.2
927;778;3142;CALOTE;2023-05-02;712.14
928;9554;3155;ATRASO_30;2022-12-26;5030.11
929;9554;3155;ATRASO_60;2023-01-25;4024.09
930;9554;3155;ATRASO_90;2023-02-24;3018.07
931;9554;3155;CALOTE;2023-03-26;2012.04
932;8858;3159;ATRASO_30;2023-01-18;3799.81
933;8858;3159;ATRASO_60;2023-02-17;3039.85
934;1451;3181;ATRASO_30;2023-01-05;13808.87
935;1451;3181;ATRASO_90;2023-03-06;8285.32
936;1451;3181;CALOTE;2023-04-05;5523.55
937;1727;3184;ATRASO_30;2022-07-22;15960.88
938;1727;3184;ATRASO_60;2022-08-21;12768.7
939;48;3207;ATRASO_30;2024-01-15;6466.88
940;48;3207;ATRASO_90;2024-03-15;3880.13
941;9050;3210;ATRASO_30;2023-01-08;7752.79
942;9050;3210;ATRASO_60;2023-02-07;6202.23
943;9050;3210;ATRASO_90;2023-03-09;4651.67
944;6589;3213;ATRASO_30;2024-08-23;2824.16
945;6589;3213;ATRASO_90;2024-10-22;1694.5
946;6589;3213;CALOTE;2024-11-21;1129.66
947;2464;3243;ATRASO_30;2021-11-02;2451.28
948;2464;3243;ATRASO_90;2022-01-01;1470.77
949;2464;3243;CALOTE;2022-01-31;980.51
950;2849;3251;ATRASO_30;2023-09-10;7784.93
951;2849;3251;CALOTE;2023-12-09;3113.97
952;7483;3256;ATRASO_30;2021-08-29;1937.19
953;7483;3256;ATRASO_60;2021-09-28;1549.75
954;9804;3263;ATRASO_60;2021-05-08;1901.03
955;9804;3263;ATRASO_90;2021-06-07;1425.77
956;9804;3263;CALOTE;2021-07-07;950.52
957;7776;3267;ATRASO_30;2023-03-07;1425.37
958;7776;3267;ATRASO_60;2023-04-06;1140.3
959;7776;3267;ATRASO_90;2023-05-06;855.22
960;7776;3267;CALOTE;2023-06-05;570.15
961;4387;3270;ATRASO_60;2022-07-20;1107.19
962;4387;3270;CALOTE;2022-09-18;553.6
963;2390;3283;ATRASO_30;2021-07-16;7070.61
964;2390;3283;ATRASO_90;2021-09-14;4242.37
965;7549;3291;ATRASO_30;2022-10-14;18243.54
966;7549;3291;ATRASO_60;2022-11-13;14594.83
967;7549;3291;ATRASO_90;2022-12-13;10946.12
968;7549;3291;CALOTE;2023-01-12;7297.42
969;8972;3298;ATRASO_60;2022-09-26;763.85
970;8972;3298;ATRASO_90;2022-10-26;572.89
971;8972;3298;CALOTE;2022-11-25;381.92
972;8985;3301;ATRASO_60;2023-10-25;5456.55
973;8985;3301;ATRASO_90;2023-11-24;4092.41
974;8985;3301;CALOTE;2023-12-24;2728.28
975;1789;3302;ATRASO_30;2022-01-28;834.55
976;1789;3302;ATRASO_60;2022-02-27;667.64
977;1789;3302;ATRASO_90;2022-03-29;500.73
978;1789;3302;CALOTE;2022-04-28;333.82
979;3156;3312;ATRASO_90;2021-07-14;828.15
980;3156;3312;CALOTE;2021-08-13;552.1
981;4363;3320;ATRASO_30;2023-01-15;14020.34
982;4363;3320;ATRASO_60;2023-02-14;11216.27
983;4363;3320;CALOTE;2023-04-15;5608.14
984;4122;3327;ATRASO_30;2024-04-02;5406.91
985;4122;3327;ATRASO_60;2024-05-02;4325.53
986;4122;3327;ATRASO_90;2024-06-01;3244.15
987;4122;3327;CALOTE;2024-07-01;2162.76
988;9602;3331;ATRASO_30;2021-10-24;7912.67
989;9602;3331;ATRASO_60;2021-11-23;6330.14
990;9602;3331;CALOTE;2022-01-22;3165.07
991;9994;3336;ATRASO_30;2022-08-27;7468.05
992;9994;3336;ATRASO_60;2022-09-26;5974.44
993;9994;3336;ATRASO_90;2022-10-26;4480.83
994;9994;3336;CALOTE;2022-11-25;2987.22
995;8248;3338;ATRASO_30;2024-04-04;19086.72
996;8248;3338;ATRASO_60;2024-05-04;15269.38
997;8248;3338;CALOTE;2024-07-03;7634.69
998;9346;3350;ATRASO_60;2022-11-11;6246.56
999;9346;3350;ATRASO_90;2022-12-11;4684.92
1000;9346;3350;CALOTE;2023-01-10;3123.28
1001;4482;3363;ATRASO_90;2023-11-27;2579.96
1002;4482;3363;CALOTE;2023-12-27;1719.98
1003;6737;3373;ATRASO_30;2021-06-19;1531.17
1004;6737;3373;ATRASO_60;2021-07-19;1224.94
1005;6737;3373;ATRASO_90;2021-08-18;918.7
1006;7117;3378;ATRASO_60;2023-05-26;1778.87
1007;7117;3378;ATRASO_90;2023-06-25;1334.15
1008;7117;3378;CALOTE;2023-07-25;889.44
1009;1696;3386;ATRASO_30;2024-10-21;1066.08
1010;1696;3386;ATRASO_60;2024-11-20;852.86
1011;1696;3386;ATRASO_90;2024-12-20;639.65
1012;1696;3386;CALOTE;2025-01-19;426.43
1013;8023;3387;ATRASO_30;2024-07-25;10503.18
1014;8023;3387;ATRASO_60;2024-08-24;8402.54
1015;8023;3387;ATRASO_90;2024-09-23;6301.91
1016;8023;3387;CALOTE;2024-10-23;4201.27
1017;192;3388;ATRASO_90;2021-06-30;331.35
1018;6257;3392;ATRASO_60;2022-01-12;1114.95
1019;6257;3392;ATRASO_90;2022-02-11;836.21
1020;6257;3392;CALOTE;2022-03-13;557.48
1021;3971;3405;ATRASO_60;2024-07-15;2712.87
1022;3971;3405;ATRASO_90;2024-08-14;2034.65
1023;3971;3405;CALOTE;2024-09-13;1356.44
1024;6117;3409;ATRASO_30;2022-07-13;3958.16
1025;6117;3409;ATRASO_60;2022-08-12;3166.53
1026;7276;3434;ATRASO_30;2022-06-11;4814.06
1027;7276;3434;ATRASO_60;2022-07-11;3851.25
1028;7276;3434;ATRASO_90;2022-08-10;2888.44
1029;3130;3436;ATRASO_90;2023-12-12;3379.76
1030;3130;3436;CALOTE;2024-01-11;2253.18
1031;2136;3446;ATRASO_30;2022-09-04;5936.34
1032;2136;3446;ATRASO_60;2022-10-04;4749.07
1033;2136;3446;CALOTE;2022-12-03;2374.54
1034;3543;3462;ATRASO_30;2022-11-25;2226.14
1035;3543;3462;ATRASO_60;2022-12-25;1780.91
1036;3543;3462;ATRASO_90;2023-01-24;1335.68
1037;3543;3462;CALOTE;2023-02-23;890.46
1038;906;3472;ATRASO_30;2023-12-25;766.95
1039;906;3472;ATRASO_60;2024-01-24;613.56
1040;906;3472;ATRASO_90;2024-02-23;460.17
1041;906;3472;CALOTE;2024-03-24;306.78
1042;224;3488;ATRASO_30;2022-10-19;9462.46
1043;224;3488;ATRASO_60;2022-11-18;7569.97
1044;224;3488;ATRASO_90;2022-12-18;5677.48
1045;224;3488;CALOTE;2023-01-17;3784.98
1046;4070;3511;ATRASO_30;2024-09-05;4772.7
1047;4070;3511;ATRASO_90;2024-11-04;2863.62
1048;4070;3511;CALOTE;2024-12-04;1909.08
1049;2700;3512;ATRASO_30;2024-02-28;7827.07
1050;2700;3512;ATRASO_60;2024-03-29;6261.66
1051;2700;3512;ATRASO_90;2024-04-28;4696.24
1052;2700;3512;CALOTE;2024-05-28;3130.83
1053;1823;3540;ATRASO_30;2021-09-05;7802.44
1054;1823;3540;ATRASO_60;2021-10-05;6241.95
1055;1823;3540;CALOTE;2021-12-04;3120.98
1056;2743;3545;ATRASO_30;2024-08-17;1664.02
1057;2743;3545;ATRASO_90;2024-10-16;998.41
1058;2743;3545;CALOTE;2024-11-15;665.61
1059;4937;3573;ATRASO_30;2023-10-23;7162.93
1060;4937;3573;CALOTE;2024-01-21;2865.17
1061;5083;3596;ATRASO_30;2023-01-19;3699.7
1062;5083;3596;ATRASO_60;2023-02-18;2959.76
1063;5083;3596;CALOTE;2023-04-19;1479.88
1064;8735;3599;ATRASO_30;2021-03-26;6773.87
1065;8735;3599;ATRASO_90;2021-05-25;4064.32
1066;6133;3604;ATRASO_30;2023-03-17;2752.35
1067;6133;3604;ATRASO_60;2023-04-16;2201.88
1068;6133;3604;CALOTE;2023-06-15;1100.94
1069;315;3611;ATRASO_30;2023-07-29;4837.79
1070;315;3611;ATRASO_60;2023-08-28;3870.23
1071;315;3611;ATRASO_90;2023-09-27;2902.67
1072;315;3611;CALOTE;2023-10-27;1935.12
1073;5207;3614;ATRASO_60;2022-02-13;2068.19
1074;5207;3614;ATRASO_90;2022-03-15;1551.14
1075;5207;3614;CALOTE;2022-04-14;1034.1
1076;3447;3623;ATRASO_60;2022-03-05;5181.8
1077;3447;3623;CALOTE;2022-05-04;2590.9
1078;4180;3632;ATRASO_30;2024-10-11;1650.75
1079;4180;3632;ATRASO_60;2024-11-10;1320.6
1080;4180;3632;ATRASO_90;2024-12-10;990.45
1081;4180;3632;CALOTE;2025-01-09;660.3
1082;6645;3635;ATRASO_60;2024-07-31;5146.18
1083;6645;3635;CALOTE;2024-09-29;2573.09
1084;4309;3652;ATRASO_30;2024-10-28;1101.53
1085;4309;3652;ATRASO_60;2024-11-27;881.22
1086;4309;3652;ATRASO_90;2024-12-27;660.92
1087;7991;3663;ATRASO_60;2023-10-12;1149.22
1088;7991;3663;CALOTE;2023-12-11;574.61
1089;3768;3670;ATRASO_30;2021-12-15;5883.38
1090;3768;3670;ATRASO_90;2022-02-13;3530.03
1091;3768;3670;CALOTE;2022-03-15;2353.35
1092;8679;3672;ATRASO_30;2023-12-04;5056.63
1093;8679;3672;ATRASO_60;2024-01-03;4045.3
1094;8679;3672;ATRASO_90;2024-02-02;3033.98
1095;8679;3672;CALOTE;2024-03-03;2022.65
1096;9908;3674;ATRASO_60;2022-09-13;5485.7
1097;248;3683;ATRASO_30;2024-08-12;28410.63
1098;248;3683;ATRASO_60;2024-09-11;22728.5
1099;248;3683;ATRASO_90;2024-10-11;17046.38
1100;248;3683;CALOTE;2024-11-10;11364.25
1101;4539;3709;ATRASO_60;2021-05-03;1362.21
1102;2980;3715;ATRASO_30;2024-01-04;4037.77
1103;2980;3715;ATRASO_60;2024-02-03;3230.22
1104;2980;3715;ATRASO_90;2024-03-04;2422.66
1105;2797;3741;ATRASO_30;2024-05-03;3769.21
1106;2797;3741;ATRASO_90;2024-07-02;2261.53
1107;2809;3742;ATRASO_30;2022-09-11;729.71
1108;2809;3742;ATRASO_60;2022-10-11;583.77
1109;2809;3742;ATRASO_90;2022-11-10;437.83
1110;2809;3742;CALOTE;2022-12-10;291.88
1111;974;3751;ATRASO_30;2021-12-30;14264.49
1112;974;3751;ATRASO_60;2022-01-29;11411.59
1113;974;3751;ATRASO_90;2022-02-28;8558.69
1114;974;3751;CALOTE;2022-03-30;5705.8
1115;6466;3753;ATRASO_30;2023-08-22;6780.9
1116;6466;3753;ATRASO_60;2023-09-21;5424.72
1117;6466;3753;ATRASO_90;2023-10-21;4068.54
1118;6466;3753;CALOTE;2023-11-20;2712.36
1119;5929;3755;ATRASO_30;2025-01-30;6051.28
1120;5929;3755;ATRASO_90;2025-03-31;3630.77
1121;5929;3755;CALOTE;2025-04-30;2420.51
1122;8438;3772;ATRASO_30;2022-02-20;1161.97
1123;8438;3772;ATRASO_90;2022-04-21;697.18
1124;2861;3779;ATRASO_30;2022-02-06;5444.73
1125;2861;3779;ATRASO_60;2022-03-08;4355.78
1126;2861;3779;ATRASO_90;2022-04-07;3266.84
1127;2861;3779;CALOTE;2022-05-07;2177.89
1128;7121;3820;ATRASO_30;2021-02-05;691.55
1129;7121;3820;ATRASO_60;2021-03-07;553.24
1130;7121;3820;ATRASO_90;2021-04-06;414.93
1131;4929;3826;ATRASO_60;2024-12-30;4989.87
1132;4929;3826;ATRASO_90;2025-01-29;3742.4
1133;4929;3826;CALOTE;2025-02-28;2494.94
1134;2626;3844;ATRASO_90;2021-05-25;3252.97
1135;2626;3844;CALOTE;2021-06-24;2168.64
1136;1871;3863;ATRASO_60;2021-05-08;1917.11
1137;1871;3863;ATRASO_90;2021-06-07;1437.83
1138;1871;3863;CALOTE;2021-07-07;958.56
1139;5048;3888;ATRASO_30;2025-01-01;9388.86
1140;5048;3888;ATRASO_60;2025-01-31;7511.09
1141;5048;3888;ATRASO_90;2025-03-02;5633.32
1142;5048;3888;CALOTE;2025-04-01;3755.54
1143;8185;3889;ATRASO_30;2023-09-16;3624.31
1144;8185;3889;ATRASO_60;2023-10-16;2899.45
1145;8185;3889;ATRASO_90;2023-11-15;2174.59
1146;8185;3889;CALOTE;2023-12-15;1449.72
1147;1526;3905;ATRASO_30;2021-03-08;2525.43
1148;1526;3905;ATRASO_90;2021-05-07;1515.26
1149;6223;3906;ATRASO_60;2024-04-14;4023.58
1150;6223;3906;ATRASO_90;2024-05-14;3017.69
1151;6223;3906;CALOTE;2024-06-13;2011.79
1152;9114;3938;ATRASO_30;2021-02-09;6076.57
1153;9114;3938;ATRASO_90;2021-04-10;3645.94
1154;9114;3938;CALOTE;2021-05-10;2430.63
1155;877;3968;ATRASO_30;2024-11-28;4607.32
1156;877;3968;ATRASO_90;2025-01-27;2764.39
1157;5805;3977;ATRASO_60;2022-06-27;4950.95
1158;5805;3977;ATRASO_90;2022-07-27;3713.21
1159;5805;3977;CALOTE;2022-08-26;2475.48
1160;5756;3980;ATRASO_30;2024-12-16;17919.9
1161;5756;3980;CALOTE;2025-03-16;7167.96
1162;4952;4001;ATRASO_30;2023-06-02;6484.6
1163;4952;4001;ATRASO_60;2023-07-02;5187.68
1164;4952;4001;ATRASO_90;2023-08-01;3890.76
1165;4952;4001;CALOTE;2023-08-31;2593.84
1166;4865;4017;ATRASO_30;2023-07-05;7384.73
1167;4865;4017;ATRASO_60;2023-08-04;5907.78
1168;4865;4017;ATRASO_90;2023-09-03;4430.84
1169;687;4026;ATRASO_30;2024-08-29;6679.09
1170;687;4026;ATRASO_60;2024-09-28;5343.27
1171;687;4026;CALOTE;2024-11-27;2671.64
1172;338;4028;CALOTE;2022-04-21;928.15
1173;9004;4030;ATRASO_30;2022-07-06;6253.28
1174;9004;4030;CALOTE;2022-10-04;2501.31
1175;1721;4033;ATRASO_30;2022-01-14;13084.54
1176;1721;4033;ATRASO_90;2022-03-15;7850.72
1177;1721;4033;CALOTE;2022-04-14;5233.82
1178;811;4036;ATRASO_30;2023-01-01;19448.21
1179;811;4036;ATRASO_60;2023-01-31;15558.57
1180;811;4036;ATRASO_90;2023-03-02;11668.93
1181;7570;4051;ATRASO_30;2022-06-04;17131.28
1182;7570;4051;CALOTE;2022-09-02;6852.51
1183;5149;4056;ATRASO_30;2022-05-07;7580.41
1184;5149;4056;ATRASO_90;2022-07-06;4548.25
1185;5149;4056;CALOTE;2022-08-05;3032.16
1186;6262;4058;ATRASO_30;2023-11-18;2309.93
1187;6262;4058;ATRASO_90;2024-01-17;1385.96
1188;6262;4058;CALOTE;2024-02-16;923.97
1189;6205;4065;ATRASO_90;2023-10-31;2509.51
1190;6205;4065;CALOTE;2023-11-30;1673.01
1191;99;4072;ATRASO_30;2021-07-19;4723.59
1192;99;4072;ATRASO_90;2021-09-17;2834.15
1193;99;4072;CALOTE;2021-10-17;1889.44
1194;5577;4086;ATRASO_30;2021-08-06;2314.79
1195;5577;4086;CALOTE;2021-11-04;925.92
1196;8444;4093;ATRASO_30;2024-04-08;4787.56
1197;8444;4093;ATRASO_60;2024-05-08;3830.05
1198;8444;4093;ATRASO_90;2024-06-07;2872.54
1199;8444;4093;CALOTE;2024-07-07;1915.02
1200;8081;4098;ATRASO_30;2022-05-23;2769.53
1201;8081;4098;ATRASO_60;2022-06-22;2215.62
1202;8081;4098;ATRASO_90;2022-07-22;1661.72
1203;8081;4098;CALOTE;2022-08-21;1107.81
1204;876;4134;ATRASO_30;2023-01-08;3962.42
1205;876;4134;ATRASO_60;2023-02-07;3169.94
1206;876;4134;ATRASO_90;2023-03-09;2377.45
1207;876;4134;CALOTE;2023-04-08;1584.97
1208;9302;4135;ATRASO_30;2023-04-23;2607.02
1209;9737;4143;ATRASO_30;2022-09-23;4508.88
1210;9737;4143;ATRASO_90;2022-11-22;2705.33
1211;5015;4144;ATRASO_60;2024-02-12;4575.07
1212;5015;4144;ATRASO_90;2024-03-13;3431.3
1213;5117;4152;ATRASO_90;2024-02-28;4637.35
1214;8832;4163;ATRASO_60;2021-11-06;3284.71
1215;8832;4163;ATRASO_90;2021-12-06;2463.53
1216;8832;4163;CALOTE;2022-01-05;1642.36
1217;6100;4181;ATRASO_30;2021-12-08;3602.47
1218;6100;4181;ATRASO_60;2022-01-07;2881.98
1219;6100;4181;CALOTE;2022-03-08;1440.99
1220;3300;4186;ATRASO_30;2024-05-04;3257.38
1221;3300;4186;ATRASO_90;2024-07-03;1954.43
1222;3300;4186;CALOTE;2024-08-02;1302.95
1223;7258;4217;ATRASO_30;2022-03-20;15703.5
1224;7258;4217;CALOTE;2022-06-18;6281.4
1225;206;4224;ATRASO_30;2024-01-10;14846.44
1226;206;4224;CALOTE;2024-04-09;5938.58
1227;1749;4229;ATRASO_30;2023-03-23;8625.25
1228;1749;4229;ATRASO_90;2023-05-22;5175.15
1229;4687;4235;ATRASO_30;2024-11-01;1885.44
1230;4687;4235;ATRASO_60;2024-12-01;1508.35
1231;4687;4235;ATRASO_90;2024-12-31;1131.26
1232;4687;4235;CALOTE;2025-01-30;754.18
1233;9872;4238;ATRASO_60;2022-07-11;4195.14
1234;9872;4238;CALOTE;2022-09-09;2097.57
1235;1353;4255;ATRASO_30;2022-05-26;17896.74
1236;1353;4255;ATRASO_60;2022-06-25;14317.39
1237;1353;4255;ATRASO_90;2022-07-25;10738.04
1238;3475;4294;ATRASO_30;2024-09-06;4428.24
1239;3475;4294;ATRASO_90;2024-11-05;2656.94
1240;5170;4309;ATRASO_30;2024-12-21;5582.9
1241;5170;4309;ATRASO_60;2025-01-20;4466.32
1242;5170;4309;ATRASO_90;2025-02-19;3349.74
1243;5170;4309;CALOTE;2025-03-21;2233.16
1244;3811;4318;ATRASO_30;2021-11-18;4489.19
1245;3811;4318;ATRASO_60;2021-12-18;3591.35
1246;1255;4337;ATRASO_90;2021-12-10;3886.27
1247;1255;4337;CALOTE;2022-01-09;2590.84
1248;8803;4338;ATRASO_30;2023-12-30;577.82
1249;8803;4338;ATRASO_90;2024-02-28;346.69
1250;6107;4347;ATRASO_30;2024-10-17;6283.73
1251;6107;4347;ATRASO_90;2024-12-16;3770.24
1252;6107;4347;CALOTE;2025-01-15;2513.49
1253;9390;4372;ATRASO_30;2024-10-07;7355.05
1254;9390;4372;CALOTE;2025-01-05;2942.02
1255;5882;4383;ATRASO_60;2023-01-24;555.47
1256;5882;4383;ATRASO_90;2023-02-23;416.6
1257;5882;4383;CALOTE;2023-03-25;277.74
1258;5828;4386;ATRASO_30;2023-09-11;2707.27
1259;5828;4386;ATRASO_60;2023-10-11;2165.82
1260;5828;4386;CALOTE;2023-12-10;1082.91
1261;5392;4396;ATRASO_30;2022-03-24;7609.4
1262;5392;4396;ATRASO_60;2022-04-23;6087.52
1263;9022;4398;ATRASO_30;2021-08-26;7388.07
1264;9022;4398;ATRASO_90;2021-10-25;4432.84
1265;9353;4406;ATRASO_30;2023-04-06;2411.65
1266;9353;4406;ATRASO_60;2023-05-06;1929.32
1267;9353;4406;ATRASO_90;2023-06-05;1446.99
1268;9353;4406;CALOTE;2023-07-05;964.66
1269;3444;4409;ATRASO_90;2024-07-26;4425.83
1270;3387;4413;ATRASO_30;2021-10-27;7244.13
1271;3387;4413;ATRASO_90;2021-12-26;4346.48
1272;3387;4413;CALOTE;2022-01-25;2897.65
1273;832;4415;ATRASO_30;2022-03-07;5065.25
1274;832;4415;ATRASO_60;2022-04-06;4052.2
1275;832;4415;ATRASO_90;2022-05-06;3039.15
1276;7785;4416;ATRASO_30;2023-12-07;2934.1
1277;7785;4416;ATRASO_60;2024-01-06;2347.28
1278;7785;4416;CALOTE;2024-03-06;1173.64
1279;902;4417;ATRASO_30;2021-06-01;4856.07
1280;902;4417;ATRASO_90;2021-07-31;2913.64
1281;902;4417;CALOTE;2021-08-30;1942.43
1282;8465;4421;ATRASO_90;2023-06-02;4266.63
1283;8465;4421;CALOTE;2023-07-02;2844.42
1284;2074;4425;ATRASO_30;2023-05-10;1111.83
1285;2074;4425;ATRASO_60;2023-06-09;889.46
1286;6706;4439;ATRASO_30;2024-10-24;1086.31
1287;6706;4439;ATRASO_60;2024-11-23;869.05
1288;6706;4439;ATRASO_90;2024-12-23;651.79
1289;598;4447;ATRASO_30;2023-03-10;2701.2
1290;598;4447;ATRASO_60;2023-04-09;2160.96
1291;598;4447;ATRASO_90;2023-05-09;1620.72
1292;403;4452;ATRASO_90;2022-12-23;335.45
1293;892;4453;ATRASO_30;2024-02-28;1456.06
1294;892;4453;ATRASO_90;2024-04-28;873.64
1295;892;4453;CALOTE;2024-05-28;582.42
1296;4149;4460;ATRASO_30;2022-12-28;13069.01
1297;4149;4460;ATRASO_60;2023-01-27;10455.21
1298;4149;4460;ATRASO_90;2023-02-26;7841.41
1299;4149;4460;CALOTE;2023-03-28;5227.6
1300;7465;4462;ATRASO_30;2024-07-22;2907.72
1301;7465;4462;ATRASO_60;2024-08-21;2326.18
1302;7465;4462;ATRASO_90;2024-09-20;1744.63
1303;7465;4462;CALOTE;2024-10-20;1163.09
1304;9556;4478;ATRASO_90;2021-07-02;2322.89
1305;9556;4478;CALOTE;2021-08-01;1548.59
1306;2994;4493;ATRASO_30;2021-03-23;6179.2
1307;2994;4493;ATRASO_60;2021-04-22;4943.36
1308;2994;4493;CALOTE;2021-06-21;2471.68
1309;4116;4500;CALOTE;2025-01-22;3795.27
1310;8009;4508;ATRASO_60;2023-02-28;889.72
1311;8009;4508;CALOTE;2023-04-29;444.86
1312;1577;4526;ATRASO_60;2022-01-24;1663.94
1313;1577;4526;ATRASO_90;2022-02-23;1247.95
1314;456;4533;ATRASO_30;2023-05-22;2158.85
1315;456;4533;ATRASO_60;2023-06-21;1727.08
1316;456;4533;ATRASO_90;2023-07-21;1295.31
1317;456;4533;CALOTE;2023-08-20;863.54
1318;9310;4546;CALOTE;2022-06-19;894.84
1319;291;4552;ATRASO_90;2024-05-16;9142.72
1320;216;4578;ATRASO_30;2022-10-31;5780.27
1321;216;4578;ATRASO_90;2022-12-30;3468.16
1322;8503;4599;ATRASO_30;2022-09-23;7761.7
1323;8503;4599;ATRASO_60;2022-10-23;6209.36
1324;651;4605;ATRASO_60;2023-04-29;4334.94
1325;651;4605;CALOTE;2023-06-28;2167.47
1326;7765;4621;ATRASO_60;2023-10-30;5912.82
1327;7765;4621;ATRASO_90;2023-11-29;4434.62
1328;7765;4621;CALOTE;2023-12-29;2956.41
1329;1255;4628;ATRASO_30;2023-06-24;4004.59
1330;1255;4628;ATRASO_60;2023-07-24;3203.67
1331;1255;4628;ATRASO_90;2023-08-23;2402.75
1332;1255;4628;CALOTE;2023-09-22;1601.84
1333;8419;4633;ATRASO_30;2021-06-22;15400.21
1334;8419;4633;ATRASO_60;2021-07-22;12320.17
1335;8419;4633;CALOTE;2021-09-20;6160.08
1336;4986;4634;ATRASO_30;2024-08-09;1165.91
1337;4986;4634;CALOTE;2024-11-07;466.36
1338;6243;4645;ATRASO_30;2023-09-21;3526.16
1339;6243;4645;ATRASO_60;2023-10-21;2820.93
1340;6243;4645;ATRASO_90;2023-11-20;2115.7
1341;6243;4645;CALOTE;2023-12-20;1410.46
1342;8896;4649;ATRASO_60;2021-09-12;5698.28
1343;8896;4649;ATRASO_90;2021-10-12;4273.71
1344;8896;4649;CALOTE;2021-11-11;2849.14
1345;7085;4652;ATRASO_60;2021-09-27;6192.35
1346;7085;4652;ATRASO_90;2021-10-27;4644.26
1347;7085;4652;CALOTE;2021-11-26;3096.18
1348;1526;4670;ATRASO_30;2024-04-17;4631.19
1349;1526;4670;ATRASO_90;2024-06-16;2778.71
1350;1526;4670;CALOTE;2024-07-16;1852.48
1351;9890;4692;ATRASO_30;2022-04-21;2659.14
1352;9890;4692;ATRASO_60;2022-05-21;2127.31
1353;9890;4692;CALOTE;2022-07-20;1063.66
1354;9605;4701;ATRASO_30;2023-09-14;3217.52
1355;9605;4701;ATRASO_90;2023-11-13;1930.51
1356;9605;4701;CALOTE;2023-12-13;1287.01
1357;2437;4709;ATRASO_90;2023-01-27;3627.53
1358;1056;4710;ATRASO_90;2024-12-01;2596.9
1359;1056;4710;CALOTE;2024-12-31;1731.26
1360;2804;4712;ATRASO_30;2023-05-26;2993.27
1361;2804;4712;ATRASO_90;2023-07-25;1795.96
1362;2804;4712;CALOTE;2023-08-24;1197.31
1363;3677;4734;ATRASO_90;2021-11-18;4538.61
1364;1085;4735;ATRASO_30;2023-11-13;2014.69
1365;1085;4735;ATRASO_90;2024-01-12;1208.81
1366;1085;4735;CALOTE;2024-02-11;805.88
1367;5440;4742;ATRASO_30;2025-01-02;7458.44
1368;5440;4742;ATRASO_60;2025-02-01;5966.75
1369;5440;4742;CALOTE;2025-04-02;2983.38
1370;8956;4761;ATRASO_30;2024-03-23;7171.05
1371;8956;4761;ATRASO_60;2024-04-22;5736.84
1372;8956;4761;CALOTE;2024-06-21;2868.42
1373;1673;4768;ATRASO_30;2023-05-09;1891.96
1374;1673;4768;ATRASO_90;2023-07-08;1135.18
1375;1673;4768;CALOTE;2023-08-07;756.78
1376;6282;4786;ATRASO_30;2022-06-12;4824.04
1377;6282;4786;ATRASO_60;2022-07-12;3859.23
1378;6282;4786;ATRASO_90;2022-08-11;2894.42
1379;1689;4787;ATRASO_90;2022-01-05;3224.67
1380;1689;4787;CALOTE;2022-02-04;2149.78
1381;5132;4794;ATRASO_30;2022-12-07;1977.7
1382;5132;4794;ATRASO_60;2023-01-06;1582.16
1383;5132;4794;CALOTE;2023-03-07;791.08
1384;2241;4799;ATRASO_30;2023-04-21;6872.97
1385;2241;4799;ATRASO_60;2023-05-21;5498.38
1386;2241;4799;ATRASO_90;2023-06-20;4123.78
1387;2241;4799;CALOTE;2023-07-20;2749.19
1388;7753;4812;ATRASO_30;2022-02-15;5194.31
1389;7753;4812;ATRASO_60;2022-03-17;4155.45
1390;7753;4812;ATRASO_90;2022-04-16;3116.59
1391;3196;4821;ATRASO_60;2024-08-18;4999.74
1392;3196;4821;CALOTE;2024-10-17;2499.87
1393;8826;4835;ATRASO_30;2022-01-25;3135.43
1394;8826;4835;ATRASO_60;2022-02-24;2508.34
1395;4893;4837;ATRASO_30;2022-06-28;666.28
1396;4893;4837;ATRASO_60;2022-07-28;533.02
1397;4893;4837;ATRASO_90;2022-08-27;399.77
1398;6076;4846;ATRASO_60;2024-07-10;3121.84
1399;6076;4846;ATRASO_90;2024-08-09;2341.38
1400;6076;4846;CALOTE;2024-09-08;1560.92
1401;5141;4847;ATRASO_30;2023-02-17;4424.34
1402;5141;4847;ATRASO_90;2023-04-18;2654.6
1403;5141;4847;CALOTE;2023-05-18;1769.74
1404;9088;4851;ATRASO_30;2022-12-09;7031.55
1405;9088;4851;ATRASO_60;2023-01-08;5625.24
1406;9088;4851;ATRASO_90;2023-02-07;4218.93
1407;9088;4851;CALOTE;2023-03-09;2812.62
1408;6357;4852;ATRASO_60;2024-06-05;1652.19
1409;6357;4852;ATRASO_90;2024-07-05;1239.14
1410;1554;4869;ATRASO_30;2022-12-30;1334.89
1411;1554;4869;ATRASO_90;2023-02-28;800.93
1412;1554;4869;CALOTE;2023-03-30;533.96
1413;8522;4887;ATRASO_60;2021-03-27;1965.76
1414;8522;4887;CALOTE;2021-05-26;982.88
1415;6601;4902;ATRASO_30;2021-10-23;14255.55
1416;6601;4902;ATRASO_60;2021-11-22;11404.44
1417;6601;4902;ATRASO_90;2021-12-22;8553.33
1418;6601;4902;CALOTE;2022-01-21;5702.22
1419;3708;4904;ATRASO_30;2024-06-12;34521.71
1420;3708;4904;ATRASO_60;2024-07-12;27617.37
1421;3708;4904;ATRASO_90;2024-08-11;20713.03
1422;3708;4904;CALOTE;2024-09-10;13808.68
1423;4792;4918;CALOTE;2024-10-09;2021.64
1424;8381;4921;ATRASO_30;2021-10-12;4840.17
1425;8381;4921;ATRASO_60;2021-11-11;3872.14
1426;8381;4921;ATRASO_90;2021-12-11;2904.1
1427;8381;4921;CALOTE;2022-01-10;1936.07
1428;1497;4955;ATRASO_60;2024-05-31;12337.06
1429;1497;4955;ATRASO_90;2024-06-30;9252.79
1430;1497;4955;CALOTE;2024-07-30;6168.53
1431;7866;4956;ATRASO_60;2021-07-03;2035.52
1432;3702;4973;ATRASO_60;2025-01-24;6718.67
1433;3702;4973;CALOTE;2025-03-25;3359.34
1434;3786;4989;ATRASO_30;2021-11-14;3197.42
1435;3786;4989;ATRASO_60;2021-12-14;2557.94
1436;3786;4989;ATRASO_90;2022-01-13;1918.45
1437;3427;4993;ATRASO_30;2024-04-03;9995.44
1438;3427;4993;ATRASO_60;2024-05-03;7996.35
1439;3427;4993;CALOTE;2024-07-02;3998.18
1440;5067;4998;ATRASO_30;2021-07-22;1326.19
1441;5067;4998;ATRASO_60;2021-08-21;1060.95
1442;5067;4998;CALOTE;2021-10-20;530.48
1443;6090;5005;ATRASO_30;2024-07-20;5763.81
1444;6090;5005;CALOTE;2024-10-18;2305.52
1445;390;5032;ATRASO_60;2023-03-30;4123.68
1446;390;5032;ATRASO_90;2023-04-29;3092.76
1447;5489;5034;ATRASO_30;2022-09-03;10367.88
1448;5489;5034;ATRASO_60;2022-10-03;8294.3
1449;5489;5034;CALOTE;2022-12-02;4147.15
1450;8373;5039;ATRASO_60;2025-03-01;6121.02
1451;8373;5039;ATRASO_90;2025-03-31;4590.76
1452;3180;5040;ATRASO_30;2022-02-14;4631.81
1453;5403;5048;ATRASO_30;2024-04-30;12669.72
1454;5403;5048;ATRASO_60;2024-05-30;10135.78
1455;5403;5048;CALOTE;2024-07-29;5067.89
1456;3957;5060;ATRASO_60;2024-04-06;4065.33
1457;3957;5060;CALOTE;2024-06-05;2032.66
1458;8903;5061;ATRASO_30;2022-01-16;3192.47
1459;8903;5061;ATRASO_60;2022-02-15;2553.98
1460;8903;5061;ATRASO_90;2022-03-17;1915.48
1461;8903;5061;CALOTE;2022-04-16;1276.99
1462;9928;5097;ATRASO_30;2022-04-05;4086.85
1463;9928;5097;ATRASO_60;2022-05-05;3269.48
1464;9928;5097;ATRASO_90;2022-06-04;2452.11
1465;9928;5097;CALOTE;2022-07-04;1634.74
1466;7904;5103;ATRASO_30;2022-05-26;1328.94
1467;7904;5103;ATRASO_90;2022-07-25;797.36
1468;9476;5121;ATRASO_60;2021-05-03;3631.3
1469;9476;5121;ATRASO_90;2021-06-02;2723.48
1470;9476;5121;CALOTE;2021-07-02;1815.65
1471;3429;5134;ATRASO_60;2021-06-22;10782.3
1472;3429;5134;ATRASO_90;2021-07-22;8086.73
1473;3429;5134;CALOTE;2021-08-21;5391.15
1474;9425;5159;ATRASO_30;2021-06-02;2422.75
1475;9425;5159;ATRASO_90;2021-08-01;1453.65
1476;9425;5159;CALOTE;2021-08-31;969.1
1477;1446;5171;ATRASO_90;2022-10-07;3359.18
1478;1446;5171;CALOTE;2022-11-06;2239.45
1479;9232;5195;ATRASO_30;2022-03-29;4333.82
1480;9232;5195;ATRASO_60;2022-04-28;3467.06
1481;9232;5195;ATRASO_90;2022-05-28;2600.29
1482;9232;5195;CALOTE;2022-06-27;1733.53
1483;4189;5205;CALOTE;2021-08-08;1481.42
1484;3866;5206;ATRASO_30;2023-12-13;22393.94
1485;3866;5206;ATRASO_60;2024-01-12;17915.15
1486;3866;5206;ATRASO_90;2024-02-11;13436.36
1487;3866;5206;CALOTE;2024-03-12;8957.58
1488;5397;5218;ATRASO_60;2023-03-10;2978.52
1489;5397;5218;ATRASO_90;2023-04-09;2233.89
1490;5397;5218;CALOTE;2023-05-09;1489.26
1491;9873;5219;ATRASO_30;2025-01-17;17962.36
1492;9873;5219;ATRASO_90;2025-03-18;10777.42
1493;9873;5219;CALOTE;2025-04-17;7184.94
1494;5472;5220;ATRASO_30;2023-04-18;4824.54
1495;5472;5220;ATRASO_60;2023-05-18;3859.63
1496;5472;5220;CALOTE;2023-07-17;1929.82
1497;2870;5223;ATRASO_30;2024-08-22;2728.6
1498;2870;5223;ATRASO_90;2024-10-21;1637.16
1499;5599;5234;ATRASO_30;2022-08-27;6875.05
1500;5599;5234;ATRASO_60;2022-09-26;5500.04
1501;5599;5234;ATRASO_90;2022-10-26;4125.03
1502;5599;5234;CALOTE;2022-11-25;2750.02
1503;7572;5282;ATRASO_90;2021-12-06;3878.83
1504;7572;5282;CALOTE;2022-01-05;2585.88
1505;7470;5284;ATRASO_30;2024-09-22;4596.95
1506;7470;5284;ATRASO_60;2024-10-22;3677.56
1507;7470;5284;CALOTE;2024-12-21;1838.78
1508;3219;5301;ATRASO_30;2023-02-07;6018.32
1509;3219;5301;ATRASO_60;2023-03-09;4814.66
1510;3219;5301;ATRASO_90;2023-04-08;3610.99
1511;3219;5301;CALOTE;2023-05-08;2407.33
1512;5337;5314;ATRASO_60;2024-01-08;2733.87
1513;5337;5314;ATRASO_90;2024-02-07;2050.4
1514;5337;5314;CALOTE;2024-03-08;1366.94
1515;5167;5317;ATRASO_30;2024-10-30;42515.57
1516;5167;5317;ATRASO_60;2024-11-29;34012.46
1517;5167;5317;ATRASO_90;2024-12-29;25509.34
1518;5167;5317;CALOTE;2025-01-28;17006.23
1519;8695;5318;ATRASO_30;2022-04-02;37636.9
1520;8695;5318;ATRASO_60;2022-05-02;30109.52
1521;8695;5318;ATRASO_90;2022-06-01;22582.14
1522;8695;5318;CALOTE;2022-07-01;15054.76
1523;2941;5339;ATRASO_30;2024-08-27;3782.62
1524;2941;5339;ATRASO_60;2024-09-26;3026.1
1525;2941;5339;CALOTE;2024-11-25;1513.05
1526;1422;5343;ATRASO_90;2023-01-26;25476.13
1527;1422;5343;CALOTE;2023-02-25;16984.08
1528;8373;5346;ATRASO_60;2022-02-13;2245.64
1529;8373;5346;ATRASO_90;2022-03-15;1684.23
1530;9816;5370;ATRASO_30;2021-11-02;10868.74
1531;9816;5370;ATRASO_60;2021-12-02;8694.99
1532;9816;5370;ATRASO_90;2022-01-01;6521.24
1533;7316;5388;ATRASO_30;2023-08-20;7523.02
1534;7316;5388;ATRASO_60;2023-09-19;6018.42
1535;7316;5388;ATRASO_90;2023-10-19;4513.81
1536;7316;5388;CALOTE;2023-11-18;3009.21
1537;1309;5391;ATRASO_30;2024-10-06;3922.07
1538;9930;5415;ATRASO_30;2024-08-17;3687.67
1539;9930;5415;ATRASO_60;2024-09-16;2950.14
1540;9930;5415;ATRASO_90;2024-10-16;2212.6
1541;9930;5415;CALOTE;2024-11-15;1475.07
1542;7785;5420;ATRASO_30;2024-01-15;2854.09
1543;7785;5420;ATRASO_60;2024-02-14;2283.27
1544;7785;5420;ATRASO_90;2024-03-15;1712.45
1545;7785;5420;CALOTE;2024-04-14;1141.64
1546;128;5421;ATRASO_60;2022-01-22;793.27
1547;128;5421;ATRASO_90;2022-02-21;594.95
1548;4615;5423;ATRASO_30;2023-10-27;7610.5
1549;4615;5423;ATRASO_90;2023-12-26;4566.3
1550;4615;5423;CALOTE;2024-01-25;3044.2
1551;7197;5434;ATRASO_30;2022-05-07;3828.6
1552;7197;5434;ATRASO_60;2022-06-06;3062.88
1553;7197;5434;ATRASO_90;2022-07-06;2297.16
1554;7197;5434;CALOTE;2022-08-05;1531.44
1555;7226;5442;ATRASO_30;2021-12-19;4770.46
1556;7226;5442;ATRASO_60;2022-01-18;3816.37
1557;7226;5442;CALOTE;2022-03-19;1908.18
1558;4069;5447;ATRASO_30;2023-08-10;6984.13
1559;4069;5447;ATRASO_90;2023-10-09;4190.48
1560;4069;5447;CALOTE;2023-11-08;2793.65
1561;5327;5479;ATRASO_30;2023-04-21;5968.16
1562;5327;5479;ATRASO_90;2023-06-20;3580.9
1563;6468;5491;ATRASO_60;2022-03-15;15047.86
1564;6468;5491;ATRASO_90;2022-04-14;11285.89
1565;2733;5509;ATRASO_30;2023-01-30;1690.77
1566;2733;5509;ATRASO_60;2023-03-01;1352.62
1567;7402;5518;ATRASO_90;2023-11-14;3574.45
1568;7402;5518;CALOTE;2023-12-14;2382.97
1569;2977;5519;ATRASO_60;2022-07-08;5085.74
1570;1196;5525;ATRASO_30;2022-01-12;7667.97
1571;1196;5525;ATRASO_60;2022-02-11;6134.38
1572;1196;5525;ATRASO_90;2022-03-13;4600.78
1573;492;5534;ATRASO_30;2023-11-08;1514.15
1574;492;5534;CALOTE;2024-02-06;605.66
1575;4906;5561;ATRASO_30;2021-02-19;5995.82
1576;4906;5561;ATRASO_60;2021-03-21;4796.66
1577;4906;5561;ATRASO_90;2021-04-20;3597.49
1578;4906;5561;CALOTE;2021-05-20;2398.33
1579;9272;5567;ATRASO_30;2023-01-18;2250.77
1580;9272;5567;ATRASO_90;2023-03-19;1350.46
1581;9729;5579;ATRASO_60;2021-08-20;4088.75
1582;9729;5579;ATRASO_90;2021-09-19;3066.56
1583;9729;5579;CALOTE;2021-10-19;2044.38
1584;574;5580;ATRASO_60;2022-05-03;5241.52
1585;574;5580;ATRASO_90;2022-06-02;3931.14
1586;8800;5583;ATRASO_30;2023-01-02;1056.95
1587;8800;5583;ATRASO_60;2023-02-01;845.56
1588;8800;5583;ATRASO_90;2023-03-03;634.17
1589;8800;5583;CALOTE;2023-04-02;422.78
1590;5860;5587;ATRASO_30;2023-07-13;4224.3
1591;5860;5587;ATRASO_60;2023-08-12;3379.44
1592;7573;5602;ATRASO_60;2021-08-08;2038.99
1593;7573;5602;ATRASO_90;2021-09-07;1529.24
1594;7573;5602;CALOTE;2021-10-07;1019.5
1595;6638;5618;ATRASO_30;2023-01-17;1079.73
1596;6638;5618;ATRASO_60;2023-02-16;863.78
1597;6638;5618;ATRASO_90;2023-03-18;647.84
1598;6638;5618;CALOTE;2023-04-17;431.89
1599;5537;5623;ATRASO_30;2023-02-08;4667.22
1600;5537;5623;ATRASO_60;2023-03-10;3733.78
1601;5537;5623;CALOTE;2023-05-09;1866.89
1602;90;5628;ATRASO_60;2023-12-27;4074.44
1603;90;5628;ATRASO_90;2024-01-26;3055.83
1604;5723;5636;ATRASO_60;2022-06-25;6239.86
1605;5723;5636;ATRASO_90;2022-07-25;4679.89
1606;5723;5636;CALOTE;2022-08-24;3119.93
1607;4886;5644;ATRASO_30;2023-08-29;2128.62
1608;4886;5644;ATRASO_90;2023-10-28;1277.17
1609;4552;5646;ATRASO_90;2022-12-19;1936.0
1610;4552;5646;CALOTE;2023-01-18;1290.67
1611;2534;5669;ATRASO_30;2022-01-10;13930.54
1612;2534;5669;ATRASO_60;2022-02-09;11144.43
1613;7738;5685;ATRASO_30;2022-07-26;3433.33
1614;7738;5685;ATRASO_90;2022-09-24;2060.0
1615;1815;5716;ATRASO_30;2024-06-26;956.64
1616;1815;5716;ATRASO_60;2024-07-26;765.31
1617;1815;5716;ATRASO_90;2024-08-25;573.98
1618;1815;5716;CALOTE;2024-09-24;382.66
1619;7270;5721;ATRASO_30;2023-08-28;7449.02
1620;7270;5721;ATRASO_60;2023-09-27;5959.22
1621;7270;5721;ATRASO_90;2023-10-27;4469.41
1622;1863;5727;ATRASO_30;2024-08-22;6889.38
1623;1863;5727;ATRASO_60;2024-09-21;5511.5
1624;1863;5727;ATRASO_90;2024-10-21;4133.63
1625;1863;5727;CALOTE;2024-11-20;2755.75
1626;7334;5731;ATRASO_60;2024-08-15;9688.97
1627;7334;5731;ATRASO_90;2024-09-14;7266.73
1628;7334;5731;CALOTE;2024-10-14;4844.48
1629;4138;5781;ATRASO_30;2022-05-14;5500.22
1630;4138;5781;ATRASO_60;2022-06-13;4400.18
1631;6689;5786;ATRASO_30;2022-10-07;6704.37
1632;6689;5786;ATRASO_60;2022-11-06;5363.5
1633;6689;5786;CALOTE;2023-01-05;2681.75
1634;8718;5805;ATRASO_30;2022-10-03;1233.08
1635;8718;5805;ATRASO_60;2022-11-02;986.46
1636;8718;5805;ATRASO_90;2022-12-02;739.85
1637;8718;5805;CALOTE;2023-01-01;493.23
1638;5552;5853;ATRASO_30;2025-01-10;3719.51
1639;5552;5853;ATRASO_60;2025-02-09;2975.61
1640;5552;5853;ATRASO_90;2025-03-11;2231.71
1641;5552;5853;CALOTE;2025-04-10;1487.8
1642;9048;5856;ATRASO_30;2021-06-11;5370.78
1643;9048;5856;ATRASO_60;2021-07-11;4296.62
1644;9048;5856;ATRASO_90;2021-08-10;3222.47
1645;9048;5856;CALOTE;2021-09-09;2148.31
1646;5769;5877;ATRASO_30;2022-01-12;15708.15
1647;5769;5877;ATRASO_60;2022-02-11;12566.52
1648;5769;5877;ATRASO_90;2022-03-13;9424.89
1649;5769;5877;CALOTE;2022-04-12;6283.26
1650;926;5879;ATRASO_30;2023-11-14;4903.26
1651;926;5879;ATRASO_60;2023-12-14;3922.61
1652;926;5879;ATRASO_90;2024-01-13;2941.96
1653;1148;5882;ATRASO_30;2022-01-07;3097.84
1654;1148;5882;ATRASO_90;2022-03-08;1858.7
1655;1148;5882;CALOTE;2022-04-07;1239.14
1656;9380;5887;ATRASO_30;2022-07-09;1922.84
1657;9380;5887;ATRASO_60;2022-08-08;1538.27
1658;9380;5887;CALOTE;2022-10-07;769.14
1659;2362;5893;ATRASO_90;2023-09-26;8811.0
1660;2362;5893;CALOTE;2023-10-26;5874.0
1661;9889;5895;ATRASO_30;2024-05-25;19486.51
1662;9889;5895;ATRASO_90;2024-07-24;11691.91
1663;9889;5895;CALOTE;2024-08-23;7794.6
1664;7295;5905;ATRASO_30;2022-03-15;3821.57
1665;7295;5905;ATRASO_60;2022-04-14;3057.26
1666;7295;5905;CALOTE;2022-06-13;1528.63
1667;849;5907;ATRASO_30;2023-06-11;7218.63
1668;849;5907;ATRASO_60;2023-07-11;5774.9
1669;849;5907;ATRASO_90;2023-08-10;4331.18
1670;849;5907;CALOTE;2023-09-09;2887.45
1671;4226;5914;ATRASO_30;2022-08-08;7597.05
1672;4226;5914;ATRASO_60;2022-09-07;6077.64
1673;4226;5914;CALOTE;2022-11-06;3038.82
1674;774;5930;ATRASO_30;2024-04-20;6149.28
1675;774;5930;ATRASO_60;2024-05-20;4919.42
1676;774;5930;ATRASO_90;2024-06-19;3689.57
1677;774;5930;CALOTE;2024-07-19;2459.71
1678;9054;5939;ATRASO_30;2022-01-06;608.0
1679;9054;5939;ATRASO_60;2022-02-05;486.4
1680;9054;5939;ATRASO_90;2022-03-07;364.8
1681;9054;5939;CALOTE;2022-04-06;243.2
1682;242;5956;ATRASO_30;2022-11-29;4694.3
1683;242;5956;ATRASO_60;2022-12-29;3755.44
1684;242;5956;ATRASO_90;2023-01-28;2816.58
1685;4667;5964;ATRASO_30;2024-11-22;7311.1
1686;4667;5964;ATRASO_60;2024-12-22;5848.88
1687;4667;5964;ATRASO_90;2025-01-21;4386.66
1688;8651;5968;ATRASO_30;2022-12-31;1812.26
1689;8651;5968;ATRASO_90;2023-03-01;1087.36
1690;8651;5968;CALOTE;2023-03-31;724.9
1691;6217;5974;ATRASO_30;2021-11-26;6676.99
1692;6217;5974;ATRASO_60;2021-12-26;5341.59
1693;6217;5974;ATRASO_90;2022-01-25;4006.19
1694;6217;5974;CALOTE;2022-02-24;2670.8
1695;9899;5983;ATRASO_30;2023-11-29;5063.9
1696;9899;5983;ATRASO_90;2024-01-28;3038.34
1697;9899;5983;CALOTE;2024-02-27;2025.56
1698;261;5986;ATRASO_30;2021-05-16;2900.29
1699;261;5986;ATRASO_90;2021-07-15;1740.17
1700;261;5986;CALOTE;2021-08-14;1160.12
1701;3419;5994;ATRASO_30;2024-11-17;4157.57
1702;3419;5994;ATRASO_60;2024-12-17;3326.06
1703;3419;5994;CALOTE;2025-02-15;1663.03
1704;8964;6009;ATRASO_30;2023-02-23;7850.08
1705;8964;6009;ATRASO_60;2023-03-25;6280.06
1706;8964;6009;ATRASO_90;2023-04-24;4710.05
1707;8964;6009;CALOTE;2023-05-24;3140.03
1708;4696;6012;ATRASO_90;2023-03-12;641.04
1709;4789;6022;ATRASO_60;2025-01-03;3029.52
1710;4789;6022;ATRASO_90;2025-02-02;2272.14
1711;4789;6022;CALOTE;2025-03-04;1514.76
1712;3770;6042;ATRASO_30;2021-09-01;4812.03
1713;3770;6042;CALOTE;2021-11-30;1924.81
1714;8349;6046;ATRASO_30;2021-03-08;6627.69
1715;8349;6046;ATRASO_90;2021-05-07;3976.61
1716;8349;6046;CALOTE;2021-06-06;2651.08
1717;6553;6048;ATRASO_30;2024-08-01;10711.13
1718;6553;6048;ATRASO_90;2024-09-30;6426.68
1719;8734;6051;ATRASO_30;2022-09-12;4187.05
1720;8734;6051;ATRASO_60;2022-10-12;3349.64
1721;8734;6051;CALOTE;2022-12-11;1674.82
1722;8029;6056;ATRASO_30;2021-06-18;1265.73
1723;8029;6056;ATRASO_60;2021-07-18;1012.58
1724;8029;6056;ATRASO_90;2021-08-17;759.44
1725;4691;6069;ATRASO_30;2024-05-16;4438.95
1726;4691;6069;ATRASO_60;2024-06-15;3551.16
1727;4691;6069;ATRASO_90;2024-07-15;2663.37
1728;4691;6069;CALOTE;2024-08-14;1775.58
1729;8679;6072;ATRASO_30;2024-06-27;6615.1
1730;8679;6072;ATRASO_60;2024-07-27;5292.08
1731;8679;6072;ATRASO_90;2024-08-26;3969.06
1732;8679;6072;CALOTE;2024-09-25;2646.04
1733;7663;6078;ATRASO_60;2022-07-28;4934.0
1734;7663;6078;ATRASO_90;2022-08-27;3700.5
1735;7663;6078;CALOTE;2022-09-26;2467.0
1736;4789;6083;ATRASO_30;2024-03-27;4939.03
1737;4789;6083;ATRASO_60;2024-04-26;3951.22
1738;4789;6083;ATRASO_90;2024-05-26;2963.42
1739;4789;6083;CALOTE;2024-06-25;1975.61
1740;5672;6106;ATRASO_60;2021-11-28;4236.45
1741;5672;6106;ATRASO_90;2021-12-28;3177.34
1742;5672;6106;CALOTE;2022-01-27;2118.22
1743;8656;6107;ATRASO_30;2024-08-03;5587.86
1744;8656;6107;ATRASO_60;2024-09-02;4470.29
1745;8656;6107;ATRASO_90;2024-10-02;3352.72
1746;4220;6129;ATRASO_30;2022-12-20;7927.29
1747;4220;6129;ATRASO_60;2023-01-19;6341.83
1748;4220;6129;ATRASO_90;2023-02-18;4756.37
1749;9959;6145;ATRASO_30;2021-11-24;23881.07
1750;9959;6145;ATRASO_60;2021-12-24;19104.86
1751;9959;6145;ATRASO_90;2022-01-23;14328.64
1752;1781;6148;ATRASO_30;2024-03-27;4158.68
1753;1781;6148;CALOTE;2024-06-25;1663.47
1754;4857;6160;ATRASO_30;2022-08-10;943.32
1755;4857;6160;ATRASO_60;2022-09-09;754.66
1756;4857;6160;ATRASO_90;2022-10-09;565.99
1757;4857;6160;CALOTE;2022-11-08;377.33
1758;2898;6169;ATRASO_30;2021-09-23;4994.06
1759;2898;6169;CALOTE;2021-12-22;1997.62
1760;5510;6184;ATRASO_30;2023-01-22;6850.42
1761;5510;6184;ATRASO_90;2023-03-23;4110.25
1762;5510;6184;CALOTE;2023-04-22;2740.17
1763;2308;6193;ATRASO_90;2023-09-15;2144.62
1764;2308;6193;CALOTE;2023-10-15;1429.75
1765;9987;6208;ATRASO_30;2021-09-21;5204.07
1766;9987;6208;ATRASO_60;2021-10-21;4163.26
1767;9987;6208;CALOTE;2021-12-20;2081.63
1768;4530;6236;ATRASO_30;2021-12-01;3325.3
1769;4530;6236;ATRASO_60;2021-12-31;2660.24
1770;4530;6236;ATRASO_90;2022-01-30;1995.18
1771;4530;6236;CALOTE;2022-03-01;1330.12
1772;9152;6242;ATRASO_30;2024-02-01;1042.26
1773;9152;6242;ATRASO_60;2024-03-02;833.81
1774;9928;6257;ATRASO_30;2021-04-18;6515.09
1775;9928;6257;ATRASO_60;2021-05-18;5212.07
1776;9928;6257;ATRASO_90;2021-06-17;3909.05
1777;8679;6259;ATRASO_30;2022-10-14;5762.42
1778;8679;6259;ATRASO_60;2022-11-13;4609.94
1779;8679;6259;ATRASO_90;2022-12-13;3457.45
1780;8679;6259;CALOTE;2023-01-12;2304.97
1781;8298;6260;ATRASO_60;2021-08-02;5738.25
1782;8298;6260;ATRASO_90;2021-09-01;4303.69
1783;8298;6260;CALOTE;2021-10-01;2869.12
1784;6202;6265;CALOTE;2024-10-25;2654.74
1785;3610;6325;ATRASO_30;2025-01-26;7964.61
1786;3610;6325;ATRASO_90;2025-03-27;4778.77
1787;3610;6325;CALOTE;2025-04-26;3185.84
1788;5749;6332;ATRASO_90;2024-06-24;2436.62
1789;5749;6332;CALOTE;2024-07-24;1624.41
1790;7851;6347;ATRASO_60;2024-12-12;7222.3
1791;7851;6347;ATRASO_90;2025-01-11;5416.73
1792;7851;6347;CALOTE;2025-02-10;3611.15
1793;4383;6369;ATRASO_30;2023-07-04;5465.29
1794;8372;6371;ATRASO_60;2021-11-23;4032.67
1795;8372;6371;ATRASO_90;2021-12-23;3024.5
1796;8372;6371;CALOTE;2022-01-22;2016.34
1797;9796;6372;ATRASO_30;2024-01-25;16826.56
1798;9796;6372;ATRASO_60;2024-02-24;13461.25
1799;9796;6372;ATRASO_90;2024-03-25;10095.94
1800;9752;6373;ATRASO_30;2024-10-25;2920.03
1801;9752;6373;ATRASO_60;2024-11-24;2336.02
1802;9752;6373;ATRASO_90;2024-12-24;1752.02
1803;8911;6384;ATRASO_30;2021-05-14;2337.35
1804;8911;6384;ATRASO_60;2021-06-13;1869.88
1805;8911;6384;CALOTE;2021-08-12;934.94
1806;7313;6397;ATRASO_60;2023-01-14;5563.8
1807;7313;6397;ATRASO_90;2023-02-13;4172.85
1808;8960;6412;ATRASO_90;2022-12-02;1297.55
1809;2675;6422;ATRASO_30;2021-11-04;4115.22
1810;2675;6422;ATRASO_90;2022-01-03;2469.13
1811;2675;6422;CALOTE;2022-02-02;1646.09
1812;8030;6471;ATRASO_60;2023-09-15;5818.95
1813;8030;6471;ATRASO_90;2023-10-15;4364.21
1814;8030;6471;CALOTE;2023-11-14;2909.48
1815;7173;6489;ATRASO_60;2022-06-24;1208.38
1816;9842;6497;ATRASO_30;2023-10-03;4640.23
1817;9842;6497;ATRASO_60;2023-11-02;3712.18
1818;9842;6497;CALOTE;2024-01-01;1856.09
1819;9152;6506;ATRASO_30;2021-03-27;5073.48
1820;9152;6506;ATRASO_60;2021-04-26;4058.78
1821;6139;6512;ATRASO_30;2022-11-16;1007.66
1822;6139;6512;ATRASO_90;2023-01-15;604.6
1823;6139;6512;CALOTE;2023-02-14;403.06
1824;5346;6517;ATRASO_30;2022-11-07;4211.33
1825;5346;6517;ATRASO_60;2022-12-07;3369.06
1826;4842;6537;ATRASO_30;2023-08-08;7648.02
1827;4842;6537;ATRASO_90;2023-10-07;4588.81
1828;4842;6537;CALOTE;2023-11-06;3059.21
1829;9419;6540;ATRASO_30;2021-10-25;3814.39
1830;9419;6540;ATRASO_90;2021-12-24;2288.63
1831;9419;6540;CALOTE;2022-01-23;1525.76
1832;9;6546;ATRASO_30;2024-08-11;6170.54
1833;9;6546;ATRASO_90;2024-10-10;3702.32
1834;9;6546;CALOTE;2024-11-09;2468.22
1835;4804;6562;ATRASO_30;2024-10-04;7402.36
1836;4804;6562;ATRASO_90;2024-12-03;4441.42
1837;4804;6562;CALOTE;2025-01-02;2960.94
1838;3445;6567;ATRASO_30;2024-09-08;6367.61
1839;3445;6567;ATRASO_60;2024-10-08;5094.09
1840;3445;6567;ATRASO_90;2024-11-07;3820.57
1841;3445;6567;CALOTE;2024-12-07;2547.04
1842;8587;6579;ATRASO_30;2023-04-26;4258.14
1843;8587;6579;ATRASO_60;2023-05-26;3406.51
1844;8587;6579;CALOTE;2023-07-25;1703.26
1845;411;6599;ATRASO_30;2023-11-21;3087.51
1846;411;6599;ATRASO_60;2023-12-21;2470.01
1847;7577;6603;ATRASO_30;2021-05-02;6633.51
1848;7577;6603;ATRASO_60;2021-06-01;5306.81
1849;7577;6603;ATRASO_90;2021-07-01;3980.11
1850;7577;6603;CALOTE;2021-07-31;2653.4
1851;5884;6616;ATRASO_30;2024-08-10;3136.79
1852;5884;6616;ATRASO_60;2024-09-09;2509.43
1853;5884;6616;ATRASO_90;2024-10-09;1882.07
1854;8283;6621;ATRASO_30;2023-04-12;4031.1
1855;8283;6621;ATRASO_60;2023-05-12;3224.88
1856;8283;6621;CALOTE;2023-07-11;1612.44
1857;8377;6626;ATRASO_60;2023-09-03;2856.56
1858;8377;6626;ATRASO_90;2023-10-03;2142.42
1859;9540;6632;ATRASO_30;2021-06-29;5053.23
1860;9540;6632;ATRASO_90;2021-08-28;3031.94
1861;9540;6632;CALOTE;2021-09-27;2021.29
1862;8102;6634;ATRASO_30;2023-05-06;6997.5
1863;8102;6634;ATRASO_60;2023-06-05;5598.0
1864;8102;6634;ATRASO_90;2023-07-05;4198.5
1865;1137;6648;ATRASO_30;2021-06-27;3240.23
1866;1137;6648;ATRASO_60;2021-07-27;2592.18
1867;1137;6648;CALOTE;2021-09-25;1296.09
1868;1115;6677;ATRASO_30;2024-09-29;4352.49
1869;1115;6677;ATRASO_60;2024-10-29;3481.99
1870;1115;6677;CALOTE;2024-12-28;1741.0
1871;38;6697;ATRASO_30;2021-07-09;1586.08
1872;38;6697;ATRASO_60;2021-08-08;1268.86
1873;38;6697;ATRASO_90;2021-09-07;951.65
1874;38;6697;CALOTE;2021-10-07;634.43
1875;9009;6698;ATRASO_60;2025-02-16;4995.3
1876;9009;6698;CALOTE;2025-04-17;2497.65
1877;2896;6714;ATRASO_90;2023-02-11;3493.88
1878;2835;6717;ATRASO_30;2022-06-03;1152.71
1879;2835;6717;ATRASO_60;2022-07-03;922.17
1880;2835;6717;ATRASO_90;2022-08-02;691.63
1881;2571;6719;ATRASO_30;2024-01-15;1625.54
1882;2571;6719;ATRASO_60;2024-02-14;1300.43
1883;2571;6719;CALOTE;2024-04-14;650.22
1884;204;6724;ATRASO_30;2023-09-22;4849.82
1885;204;6724;ATRASO_60;2023-10-22;3879.86
1886;204;6724;ATRASO_90;2023-11-21;2909.89
1887;9835;6729;ATRASO_30;2025-01-10;7345.13
1888;9835;6729;ATRASO_60;2025-02-09;5876.1
1889;9835;6729;ATRASO_90;2025-03-11;4407.08
1890;9835;6729;CALOTE;2025-04-10;2938.05
1891;4770;6736;ATRASO_30;2023-07-28;7364.8
1892;4770;6736;ATRASO_60;2023-08-27;5891.84
1893;4770;6736;ATRASO_90;2023-09-26;4418.88
1894;4770;6736;CALOTE;2023-10-26;2945.92
1895;5291;6738;ATRASO_30;2024-11-28;7185.16
1896;5291;6738;ATRASO_90;2025-01-27;4311.1
1897;9451;6749;ATRASO_30;2022-07-16;7662.64
1898;9451;6749;ATRASO_60;2022-08-15;6130.11
1899;9451;6749;CALOTE;2022-10-14;3065.06
1900;2691;6771;ATRASO_30;2021-09-01;4068.54
1901;2691;6771;ATRASO_60;2021-10-01;3254.83
1902;2691;6771;ATRASO_90;2021-10-31;2441.12
1903;2691;6771;CALOTE;2021-11-30;1627.42
1904;751;6774;ATRASO_30;2024-02-17;13988.33
1905;751;6774;ATRASO_60;2024-03-18;11190.66
1906;751;6774;ATRASO_90;2024-04-17;8393.0
1907;751;6774;CALOTE;2024-05-17;5595.33
1908;2362;6786;ATRASO_30;2022-11-16;16992.92
1909;2362;6786;ATRASO_60;2022-12-16;13594.34
1910;2362;6786;ATRASO_90;2023-01-15;10195.75
1911;2362;6786;CALOTE;2023-02-14;6797.17
1912;6462;6788;ATRASO_30;2021-09-24;1119.55
1913;6462;6788;ATRASO_60;2021-10-24;895.64
1914;6462;6788;ATRASO_90;2021-11-23;671.73
1915;6462;6788;CALOTE;2021-12-23;447.82
1916;3417;6790;ATRASO_30;2024-07-24;2514.99
1917;3417;6790;ATRASO_60;2024-08-23;2011.99
1918;3417;6790;ATRASO_90;2024-09-22;1508.99
1919;3417;6790;CALOTE;2024-10-22;1006.0
1920;8148;6791;ATRASO_30;2024-10-07;4734.95
1921;8148;6791;ATRASO_60;2024-11-06;3787.96
1922;8148;6791;CALOTE;2025-01-05;1893.98
1923;2841;6798;ATRASO_30;2024-08-26;2520.56
1924;2841;6798;ATRASO_60;2024-09-25;2016.45
1925;2841;6798;ATRASO_90;2024-10-25;1512.34
1926;2841;6798;CALOTE;2024-11-24;1008.22
1927;7903;6813;ATRASO_30;2022-02-03;5746.53
1928;7903;6813;ATRASO_60;2022-03-05;4597.22
1929;7903;6813;ATRASO_90;2022-04-04;3447.92
1930;7903;6813;CALOTE;2022-05-04;2298.61
1931;1789;6814;ATRASO_60;2022-01-05;1007.39
1932;1789;6814;ATRASO_90;2022-02-04;755.54
1933;1789;6814;CALOTE;2022-03-06;503.7
1934;5712;6816;ATRASO_60;2021-10-17;5778.3
1935;5712;6816;ATRASO_90;2021-11-16;4333.72
1936;5712;6816;CALOTE;2021-12-16;2889.15
1937;5091;6838;ATRASO_60;2024-05-23;4941.36
1938;5091;6838;ATRASO_90;2024-06-22;3706.02
1939;5091;6838;CALOTE;2024-07-22;2470.68
1940;1588;6860;ATRASO_30;2024-01-31;2915.08
1941;1588;6860;ATRASO_60;2024-03-01;2332.06
1942;1588;6860;CALOTE;2024-04-30;1166.03
1943;4928;6871;ATRASO_30;2022-06-16;2151.64
1944;4928;6871;ATRASO_60;2022-07-16;1721.31
1945;4928;6871;CALOTE;2022-09-14;860.66
1946;616;6873;ATRASO_30;2024-07-29;2227.74
1947;616;6873;ATRASO_60;2024-08-28;1782.19
1948;616;6873;ATRASO_90;2024-09-27;1336.64
1949;616;6873;CALOTE;2024-10-27;891.1
1950;7083;6890;ATRASO_30;2024-02-10;6151.47
1951;7083;6890;ATRASO_90;2024-04-10;3690.88
1952;3087;6898;ATRASO_60;2021-03-21;3306.07
1953;3087;6898;ATRASO_90;2021-04-20;2479.55
1954;3087;6898;CALOTE;2021-05-20;1653.04
1955;4013;6916;ATRASO_30;2021-09-06;1340.79
1956;4013;6916;ATRASO_60;2021-10-06;1072.63
1957;4013;6916;ATRASO_90;2021-11-05;804.47
1958;4013;6916;CALOTE;2021-12-05;536.32
1959;3383;6930;ATRASO_60;2022-07-29;5815.38
1960;3383;6930;CALOTE;2022-09-27;2907.69
1961;7857;6949;ATRASO_60;2021-11-08;13796.04
1962;6927;6957;ATRASO_60;2023-02-27;34485.95
1963;6927;6957;CALOTE;2023-04-28;17242.98
1964;4844;6961;ATRASO_30;2023-10-21;6681.8
1965;4844;6961;ATRASO_60;2023-11-20;5345.44
1966;4844;6961;ATRASO_90;2023-12-20;4009.08
1967;4844;6961;CALOTE;2024-01-19;2672.72
1968;9121;6963;ATRASO_30;2022-08-10;10145.05
1969;9121;6963;ATRASO_60;2022-09-09;8116.04
1970;9121;6963;CALOTE;2022-11-08;4058.02
1971;5412;6967;ATRASO_30;2024-12-18;768.36
1972;5412;6967;ATRASO_60;2025-01-17;614.69
1973;5412;6967;ATRASO_90;2025-02-16;461.02
1974;8945;6970;ATRASO_90;2024-04-30;4574.0
1975;2163;6975;ATRASO_30;2021-02-20;7238.73
1976;2163;6975;ATRASO_60;2021-03-22;5790.98
1977;2163;6975;ATRASO_90;2021-04-21;4343.24
1978;2163;6975;CALOTE;2021-05-21;2895.49
1979;4957;6980;ATRASO_30;2024-09-13;2545.27
1980;4957;6980;ATRASO_60;2024-10-13;2036.22
1981;4957;6980;ATRASO_90;2024-11-12;1527.16
1982;4957;6980;CALOTE;2024-12-12;1018.11
1983;68;6995;ATRASO_30;2023-10-11;4073.24
1984;4952;6998;ATRASO_60;2024-05-31;5499.81
1985;4952;6998;ATRASO_90;2024-06-30;4124.86
1986;7041;7002;ATRASO_30;2024-12-27;4641.51
1987;7041;7002;ATRASO_60;2025-01-26;3713.21
1988;7041;7002;CALOTE;2025-03-27;1856.6
1989;3474;7007;ATRASO_30;2022-07-23;7951.22
1990;3474;7007;ATRASO_60;2022-08-22;6360.98
1991;3474;7007;ATRASO_90;2022-09-21;4770.73
1992;6344;7021;ATRASO_30;2021-12-21;6605.16
1993;6344;7021;ATRASO_60;2022-01-20;5284.13
1994;6344;7021;ATRASO_90;2022-02-19;3963.1
1995;6344;7021;CALOTE;2022-03-21;2642.06
1996;857;7026;ATRASO_30;2023-09-02;1576.87
1997;857;7026;ATRASO_90;2023-11-01;946.12
1998;857;7026;CALOTE;2023-12-01;630.75
1999;8982;7027;ATRASO_60;2024-01-10;3324.5
2000;9490;7036;ATRASO_30;2021-05-13;1057.31
2001;9490;7036;ATRASO_60;2021-06-12;845.85
2002;9490;7036;CALOTE;2021-08-11;422.92
2003;9954;7037;ATRASO_30;2021-07-08;2642.46
2004;9954;7037;ATRASO_60;2021-08-07;2113.97
2005;9954;7037;ATRASO_90;2021-09-06;1585.48
2006;9954;7037;CALOTE;2021-10-06;1056.98
2007;7194;7042;ATRASO_30;2022-11-12;2165.13
2008;7194;7042;ATRASO_60;2022-12-12;1732.1
2009;7194;7042;ATRASO_90;2023-01-11;1299.08
2010;7194;7042;CALOTE;2023-02-10;866.05
2011;8508;7047;ATRASO_60;2025-01-28;11354.97
2012;8508;7047;ATRASO_90;2025-02-27;8516.23
2013;8508;7047;CALOTE;2025-03-29;5677.48
2014;8991;7060;ATRASO_60;2021-06-18;9822.14
2015;8991;7060;CALOTE;2021-08-17;4911.07
2016;77;7068;ATRASO_30;2023-05-12;7730.94
2017;77;7068;ATRASO_60;2023-06-11;6184.75
2018;77;7068;ATRASO_90;2023-07-11;4638.56
2019;77;7068;CALOTE;2023-08-10;3092.38
2020;8252;7082;ATRASO_30;2023-05-03;815.29
2021;8252;7082;ATRASO_60;2023-06-02;652.23
2022;8252;7082;ATRASO_90;2023-07-02;489.17
2023;8252;7082;CALOTE;2023-08-01;326.12
2024;1926;7084;ATRASO_30;2022-10-05;6005.91
2025;1926;7084;ATRASO_60;2022-11-04;4804.73
2026;1926;7084;ATRASO_90;2022-12-04;3603.55
2027;1926;7084;CALOTE;2023-01-03;2402.36
2028;8767;7092;ATRASO_60;2024-04-28;1928.72
2029;8767;7092;ATRASO_90;2024-05-28;1446.54
2030;8270;7104;ATRASO_60;2023-10-27;432.66
2031;7489;7126;ATRASO_30;2023-03-03;3932.59
2032;7489;7126;ATRASO_90;2023-05-02;2359.55
2033;7489;7126;CALOTE;2023-06-01;1573.04
2034;3887;7146;ATRASO_60;2024-09-09;3602.1
2035;3887;7146;ATRASO_90;2024-10-09;2701.57
2036;1536;7151;ATRASO_30;2022-07-23;6660.76
2037;1536;7151;ATRASO_90;2022-09-21;3996.46
2038;1536;7151;CALOTE;2022-10-21;2664.3
2039;1365;7152;ATRASO_30;2024-01-20;1448.66
2040;1365;7152;ATRASO_60;2024-02-19;1158.93
2041;1365;7152;ATRASO_90;2024-03-20;869.2
2042;912;7159;ATRASO_30;2023-10-20;4564.54
2043;912;7159;ATRASO_90;2023-12-19;2738.72
2044;912;7159;CALOTE;2024-01-18;1825.82
2045;3197;7166;ATRASO_30;2023-09-28;3782.85
2046;3197;7166;ATRASO_60;2023-10-28;3026.28
2047;3197;7166;ATRASO_90;2023-11-27;2269.71
2048;3197;7166;CALOTE;2023-12-27;1513.14
2049;2265;7172;ATRASO_30;2022-08-16;13007.06
2050;2265;7172;ATRASO_60;2022-09-15;10405.65
2051;2265;7172;ATRASO_90;2022-10-15;7804.24
2052;2265;7172;CALOTE;2022-11-14;5202.82
2053;1248;7173;ATRASO_30;2023-06-26;3302.61
2054;1248;7173;ATRASO_60;2023-07-26;2642.09
2055;1248;7173;ATRASO_90;2023-08-25;1981.57
2056;1248;7173;CALOTE;2023-09-24;1321.04
2057;6427;7183;ATRASO_30;2023-10-05;6857.42
2058;6427;7183;ATRASO_60;2023-11-04;5485.94
2059;6427;7183;ATRASO_90;2023-12-04;4114.45
2060;6860;7192;ATRASO_30;2021-09-10;11317.94
2061;6860;7192;ATRASO_60;2021-10-10;9054.35
2062;6860;7192;ATRASO_90;2021-11-09;6790.76
2063;4316;7206;ATRASO_30;2024-06-25;4074.74
2064;4316;7206;ATRASO_60;2024-07-25;3259.79
2065;4316;7206;ATRASO_90;2024-08-24;2444.84
2066;4316;7206;CALOTE;2024-09-23;1629.9
2067;4531;7207;ATRASO_30;2023-11-28;9105.79
2068;4531;7207;ATRASO_60;2023-12-28;7284.63
2069;4531;7207;ATRASO_90;2024-01-27;5463.47
2070;4531;7207;CALOTE;2024-02-26;3642.32
2071;9828;7213;ATRASO_30;2024-12-19;7876.81
2072;9828;7213;ATRASO_60;2025-01-18;6301.45
2073;9828;7213;ATRASO_90;2025-02-17;4726.09
2074;9828;7213;CALOTE;2025-03-19;3150.72
2075;5545;7238;ATRASO_30;2024-03-14;682.22
2076;5545;7238;ATRASO_60;2024-04-13;545.78
2077;5545;7238;CALOTE;2024-06-12;272.89
2078;3903;7250;ATRASO_30;2023-01-21;5294.6
2079;3903;7250;ATRASO_60;2023-02-20;4235.68
2080;3903;7250;ATRASO_90;2023-03-22;3176.76
2081;857;7252;ATRASO_90;2023-09-20;2675.45
2082;857;7252;CALOTE;2023-10-20;1783.63
2083;9506;7255;ATRASO_60;2021-12-11;2837.7
2084;9506;7255;ATRASO_90;2022-01-10;2128.27
2085;9506;7255;CALOTE;2022-02-09;1418.85
2086;5913;7286;ATRASO_30;2022-11-06;6666.93
2087;5913;7286;ATRASO_60;2022-12-06;5333.54
2088;5913;7286;ATRASO_90;2023-01-05;4000.16
2089;5913;7286;CALOTE;2023-02-04;2666.77
2090;6594;7287;ATRASO_90;2024-12-23;3513.38
2091;6594;7287;CALOTE;2025-01-22;2342.25
2092;6729;7331;ATRASO_30;2022-07-19;6252.64
2093;6729;7331;ATRASO_90;2022-09-17;3751.58
2094;6729;7331;CALOTE;2022-10-17;2501.06
2095;1997;7338;ATRASO_30;2023-08-10;2693.45
2096;1997;7338;ATRASO_60;2023-09-09;2154.76
2097;7840;7344;ATRASO_30;2023-11-12;2895.02
2098;7840;7344;ATRASO_60;2023-12-12;2316.02
2099;7840;7344;ATRASO_90;2024-01-11;1737.01
2100;7840;7344;CALOTE;2024-02-10;1158.01
2101;6738;7380;ATRASO_30;2024-06-08;6760.14
2102;6738;7380;ATRASO_90;2024-08-07;4056.08
2103;6738;7380;CALOTE;2024-09-06;2704.06
2104;402;7384;ATRASO_60;2022-03-03;6648.96
2105;6461;7385;ATRASO_30;2023-10-02;4367.12
2106;6461;7385;ATRASO_60;2023-11-01;3493.7
2107;6461;7385;ATRASO_90;2023-12-01;2620.27
2108;6461;7385;CALOTE;2023-12-31;1746.85
2109;7524;7389;ATRASO_90;2021-10-16;3011.66
2110;7524;7389;CALOTE;2021-11-15;2007.78
2111;5085;7393;ATRASO_60;2023-04-28;3848.14
2112;5085;7393;ATRASO_90;2023-05-28;2886.1
2113;2220;7403;ATRASO_30;2023-03-06;2554.17
2114;2220;7403;ATRASO_60;2023-04-05;2043.34
2115;2220;7403;CALOTE;2023-06-04;1021.67
2116;1535;7406;ATRASO_30;2022-12-13;1181.5
2117;1535;7406;ATRASO_60;2023-01-12;945.2
2118;1535;7406;ATRASO_90;2023-02-11;708.9
2119;1535;7406;CALOTE;2023-03-13;472.6
2120;1006;7415;ATRASO_30;2023-06-22;908.87
2121;1006;7415;ATRASO_60;2023-07-22;727.1
2122;1006;7415;ATRASO_90;2023-08-21;545.32
2123;1006;7415;CALOTE;2023-09-20;363.55
2124;2088;7428;ATRASO_60;2024-11-06;1110.48
2125;2088;7428;CALOTE;2025-01-05;555.24
2126;8734;7434;ATRASO_30;2024-06-23;6972.48
2127;8734;7434;ATRASO_60;2024-07-23;5577.98
2128;8734;7434;CALOTE;2024-09-21;2788.99
2129;6203;7442;ATRASO_60;2024-05-12;5636.26
2130;1;7444;ATRASO_30;2021-03-04;7326.05
2131;1;7444;ATRASO_60;2021-04-03;5860.84
2132;1;7444;ATRASO_90;2021-05-03;4395.63
2133;1;7444;CALOTE;2021-06-02;2930.42
2134;3068;7446;ATRASO_30;2021-07-29;1635.41
2135;3068;7446;ATRASO_60;2021-08-28;1308.33
2136;3068;7446;ATRASO_90;2021-09-27;981.25
2137;2295;7451;ATRASO_30;2021-05-25;1097.97
2138;2295;7451;ATRASO_60;2021-06-24;878.38
2139;2295;7451;ATRASO_90;2021-07-24;658.78
2140;3401;7475;ATRASO_30;2021-02-23;2600.98
2141;3401;7475;ATRASO_60;2021-03-25;2080.78
2142;9782;7487;ATRASO_30;2022-05-21;575.17
2143;9782;7487;ATRASO_60;2022-06-20;460.14
2144;9782;7487;ATRASO_90;2022-07-20;345.1
2145;9782;7487;CALOTE;2022-08-19;230.07
2146;9054;7490;ATRASO_30;2024-11-21;2955.3
2147;9054;7490;ATRASO_60;2024-12-21;2364.24
2148;9054;7490;ATRASO_90;2025-01-20;1773.18
2149;9054;7490;CALOTE;2025-02-19;1182.12
2150;1999;7492;ATRASO_30;2022-07-25;3203.08
2151;1999;7492;ATRASO_60;2022-08-24;2562.46
2152;1999;7492;ATRASO_90;2022-09-23;1921.85
2153;1999;7492;CALOTE;2022-10-23;1281.23
2154;2221;7513;ATRASO_30;2023-08-14;7004.68
2155;2221;7513;ATRASO_60;2023-09-13;5603.74
2156;2221;7513;CALOTE;2023-11-12;2801.87
2157;8112;7518;ATRASO_60;2024-11-21;3883.48
2158;8112;7518;CALOTE;2025-01-20;1941.74
2159;6521;7521;ATRASO_60;2021-04-21;4215.46
2160;6521;7521;ATRASO_90;2021-05-21;3161.6
2161;4474;7525;ATRASO_30;2023-10-26;5567.34
2162;4474;7525;ATRASO_60;2023-11-25;4453.87
2163;4474;7525;ATRASO_90;2023-12-25;3340.4
2164;4647;7529;ATRASO_30;2021-07-04;4874.93
2165;4647;7529;ATRASO_60;2021-08-03;3899.94
2166;4647;7529;CALOTE;2021-10-02;1949.97
2167;2233;7531;ATRASO_60;2023-01-07;5613.3
2168;2233;7531;CALOTE;2023-03-08;2806.65
2169;5837;7555;ATRASO_60;2021-07-20;4975.16
2170;5837;7555;ATRASO_90;2021-08-19;3731.37
2171;5837;7555;CALOTE;2021-09-18;2487.58
2172;3374;7560;ATRASO_30;2022-04-04;2458.03
2173;3374;7560;ATRASO_60;2022-05-04;1966.42
2174;3374;7560;CALOTE;2022-07-03;983.21
2175;6184;7568;ATRASO_30;2023-12-16;2970.88
2176;6184;7568;ATRASO_90;2024-02-14;1782.53
2177;2768;7575;ATRASO_30;2022-04-11;2087.98
2178;2768;7575;ATRASO_60;2022-05-11;1670.38
2179;2768;7575;ATRASO_90;2022-06-10;1252.79
2180;2768;7575;CALOTE;2022-07-10;835.19
2181;1141;7581;ATRASO_30;2023-03-22;6927.77
2182;1141;7581;ATRASO_90;2023-05-21;4156.66
2183;1141;7581;CALOTE;2023-06-20;2771.11
2184;171;7595;ATRASO_30;2025-01-30;3233.46
2185;171;7595;ATRASO_60;2025-03-01;2586.77
2186;171;7595;ATRASO_90;2025-03-31;1940.08
2187;171;7595;CALOTE;2025-04-30;1293.38
2188;2917;7608;ATRASO_30;2022-05-30;3611.55
2189;2917;7608;ATRASO_60;2022-06-29;2889.24
2190;8598;7622;ATRASO_60;2021-09-12;1681.66
2191;8598;7622;ATRASO_90;2021-10-12;1261.24
2192;8598;7622;CALOTE;2021-11-11;840.83
2193;2874;7637;ATRASO_30;2022-07-02;6140.6
2194;2874;7637;ATRASO_60;2022-08-01;4912.48
2195;2874;7637;ATRASO_90;2022-08-31;3684.36
2196;2874;7637;CALOTE;2022-09-30;2456.24
2197;9008;7666;ATRASO_30;2023-03-25;3976.52
2198;9008;7666;ATRASO_60;2023-04-24;3181.22
2199;9008;7666;CALOTE;2023-06-23;1590.61
2200;926;7671;ATRASO_60;2024-06-02;2537.1
2201;926;7671;ATRASO_90;2024-07-02;1902.82
2202;926;7671;CALOTE;2024-08-01;1268.55
2203;8940;7683;ATRASO_30;2022-09-15;2202.48
2204;8940;7683;ATRASO_90;2022-11-14;1321.49
2205;1742;7704;ATRASO_30;2023-07-29;4829.75
2206;1742;7704;ATRASO_60;2023-08-28;3863.8
2207;1742;7704;CALOTE;2023-10-27;1931.9
2208;1141;7708;ATRASO_60;2023-07-26;1516.51
2209;1141;7708;ATRASO_90;2023-08-25;1137.38
2210;8072;7729;ATRASO_60;2021-11-22;4124.93
2211;8072;7729;CALOTE;2022-01-21;2062.46
2212;5639;7733;ATRASO_30;2022-04-21;41518.67
2213;5639;7733;CALOTE;2022-07-20;16607.47
2214;354;7763;ATRASO_30;2021-12-01;3663.08
2215;354;7763;ATRASO_60;2021-12-31;2930.46
2216;354;7763;ATRASO_90;2022-01-30;2197.85
2217;354;7763;CALOTE;2022-03-01;1465.23
2218;9568;7765;ATRASO_30;2023-05-29;5242.54
2219;9568;7765;CALOTE;2023-08-27;2097.02
2220;9262;7784;ATRASO_30;2022-04-25;4615.85
2221;9262;7784;ATRASO_60;2022-05-25;3692.68
2222;9262;7784;ATRASO_90;2022-06-24;2769.51
2223;2567;7794;ATRASO_30;2021-04-17;17847.08
2224;2567;7794;ATRASO_60;2021-05-17;14277.66
2225;2567;7794;ATRASO_90;2021-06-16;10708.25
2226;2567;7794;CALOTE;2021-07-16;7138.83
2227;7270;7800;ATRASO_30;2023-05-22;7719.01
2228;7270;7800;ATRASO_90;2023-07-21;4631.41
2229;1307;7811;ATRASO_60;2023-03-07;3928.32
2230;1307;7811;ATRASO_90;2023-04-06;2946.24
2231;1307;7811;CALOTE;2023-05-06;1964.16
2232;7211;7825;ATRASO_30;2023-04-03;5372.72
2233;7211;7825;ATRASO_60;2023-05-03;4298.18
2234;7211;7825;ATRASO_90;2023-06-02;3223.63
2235;7211;7825;CALOTE;2023-07-02;2149.09
2236;6813;7828;ATRASO_60;2022-09-02;2707.03
2237;6813;7828;CALOTE;2022-11-01;1353.52
2238;6179;7843;ATRASO_30;2022-11-24;2560.08
2239;6179;7843;ATRASO_60;2022-12-24;2048.06
2240;6179;7843;CALOTE;2023-02-22;1024.03
2241;3939;7850;ATRASO_30;2022-09-06;1318.69
2242;3939;7850;ATRASO_60;2022-10-06;1054.95
2243;3939;7850;ATRASO_90;2022-11-05;791.21
2244;3939;7850;CALOTE;2022-12-05;527.48
2245;1205;7857;ATRASO_30;2021-10-28;12069.8
2246;1205;7857;ATRASO_60;2021-11-27;9655.84
2247;1205;7857;ATRASO_90;2021-12-27;7241.88
2248;1205;7857;CALOTE;2022-01-26;4827.92
2249;6325;7864;ATRASO_90;2023-08-22;3749.39
2250;6325;7864;CALOTE;2023-09-21;2499.6
2251;6936;7880;ATRASO_30;2024-03-22;5569.73
2252;6936;7880;ATRASO_90;2024-05-21;3341.84
2253;4594;7881;ATRASO_30;2023-10-11;3290.59
2254;4594;7881;ATRASO_90;2023-12-10;1974.35
2255;5257;7885;ATRASO_60;2024-08-06;5699.1
2256;5257;7885;ATRASO_90;2024-09-05;4274.32
2257;9214;7888;ATRASO_60;2021-07-17;15732.84
2258;9214;7888;ATRASO_90;2021-08-16;11799.63
2259;9214;7888;CALOTE;2021-09-15;7866.42
2260;730;7890;ATRASO_30;2021-06-23;43288.11
2261;730;7890;ATRASO_90;2021-08-22;25972.87
2262;7205;7891;ATRASO_30;2024-03-26;2243.24
2263;7205;7891;ATRASO_60;2024-04-25;1794.59
2264;3075;7910;ATRASO_30;2021-10-09;609.36
2265;3075;7910;ATRASO_60;2021-11-08;487.49
2266;3075;7910;ATRASO_90;2021-12-08;365.62
2267;4208;7926;ATRASO_90;2023-08-28;4338.71
2268;4208;7926;CALOTE;2023-09-27;2892.47
2269;5120;7932;ATRASO_30;2022-12-15;2750.57
2270;5120;7932;ATRASO_60;2023-01-14;2200.46
2271;5120;7932;ATRASO_90;2023-02-13;1650.34
2272;5120;7932;CALOTE;2023-03-15;1100.23
2273;4594;7959;ATRASO_30;2023-02-16;7202.05
2274;4594;7959;CALOTE;2023-05-17;2880.82
2275;9805;7963;ATRASO_30;2024-06-01;2147.3
2276;9805;7963;ATRASO_90;2024-07-31;1288.38
2277;9398;7968;ATRASO_60;2023-01-27;1029.91
2278;9398;7968;ATRASO_90;2023-02-26;772.43
2279;9398;7968;CALOTE;2023-03-28;514.96
2280;1140;7983;ATRASO_60;2024-02-26;6863.29
2281;1140;7983;ATRASO_90;2024-03-27;5147.47
2282;2150;7985;ATRASO_90;2022-09-06;970.7
2283;2150;7985;CALOTE;2022-10-06;647.14
2284;279;7986;ATRASO_30;2024-11-27;6342.77
2285;279;7986;ATRASO_90;2025-01-26;3805.66
2286;7580;7987;ATRASO_60;2023-11-17;4212.7
2287;7580;7987;ATRASO_90;2023-12-17;3159.53
2288;1443;8016;ATRASO_60;2023-01-08;5619.38
2289;1443;8016;ATRASO_90;2023-02-07;4214.53
2290;1443;8016;CALOTE;2023-03-09;2809.69
2291;2452;8046;ATRASO_60;2022-06-22;6395.44
2292;2452;8046;ATRASO_90;2022-07-22;4796.58
2293;2452;8046;CALOTE;2022-08-21;3197.72
2294;5440;8075;ATRASO_30;2023-04-25;5716.93
2295;5440;8075;ATRASO_90;2023-06-24;3430.16
2296;5440;8075;CALOTE;2023-07-24;2286.77
2297;3153;8080;ATRASO_30;2021-06-05;2912.99
2298;3153;8080;ATRASO_60;2021-07-05;2330.39
2299;3153;8080;ATRASO_90;2021-08-04;1747.79
2300;5524;8085;ATRASO_30;2022-09-17;29155.13
2301;5524;8085;ATRASO_90;2022-11-16;17493.08
2302;9446;8102;ATRASO_30;2021-09-01;8043.43
2303;9446;8102;ATRASO_60;2021-10-01;6434.74
2304;9446;8102;ATRASO_90;2021-10-31;4826.06
2305;2207;8107;ATRASO_60;2023-11-19;4655.36
2306;2814;8127;ATRASO_30;2024-05-24;16842.22
2307;2814;8127;ATRASO_90;2024-07-23;10105.33
2308;2814;8127;CALOTE;2024-08-22;6736.89
2309;5319;8139;ATRASO_30;2024-05-02;4658.18
2310;5319;8139;ATRASO_60;2024-06-01;3726.54
2311;5319;8139;ATRASO_90;2024-07-01;2794.91
2312;7309;8153;ATRASO_30;2022-01-07;1505.68
2313;7309;8153;CALOTE;2022-04-07;602.27
2314;782;8165;ATRASO_30;2022-11-19;4999.03
2315;782;8165;ATRASO_60;2022-12-19;3999.22
2316;782;8165;ATRASO_90;2023-01-18;2999.42
2317;782;8165;CALOTE;2023-02-17;1999.61
2318;4542;8190;ATRASO_30;2021-12-09;15827.55
2319;4542;8190;ATRASO_90;2022-02-07;9496.53
2320;9121;8205;ATRASO_30;2021-03-03;3925.66
2321;9121;8205;ATRASO_60;2021-04-02;3140.53
2322;9121;8205;ATRASO_90;2021-05-02;2355.4
2323;9121;8205;CALOTE;2021-06-01;1570.26
2324;2922;8211;ATRASO_60;2023-03-09;2705.04
2325;2922;8211;ATRASO_90;2023-04-08;2028.78
2326;1160;8230;ATRASO_30;2023-09-04;5508.0
2327;1160;8230;ATRASO_60;2023-10-04;4406.4
2328;3130;8232;ATRASO_30;2023-09-01;3330.71
2329;3130;8232;ATRASO_90;2023-10-31;1998.43
2330;8893;8233;ATRASO_30;2021-05-16;6634.43
2331;8893;8233;ATRASO_60;2021-06-15;5307.54
2332;8893;8233;ATRASO_90;2021-07-15;3980.66
2333;8893;8233;CALOTE;2021-08-14;2653.77
2334;6211;8236;ATRASO_60;2024-05-19;1740.11
2335;6211;8236;ATRASO_90;2024-06-18;1305.08
2336;6211;8236;CALOTE;2024-07-18;870.06
2337;5076;8250;ATRASO_30;2022-12-20;11098.96
2338;5076;8250;ATRASO_60;2023-01-19;8879.17
2339;5076;8250;ATRASO_90;2023-02-18;6659.38
2340;5076;8250;CALOTE;2023-03-20;4439.58
2341;6028;8255;ATRASO_30;2023-01-14;5711.93
2342;6028;8255;ATRASO_60;2023-02-13;4569.54
2343;6028;8255;ATRASO_90;2023-03-15;3427.16
2344;2154;8261;ATRASO_90;2023-11-09;4772.18
2345;2154;8261;CALOTE;2023-12-09;3181.45
2346;1684;8264;ATRASO_60;2022-04-26;4605.01
2347;1684;8264;CALOTE;2022-06-25;2302.5
2348;7090;8272;ATRASO_30;2023-11-11;6535.19
2349;7090;8272;ATRASO_90;2024-01-10;3921.11
2350;7090;8272;CALOTE;2024-02-09;2614.08
2351;3737;8283;ATRASO_30;2023-05-11;7224.39
2352;3737;8283;ATRASO_60;2023-06-10;5779.51
2353;1475;8294;ATRASO_30;2025-01-27;5874.28
2354;1475;8294;ATRASO_60;2025-02-26;4699.42
2355;1475;8294;ATRASO_90;2025-03-28;3524.57
2356;1475;8294;CALOTE;2025-04-27;2349.71
2357;4984;8299;ATRASO_60;2021-04-02;3129.89
2358;4984;8299;ATRASO_90;2021-05-02;2347.42
2359;4984;8299;CALOTE;2021-06-01;1564.94
2360;268;8313;ATRASO_30;2022-08-06;3583.68
2361;268;8313;ATRASO_60;2022-09-05;2866.94
2362;268;8313;CALOTE;2022-11-04;1433.47
2363;9038;8315;ATRASO_30;2022-07-20;2734.6
2364;9038;8315;CALOTE;2022-10-18;1093.84
2365;5270;8316;ATRASO_60;2022-07-06;1337.2
2366;5270;8316;ATRASO_90;2022-08-05;1002.9
2367;674;8318;ATRASO_30;2021-10-23;704.22
2368;674;8318;ATRASO_60;2021-11-22;563.38
2369;674;8318;ATRASO_90;2021-12-22;422.53
2370;674;8318;CALOTE;2022-01-21;281.69
2371;1643;8321;ATRASO_30;2024-04-06;5305.2
2372;1643;8321;ATRASO_60;2024-05-06;4244.16
2373;1643;8321;CALOTE;2024-07-05;2122.08
2374;6421;8333;ATRASO_60;2022-01-31;2406.15
2375;6421;8333;CALOTE;2022-04-01;1203.08
2376;9979;8335;ATRASO_60;2024-07-09;1273.48
2377;9979;8335;ATRASO_90;2024-08-08;955.11
2378;9979;8335;CALOTE;2024-09-07;636.74
2379;108;8337;ATRASO_30;2022-02-08;1966.12
2380;108;8337;ATRASO_90;2022-04-09;1179.67
2381;108;8337;CALOTE;2022-05-09;786.45
2382;7669;8345;ATRASO_60;2025-01-07;6320.68
2383;7669;8345;CALOTE;2025-03-08;3160.34
2384;9939;8349;ATRASO_30;2024-09-13;697.12
2385;9939;8349;ATRASO_60;2024-10-13;557.7
2386;9939;8349;ATRASO_90;2024-11-12;418.27
2387;4472;8371;ATRASO_30;2024-11-18;4281.54
2388;4472;8371;CALOTE;2025-02-16;1712.62
2389;7356;8378;ATRASO_30;2022-11-03;7622.49
2390;7356;8378;ATRASO_60;2022-12-03;6097.99
2391;7356;8378;ATRASO_90;2023-01-02;4573.49
2392;9173;8397;ATRASO_30;2021-06-21;6009.06
2393;9173;8397;ATRASO_60;2021-07-21;4807.25
2394;9173;8397;CALOTE;2021-09-19;2403.62
2395;9748;8402;ATRASO_30;2024-05-11;691.39
2396;9748;8402;ATRASO_60;2024-06-10;553.11
2397;335;8407;ATRASO_60;2021-06-25;6145.7
2398;335;8407;ATRASO_90;2021-07-25;4609.28
2399;193;8409;ATRASO_30;2024-12-03;5534.34
2400;193;8409;CALOTE;2025-03-03;2213.74
2401;9572;8435;ATRASO_30;2024-06-02;6294.45
2402;9572;8435;CALOTE;2024-08-31;2517.78
2403;1279;8437;ATRASO_60;2021-12-04;4643.75
2404;1279;8437;ATRASO_90;2022-01-03;3482.81
2405;1279;8437;CALOTE;2022-02-02;2321.88
2406;6055;8439;ATRASO_30;2021-07-07;9501.82
2407;6055;8439;ATRASO_60;2021-08-06;7601.46
2408;6055;8439;ATRASO_90;2021-09-05;5701.09
2409;2945;8445;ATRASO_30;2022-08-24;3452.86
2410;2945;8445;ATRASO_90;2022-10-23;2071.72
2411;2945;8445;CALOTE;2022-11-22;1381.14
2412;4011;8449;ATRASO_60;2023-07-22;1534.15
2413;4011;8449;ATRASO_90;2023-08-21;1150.61
2414;4011;8449;CALOTE;2023-09-20;767.08
2415;4593;8458;ATRASO_30;2023-08-02;1729.82
2416;4593;8458;ATRASO_60;2023-09-01;1383.86
2417;4593;8458;ATRASO_90;2023-10-01;1037.89
2418;4593;8458;CALOTE;2023-10-31;691.93
2419;926;8462;ATRASO_30;2023-06-16;3638.56
2420;926;8462;ATRASO_90;2023-08-15;2183.14
2421;926;8462;CALOTE;2023-09-14;1455.42
2422;4970;8463;ATRASO_90;2024-05-10;4698.98
2423;3410;8475;ATRASO_60;2024-06-23;1528.94
2424;3410;8475;ATRASO_90;2024-07-23;1146.7
2425;5436;8484;ATRASO_30;2024-01-04;14472.25
2426;5436;8484;ATRASO_60;2024-02-03;11577.8
2427;5436;8484;ATRASO_90;2024-03-04;8683.35
2428;5436;8484;CALOTE;2024-04-03;5788.9
2429;3101;8493;ATRASO_60;2022-04-11;3753.69
2430;3101;8493;ATRASO_90;2022-05-11;2815.27
2431;3101;8493;CALOTE;2022-06-10;1876.84
2432;9493;8498;ATRASO_30;2022-09-05;19638.6
2433;9493;8498;ATRASO_90;2022-11-04;11783.16
2434;9493;8498;CALOTE;2022-12-04;7855.44
2435;587;8504;CALOTE;2023-08-08;2218.93
2436;4622;8511;ATRASO_30;2021-07-03;17851.91
2437;4622;8511;ATRASO_60;2021-08-02;14281.53
2438;4622;8511;ATRASO_90;2021-09-01;10711.15
2439;7849;8516;ATRASO_30;2024-09-22;17137.06
2440;7849;8516;ATRASO_90;2024-11-21;10282.24
2441;7849;8516;CALOTE;2024-12-21;6854.82
2442;7167;8519;ATRASO_30;2023-05-01;3372.95
2443;7167;8519;CALOTE;2023-07-30;1349.18
2444;6585;8523;ATRASO_30;2022-05-23;4491.81
2445;6585;8523;ATRASO_60;2022-06-22;3593.45
2446;6585;8523;ATRASO_90;2022-07-22;2695.09
2447;7298;8529;ATRASO_30;2023-09-16;3045.88
2448;7298;8529;ATRASO_60;2023-10-16;2436.7
2449;7298;8529;ATRASO_90;2023-11-15;1827.53
2450;3948;8535;ATRASO_30;2022-11-11;7628.8
2451;3948;8535;ATRASO_60;2022-12-11;6103.04
2452;3948;8535;ATRASO_90;2023-01-10;4577.28
2453;3948;8535;CALOTE;2023-02-09;3051.52
2454;9313;8536;ATRASO_60;2021-10-16;6259.01
2455;9313;8536;ATRASO_90;2021-11-15;4694.26
2456;9313;8536;CALOTE;2021-12-15;3129.5
2457;1642;8537;ATRASO_30;2021-02-09;3698.74
2458;1642;8537;CALOTE;2021-05-10;1479.5
2459;5401;8538;ATRASO_30;2021-05-01;7485.35
2460;5401;8538;ATRASO_60;2021-05-31;5988.28
2461;5401;8538;ATRASO_90;2021-06-30;4491.21
2462;5401;8538;CALOTE;2021-07-30;2994.14
2463;4994;8541;ATRASO_30;2023-02-26;2828.25
2464;4994;8541;ATRASO_90;2023-04-27;1696.95
2465;2940;8543;ATRASO_60;2025-02-07;5307.92
2466;2940;8543;ATRASO_90;2025-03-09;3980.94
2467;2940;8543;CALOTE;2025-04-08;2653.96
2468;8806;8552;ATRASO_30;2021-07-07;4669.2
2469;8806;8552;ATRASO_60;2021-08-06;3735.36
2470;8806;8552;CALOTE;2021-10-05;1867.68
2471;3857;8556;ATRASO_30;2021-07-05;3686.23
2472;3857;8556;ATRASO_60;2021-08-04;2948.98
2473;3857;8556;ATRASO_90;2021-09-03;2211.74
2474;3857;8556;CALOTE;2021-10-03;1474.49
2475;5787;8566;ATRASO_30;2025-01-26;5549.88
2476;5787;8566;ATRASO_90;2025-03-27;3329.93
2477;5787;8566;CALOTE;2025-04-26;2219.95
2478;3352;8598;CALOTE;2022-09-18;3105.94
2479;4396;8610;ATRASO_30;2022-07-30;2535.65
2480;5234;8627;ATRASO_30;2023-05-31;1380.26
2481;5234;8627;ATRASO_60;2023-06-30;1104.21
2482;5234;8627;CALOTE;2023-08-29;552.1
2483;7046;8659;ATRASO_30;2021-04-27;15374.93
2484;7046;8659;ATRASO_60;2021-05-27;12299.94
2485;7046;8659;ATRASO_90;2021-06-26;9224.96
2486;7046;8659;CALOTE;2021-07-26;6149.97
2487;811;8673;ATRASO_60;2021-08-05;10069.37
2488;811;8673;CALOTE;2021-10-04;5034.68
2489;8619;8697;ATRASO_30;2023-03-18;6982.13
2490;8619;8697;ATRASO_60;2023-04-17;5585.7
2491;8619;8697;ATRASO_90;2023-05-17;4189.28
2492;9816;8700;ATRASO_30;2022-03-24;6749.95
2493;9816;8700;ATRASO_60;2022-04-23;5399.96
2494;9816;8700;CALOTE;2022-06-22;2699.98
2495;2875;8708;ATRASO_30;2021-09-26;12084.42
2496;2875;8708;ATRASO_90;2021-11-25;7250.65
2497;2875;8708;CALOTE;2021-12-25;4833.77
2498;4986;8727;ATRASO_30;2024-11-17;605.08
2499;4986;8727;ATRASO_60;2024-12-17;484.06
2500;4986;8727;ATRASO_90;2025-01-16;363.05
2501;4986;8727;CALOTE;2025-02-15;242.03
2502;2941;8746;ATRASO_30;2025-01-03;2887.45
2503;2941;8746;ATRASO_60;2025-02-02;2309.96
2504;4581;8748;ATRASO_30;2024-10-20;2516.98
2505;4581;8748;ATRASO_60;2024-11-19;2013.58
2506;4581;8748;ATRASO_90;2024-12-19;1510.19
2507;4581;8748;CALOTE;2025-01-18;1006.79
2508;9982;8756;ATRASO_30;2023-04-05;1072.97
2509;9982;8756;ATRASO_60;2023-05-05;858.38
2510;9982;8756;ATRASO_90;2023-06-04;643.78
2511;9982;8756;CALOTE;2023-07-04;429.19
2512;3214;8770;ATRASO_30;2021-02-15;5975.9
2513;3214;8770;ATRASO_60;2021-03-17;4780.72
2514;3214;8770;ATRASO_90;2021-04-16;3585.54
2515;3214;8770;CALOTE;2021-05-16;2390.36
2516;8956;8777;ATRASO_60;2024-01-08;5831.04
2517;8956;8777;ATRASO_90;2024-02-07;4373.28
2518;8956;8777;CALOTE;2024-03-08;2915.52
2519;4462;8779;ATRASO_90;2024-07-28;709.84
2520;1301;8790;ATRASO_90;2022-01-06;1933.04
2521;2367;8814;ATRASO_30;2021-07-25;1537.29
2522;2367;8814;ATRASO_90;2021-09-23;922.37
2523;8923;8821;ATRASO_30;2023-02-27;6438.55
2524;8923;8821;ATRASO_60;2023-03-29;5150.84
2525;8923;8821;CALOTE;2023-05-28;2575.42
2526;9704;8831;ATRASO_30;2024-08-07;13276.57
2527;9584;8832;ATRASO_30;2024-01-18;7167.29
2528;9584;8832;ATRASO_90;2024-03-18;4300.37
2529;1720;8833;ATRASO_60;2021-07-03;2240.86
2530;1720;8833;ATRASO_90;2021-08-02;1680.64
2531;9588;8839;ATRASO_30;2023-05-14;4539.25
2532;9588;8839;ATRASO_60;2023-06-13;3631.4
2533;9588;8839;ATRASO_90;2023-07-13;2723.55
2534;1888;8843;ATRASO_30;2024-12-17;1440.7
2535;1888;8843;ATRASO_60;2025-01-16;1152.56
2536;1888;8843;ATRASO_90;2025-02-15;864.42
2537;3214;8852;ATRASO_30;2021-03-12;7765.33
2538;3214;8852;ATRASO_60;2021-04-11;6212.26
2539;3214;8852;ATRASO_90;2021-05-11;4659.2
2540;5799;8857;ATRASO_30;2024-09-14;3250.46
2541;5799;8857;ATRASO_60;2024-10-14;2600.37
2542;5799;8857;ATRASO_90;2024-11-13;1950.28
2543;5799;8857;CALOTE;2024-12-13;1300.18
2544;610;8872;ATRASO_60;2021-03-04;755.26
2545;610;8872;ATRASO_90;2021-04-03;566.44
2546;610;8872;CALOTE;2021-05-03;377.63
2547;8471;8874;ATRASO_60;2023-01-18;4170.2
2548;8471;8874;CALOTE;2023-03-19;2085.1
2549;2939;8881;ATRASO_30;2021-10-03;1898.76
2550;2939;8881;ATRASO_60;2021-11-02;1519.01
2551;2939;8881;ATRASO_90;2021-12-02;1139.26
2552;5899;8890;ATRASO_30;2023-12-04;7619.85
2553;5899;8890;ATRASO_60;2024-01-03;6095.88
2554;5899;8890;ATRASO_90;2024-02-02;4571.91
2555;5899;8890;CALOTE;2024-03-03;3047.94
2556;1486;8891;CALOTE;2022-12-22;2401.62
2557;2585;8925;ATRASO_30;2021-11-25;2683.77
2558;2585;8925;ATRASO_90;2022-01-24;1610.26
2559;2585;8925;CALOTE;2022-02-23;1073.51
2560;5890;8930;ATRASO_30;2024-01-02;2437.65
2561;5890;8930;ATRASO_60;2024-02-01;1950.12
2562;5890;8930;ATRASO_90;2024-03-02;1462.59
2563;5890;8930;CALOTE;2024-04-01;975.06
2564;69;8933;ATRASO_30;2023-12-19;5471.69
2565;69;8933;ATRASO_60;2024-01-18;4377.35
2566;69;8933;ATRASO_90;2024-02-17;3283.01
2567;1586;8944;ATRASO_30;2021-09-16;2486.48
2568;1586;8944;ATRASO_60;2021-10-16;1989.18
2569;1586;8944;ATRASO_90;2021-11-15;1491.89
2570;1586;8944;CALOTE;2021-12-15;994.59
2571;8303;8957;ATRASO_30;2022-07-23;30258.82
2572;8303;8957;ATRASO_90;2022-09-21;18155.29
2573;2617;8972;ATRASO_30;2022-11-24;7627.79
2574;2617;8972;CALOTE;2023-02-22;3051.12
2575;4638;8992;ATRASO_30;2021-11-29;2536.83
2576;4638;8992;ATRASO_60;2021-12-29;2029.46
2577;4638;8992;ATRASO_90;2022-01-28;1522.1
2578;4638;8992;CALOTE;2022-02-27;1014.73
2579;2483;8997;ATRASO_60;2022-04-23;1795.45
2580;2483;8997;ATRASO_90;2022-05-23;1346.59
2581;2483;8997;CALOTE;2022-06-22;897.72
2582;4290;9001;CALOTE;2023-01-02;1621.86
2583;9329;9009;ATRASO_30;2024-08-20;2083.83
2584;9329;9009;ATRASO_60;2024-09-19;1667.06
2585;9329;9009;CALOTE;2024-11-18;833.53
2586;2446;9013;ATRASO_30;2024-09-12;4545.53
2587;2446;9013;CALOTE;2024-12-11;1818.21
2588;8912;9017;ATRASO_30;2024-03-31;5650.18
2589;8912;9017;ATRASO_90;2024-05-30;3390.11
2590;5196;9020;ATRASO_30;2022-11-21;1300.84
2591;5196;9020;CALOTE;2023-02-19;520.34
2592;7821;9035;ATRASO_30;2024-09-12;12701.36
2593;7821;9035;ATRASO_60;2024-10-12;10161.09
2594;7821;9035;ATRASO_90;2024-11-11;7620.82
2595;7821;9035;CALOTE;2024-12-11;5080.54
2596;9008;9040;ATRASO_30;2023-08-16;3083.9
2597;9008;9040;ATRASO_90;2023-10-15;1850.34
2598;3128;9041;ATRASO_30;2022-07-18;2946.53
2599;3128;9041;ATRASO_60;2022-08-17;2357.22
2600;3128;9041;ATRASO_90;2022-09-16;1767.92
2601;3128;9041;CALOTE;2022-10-16;1178.61
2602;6350;9043;ATRASO_30;2022-08-10;4561.27
2603;6350;9043;ATRASO_60;2022-09-09;3649.02
2604;6350;9043;CALOTE;2022-11-08;1824.51
2605;7293;9044;ATRASO_60;2021-11-14;4018.03
2606;7293;9044;ATRASO_90;2021-12-14;3013.52
2607;7293;9044;CALOTE;2022-01-13;2009.02
2608;9538;9047;ATRASO_30;2023-01-29;1167.59
2609;9538;9047;ATRASO_60;2023-02-28;934.07
2610;9538;9047;ATRASO_90;2023-03-30;700.55
2611;9538;9047;CALOTE;2023-04-29;467.04
2612;2446;9049;ATRASO_30;2021-05-26;3565.14
2613;2446;9049;ATRASO_60;2021-06-25;2852.11
2614;2446;9049;CALOTE;2021-08-24;1426.06
2615;8127;9051;ATRASO_30;2021-09-25;10934.16
2616;8127;9051;ATRASO_60;2021-10-25;8747.33
2617;8127;9051;CALOTE;2021-12-24;4373.66
2618;1501;9058;ATRASO_30;2024-09-17;1563.19
2619;1501;9058;ATRASO_60;2024-10-17;1250.55
2620;1501;9058;ATRASO_90;2024-11-16;937.91
2621;1501;9058;CALOTE;2024-12-16;625.28
2622;4912;9064;ATRASO_30;2023-06-20;3269.77
2623;4912;9064;ATRASO_60;2023-07-20;2615.82
2624;4912;9064;ATRASO_90;2023-08-19;1961.86
2625;4912;9064;CALOTE;2023-09-18;1307.91
2626;3225;9072;ATRASO_30;2023-01-30;1691.66
2627;3225;9072;ATRASO_90;2023-03-31;1015.0
2628;992;9078;ATRASO_30;2022-03-18;7463.96
2629;992;9078;ATRASO_60;2022-04-17;5971.17
2630;992;9078;ATRASO_90;2022-05-17;4478.38
2631;992;9078;CALOTE;2022-06-16;2985.58
2632;6266;9079;ATRASO_30;2023-03-20;18497.17
2633;6266;9079;ATRASO_60;2023-04-19;14797.74
2634;6266;9079;CALOTE;2023-06-18;7398.87
2635;2797;9080;ATRASO_30;2021-05-13;6499.1
2636;2797;9080;ATRASO_60;2021-06-12;5199.28
2637;2797;9080;ATRASO_90;2021-07-12;3899.46
2638;2797;9080;CALOTE;2021-08-11;2599.64
2639;9215;9090;ATRASO_30;2021-02-08;5001.56
2640;9215;9090;ATRASO_60;2021-03-10;4001.25
2641;9215;9090;ATRASO_90;2021-04-09;3000.94
2642;8284;9095;ATRASO_30;2022-02-19;2304.78
2643;8284;9095;ATRASO_90;2022-04-20;1382.87
2644;8284;9095;CALOTE;2022-05-20;921.91
2645;9391;9105;ATRASO_30;2022-07-06;867.76
2646;9391;9105;ATRASO_60;2022-08-05;694.21
2647;9391;9105;CALOTE;2022-10-04;347.1
2648;4247;9124;ATRASO_60;2024-07-24;10822.21
2649;4247;9124;ATRASO_90;2024-08-23;8116.66
2650;4247;9124;CALOTE;2024-09-22;5411.1
2651;4694;9142;ATRASO_30;2022-02-08;5934.15
2652;4694;9142;ATRASO_60;2022-03-10;4747.32
2653;4694;9142;ATRASO_90;2022-04-09;3560.49
2654;4694;9142;CALOTE;2022-05-09;2373.66
2655;4530;9144;ATRASO_30;2023-02-15;7276.02
2656;4530;9144;ATRASO_90;2023-04-16;4365.61
2657;4530;9144;CALOTE;2023-05-16;2910.41
2658;5231;9163;ATRASO_30;2021-09-29;5172.45
2659;5231;9163;ATRASO_60;2021-10-29;4137.96
2660;8399;9175;ATRASO_30;2023-07-14;7323.1
2661;8399;9175;ATRASO_60;2023-08-13;5858.48
2662;8399;9175;ATRASO_90;2023-09-12;4393.86
2663;8399;9175;CALOTE;2023-10-12;2929.24
2664;819;9178;ATRASO_30;2021-05-18;3551.25
2665;819;9178;ATRASO_60;2021-06-17;2841.0
2666;5740;9189;ATRASO_30;2023-06-05;5870.19
2667;5740;9189;ATRASO_60;2023-07-05;4696.15
2668;5740;9189;ATRASO_90;2023-08-04;3522.11
2669;5740;9189;CALOTE;2023-09-03;2348.08
2670;6659;9193;ATRASO_30;2022-08-30;12855.12
2671;6659;9193;ATRASO_60;2022-09-29;10284.1
2672;843;9200;ATRASO_30;2022-05-03;7886.27
2673;843;9200;ATRASO_60;2022-06-02;6309.02
2674;843;9200;ATRASO_90;2022-07-02;4731.76
2675;843;9200;CALOTE;2022-08-01;3154.51
2676;3403;9202;ATRASO_60;2024-07-31;4364.54
2677;3403;9202;ATRASO_90;2024-08-30;3273.41
2678;2429;9216;ATRASO_30;2023-11-02;14392.15
2679;2429;9216;CALOTE;2024-01-31;5756.86
2680;2804;9227;ATRASO_30;2024-11-27;5430.26
2681;2804;9227;ATRASO_60;2024-12-27;4344.21
2682;2804;9227;ATRASO_90;2025-01-26;3258.16
2683;2804;9227;CALOTE;2025-02-25;2172.1
2684;2594;9232;ATRASO_30;2023-10-20;4535.72
2685;2594;9232;ATRASO_60;2023-11-19;3628.58
2686;2594;9232;CALOTE;2024-01-18;1814.29
2687;5382;9234;ATRASO_30;2023-06-01;1485.5
2688;5382;9234;ATRASO_60;2023-07-01;1188.4
2689;5382;9234;CALOTE;2023-08-30;594.2
2690;2439;9273;ATRASO_30;2022-05-03;5293.39
2691;2439;9273;ATRASO_60;2022-06-02;4234.71
2692;2439;9273;ATRASO_90;2022-07-02;3176.03
2693;7382;9293;ATRASO_90;2022-01-26;1883.11
2694;1592;9309;ATRASO_30;2023-07-23;7215.94
2695;1592;9309;ATRASO_60;2023-08-22;5772.75
2696;1592;9309;ATRASO_90;2023-09-21;4329.56
2697;5879;9320;ATRASO_60;2021-09-16;15331.85
2698;5879;9320;ATRASO_90;2021-10-16;11498.89
2699;5879;9320;CALOTE;2021-11-15;7665.92
2700;6795;9326;ATRASO_30;2023-12-06;4675.8
2701;6795;9326;ATRASO_60;2024-01-05;3740.64
2702;6795;9326;ATRASO_90;2024-02-04;2805.48
2703;6795;9326;CALOTE;2024-03-05;1870.32
2704;498;9330;ATRASO_30;2022-09-07;5830.85
2705;498;9330;ATRASO_90;2022-11-06;3498.51
2706;4998;9339;ATRASO_30;2023-08-30;8647.16
2707;4998;9339;ATRASO_60;2023-09-29;6917.73
2708;977;9341;ATRASO_30;2023-12-23;2205.61
2709;977;9341;ATRASO_60;2024-01-22;1764.49
2710;9581;9387;ATRASO_60;2025-01-17;2165.47
2711;9581;9387;ATRASO_90;2025-02-16;1624.1
2712;7198;9393;ATRASO_30;2021-06-21;18338.1
2713;7198;9393;ATRASO_60;2021-07-21;14670.48
2714;8437;9425;ATRASO_30;2021-04-26;3246.77
2715;8437;9425;ATRASO_60;2021-05-26;2597.42
2716;8437;9425;ATRASO_90;2021-06-25;1948.06
2717;8437;9425;CALOTE;2021-07-25;1298.71
2718;5302;9433;ATRASO_30;2024-05-26;6298.75
2719;5302;9433;ATRASO_90;2024-07-25;3779.25
2720;5302;9433;CALOTE;2024-08-24;2519.5
2721;7677;9448;ATRASO_30;2022-06-14;4449.86
2722;7677;9448;CALOTE;2022-09-12;1779.94
2723;56;9455;ATRASO_30;2024-05-19;4747.19
2724;56;9455;ATRASO_60;2024-06-18;3797.75
2725;56;9455;ATRASO_90;2024-07-18;2848.31
2726;56;9455;CALOTE;2024-08-17;1898.88
2727;3555;9458;ATRASO_30;2022-10-17;1324.13
2728;3555;9458;ATRASO_90;2022-12-16;794.48
2729;4038;9460;ATRASO_30;2021-12-07;4689.82
2730;4038;9460;ATRASO_90;2022-02-05;2813.89
2731;4038;9460;CALOTE;2022-03-07;1875.93
2732;9892;9473;ATRASO_60;2023-07-07;4627.84
2733;9892;9473;ATRASO_90;2023-08-06;3470.88
2734;9892;9473;CALOTE;2023-09-05;2313.92
2735;8904;9495;ATRASO_60;2023-12-25;4670.93
2736;8904;9495;ATRASO_90;2024-01-24;3503.2
2737;8904;9495;CALOTE;2024-02-23;2335.46
2738;2471;9498;ATRASO_30;2023-03-15;15760.16
2739;2471;9498;ATRASO_60;2023-04-14;12608.13
2740;7769;9500;ATRASO_30;2024-05-31;10764.05
2741;7769;9500;ATRASO_90;2024-07-30;6458.43
2742;2604;9502;ATRASO_30;2021-05-31;33260.51
2743;2604;9502;ATRASO_60;2021-06-30;26608.41
2744;2604;9502;CALOTE;2021-08-29;13304.2
2745;905;9514;CALOTE;2022-08-20;202.17
2746;1578;9528;ATRASO_60;2024-05-29;772.72
2747;1578;9528;ATRASO_90;2024-06-28;579.54
2748;7871;9540;ATRASO_30;2022-04-28;2688.79
2749;7871;9540;ATRASO_90;2022-06-27;1613.27
2750;581;9542;ATRASO_30;2023-12-03;2609.66
2751;581;9542;ATRASO_60;2024-01-02;2087.73
2752;581;9542;ATRASO_90;2024-02-01;1565.8
2753;581;9542;CALOTE;2024-03-02;1043.86
2754;4293;9556;ATRASO_60;2023-08-31;4966.41
2755;4293;9556;CALOTE;2023-10-30;2483.2
2756;1582;9566;ATRASO_60;2024-11-29;1636.87
2757;1582;9566;CALOTE;2025-01-28;818.44
2758;3797;9578;ATRASO_60;2022-09-23;5877.94
2759;3797;9578;ATRASO_90;2022-10-23;4408.45
2760;3797;9578;CALOTE;2022-11-22;2938.97
2761;1876;9580;ATRASO_30;2022-04-12;5911.88
2762;1876;9580;ATRASO_90;2022-06-11;3547.13
2763;1876;9580;CALOTE;2022-07-11;2364.75
2764;7516;9593;ATRASO_30;2021-07-11;6959.12
2765;7516;9593;ATRASO_60;2021-08-10;5567.3
2766;7516;9593;ATRASO_90;2021-09-09;4175.47
2767;7516;9593;CALOTE;2021-10-09;2783.65
2768;6455;9605;ATRASO_30;2022-09-18;2492.15
2769;6455;9605;ATRASO_60;2022-10-18;1993.72
2770;6455;9605;CALOTE;2022-12-17;996.86
2771;7543;9629;ATRASO_30;2024-12-06;1004.41
2772;7543;9629;ATRASO_60;2025-01-05;803.53
2773;7543;9629;CALOTE;2025-03-06;401.76
2774;6055;9642;ATRASO_30;2022-05-06;14036.36
2775;6055;9642;ATRASO_60;2022-06-05;11229.09
2776;6055;9642;ATRASO_90;2022-07-05;8421.82
2777;9269;9645;ATRASO_60;2023-10-01;1637.36
2778;9269;9645;ATRASO_90;2023-10-31;1228.02
2779;9269;9645;CALOTE;2023-11-30;818.68
2780;9028;9646;ATRASO_30;2022-06-05;11817.79
2781;9028;9646;ATRASO_60;2022-07-05;9454.23
2782;9028;9646;ATRASO_90;2022-08-04;7090.67
2783;1346;9647;ATRASO_30;2023-10-29;5848.95
2784;1346;9647;ATRASO_60;2023-11-28;4679.16
2785;1346;9647;ATRASO_90;2023-12-28;3509.37
2786;1346;9647;CALOTE;2024-01-27;2339.58
2787;4718;9649;ATRASO_30;2023-06-16;16116.71
2788;4718;9649;ATRASO_90;2023-08-15;9670.03
2789;4718;9649;CALOTE;2023-09-14;6446.68
2790;6344;9653;ATRASO_30;2022-12-07;1771.3
2791;6344;9653;ATRASO_60;2023-01-06;1417.04
2792;6344;9653;ATRASO_90;2023-02-05;1062.78
2793;6344;9653;CALOTE;2023-03-07;708.52
2794;3830;9660;ATRASO_90;2022-09-01;4194.46
2795;3830;9660;CALOTE;2022-10-01;2796.31
2796;8533;9703;ATRASO_30;2024-02-15;3443.62
2797;8533;9703;ATRASO_60;2024-03-16;2754.9
2798;8533;9703;ATRASO_90;2024-04-15;2066.17
2799;6052;9708;CALOTE;2021-07-20;1134.46
2800;7215;9712;ATRASO_90;2024-06-10;1419.19
2801;7215;9712;CALOTE;2024-07-10;946.12
2802;4558;9737;ATRASO_30;2023-11-10;1666.2
2803;4558;9737;CALOTE;2024-02-08;666.48
2804;6121;9751;ATRASO_30;2022-03-06;4814.17
2805;6121;9751;ATRASO_60;2022-04-05;3851.34
2806;6121;9751;ATRASO_90;2022-05-05;2888.5
2807;6121;9751;CALOTE;2022-06-04;1925.67
2808;1338;9768;ATRASO_60;2023-04-03;1642.1
2809;1338;9768;ATRASO_90;2023-05-03;1231.57
2810;1338;9768;CALOTE;2023-06-02;821.05
2811;9757;9772;ATRASO_30;2023-06-07;1574.84
2812;9757;9772;ATRASO_60;2023-07-07;1259.87
2813;9757;9772;ATRASO_90;2023-08-06;944.9
2814;9757;9772;CALOTE;2023-09-05;629.94
2815;6158;9776;ATRASO_60;2025-01-17;2235.46
2816;6158;9776;ATRASO_90;2025-02-16;1676.59
2817;6158;9776;CALOTE;2025-03-18;1117.73
2818;7798;9778;ATRASO_30;2024-09-16;18213.33
2819;7798;9778;CALOTE;2024-12-15;7285.33
2820;5176;9779;ATRASO_30;2024-04-12;5415.87
2821;5176;9779;ATRASO_90;2024-06-11;3249.52
2822;5176;9779;CALOTE;2024-07-11;2166.35
2823;5032;9780;ATRASO_30;2022-01-29;19187.11
2824;5032;9780;ATRASO_60;2022-02-28;15349.69
2825;5032;9780;CALOTE;2022-04-29;7674.84
2826;1354;9799;ATRASO_90;2024-10-15;6191.57
2827;8733;9815;ATRASO_30;2024-03-14;5590.64
2828;8733;9815;ATRASO_60;2024-04-13;4472.51
2829;8733;9815;ATRASO_90;2024-05-13;3354.38
2830;385;9822;ATRASO_90;2023-06-22;2441.1
2831;1965;9831;ATRASO_30;2024-07-16;985.97
2832;1965;9831;ATRASO_60;2024-08-15;788.78
2833;1965;9831;ATRASO_90;2024-09-14;591.58
2834;1965;9831;CALOTE;2024-10-14;394.39
2835;8172;9841;ATRASO_30;2021-02-22;578.58
2836;8172;9841;ATRASO_60;2021-03-24;462.86
2837;8172;9841;CALOTE;2021-05-23;231.43
2838;2230;9845;ATRASO_30;2021-04-20;6922.89
2839;2230;9845;ATRASO_60;2021-05-20;5538.31
2840;2230;9845;ATRASO_90;2021-06-19;4153.73
2841;2230;9845;CALOTE;2021-07-19;2769.16
2842;3175;9852;CALOTE;2023-04-10;1243.94
2843;5893;9864;ATRASO_30;2022-04-03;988.74
2844;5893;9864;ATRASO_60;2022-05-03;790.99
2845;7102;9872;ATRASO_30;2021-11-03;7165.98
2846;7102;9872;ATRASO_90;2022-01-02;4299.59
2847;7102;9872;CALOTE;2022-02-01;2866.39
2848;7953;9874;ATRASO_60;2021-06-25;1522.56
2849;7953;9874;ATRASO_90;2021-07-25;1141.92
2850;7953;9874;CALOTE;2021-08-24;761.28
2851;9059;9881;ATRASO_30;2024-05-31;2538.66
2852;9059;9881;ATRASO_60;2024-06-30;2030.93
2853;9059;9881;ATRASO_90;2024-07-30;1523.2
2854;9059;9881;CALOTE;2024-08-29;1015.46
2855;9341;9882;ATRASO_30;2023-01-24;11328.65
2856;2536;9894;ATRASO_30;2023-12-14;3116.8
2857;2536;9894;ATRASO_90;2024-02-12;1870.08
2858;2934;9895;ATRASO_60;2023-09-25;4263.52
2859;8408;9923;ATRASO_30;2021-05-12;1299.01
2860;8408;9923;ATRASO_60;2021-06-11;1039.21
2861;8408;9923;CALOTE;2021-08-10;519.6
2862;1418;9927;ATRASO_90;2022-11-26;4093.12
2863;1418;9927;CALOTE;2022-12-26;2728.75
2864;823;9930;ATRASO_60;2023-03-16;5606.06
2865;823;9930;ATRASO_90;2023-04-15;4204.55
2866;823;9930;CALOTE;2023-05-15;2803.03
2867;5665;9949;ATRASO_60;2022-02-24;3073.69
2868;5665;9949;CALOTE;2022-04-25;1536.84
2869;4404;9959;ATRASO_30;2023-10-25;3649.03
2870;4404;9959;ATRASO_60;2023-11-24;2919.22
2871;4404;9959;ATRASO_90;2023-12-24;2189.42
2872;8850;9970;ATRASO_30;2022-10-16;5051.29
2873;8850;9970;ATRASO_60;2022-11-15;4041.03
2874;8850;9970;ATRASO_90;2022-12-15;3030.77
2875;8850;9970;CALOTE;2023-01-14;2020.52
2876;1812;9975;ATRASO_90;2023-03-20;1644.55
2877;1812;9975;CALOTE;2023-04-19;1096.37
2878;1930;10005;ATRASO_30;2022-04-04;893.16
2879;1930;10005;ATRASO_60;2022-05-04;714.53
2880;1930;10005;ATRASO_90;2022-06-03;535.9
2881;1930;10005;CALOTE;2022-07-03;357.26
2882;4849;10020;ATRASO_30;2024-07-01;7840.0
2883;4849;10020;CALOTE;2024-09-29;3136.0
2884;3477;10029;ATRASO_30;2023-01-11;4178.4
2885;3477;10029;ATRASO_60;2023-02-10;3342.72
2886;3477;10029;ATRASO_90;2023-03-12;2507.04
2887;3477;10029;CALOTE;2023-04-11;1671.36
2888;7213;10031;ATRASO_30;2022-06-17;1457.15
2889;7213;10031;ATRASO_90;2022-08-16;874.29
2890;7213;10031;CALOTE;2022-09-15;582.86
2891;608;10053;ATRASO_30;2022-07-16;1649.69
2892;608;10053;ATRASO_60;2022-08-15;1319.75
2893;608;10053;ATRASO_90;2022-09-14;989.81
2894;5572;10073;ATRASO_30;2024-05-09;664.26
2895;5572;10073;ATRASO_60;2024-06-08;531.41
2896;5572;10073;ATRASO_90;2024-07-08;398.56
2897;4620;10082;ATRASO_30;2021-07-20;1799.94
2898;4620;10082;ATRASO_60;2021-08-19;1439.95
2899;4620;10082;ATRASO_90;2021-09-18;1079.96
2900;4620;10082;CALOTE;2021-10-18;719.98
2901;4258;10090;ATRASO_30;2024-02-09;7514.14
2902;4258;10090;ATRASO_60;2024-03-10;6011.31
2903;4258;10090;ATRASO_90;2024-04-09;4508.48
2904;4258;10090;CALOTE;2024-05-09;3005.66
2905;5238;10103;ATRASO_60;2022-03-22;4688.93
2906;5238;10103;CALOTE;2022-05-21;2344.46
2907;1403;10119;ATRASO_30;2021-03-25;6495.49
2908;1403;10119;ATRASO_60;2021-04-24;5196.39
2909;1403;10119;CALOTE;2021-06-23;2598.2
2910;984;10136;ATRASO_30;2023-04-08;4054.68
2911;984;10136;ATRASO_60;2023-05-08;3243.74
2912;984;10136;ATRASO_90;2023-06-07;2432.81
2913;984;10136;CALOTE;2023-07-07;1621.87
2914;1546;10137;ATRASO_30;2023-09-15;7235.91
2915;1546;10137;CALOTE;2023-12-14;2894.36
2916;6022;10139;ATRASO_30;2021-07-26;7988.13
2917;6022;10139;ATRASO_60;2021-08-25;6390.5
2918;6022;10139;ATRASO_90;2021-09-24;4792.88
2919;7136;10154;ATRASO_30;2022-12-05;7302.13
2920;7136;10154;ATRASO_60;2023-01-04;5841.7
2921;7136;10154;ATRASO_90;2023-02-03;4381.28
2922;7136;10154;CALOTE;2023-03-05;2920.85
2923;7527;10156;ATRASO_30;2022-04-11;6161.5
2924;7527;10156;ATRASO_60;2022-05-11;4929.2
2925;7527;10156;ATRASO_90;2022-06-10;3696.9
2926;7527;10156;CALOTE;2022-07-10;2464.6
2927;248;10170;ATRASO_30;2024-04-14;13530.75
2928;248;10170;ATRASO_90;2024-06-13;8118.45
2929;86;10171;ATRASO_30;2024-11-14;1266.53
2930;86;10171;CALOTE;2025-02-12;506.61
2931;5778;10206;ATRASO_30;2022-03-26;3796.19
2932;5778;10206;ATRASO_60;2022-04-25;3036.95
2933;5778;10206;ATRASO_90;2022-05-25;2277.71
2934;5778;10206;CALOTE;2022-06-24;1518.48
2935;6621;10228;ATRASO_60;2021-03-04;526.86
2936;6621;10228;ATRASO_90;2021-04-03;395.15
2937;4687;10246;ATRASO_60;2023-06-22;3502.14
2938;4687;10246;ATRASO_90;2023-07-22;2626.6
2939;4687;10246;CALOTE;2023-08-21;1751.07
2940;6795;10259;ATRASO_30;2023-06-28;5699.37
2941;6795;10259;CALOTE;2023-09-26;2279.75
2942;2750;10287;ATRASO_30;2023-12-15;4424.46
2943;2750;10287;ATRASO_90;2024-02-13;2654.68
2944;2697;10291;ATRASO_30;2022-05-01;9762.93
2945;2697;10291;CALOTE;2022-07-30;3905.17
2946;4725;10295;ATRASO_30;2023-10-05;7410.62
2947;4725;10295;ATRASO_60;2023-11-04;5928.5
2948;4725;10295;ATRASO_90;2023-12-04;4446.37
2949;3329;10314;ATRASO_30;2023-08-31;3043.05
2950;3329;10314;ATRASO_90;2023-10-30;1825.83
2951;3329;10314;CALOTE;2023-11-29;1217.22
2952;6413;10331;ATRASO_60;2023-11-27;2511.67
2953;6413;10331;ATRASO_90;2023-12-27;1883.75
2954;8617;10335;ATRASO_30;2021-06-19;1946.78
2955;8617;10335;ATRASO_60;2021-07-19;1557.42
2956;8617;10335;ATRASO_90;2021-08-18;1168.07
2957;8617;10335;CALOTE;2021-09-17;778.71
2958;3895;10339;ATRASO_30;2021-07-12;18278.37
2959;3895;10339;ATRASO_60;2021-08-11;14622.7
2960;3895;10339;ATRASO_90;2021-09-10;10967.02
2961;3895;10339;CALOTE;2021-10-10;7311.35
2962;3805;10355;ATRASO_30;2024-04-26;7153.6
2963;3805;10355;ATRASO_60;2024-05-26;5722.88
2964;3805;10355;ATRASO_90;2024-06-25;4292.16
2965;3805;10355;CALOTE;2024-07-25;2861.44
2966;9334;10361;ATRASO_90;2021-05-05;638.23
2967;9334;10361;CALOTE;2021-06-04;425.48
2968;4262;10369;ATRASO_30;2024-05-31;7824.02
2969;4262;10369;ATRASO_60;2024-06-30;6259.22
2970;4262;10369;ATRASO_90;2024-07-30;4694.41
2971;4262;10369;CALOTE;2024-08-29;3129.61
2972;8563;10370;ATRASO_30;2024-03-27;7687.36
2973;8563;10370;ATRASO_60;2024-04-26;6149.89
2974;8563;10370;ATRASO_90;2024-05-26;4612.42
2975;8563;10370;CALOTE;2024-06-25;3074.94
2976;1397;10371;ATRASO_30;2024-10-24;4153.82
2977;3477;10378;ATRASO_30;2021-12-30;6799.71
2978;3477;10378;ATRASO_90;2022-02-28;4079.83
2979;872;10403;ATRASO_30;2024-11-16;7545.79
2980;872;10403;CALOTE;2025-02-14;3018.32
2981;5554;10404;ATRASO_30;2022-10-05;11433.75
2982;5554;10404;ATRASO_90;2022-12-04;6860.25
2983;5554;10404;CALOTE;2023-01-03;4573.5
2984;6985;10421;ATRASO_90;2023-11-20;436.85
2985;6985;10421;CALOTE;2023-12-20;291.23
2986;5591;10462;ATRASO_30;2023-05-11;6834.27
2987;5591;10462;ATRASO_60;2023-06-10;5467.42
2988;5591;10462;ATRASO_90;2023-07-10;4100.56
2989;5591;10462;CALOTE;2023-08-09;2733.71
2990;9242;10468;ATRASO_30;2021-05-01;5667.67
2991;9242;10468;ATRASO_60;2021-05-31;4534.14
2992;9242;10468;ATRASO_90;2021-06-30;3400.6
2993;5539;10477;ATRASO_60;2023-08-01;1350.54
2994;5539;10477;ATRASO_90;2023-08-31;1012.9
2995;5539;10477;CALOTE;2023-09-30;675.27
2996;1229;10482;ATRASO_90;2022-06-22;4751.47
2997;6173;10490;ATRASO_30;2023-02-18;1099.47
2998;6173;10490;ATRASO_60;2023-03-20;879.58
2999;6173;10490;ATRASO_90;2023-04-19;659.68
3000;6173;10490;CALOTE;2023-05-19;439.79
3001;8934;10494;ATRASO_30;2021-03-14;6262.7
3002;8934;10494;ATRASO_60;2021-04-13;5010.16
3003;8934;10494;ATRASO_90;2021-05-13;3757.62
3004;8934;10494;CALOTE;2021-06-12;2505.08
3005;255;10499;ATRASO_30;2021-06-22;12447.3
3006;255;10499;ATRASO_60;2021-07-22;9957.84
3007;255;10499;ATRASO_90;2021-08-21;7468.38
3008;255;10499;CALOTE;2021-09-20;4978.92
3009;7212;10506;ATRASO_30;2021-03-01;594.2
3010;7212;10506;ATRASO_60;2021-03-31;475.36
3011;5166;10509;ATRASO_30;2023-01-17;5712.91
3012;5166;10509;ATRASO_90;2023-03-18;3427.75
3013;5118;10516;ATRASO_30;2025-01-24;6682.46
3014;5118;10516;ATRASO_60;2025-02-23;5345.97
3015;5118;10516;ATRASO_90;2025-03-25;4009.48
3016;5118;10516;CALOTE;2025-04-24;2672.98
3017;6764;10529;ATRASO_30;2021-08-07;1374.02
3018;6764;10529;ATRASO_60;2021-09-06;1099.22
3019;2530;10584;ATRASO_60;2022-06-22;3594.42
3020;2530;10584;CALOTE;2022-08-21;1797.21
3021;7164;10591;ATRASO_60;2021-08-22;13930.64
3022;7164;10591;ATRASO_90;2021-09-21;10447.98
3023;7164;10591;CALOTE;2021-10-21;6965.32
3024;5261;10630;ATRASO_30;2021-11-28;3995.53
3025;5261;10630;ATRASO_60;2021-12-28;3196.42
3026;5261;10630;ATRASO_90;2022-01-27;2397.32
3027;5261;10630;CALOTE;2022-02-26;1598.21
3028;1078;10634;ATRASO_30;2024-12-10;7171.16
3029;1078;10634;ATRASO_60;2025-01-09;5736.93
3030;1078;10634;ATRASO_90;2025-02-08;4302.7
3031;7775;10653;ATRASO_60;2021-05-21;4159.95
3032;7775;10653;ATRASO_90;2021-06-20;3119.96
3033;7775;10653;CALOTE;2021-07-20;2079.98
3034;14;10655;ATRASO_30;2022-06-23;1941.06
3035;14;10655;ATRASO_90;2022-08-22;1164.64
3036;14;10655;CALOTE;2022-09-21;776.42
3037;3048;10660;ATRASO_90;2023-04-24;3403.08
3038;3048;10660;CALOTE;2023-05-24;2268.72
3039;7060;10669;ATRASO_60;2021-05-06;1691.73
3040;7060;10669;ATRASO_90;2021-06-05;1268.8
3041;6174;10675;ATRASO_60;2024-03-24;7702.77
3042;6174;10675;CALOTE;2024-05-23;3851.38
3043;895;10690;ATRASO_30;2021-07-10;17918.3
3044;895;10690;CALOTE;2021-10-08;7167.32
3045;2267;10700;ATRASO_60;2024-08-22;7108.46
3046;2267;10700;CALOTE;2024-10-21;3554.23
3047;3050;10707;ATRASO_30;2021-03-12;8554.75
3048;3050;10707;ATRASO_60;2021-04-11;6843.8
3049;3050;10707;ATRASO_90;2021-05-11;5132.85
3050;3050;10707;CALOTE;2021-06-10;3421.9
3051;8113;10712;ATRASO_30;2022-08-16;6233.81
3052;8113;10712;ATRASO_60;2022-09-15;4987.05
3053;8113;10712;ATRASO_90;2022-10-15;3740.29
3054;8113;10712;CALOTE;2022-11-14;2493.52
3055;1045;10736;ATRASO_30;2021-10-08;4201.69
3056;1045;10736;ATRASO_90;2021-12-07;2521.01
3057;1331;10750;ATRASO_30;2023-04-30;1707.86
3058;1331;10750;ATRASO_60;2023-05-30;1366.29
3059;1331;10750;ATRASO_90;2023-06-29;1024.72
3060;1331;10750;CALOTE;2023-07-29;683.14
3061;8330;10753;ATRASO_30;2024-08-31;5723.14
3062;8330;10753;ATRASO_60;2024-09-30;4578.51
3063;8330;10753;ATRASO_90;2024-10-30;3433.88
3064;8330;10753;CALOTE;2024-11-29;2289.26
3065;374;10758;ATRASO_30;2023-01-02;5776.1
3066;374;10758;ATRASO_60;2023-02-01;4620.88
3067;374;10758;ATRASO_90;2023-03-03;3465.66
3068;374;10758;CALOTE;2023-04-02;2310.44
3069;502;10760;ATRASO_30;2022-08-22;7596.25
3070;502;10760;ATRASO_90;2022-10-21;4557.75
3071;37;10773;ATRASO_60;2021-09-30;12833.9
3072;37;10773;ATRASO_90;2021-10-30;9625.42
3073;936;10778;ATRASO_60;2023-02-13;1175.9
3074;936;10778;ATRASO_90;2023-03-15;881.92
3075;5325;10786;ATRASO_60;2022-09-13;4620.41
3076;5325;10786;CALOTE;2022-11-12;2310.2
3077;2386;10794;ATRASO_30;2024-12-16;5705.04
3078;2386;10794;ATRASO_60;2025-01-15;4564.03
3079;2386;10794;CALOTE;2025-03-16;2282.02
3080;4708;10799;ATRASO_30;2023-01-11;1280.86
3081;4708;10799;ATRASO_60;2023-02-10;1024.69
3082;4708;10799;ATRASO_90;2023-03-12;768.52
3083;4708;10799;CALOTE;2023-04-11;512.34
3084;318;10812;ATRASO_30;2024-04-24;1594.93
3085;318;10812;ATRASO_90;2024-06-23;956.96
3086;318;10812;CALOTE;2024-07-23;637.97
3087;324;10821;ATRASO_90;2023-11-14;2535.07
3088;324;10821;CALOTE;2023-12-14;1690.05
3089;4748;10824;ATRASO_60;2023-02-15;2809.68
3090;216;10848;ATRASO_60;2021-05-24;2804.23
3091;216;10848;ATRASO_90;2021-06-23;2103.17
3092;216;10848;CALOTE;2021-07-23;1402.12
3093;7327;10858;ATRASO_30;2022-12-21;3852.17
3094;7327;10858;ATRASO_60;2023-01-20;3081.74
3095;7327;10858;ATRASO_90;2023-02-19;2311.3
3096;7327;10858;CALOTE;2023-03-21;1540.87
3097;8978;10862;ATRASO_30;2021-08-19;5178.85
3098;8978;10862;ATRASO_60;2021-09-18;4143.08
3099;8978;10862;ATRASO_90;2021-10-18;3107.31
3100;3264;10866;ATRASO_30;2024-01-27;5679.34
3101;3264;10866;ATRASO_60;2024-02-26;4543.47
3102;3264;10866;CALOTE;2024-04-26;2271.74
3103;7675;10869;ATRASO_60;2022-08-07;3788.2
3104;7675;10869;ATRASO_90;2022-09-06;2841.15
3105;7675;10869;CALOTE;2022-10-06;1894.1
3106;7860;10882;ATRASO_30;2022-10-30;7981.15
3107;7860;10882;ATRASO_60;2022-11-29;6384.92
3108;7860;10882;ATRASO_90;2022-12-29;4788.69
3109;7860;10882;CALOTE;2023-01-28;3192.46
3110;3178;10904;ATRASO_30;2024-03-03;6467.77
3111;3178;10904;ATRASO_60;2024-04-02;5174.22
3112;3178;10904;ATRASO_90;2024-05-02;3880.66
3113;3178;10904;CALOTE;2024-06-01;2587.11
3114;3227;10922;ATRASO_60;2023-04-03;5026.17
3115;3227;10922;ATRASO_90;2023-05-03;3769.63
3116;3227;10922;CALOTE;2023-06-02;2513.08
3117;2910;10955;ATRASO_30;2021-06-14;5201.61
3118;2910;10955;ATRASO_60;2021-07-14;4161.29
3119;2910;10955;CALOTE;2021-09-12;2080.64
3120;6992;10966;ATRASO_30;2025-01-24;11162.02
3121;6992;10966;ATRASO_60;2025-02-23;8929.62
3122;6992;10966;ATRASO_90;2025-03-25;6697.21
3123;6992;10966;CALOTE;2025-04-24;4464.81
3124;4276;10970;ATRASO_30;2024-06-13;7293.8
3125;4276;10970;ATRASO_90;2024-08-12;4376.28
3126;4276;10970;CALOTE;2024-09-11;2917.52
3127;5523;10985;ATRASO_30;2023-04-20;7746.95
3128;5523;10985;ATRASO_60;2023-05-20;6197.56
3129;5523;10985;ATRASO_90;2023-06-19;4648.17
3130;8956;10989;ATRASO_30;2021-10-29;4898.19
3131;8956;10989;ATRASO_60;2021-11-28;3918.55
3132;8956;10989;ATRASO_90;2021-12-28;2938.91
3133;8956;10989;CALOTE;2022-01-27;1959.28
3134;3494;10992;ATRASO_30;2022-08-30;1472.36
3135;3494;10992;CALOTE;2022-11-28;588.94
3136;9969;10997;ATRASO_30;2023-09-17;7728.78
3137;9969;10997;ATRASO_60;2023-10-17;6183.02
3138;9969;10997;ATRASO_90;2023-11-16;4637.27
3139;9969;10997;CALOTE;2023-12-16;3091.51
3140;2383;11006;ATRASO_30;2022-11-18;2080.75
3141;2383;11006;ATRASO_90;2023-01-17;1248.45
3142;5721;11007;ATRASO_30;2022-10-14;5488.37
3143;5721;11007;CALOTE;2023-01-12;2195.35
3144;9139;11011;ATRASO_60;2024-09-21;3413.36
3145;9139;11011;ATRASO_90;2024-10-21;2560.02
3146;9139;11011;CALOTE;2024-11-20;1706.68
3147;6790;11031;ATRASO_30;2023-08-07;3336.12
3148;6790;11031;ATRASO_60;2023-09-06;2668.9
3149;6790;11031;ATRASO_90;2023-10-06;2001.67
3150;6790;11031;CALOTE;2023-11-05;1334.45
3151;5804;11038;ATRASO_30;2024-12-03;3035.75
3152;5804;11038;ATRASO_60;2025-01-02;2428.6
3153;5804;11038;ATRASO_90;2025-02-01;1821.45
3154;5372;11049;ATRASO_90;2022-02-10;1883.06
3155;5372;11049;CALOTE;2022-03-12;1255.38
3156;9961;11052;ATRASO_30;2023-11-26;1692.34
3157;9961;11052;ATRASO_60;2023-12-26;1353.87
3158;4818;11063;ATRASO_60;2023-12-14;7799.65
3159;4818;11063;ATRASO_90;2024-01-13;5849.74
3160;4818;11063;CALOTE;2024-02-12;3899.82
3161;7742;11078;ATRASO_90;2024-11-13;902.11
3162;6448;11091;ATRASO_30;2021-06-19;2724.08
3163;6448;11091;ATRASO_60;2021-07-19;2179.26
3164;6448;11091;ATRASO_90;2021-08-18;1634.45
3165;6448;11091;CALOTE;2021-09-17;1089.63
3166;6792;11101;ATRASO_60;2021-08-16;4849.17
3167;6792;11101;CALOTE;2021-10-15;2424.58
3168;2163;11107;ATRASO_30;2023-10-06;4542.68
3169;2163;11107;ATRASO_60;2023-11-05;3634.14
3170;2163;11107;ATRASO_90;2023-12-05;2725.61
3171;2163;11107;CALOTE;2024-01-04;1817.07
3172;1956;11113;ATRASO_30;2024-08-11;3396.28
3173;1956;11113;ATRASO_60;2024-09-10;2717.02
3174;1956;11113;CALOTE;2024-11-09;1358.51
3175;4503;11118;ATRASO_60;2023-08-15;14967.02
3176;4503;11118;ATRASO_90;2023-09-14;11225.27
3177;4503;11118;CALOTE;2023-10-14;7483.51
3178;8681;11123;ATRASO_30;2022-11-21;7658.07
3179;8681;11123;ATRASO_60;2022-12-21;6126.46
3180;8681;11123;ATRASO_90;2023-01-20;4594.84
3181;8681;11123;CALOTE;2023-02-19;3063.23
3182;3180;11148;ATRASO_30;2022-01-07;4564.58
3183;3180;11148;ATRASO_60;2022-02-06;3651.66
3184;3180;11148;ATRASO_90;2022-03-08;2738.75
3185;6107;11149;ATRASO_60;2022-03-29;1384.49
3186;7563;11159;ATRASO_30;2024-07-04;17592.55
3187;7563;11159;ATRASO_60;2024-08-03;14074.04
3188;7563;11159;ATRASO_90;2024-09-02;10555.53
3189;7563;11159;CALOTE;2024-10-02;7037.02
3190;3092;11175;ATRASO_30;2021-05-25;2682.66
3191;3092;11175;ATRASO_60;2021-06-24;2146.13
3192;3092;11175;ATRASO_90;2021-07-24;1609.6
3193;3092;11175;CALOTE;2021-08-23;1073.06
3194;6986;11181;ATRASO_60;2023-02-23;3846.58
3195;6986;11181;ATRASO_90;2023-03-25;2884.93
3196;6986;11181;CALOTE;2023-04-24;1923.29
3197;1918;11183;ATRASO_30;2022-06-17;1368.81
3198;1918;11183;ATRASO_60;2022-07-17;1095.05
3199;1918;11183;ATRASO_90;2022-08-16;821.29
3200;1918;11183;CALOTE;2022-09-15;547.52
3201;4263;11192;ATRASO_30;2023-12-30;4161.51
3202;4263;11192;ATRASO_60;2024-01-29;3329.21
3203;4263;11192;CALOTE;2024-03-29;1664.6
3204;492;11193;ATRASO_30;2021-05-18;6039.12
3205;492;11193;ATRASO_60;2021-06-17;4831.3
3206;492;11193;ATRASO_90;2021-07-17;3623.47
3207;492;11193;CALOTE;2021-08-16;2415.65
3208;4853;11195;ATRASO_60;2021-03-05;4130.49
3209;4853;11195;CALOTE;2021-05-04;2065.24
3210;5237;11198;ATRASO_30;2021-03-09;5801.43
3211;5237;11198;ATRASO_60;2021-04-08;4641.14
3212;5237;11198;ATRASO_90;2021-05-08;3480.86
3213;5075;11204;ATRASO_30;2024-03-04;716.29
3214;5075;11204;ATRASO_90;2024-05-03;429.77
3215;8362;11214;ATRASO_30;2021-04-23;4713.46
3216;8362;11214;ATRASO_90;2021-06-22;2828.08
3217;8362;11214;CALOTE;2021-07-22;1885.38
3218;4866;11218;ATRASO_30;2023-05-14;7617.33
3219;4866;11218;ATRASO_60;2023-06-13;6093.86
3220;4866;11218;ATRASO_90;2023-07-13;4570.4
3221;4866;11218;CALOTE;2023-08-12;3046.93
3222;3677;11222;ATRASO_30;2022-12-16;7789.09
3223;3677;11222;ATRASO_60;2023-01-15;6231.27
3224;3677;11222;ATRASO_90;2023-02-14;4673.45
3225;8360;11225;ATRASO_30;2022-05-05;4273.71
3226;8360;11225;ATRASO_60;2022-06-04;3418.97
3227;8360;11225;CALOTE;2022-08-03;1709.48
3228;9188;11235;ATRASO_30;2024-09-30;9374.25
3229;9188;11235;CALOTE;2024-12-29;3749.7
3230;1669;11237;ATRASO_30;2023-04-18;5768.42
3231;1669;11237;ATRASO_90;2023-06-17;3461.05
3232;1669;11237;CALOTE;2023-07-17;2307.37
3233;8375;11247;ATRASO_30;2021-03-19;2622.43
3234;8375;11247;ATRASO_60;2021-04-18;2097.94
3235;8375;11247;ATRASO_90;2021-05-18;1573.46
3236;8375;11247;CALOTE;2021-06-17;1048.97
3237;3916;11260;ATRASO_30;2022-10-31;6617.06
3238;3916;11260;ATRASO_60;2022-11-30;5293.65
3239;3916;11260;CALOTE;2023-01-29;2646.82
3240;645;11269;ATRASO_30;2023-05-12;1118.44
3241;645;11269;ATRASO_60;2023-06-11;894.75
3242;645;11269;CALOTE;2023-08-10;447.38
3243;3537;11273;ATRASO_30;2021-08-28;6169.57
3244;3537;11273;ATRASO_60;2021-09-27;4935.66
3245;338;11275;ATRASO_60;2022-10-18;5036.6
3246;338;11275;ATRASO_90;2022-11-17;3777.45
3247;338;11275;CALOTE;2022-12-17;2518.3
3248;1449;11295;ATRASO_30;2023-01-11;4546.76
3249;1449;11295;ATRASO_90;2023-03-12;2728.06
3250;5704;11301;ATRASO_30;2021-05-07;5438.82
3251;5704;11301;ATRASO_90;2021-07-06;3263.29
3252;5704;11301;CALOTE;2021-08-05;2175.53
3253;2484;11302;ATRASO_30;2022-06-23;1810.26
3254;2484;11302;ATRASO_60;2022-07-23;1448.21
3255;2484;11302;ATRASO_90;2022-08-22;1086.16
3256;2484;11302;CALOTE;2022-09-21;724.1
3257;490;11311;ATRASO_30;2023-05-14;3828.55
3258;490;11311;ATRASO_90;2023-07-13;2297.13
3259;7358;11314;ATRASO_30;2023-08-29;4837.61
3260;7358;11314;ATRASO_60;2023-09-28;3870.09
3261;7358;11314;ATRASO_90;2023-10-28;2902.57
3262;7358;11314;CALOTE;2023-11-27;1935.04
3263;8787;11345;ATRASO_30;2024-09-03;1855.18
3264;8787;11345;ATRASO_90;2024-11-02;1113.11
3265;7189;11350;ATRASO_30;2023-05-29;2840.47
3266;4715;11351;ATRASO_60;2022-02-06;6064.58
3267;4715;11351;ATRASO_90;2022-03-08;4548.43
3268;9481;11356;ATRASO_30;2024-04-01;7158.1
3269;9481;11356;ATRASO_60;2024-05-01;5726.48
3270;9481;11356;ATRASO_90;2024-05-31;4294.86
3271;9481;11356;CALOTE;2024-06-30;2863.24
3272;2057;11368;ATRASO_30;2021-02-16;48267.93
3273;2057;11368;ATRASO_90;2021-04-17;28960.76
3274;2845;11384;ATRASO_30;2023-03-11;6089.83
3275;2845;11384;ATRASO_60;2023-04-10;4871.86
3276;2845;11384;ATRASO_90;2023-05-10;3653.9
3277;2664;11408;ATRASO_30;2024-04-17;7578.2
3278;2664;11408;ATRASO_60;2024-05-17;6062.56
3279;5198;11409;ATRASO_30;2023-10-27;6159.96
3280;5198;11409;ATRASO_90;2023-12-26;3695.98
3281;5198;11409;CALOTE;2024-01-25;2463.98
3282;9153;11416;ATRASO_30;2021-06-16;2660.25
3283;9153;11416;ATRASO_60;2021-07-16;2128.2
3284;9153;11416;ATRASO_90;2021-08-15;1596.15
3285;9153;11416;CALOTE;2021-09-14;1064.1
3286;4369;11436;ATRASO_30;2023-02-11;17630.61
3287;4369;11436;ATRASO_90;2023-04-12;10578.37
3288;4369;11436;CALOTE;2023-05-12;7052.24
3289;338;11446;ATRASO_30;2024-12-24;1138.18
3290;338;11446;ATRASO_90;2025-02-22;682.91
3291;3580;11456;ATRASO_30;2023-09-09;1720.69
3292;3580;11456;ATRASO_60;2023-10-09;1376.55
3293;9979;11457;ATRASO_30;2022-12-19;4419.28
3294;9979;11457;ATRASO_90;2023-02-17;2651.57
3295;9979;11457;CALOTE;2023-03-19;1767.71
3296;664;11463;ATRASO_30;2023-01-28;3390.34
3297;664;11463;ATRASO_60;2023-02-27;2712.27
3298;664;11463;CALOTE;2023-04-28;1356.14
3299;7972;11469;ATRASO_30;2025-01-26;2340.38
3300;7972;11469;ATRASO_60;2025-02-25;1872.3
3301;7972;11469;ATRASO_90;2025-03-27;1404.23
3302;7972;11469;CALOTE;2025-04-26;936.15
3303;58;11471;ATRASO_90;2022-05-23;1820.71
3304;58;11471;CALOTE;2022-06-22;1213.81
3305;8497;11474;ATRASO_30;2023-07-09;7049.59
3306;8497;11474;ATRASO_60;2023-08-08;5639.67
3307;8497;11474;CALOTE;2023-10-07;2819.84
3308;4068;11483;ATRASO_30;2024-01-09;1451.63
3309;4068;11483;ATRASO_60;2024-02-08;1161.3
3310;4068;11483;ATRASO_90;2024-03-09;870.98
3311;4068;11483;CALOTE;2024-04-08;580.65
3312;9886;11489;ATRASO_30;2024-06-24;4718.02
3313;9886;11489;CALOTE;2024-09-22;1887.21
3314;9348;11490;ATRASO_30;2023-03-04;7141.77
3315;9348;11490;ATRASO_60;2023-04-03;5713.42
3316;9348;11490;ATRASO_90;2023-05-03;4285.06
3317;5718;11514;ATRASO_60;2024-03-06;4311.7
3318;5718;11514;ATRASO_90;2024-04-05;3233.77
3319;5718;11514;CALOTE;2024-05-05;2155.85
3320;2686;11533;ATRASO_30;2023-06-17;4655.05
3321;2686;11533;ATRASO_90;2023-08-16;2793.03
3322;2686;11533;CALOTE;2023-09-15;1862.02
3323;1874;11538;ATRASO_60;2021-03-17;1262.44
3324;1874;11538;CALOTE;2021-05-16;631.22
3325;335;11544;ATRASO_60;2023-01-22;3161.18
3326;335;11544;ATRASO_90;2023-02-21;2370.89
3327;335;11544;CALOTE;2023-03-23;1580.59
3328;4101;11549;ATRASO_30;2022-12-21;6865.29
3329;4101;11549;ATRASO_60;2023-01-20;5492.23
3330;5549;11559;ATRASO_30;2022-02-19;2609.22
3331;5549;11559;ATRASO_90;2022-04-20;1565.53
3332;5549;11559;CALOTE;2022-05-20;1043.69
3333;876;11596;ATRASO_90;2022-12-31;1643.39
3334;876;11596;CALOTE;2023-01-30;1095.6
3335;4258;11602;ATRASO_30;2022-05-06;5098.43
3336;4258;11602;ATRASO_60;2022-06-05;4078.74
3337;4258;11602;ATRASO_90;2022-07-05;3059.06
3338;4258;11602;CALOTE;2022-08-04;2039.37
3339;1533;11605;ATRASO_30;2024-01-09;6694.93
3340;1533;11605;ATRASO_60;2024-02-08;5355.94
3341;1533;11605;ATRASO_90;2024-03-09;4016.96
3342;1533;11605;CALOTE;2024-04-08;2677.97
3343;6891;11621;ATRASO_60;2024-05-03;34678.53
3344;6891;11621;ATRASO_90;2024-06-02;26008.9
3345;9733;11634;ATRASO_60;2021-04-08;4523.04
3346;8284;11640;ATRASO_60;2022-10-01;4708.37
3347;8284;11640;ATRASO_90;2022-10-31;3531.28
3348;3128;11657;ATRASO_30;2021-11-07;2997.04
3349;3128;11657;ATRASO_60;2021-12-07;2397.63
3350;3128;11657;ATRASO_90;2022-01-06;1798.22
3351;4357;11661;ATRASO_30;2022-06-22;3335.54
3352;4357;11661;ATRASO_60;2022-07-22;2668.43
3353;4357;11661;ATRASO_90;2022-08-21;2001.32
3354;4038;11683;ATRASO_30;2024-06-06;5812.4
3355;4038;11683;ATRASO_90;2024-08-05;3487.44
3356;4038;11683;CALOTE;2024-09-04;2324.96
3357;2295;11684;ATRASO_30;2024-05-22;1840.46
3358;2295;11684;ATRASO_90;2024-07-21;1104.28
3359;2295;11684;CALOTE;2024-08-20;736.18
3360;7215;11695;ATRASO_30;2024-03-27;5638.92
3361;7215;11695;ATRASO_60;2024-04-26;4511.14
3362;7215;11695;ATRASO_90;2024-05-26;3383.35
3363;7215;11695;CALOTE;2024-06-25;2255.57
3364;8862;11705;ATRASO_30;2024-07-24;2269.66
3365;8862;11705;ATRASO_60;2024-08-23;1815.73
3366;8862;11705;ATRASO_90;2024-09-22;1361.8
3367;8862;11705;CALOTE;2024-10-22;907.86
3368;2413;11721;ATRASO_30;2023-07-19;12456.84
3369;2413;11721;ATRASO_90;2023-09-17;7474.1
3370;2413;11721;CALOTE;2023-10-17;4982.74
3371;3669;11737;ATRASO_60;2021-04-30;5490.66
3372;3669;11737;ATRASO_90;2021-05-30;4118.0
3373;3669;11737;CALOTE;2021-06-29;2745.33
3374;9961;11740;ATRASO_30;2021-12-26;4090.63
3375;9961;11740;ATRASO_60;2022-01-25;3272.5
3376;9961;11740;ATRASO_90;2022-02-24;2454.38
3377;7035;11743;ATRASO_30;2023-06-03;815.42
3378;7035;11743;ATRASO_60;2023-07-03;652.34
3379;7035;11743;ATRASO_90;2023-08-02;489.25
3380;7035;11743;CALOTE;2023-09-01;326.17
3381;8485;11747;ATRASO_30;2021-03-01;1153.39
3382;8485;11747;ATRASO_60;2021-03-31;922.71
3383;8485;11747;ATRASO_90;2021-04-30;692.03
3384;5836;11775;ATRASO_30;2022-06-02;3824.19
3385;5836;11775;ATRASO_60;2022-07-02;3059.35
3386;5836;11775;ATRASO_90;2022-08-01;2294.51
3387;3962;11781;ATRASO_60;2024-12-14;3375.6
3388;3962;11781;ATRASO_90;2025-01-13;2531.7
3389;3962;11781;CALOTE;2025-02-12;1687.8
3390;7097;11787;ATRASO_30;2024-05-22;804.73
3391;7097;11787;ATRASO_60;2024-06-21;643.78
3392;7097;11787;CALOTE;2024-08-20;321.89
3393;8157;11793;ATRASO_30;2022-03-22;5946.75
3394;8157;11793;ATRASO_90;2022-05-21;3568.05
3395;3786;11794;ATRASO_30;2024-09-24;3260.61
3396;3786;11794;ATRASO_60;2024-10-24;2608.49
3397;3786;11794;ATRASO_90;2024-11-23;1956.37
3398;3786;11794;CALOTE;2024-12-23;1304.24
3399;7091;11795;CALOTE;2023-02-16;6858.38
3400;6583;11799;ATRASO_30;2024-11-04;672.68
3401;6583;11799;ATRASO_60;2024-12-04;538.14
3402;6583;11799;ATRASO_90;2025-01-03;403.61
3403;1999;11802;ATRASO_60;2021-06-02;2461.94
3404;1999;11802;ATRASO_90;2021-07-02;1846.46
3405;9185;11814;ATRASO_30;2022-03-14;6795.23
3406;9185;11814;ATRASO_60;2022-04-13;5436.18
3407;9185;11814;ATRASO_90;2022-05-13;4077.14
3408;9185;11814;CALOTE;2022-06-12;2718.09
3409;4735;11817;ATRASO_60;2022-03-23;5141.7
3410;4735;11817;ATRASO_90;2022-04-22;3856.28
3411;4735;11817;CALOTE;2022-05-22;2570.85
3412;7013;11822;ATRASO_30;2021-09-16;5547.73
3413;7013;11822;ATRASO_90;2021-11-15;3328.64
3414;8027;11831;ATRASO_30;2023-10-08;7484.51
3415;8027;11831;ATRASO_60;2023-11-07;5987.61
3416;8225;11837;ATRASO_30;2023-10-20;16033.75
3417;8225;11837;ATRASO_60;2023-11-19;12827.0
3418;8225;11837;CALOTE;2024-01-18;6413.5
3419;2073;11838;ATRASO_30;2023-01-03;3356.33
3420;2073;11838;ATRASO_90;2023-03-04;2013.8
3421;2073;11838;CALOTE;2023-04-03;1342.53
3422;4961;11841;ATRASO_30;2022-03-15;894.3
3423;4961;11841;CALOTE;2022-06-13;357.72
3424;7101;11853;ATRASO_30;2023-11-15;2444.07
3425;7101;11853;ATRASO_60;2023-12-15;1955.26
3426;7101;11853;ATRASO_90;2024-01-14;1466.44
3427;7101;11853;CALOTE;2024-02-13;977.63
3428;3547;11854;ATRASO_30;2021-06-15;4506.11
3429;3547;11854;ATRASO_60;2021-07-15;3604.89
3430;3547;11854;ATRASO_90;2021-08-14;2703.67
3431;3547;11854;CALOTE;2021-09-13;1802.44
3432;5054;11857;ATRASO_60;2023-02-19;2243.02
3433;5054;11857;ATRASO_90;2023-03-21;1682.26
3434;5054;11857;CALOTE;2023-04-20;1121.51
3435;1013;11863;ATRASO_30;2021-05-26;5481.15
3436;1013;11863;ATRASO_60;2021-06-25;4384.92
3437;1013;11863;ATRASO_90;2021-07-25;3288.69
3438;7023;11865;ATRASO_60;2024-08-20;10859.18
3439;7023;11865;ATRASO_90;2024-09-19;8144.38
3440;7023;11865;CALOTE;2024-10-19;5429.59
3441;2445;11877;ATRASO_30;2022-07-11;11078.49
3442;2445;11877;ATRASO_60;2022-08-10;8862.79
3443;2445;11877;CALOTE;2022-10-09;4431.4
3444;9232;11884;ATRASO_30;2024-05-27;7337.18
3445;9232;11884;ATRASO_60;2024-06-26;5869.74
3446;9232;11884;CALOTE;2024-08-25;2934.87
3447;641;11896;ATRASO_30;2025-01-07;16047.98
3448;641;11896;ATRASO_90;2025-03-08;9628.79
3449;641;11896;CALOTE;2025-04-07;6419.19
3450;2476;11899;ATRASO_30;2022-08-27;15003.77
3451;2476;11899;ATRASO_60;2022-09-26;12003.02
3452;2476;11899;ATRASO_90;2022-10-26;9002.26
3453;2476;11899;CALOTE;2022-11-25;6001.51
3454;5454;11904;ATRASO_30;2022-04-28;875.03
3455;5454;11904;ATRASO_60;2022-05-28;700.02
3456;5454;11904;ATRASO_90;2022-06-27;525.02
3457;8075;11914;ATRASO_30;2024-08-28;859.02
3458;8075;11914;ATRASO_90;2024-10-27;515.41
3459;4721;11915;ATRASO_30;2023-05-24;2091.5
3460;4721;11915;ATRASO_60;2023-06-23;1673.2
3461;4721;11915;CALOTE;2023-08-22;836.6
3462;4885;11918;ATRASO_90;2022-03-02;8189.86
3463;4885;11918;CALOTE;2022-04-01;5459.9
3464;5242;11923;ATRASO_30;2024-09-17;7113.74
3465;5242;11923;CALOTE;2024-12-16;2845.5
3466;1240;11941;ATRASO_60;2023-10-26;2879.39
3467;1240;11941;ATRASO_90;2023-11-25;2159.54
3468;1240;11941;CALOTE;2023-12-25;1439.7
3469;2726;11942;ATRASO_30;2023-04-26;3195.53
3470;2726;11942;ATRASO_60;2023-05-26;2556.42
3471;2726;11942;ATRASO_90;2023-06-25;1917.32
3472;8367;11944;ATRASO_30;2022-04-23;6607.68
3473;8367;11944;ATRASO_60;2022-05-23;5286.14
3474;8367;11944;ATRASO_90;2022-06-22;3964.61
3475;8367;11944;CALOTE;2022-07-22;2643.07
3476;7004;11958;ATRASO_30;2025-01-06;16977.79
3477;7004;11958;ATRASO_60;2025-02-05;13582.23
3478;7004;11958;ATRASO_90;2025-03-07;10186.67
3479;8595;11959;ATRASO_30;2022-05-21;4554.68
3480;8595;11959;ATRASO_60;2022-06-20;3643.74
3481;8595;11959;ATRASO_90;2022-07-20;2732.81
3482;1706;11971;ATRASO_30;2024-04-10;1294.33
3483;1706;11971;ATRASO_60;2024-05-10;1035.46
3484;1706;11971;CALOTE;2024-07-09;517.73
3485;9729;12003;ATRASO_30;2022-07-25;1423.77
3486;9729;12003;ATRASO_90;2022-09-23;854.26
3487;9729;12003;CALOTE;2022-10-23;569.51
3488;2717;12008;ATRASO_60;2022-06-14;8762.96
3489;2717;12008;ATRASO_90;2022-07-14;6572.22
3490;2717;12008;CALOTE;2022-08-13;4381.48
3491;1038;12013;ATRASO_30;2021-06-23;3000.28
3492;1038;12013;ATRASO_60;2021-07-23;2400.22
3493;1038;12013;ATRASO_90;2021-08-22;1800.17
3494;1038;12013;CALOTE;2021-09-21;1200.11
3495;4525;12014;ATRASO_30;2022-01-29;1924.13
3496;4525;12014;ATRASO_60;2022-02-28;1539.3
3497;4525;12014;CALOTE;2022-04-29;769.65
3498;2475;12015;ATRASO_30;2024-05-05;1622.27
3499;2475;12015;ATRASO_60;2024-06-04;1297.82
3500;2475;12015;ATRASO_90;2024-07-04;973.36
3501;2475;12015;CALOTE;2024-08-03;648.91
3502;4961;12024;ATRASO_30;2021-08-29;5824.25
3503;4961;12024;ATRASO_60;2021-09-28;4659.4
3504;4961;12024;CALOTE;2021-11-27;2329.7
3505;2279;12025;ATRASO_60;2024-04-04;5400.06
3506;2279;12025;CALOTE;2024-06-03;2700.03
3507;6296;12060;ATRASO_30;2024-04-14;3411.24
3508;6296;12060;ATRASO_60;2024-05-14;2728.99
3509;6296;12060;ATRASO_90;2024-06-13;2046.74
3510;6296;12060;CALOTE;2024-07-13;1364.5
3511;3795;12062;ATRASO_30;2024-01-14;3522.26
3512;3795;12062;ATRASO_60;2024-02-13;2817.81
3513;1467;12065;ATRASO_30;2021-12-30;2972.89
3514;1467;12065;ATRASO_60;2022-01-29;2378.31
3515;1467;12065;CALOTE;2022-03-30;1189.16
3516;5905;12070;ATRASO_30;2024-08-17;14227.07
3517;5905;12070;ATRASO_60;2024-09-16;11381.66
3518;5905;12070;ATRASO_90;2024-10-16;8536.24
3519;5905;12070;CALOTE;2024-11-15;5690.83
3520;3867;12118;ATRASO_30;2021-03-27;2392.19
3521;3867;12118;ATRASO_60;2021-04-26;1913.75
3522;3867;12118;CALOTE;2021-06-25;956.88
3523;7688;12120;ATRASO_30;2021-07-20;4428.82
3524;7688;12120;ATRASO_90;2021-09-18;2657.29
3525;3670;12123;ATRASO_30;2021-12-16;13829.01
3526;3670;12123;ATRASO_60;2022-01-15;11063.21
3527;3670;12123;ATRASO_90;2022-02-14;8297.41
3528;3670;12123;CALOTE;2022-03-16;5531.6
3529;5698;12130;ATRASO_30;2021-03-26;3529.1
3530;5698;12130;ATRASO_60;2021-04-25;2823.28
3531;5698;12130;ATRASO_90;2021-05-25;2117.46
3532;5698;12130;CALOTE;2021-06-24;1411.64
3533;735;12140;ATRASO_30;2024-09-03;4541.08
3534;735;12140;ATRASO_90;2024-11-02;2724.65
3535;735;12140;CALOTE;2024-12-02;1816.43
3536;3452;12147;ATRASO_60;2023-02-10;2651.02
3537;3452;12147;ATRASO_90;2023-03-12;1988.27
3538;3452;12147;CALOTE;2023-04-11;1325.51
3539;7950;12152;ATRASO_60;2023-05-03;2055.42
3540;7950;12152;ATRASO_90;2023-06-02;1541.56
3541;7950;12152;CALOTE;2023-07-02;1027.71
3542;4664;12171;ATRASO_30;2023-04-28;7614.5
3543;4664;12171;ATRASO_60;2023-05-28;6091.6
3544;4664;12171;ATRASO_90;2023-06-27;4568.7
3545;4664;12171;CALOTE;2023-07-27;3045.8
3546;1973;12175;ATRASO_30;2024-01-14;4279.26
3547;1973;12175;ATRASO_60;2024-02-13;3423.41
3548;1973;12175;ATRASO_90;2024-03-14;2567.56
3549;1973;12175;CALOTE;2024-04-13;1711.7
3550;5521;12177;ATRASO_30;2021-09-07;920.61
3551;5521;12177;ATRASO_60;2021-10-07;736.49
3552;5521;12177;ATRASO_90;2021-11-06;552.37
3553;4428;12191;ATRASO_30;2022-08-03;18914.07
3554;4428;12191;ATRASO_60;2022-09-02;15131.26
3555;4428;12191;CALOTE;2022-11-01;7565.63
3556;7820;12194;ATRASO_30;2021-02-06;1078.39
3557;7820;12194;CALOTE;2021-05-07;431.36
3558;6388;12216;ATRASO_30;2024-08-07;13329.38
3559;6388;12216;ATRASO_90;2024-10-06;7997.63
3560;6388;12216;CALOTE;2024-11-05;5331.75
3561;4441;12226;ATRASO_30;2023-01-05;5132.25
3562;4441;12226;CALOTE;2023-04-05;2052.9
3563;4226;12227;ATRASO_30;2023-06-08;6525.45
3564;4226;12227;CALOTE;2023-09-06;2610.18
3565;8178;12232;ATRASO_30;2024-12-27;6317.3
3566;8178;12232;ATRASO_60;2025-01-26;5053.84
3567;8178;12232;CALOTE;2025-03-27;2526.92
3568;6325;12240;ATRASO_30;2023-09-17;5287.83
3569;6325;12240;ATRASO_60;2023-10-17;4230.26
3570;6325;12240;ATRASO_90;2023-11-16;3172.7
3571;6325;12240;CALOTE;2023-12-16;2115.13
3572;7328;12254;ATRASO_30;2024-08-30;2726.78
3573;7328;12254;ATRASO_60;2024-09-29;2181.42
3574;7328;12254;CALOTE;2024-11-28;1090.71
3575;2541;12271;ATRASO_30;2024-12-30;6933.38
3576;2541;12271;ATRASO_60;2025-01-29;5546.7
3577;2541;12271;ATRASO_90;2025-02-28;4160.03
3578;3474;12273;ATRASO_30;2022-03-04;2451.78
3579;3474;12273;ATRASO_60;2022-04-03;1961.42
3580;8486;12281;ATRASO_30;2024-05-10;2168.88
3581;8486;12281;CALOTE;2024-08-08;867.55
3582;6643;12291;ATRASO_30;2022-02-17;5490.53
3583;6643;12291;CALOTE;2022-05-18;2196.21
3584;5949;12318;ATRASO_30;2023-02-03;7165.23
3585;5949;12318;ATRASO_60;2023-03-05;5732.18
3586;5949;12318;ATRASO_90;2023-04-04;4299.14
3587;5949;12318;CALOTE;2023-05-04;2866.09
3588;5281;12320;ATRASO_30;2022-11-09;3305.33
3589;5281;12320;ATRASO_90;2023-01-08;1983.2
3590;5281;12320;CALOTE;2023-02-07;1322.13
3591;7141;12335;ATRASO_60;2021-09-03;5207.02
3592;7141;12335;ATRASO_90;2021-10-03;3905.27
3593;7141;12335;CALOTE;2021-11-02;2603.51
3594;6180;12339;ATRASO_30;2023-08-11;6623.29
3595;6180;12339;ATRASO_90;2023-10-10;3973.97
3596;6180;12339;CALOTE;2023-11-09;2649.32
3597;2437;12368;ATRASO_30;2024-04-10;7808.76
3598;2437;12368;ATRASO_60;2024-05-10;6247.01
3599;2437;12368;ATRASO_90;2024-06-09;4685.26
3600;7957;12379;ATRASO_60;2023-06-17;2320.59
3601;7957;12379;CALOTE;2023-08-16;1160.3
3602;5801;12382;ATRASO_30;2024-12-09;4157.07
3603;5801;12382;ATRASO_60;2025-01-08;3325.66
3604;5801;12382;ATRASO_90;2025-02-07;2494.24
3605;5801;12382;CALOTE;2025-03-09;1662.83
3606;8612;12401;ATRASO_60;2023-03-31;3986.69
3607;8612;12401;CALOTE;2023-05-30;1993.34
3608;324;12420;ATRASO_30;2022-09-23;2764.93
3609;324;12420;ATRASO_60;2022-10-23;2211.94
3610;324;12420;CALOTE;2022-12-22;1105.97
3611;5845;12429;ATRASO_30;2024-07-04;1662.73
3612;5845;12429;ATRASO_60;2024-08-03;1330.18
3613;5845;12429;ATRASO_90;2024-09-02;997.64
3614;5845;12429;CALOTE;2024-10-02;665.09
3615;2666;12431;ATRASO_30;2024-04-22;7987.51
3616;2666;12431;ATRASO_60;2024-05-22;6390.01
3617;2666;12431;ATRASO_90;2024-06-21;4792.51
3618;2666;12431;CALOTE;2024-07-21;3195.0
3619;4594;12437;ATRASO_30;2022-11-27;6946.32
3620;4594;12437;ATRASO_90;2023-01-26;4167.79
3621;4594;12437;CALOTE;2023-02-25;2778.53
3622;6893;12440;ATRASO_60;2022-06-01;6022.78
3623;6893;12440;ATRASO_90;2022-07-01;4517.09
3624;6893;12440;CALOTE;2022-07-31;3011.39
3625;5627;12441;ATRASO_30;2023-03-22;2543.12
3626;5627;12441;ATRASO_60;2023-04-21;2034.5
3627;5627;12441;CALOTE;2023-06-20;1017.25
3628;4290;12459;ATRASO_30;2024-09-15;7356.02
3629;4290;12459;ATRASO_90;2024-11-14;4413.61
3630;4921;12471;ATRASO_60;2023-11-15;937.06
3631;4921;12471;ATRASO_90;2023-12-15;702.79
3632;3375;12489;ATRASO_60;2023-12-06;2133.58
3633;3375;12489;ATRASO_90;2024-01-05;1600.19
3634;4574;12503;ATRASO_60;2024-07-29;3414.18
3635;4574;12503;ATRASO_90;2024-08-28;2560.63
3636;4574;12503;CALOTE;2024-09-27;1707.09
3637;8340;12507;ATRASO_30;2024-08-22;3217.98
3638;8340;12507;ATRASO_60;2024-09-21;2574.38
3639;8340;12507;ATRASO_90;2024-10-21;1930.79
3640;8340;12507;CALOTE;2024-11-20;1287.19
3641;2812;12518;ATRASO_90;2024-06-21;2518.39
3642;2812;12518;CALOTE;2024-07-21;1678.93
3643;8984;12523;ATRASO_30;2022-04-20;1381.57
3644;8984;12523;ATRASO_90;2022-06-19;828.94
3645;8984;12523;CALOTE;2022-07-19;552.63
3646;5866;12534;ATRASO_30;2023-02-07;7345.57
3647;5866;12534;ATRASO_60;2023-03-09;5876.46
3648;5866;12534;CALOTE;2023-05-08;2938.23
3649;8423;12537;ATRASO_60;2022-09-30;10777.5
3650;8423;12537;CALOTE;2022-11-29;5388.75
3651;6168;12540;ATRASO_30;2024-10-26;7353.75
3652;6168;12540;ATRASO_60;2024-11-25;5883.0
3653;6168;12540;ATRASO_90;2024-12-25;4412.25
3654;6168;12540;CALOTE;2025-01-24;2941.5
3655;967;12541;ATRASO_30;2023-05-27;4409.04
3656;7353;12542;ATRASO_30;2022-02-08;632.85
3657;7353;12542;ATRASO_60;2022-03-10;506.28
3658;7353;12542;ATRASO_90;2022-04-09;379.71
3659;2390;12579;CALOTE;2024-07-04;1711.17
3660;3755;12582;ATRASO_30;2022-10-20;4958.29
3661;3755;12582;ATRASO_60;2022-11-19;3966.63
3662;3755;12582;ATRASO_90;2022-12-19;2974.97
3663;3755;12582;CALOTE;2023-01-18;1983.32
3664;8362;12586;ATRASO_30;2021-12-27;6911.65
3665;8362;12586;ATRASO_60;2022-01-26;5529.32
3666;8362;12586;CALOTE;2022-03-27;2764.66
3667;2570;12590;ATRASO_60;2022-05-05;2234.95
3668;2570;12590;ATRASO_90;2022-06-04;1676.21
3669;5566;12591;ATRASO_30;2023-10-12;2709.1
3670;5566;12591;ATRASO_90;2023-12-11;1625.46
3671;5566;12591;CALOTE;2024-01-10;1083.64
3672;2295;12593;ATRASO_30;2021-06-24;1239.47
3673;2295;12593;CALOTE;2021-09-22;495.79
3674;5805;12608;ATRASO_30;2023-01-04;7624.95
3675;5805;12608;ATRASO_60;2023-02-03;6099.96
3676;5805;12608;ATRASO_90;2023-03-05;4574.97
3677;5805;12608;CALOTE;2023-04-04;3049.98
3678;6305;12615;ATRASO_30;2021-11-24;7462.92
3679;6305;12615;ATRASO_60;2021-12-24;5970.34
3680;7967;12623;ATRASO_60;2024-03-26;5672.68
3681;7967;12623;ATRASO_90;2024-04-25;4254.51
3682;7967;12623;CALOTE;2024-05-25;2836.34
3683;5788;12630;ATRASO_30;2023-06-22;4564.52
3684;5788;12630;ATRASO_60;2023-07-22;3651.62
3685;5788;12630;ATRASO_90;2023-08-21;2738.71
3686;9657;12638;ATRASO_90;2024-03-31;3954.32
3687;9657;12638;CALOTE;2024-04-30;2636.21
3688;5421;12651;ATRASO_30;2021-08-11;682.15
3689;5421;12651;ATRASO_60;2021-09-10;545.72
3690;5421;12651;ATRASO_90;2021-10-10;409.29
3691;784;12655;ATRASO_30;2024-08-23;9775.94
3692;784;12655;ATRASO_90;2024-10-22;5865.56
3693;784;12655;CALOTE;2024-11-21;3910.38
3694;6565;12668;ATRASO_30;2022-03-15;4623.22
3695;6565;12668;ATRASO_60;2022-04-14;3698.58
3696;6565;12668;ATRASO_90;2022-05-14;2773.93
3697;6565;12668;CALOTE;2022-06-13;1849.29
3698;674;12670;ATRASO_30;2023-09-06;801.34
3699;674;12670;ATRASO_60;2023-10-06;641.07
3700;674;12670;ATRASO_90;2023-11-05;480.8
3701;674;12670;CALOTE;2023-12-05;320.54
3702;7813;12721;ATRASO_30;2021-06-18;1961.89
3703;7813;12721;ATRASO_60;2021-07-18;1569.51
3704;7813;12721;ATRASO_90;2021-08-17;1177.13
3705;6071;12729;ATRASO_30;2023-07-09;4770.52
3706;6071;12729;ATRASO_60;2023-08-08;3816.42
3707;6071;12729;CALOTE;2023-10-07;1908.21
3708;7489;12749;ATRASO_30;2022-04-22;2808.09
3709;7489;12749;ATRASO_60;2022-05-22;2246.47
3710;7489;12749;ATRASO_90;2022-06-21;1684.85
3711;1413;12755;ATRASO_30;2023-06-14;6326.03
3712;1413;12755;ATRASO_60;2023-07-14;5060.82
3713;1413;12755;CALOTE;2023-09-12;2530.41
3714;9108;12759;ATRASO_30;2021-11-17;2093.79
3715;9108;12759;ATRASO_60;2021-12-17;1675.03
3716;9108;12759;ATRASO_90;2022-01-16;1256.27
3717;9108;12759;CALOTE;2022-02-15;837.52
3718;1674;12765;ATRASO_60;2023-01-15;657.42
3719;1674;12765;CALOTE;2023-03-16;328.71
3720;59;12769;ATRASO_30;2023-01-24;5311.1
3721;59;12769;ATRASO_60;2023-02-23;4248.88
3722;59;12769;CALOTE;2023-04-24;2124.44
3723;8412;12785;ATRASO_30;2021-07-26;845.52
3724;8412;12785;ATRASO_60;2021-08-25;676.42
3725;8412;12785;ATRASO_90;2021-09-24;507.31
3726;5473;12789;ATRASO_60;2025-02-20;5161.56
3727;5473;12789;ATRASO_90;2025-03-22;3871.17
3728;5473;12789;CALOTE;2025-04-21;2580.78
3729;3179;12795;ATRASO_90;2023-03-18;8642.42
3730;3179;12795;CALOTE;2023-04-17;5761.62
3731;5247;12797;ATRASO_30;2022-05-04;3479.54
3732;5247;12797;ATRASO_90;2022-07-03;2087.72
3733;5247;12797;CALOTE;2022-08-02;1391.82
3734;9000;12818;ATRASO_60;2023-01-23;3318.9
3735;9000;12818;ATRASO_90;2023-02-22;2489.18
3736;9000;12818;CALOTE;2023-03-24;1659.45
3737;2763;12828;ATRASO_30;2022-02-25;6687.09
3738;2763;12828;ATRASO_60;2022-03-27;5349.67
3739;2763;12828;ATRASO_90;2022-04-26;4012.25
3740;1412;12841;ATRASO_30;2024-07-27;16189.07
3741;1412;12841;ATRASO_60;2024-08-26;12951.26
3742;1412;12841;ATRASO_90;2024-09-25;9713.44
3743;1412;12841;CALOTE;2024-10-25;6475.63
3744;4101;12862;ATRASO_60;2024-10-21;2662.05
3745;4101;12862;ATRASO_90;2024-11-20;1996.54
3746;4101;12862;CALOTE;2024-12-20;1331.02
3747;8457;12870;ATRASO_90;2022-12-23;4361.87
3748;6506;12873;ATRASO_30;2023-08-28;9916.69
3749;6506;12873;ATRASO_90;2023-10-27;5950.01
3750;7991;12876;ATRASO_90;2022-01-07;1133.44
3751;6390;12889;ATRASO_60;2022-10-06;2317.98
3752;6390;12889;ATRASO_90;2022-11-05;1738.49
3753;6390;12889;CALOTE;2022-12-05;1158.99
3754;864;12891;ATRASO_60;2022-03-01;3411.94
3755;864;12891;ATRASO_90;2022-03-31;2558.96
3756;9816;12892;ATRASO_30;2021-09-14;17498.24
3757;9816;12892;ATRASO_90;2021-11-13;10498.94
3758;9816;12892;CALOTE;2021-12-13;6999.3
3759;2123;12910;ATRASO_30;2024-08-06;15533.36
3760;2123;12910;ATRASO_60;2024-09-05;12426.69
3761;2123;12910;ATRASO_90;2024-10-05;9320.02
3762;2123;12910;CALOTE;2024-11-04;6213.34
3763;8681;12911;ATRASO_30;2022-02-08;2990.0
3764;8681;12911;ATRASO_90;2022-04-09;1794.0
3765;7154;12912;ATRASO_30;2023-04-10;4356.79
3766;7154;12912;ATRASO_90;2023-06-09;2614.07
3767;7154;12912;CALOTE;2023-07-09;1742.72
3768;7448;12916;ATRASO_30;2022-05-28;4461.03
3769;7448;12916;ATRASO_60;2022-06-27;3568.82
3770;7448;12916;ATRASO_90;2022-07-27;2676.62
3771;7448;12916;CALOTE;2022-08-26;1784.41
3772;4999;12941;ATRASO_30;2024-10-12;5733.08
3773;4999;12941;ATRASO_60;2024-11-11;4586.46
3774;6761;12946;ATRASO_90;2023-04-04;1879.1
3775;6761;12946;CALOTE;2023-05-04;1252.74
3776;6586;12947;ATRASO_30;2021-07-14;2677.29
3777;6586;12947;ATRASO_60;2021-08-13;2141.83
3778;6586;12947;ATRASO_90;2021-09-12;1606.37
3779;6586;12947;CALOTE;2021-10-12;1070.92
3780;9084;12953;ATRASO_60;2024-03-24;2859.87
3781;353;12962;ATRASO_30;2023-11-25;2817.04
3782;353;12962;ATRASO_90;2024-01-24;1690.22
3783;353;12962;CALOTE;2024-02-23;1126.82
3784;8586;12965;ATRASO_30;2022-10-27;7064.92
3785;8586;12965;CALOTE;2023-01-25;2825.97
3786;8412;12969;ATRASO_30;2021-06-17;3564.41
3787;8412;12969;ATRASO_60;2021-07-17;2851.53
3788;8412;12969;CALOTE;2021-09-15;1425.76
3789;5242;12981;ATRASO_30;2022-10-07;3060.74
3790;5242;12981;CALOTE;2023-01-05;1224.3
3791;1084;12986;ATRASO_30;2022-02-01;3839.74
3792;1084;12986;ATRASO_90;2022-04-02;2303.84
3793;1084;12986;CALOTE;2022-05-02;1535.9
3794;3398;12997;ATRASO_60;2025-01-22;3662.78
3795;3398;12997;ATRASO_90;2025-02-21;2747.09
3796;490;13002;ATRASO_30;2023-11-30;1110.97
3797;490;13002;ATRASO_60;2023-12-30;888.78
3798;490;13002;ATRASO_90;2024-01-29;666.58
3799;778;13009;ATRASO_30;2023-10-07;5871.04
3800;778;13009;ATRASO_60;2023-11-06;4696.83
3801;778;13009;ATRASO_90;2023-12-06;3522.62
3802;778;13009;CALOTE;2024-01-05;2348.42
3803;9428;13013;ATRASO_30;2023-02-08;2069.69
3804;9428;13013;ATRASO_60;2023-03-10;1655.75
3805;9428;13013;CALOTE;2023-05-09;827.88
3806;2724;13016;ATRASO_30;2024-01-05;5540.58
3807;2724;13016;ATRASO_60;2024-02-04;4432.46
3808;2724;13016;ATRASO_90;2024-03-05;3324.35
3809;2724;13016;CALOTE;2024-04-04;2216.23
3810;2432;13028;ATRASO_60;2022-10-03;2500.31
3811;2432;13028;ATRASO_90;2022-11-02;1875.23
3812;2432;13028;CALOTE;2022-12-02;1250.16
3813;6726;13033;ATRASO_60;2023-11-24;5175.14
3814;6726;13033;ATRASO_90;2023-12-24;3881.35
3815;6726;13033;CALOTE;2024-01-23;2587.57
3816;5545;13037;ATRASO_30;2021-03-15;7052.23
3817;5545;13037;ATRASO_90;2021-05-14;4231.34
3818;5545;13037;CALOTE;2021-06-13;2820.89
3819;7781;13043;ATRASO_30;2023-10-05;2566.31
3820;7781;13043;ATRASO_60;2023-11-04;2053.05
3821;5145;13045;ATRASO_60;2023-04-17;3171.6
3822;5145;13045;ATRASO_90;2023-05-17;2378.7
3823;5145;13045;CALOTE;2023-06-16;1585.8
3824;6565;13069;ATRASO_30;2021-02-06;1739.66
3825;6565;13069;ATRASO_60;2021-03-08;1391.73
3826;6565;13069;ATRASO_90;2021-04-07;1043.8
3827;6565;13069;CALOTE;2021-05-07;695.86
3828;1255;13076;ATRASO_60;2024-04-08;503.99
3829;1255;13076;ATRASO_90;2024-05-08;377.99
3830;1255;13076;CALOTE;2024-06-07;252.0
3831;6772;13078;ATRASO_30;2025-01-30;6608.73
3832;6772;13078;ATRASO_60;2025-03-01;5286.98
3833;6772;13078;ATRASO_90;2025-03-31;3965.24
3834;6772;13078;CALOTE;2025-04-30;2643.49
3835;3824;13101;ATRASO_30;2021-08-05;7414.68
3836;3824;13101;ATRASO_60;2021-09-04;5931.74
3837;3824;13101;ATRASO_90;2021-10-04;4448.81
3838;3824;13101;CALOTE;2021-11-03;2965.87
3839;731;13102;ATRASO_30;2022-03-22;15295.19
3840;731;13102;ATRASO_60;2022-04-21;12236.15
3841;731;13102;CALOTE;2022-06-20;6118.08
3842;5950;13107;ATRASO_60;2022-07-14;4426.62
3843;5950;13107;CALOTE;2022-09-12;2213.31
3844;8295;13114;ATRASO_30;2024-04-12;27831.74
3845;8295;13114;ATRASO_60;2024-05-12;22265.39
3846;8295;13114;CALOTE;2024-07-11;11132.7
3847;264;13123;ATRASO_30;2023-02-26;7882.05
3848;264;13123;ATRASO_90;2023-04-27;4729.23
3849;2403;13126;ATRASO_30;2021-04-15;4947.29
3850;2403;13126;ATRASO_60;2021-05-15;3957.83
3851;2403;13126;CALOTE;2021-07-14;1978.92
3852;914;13147;CALOTE;2023-08-14;2849.18
3853;9106;13168;ATRASO_30;2023-09-17;6225.3
3854;9106;13168;ATRASO_60;2023-10-17;4980.24
3855;9106;13168;ATRASO_90;2023-11-16;3735.18
3856;9106;13168;CALOTE;2023-12-16;2490.12
3857;5149;13173;ATRASO_90;2022-07-10;3969.53
3858;5149;13173;CALOTE;2022-08-09;2646.36
3859;8304;13186;ATRASO_30;2023-12-12;4388.57
3860;8304;13186;ATRASO_60;2024-01-11;3510.86
3861;8304;13186;CALOTE;2024-03-11;1755.43
3862;4241;13196;ATRASO_30;2023-03-02;2473.58
3863;4241;13196;ATRASO_60;2023-04-01;1978.86
3864;4241;13196;CALOTE;2023-05-31;989.43
3865;4161;13202;ATRASO_30;2022-03-20;6080.55
3866;4161;13202;ATRASO_60;2022-04-19;4864.44
3867;4161;13202;ATRASO_90;2022-05-19;3648.33
3868;4161;13202;CALOTE;2022-06-18;2432.22
3869;9823;13214;ATRASO_30;2023-11-23;20268.05
3870;9823;13214;ATRASO_60;2023-12-23;16214.44
3871;9823;13214;ATRASO_90;2024-01-22;12160.83
3872;9823;13214;CALOTE;2024-02-21;8107.22
3873;2761;13215;ATRASO_90;2022-02-02;4093.0
3874;2761;13215;CALOTE;2022-03-04;2728.66
3875;6542;13224;ATRASO_30;2024-04-06;4979.75
3876;6542;13224;ATRASO_60;2024-05-06;3983.8
3877;6542;13224;ATRASO_90;2024-06-05;2987.85
3878;6542;13224;CALOTE;2024-07-05;1991.9
3879;4685;13226;ATRASO_30;2024-10-11;16450.06
3880;5135;13229;ATRASO_30;2022-08-28;4595.53
3881;5135;13229;ATRASO_60;2022-09-27;3676.42
3882;8948;13233;ATRASO_30;2024-12-16;7446.37
3883;8948;13233;ATRASO_60;2025-01-15;5957.1
3884;8948;13233;ATRASO_90;2025-02-14;4467.82
3885;8356;13256;ATRASO_30;2022-02-25;5673.19
3886;8356;13256;ATRASO_60;2022-03-27;4538.55
3887;8356;13256;ATRASO_90;2022-04-26;3403.91
3888;8356;13256;CALOTE;2022-05-26;2269.28
3889;8339;13305;ATRASO_30;2023-09-08;1038.03
3890;8339;13305;ATRASO_60;2023-10-08;830.42
3891;8339;13305;ATRASO_90;2023-11-07;622.82
3892;8339;13305;CALOTE;2023-12-07;415.21
3893;6577;13309;ATRASO_60;2022-02-03;1612.85
3894;6577;13309;ATRASO_90;2022-03-05;1209.64
3895;6577;13309;CALOTE;2022-04-04;806.42
3896;4844;13313;ATRASO_30;2022-02-09;6705.94
3897;4844;13313;ATRASO_60;2022-03-11;5364.75
3898;4844;13313;CALOTE;2022-05-10;2682.38
3899;7886;13383;ATRASO_30;2024-06-09;2046.52
3900;7886;13383;ATRASO_60;2024-07-09;1637.22
3901;7886;13383;ATRASO_90;2024-08-08;1227.91
3902;7886;13383;CALOTE;2024-09-07;818.61
3903;8274;13388;ATRASO_30;2023-02-23;6293.78
3904;8274;13388;ATRASO_60;2023-03-25;5035.02
3905;8274;13388;ATRASO_90;2023-04-24;3776.27
3906;3171;13389;ATRASO_60;2021-05-15;4879.06
3907;3171;13389;CALOTE;2021-07-14;2439.53
3908;5836;13399;ATRASO_30;2023-07-02;2623.28
3909;5836;13399;CALOTE;2023-09-30;1049.31
3910;5480;13400;ATRASO_60;2024-08-26;2983.4
3911;1908;13404;ATRASO_30;2023-10-28;5601.95
3912;1908;13404;ATRASO_90;2023-12-27;3361.17
3913;3610;13426;ATRASO_30;2023-02-15;4606.36
3914;3610;13426;ATRASO_90;2023-04-16;2763.82
3915;3610;13426;CALOTE;2023-05-16;1842.54
3916;9125;13435;ATRASO_30;2024-08-12;7517.12
3917;9125;13435;ATRASO_60;2024-09-11;6013.7
3918;9125;13435;ATRASO_90;2024-10-11;4510.27
3919;9683;13444;ATRASO_90;2025-02-08;2222.07
3920;9683;13444;CALOTE;2025-03-10;1481.38
3921;4881;13453;ATRASO_90;2023-07-22;922.24
3922;4236;13467;ATRASO_60;2024-02-21;6574.38
3923;4236;13467;CALOTE;2024-04-21;3287.19
3924;6955;13468;ATRASO_60;2024-11-20;4999.11
3925;6955;13468;CALOTE;2025-01-19;2499.56
3926;8778;13470;ATRASO_30;2022-05-23;6487.69
3927;8778;13470;ATRASO_60;2022-06-22;5190.15
3928;8778;13470;CALOTE;2022-08-21;2595.08
3929;9189;13478;ATRASO_90;2024-11-08;1932.08
3930;5361;13479;ATRASO_30;2021-03-10;2050.15
3931;5361;13479;ATRASO_60;2021-04-09;1640.12
3932;5361;13479;CALOTE;2021-06-08;820.06
3933;1002;13497;ATRASO_60;2023-11-26;6355.87
3934;1002;13497;ATRASO_90;2023-12-26;4766.9
3935;1002;13497;CALOTE;2024-01-25;3177.94
3936;5026;13502;ATRASO_30;2022-12-22;2492.37
3937;5026;13502;ATRASO_90;2023-02-20;1495.42
3938;5026;13502;CALOTE;2023-03-22;996.95
3939;3050;13505;ATRASO_30;2022-07-30;2852.06
3940;3050;13505;ATRASO_60;2022-08-29;2281.65
3941;3050;13505;ATRASO_90;2022-09-28;1711.24
3942;3050;13505;CALOTE;2022-10-28;1140.82
3943;5916;13506;ATRASO_30;2022-08-30;4579.55
3944;5916;13506;ATRASO_60;2022-09-29;3663.64
3945;5916;13506;ATRASO_90;2022-10-29;2747.73
3946;5916;13506;CALOTE;2022-11-28;1831.82
3947;3478;13511;ATRASO_30;2024-04-19;5861.05
3948;3478;13511;ATRASO_60;2024-05-19;4688.84
3949;3478;13511;ATRASO_90;2024-06-18;3516.63
3950;3478;13511;CALOTE;2024-07-18;2344.42
3951;4642;13531;ATRASO_60;2024-02-01;5732.9
3952;4642;13531;ATRASO_90;2024-03-02;4299.68
3953;8427;13544;ATRASO_30;2024-08-30;17442.65
3954;8427;13544;ATRASO_60;2024-09-29;13954.12
3955;8427;13544;ATRASO_90;2024-10-29;10465.59
3956;8427;13544;CALOTE;2024-11-28;6977.06
3957;5950;13567;ATRASO_30;2024-04-04;6103.49
3958;5950;13567;ATRASO_60;2024-05-04;4882.79
3959;6953;13569;ATRASO_90;2022-10-02;4533.4
3960;6953;13569;CALOTE;2022-11-01;3022.27
3961;5890;13575;ATRASO_30;2021-02-02;4614.44
3962;5890;13575;ATRASO_60;2021-03-04;3691.55
3963;5890;13575;ATRASO_90;2021-04-03;2768.66
3964;5890;13575;CALOTE;2021-05-03;1845.78
3965;8154;13579;ATRASO_30;2023-05-18;6125.32
3966;8154;13579;ATRASO_90;2023-07-17;3675.19
3967;8154;13579;CALOTE;2023-08-16;2450.13
3968;8975;13587;ATRASO_30;2022-05-24;1553.56
3969;8975;13587;ATRASO_60;2022-06-23;1242.85
3970;8975;13587;ATRASO_90;2022-07-23;932.14
3971;8975;13587;CALOTE;2022-08-22;621.42
3972;1138;13589;ATRASO_30;2023-12-05;4073.82
3973;1138;13589;ATRASO_60;2024-01-04;3259.06
3974;1138;13589;ATRASO_90;2024-02-03;2444.29
3975;9769;13592;ATRASO_30;2021-02-25;1094.68
3976;9769;13592;ATRASO_60;2021-03-27;875.74
3977;9769;13592;CALOTE;2021-05-26;437.87
3978;3459;13606;ATRASO_30;2023-01-02;7641.01
3979;3459;13606;ATRASO_60;2023-02-01;6112.81
3980;3459;13606;ATRASO_90;2023-03-03;4584.61
3981;3459;13606;CALOTE;2023-04-02;3056.4
3982;9218;13611;ATRASO_30;2023-09-25;1301.74
3983;9218;13611;ATRASO_60;2023-10-25;1041.39
3984;9218;13611;CALOTE;2023-12-24;520.7
3985;2651;13628;ATRASO_30;2022-05-31;5366.41
3986;2651;13628;ATRASO_60;2022-06-30;4293.13
3987;3099;13630;ATRASO_60;2023-05-17;956.94
3988;3099;13630;CALOTE;2023-07-16;478.47
3989;6602;13632;ATRASO_60;2021-11-20;6291.06
3990;6602;13632;ATRASO_90;2021-12-20;4718.3
3991;6602;13632;CALOTE;2022-01-19;3145.53
3992;422;13642;ATRASO_30;2023-08-03;7150.04
3993;422;13642;ATRASO_60;2023-09-02;5720.03
3994;422;13642;CALOTE;2023-11-01;2860.02
3995;6410;13656;ATRASO_30;2022-08-22;5105.44
3996;6410;13656;ATRASO_60;2022-09-21;4084.35
3997;6410;13656;CALOTE;2022-11-20;2042.18
3998;7461;13657;ATRASO_60;2021-09-18;991.5
3999;7461;13657;CALOTE;2021-11-17;495.75
4000;4767;13665;ATRASO_30;2022-07-08;2008.39
4001;4767;13665;ATRASO_60;2022-08-07;1606.71
4002;4767;13665;ATRASO_90;2022-09-06;1205.03
4003;4767;13665;CALOTE;2022-10-06;803.36
4004;611;13670;ATRASO_30;2023-12-13;6323.9
4005;611;13670;ATRASO_60;2024-01-12;5059.12
4006;611;13670;ATRASO_90;2024-02-11;3794.34
4007;611;13670;CALOTE;2024-03-12;2529.56
4008;174;13671;ATRASO_30;2021-05-15;6977.23
4009;174;13671;ATRASO_60;2021-06-14;5581.78
4010;174;13671;ATRASO_90;2021-07-14;4186.34
4011;174;13671;CALOTE;2021-08-13;2790.89
4012;6393;13683;ATRASO_60;2022-09-12;1020.44
4013;6393;13683;CALOTE;2022-11-11;510.22
4014;7631;13695;ATRASO_30;2024-09-04;6091.04
4015;7631;13695;ATRASO_60;2024-10-04;4872.83
4016;7631;13695;ATRASO_90;2024-11-03;3654.62
4017;7631;13695;CALOTE;2024-12-03;2436.42
4018;48;13756;ATRASO_60;2023-04-13;2930.28
4019;48;13756;ATRASO_90;2023-05-13;2197.71
4020;48;13756;CALOTE;2023-06-12;1465.14
4021;6107;13766;ATRASO_60;2023-12-22;2743.15
4022;6107;13766;ATRASO_90;2024-01-21;2057.36
4023;6107;13766;CALOTE;2024-02-20;1371.58
4024;6628;13772;ATRASO_60;2021-09-21;2185.31
4025;6628;13772;ATRASO_90;2021-10-21;1638.98
4026;6628;13772;CALOTE;2021-11-20;1092.66
4027;3818;13776;ATRASO_30;2024-01-05;9309.84
4028;3818;13776;ATRASO_90;2024-03-05;5585.9
4029;3411;13777;ATRASO_30;2022-05-23;42100.8
4030;3411;13777;ATRASO_90;2022-07-22;25260.48
4031;3411;13777;CALOTE;2022-08-21;16840.32
4032;6679;13781;ATRASO_60;2023-09-17;3225.94
4033;6679;13781;ATRASO_90;2023-10-17;2419.45
4034;3982;13783;CALOTE;2023-07-13;2141.38
4035;541;13786;ATRASO_30;2023-09-23;3836.61
4036;541;13786;ATRASO_60;2023-10-23;3069.29
4037;541;13786;CALOTE;2023-12-22;1534.64
4038;2920;13794;ATRASO_30;2022-12-16;5499.9
4039;2920;13794;CALOTE;2023-03-16;2199.96
4040;1932;13796;ATRASO_30;2023-02-14;18788.11
4041;1932;13796;ATRASO_60;2023-03-16;15030.49
4042;1932;13796;ATRASO_90;2023-04-15;11272.87
4043;1932;13796;CALOTE;2023-05-15;7515.24
4044;9403;13813;ATRASO_30;2021-04-04;7746.3
4045;9403;13813;ATRASO_60;2021-05-04;6197.04
4046;9403;13813;CALOTE;2021-07-03;3098.52
4047;3368;13818;ATRASO_60;2021-06-08;6948.82
4048;3368;13818;CALOTE;2021-08-07;3474.41
4049;8567;13840;ATRASO_30;2022-08-06;15898.15
4050;8567;13840;ATRASO_60;2022-09-05;12718.52
4051;8567;13840;CALOTE;2022-11-04;6359.26
4052;2683;13882;ATRASO_90;2023-08-22;2525.6
4053;2683;13882;CALOTE;2023-09-21;1683.74
4054;1055;13890;ATRASO_90;2024-07-22;2033.47
4055;1055;13890;CALOTE;2024-08-21;1355.65
4056;9430;13902;ATRASO_30;2024-04-07;1985.27
4057;9430;13902;CALOTE;2024-07-06;794.11
4058;958;13904;ATRASO_30;2024-04-19;7849.98
4059;958;13904;ATRASO_60;2024-05-19;6279.98
4060;958;13904;ATRASO_90;2024-06-18;4709.99
4061;9344;13909;CALOTE;2022-11-04;2723.1
4062;2223;13914;ATRASO_30;2022-01-10;7477.17
4063;2223;13914;ATRASO_60;2022-02-09;5981.74
4064;2223;13914;ATRASO_90;2022-03-11;4486.3
4065;2223;13914;CALOTE;2022-04-10;2990.87
4066;8193;13932;ATRASO_30;2024-10-14;1753.83
4067;8193;13932;ATRASO_60;2024-11-13;1403.06
4068;8193;13932;CALOTE;2025-01-12;701.53
4069;5869;13935;ATRASO_30;2022-09-08;2550.79
4070;5869;13935;ATRASO_90;2022-11-07;1530.47
4071;5878;13942;CALOTE;2023-04-25;500.91
4072;7046;13956;ATRASO_30;2022-09-04;14970.3
4073;7983;13972;ATRASO_30;2022-03-28;3025.75
4074;7983;13972;ATRASO_60;2022-04-27;2420.6
4075;7983;13972;ATRASO_90;2022-05-27;1815.45
4076;7983;13972;CALOTE;2022-06-26;1210.3
4077;191;13978;ATRASO_90;2021-12-15;2730.31
4078;191;13978;CALOTE;2022-01-14;1820.2
4079;6150;13993;ATRASO_30;2021-05-24;5654.4
4080;6150;13993;ATRASO_60;2021-06-23;4523.52
4081;6150;13993;ATRASO_90;2021-07-23;3392.64
4082;6150;13993;CALOTE;2021-08-22;2261.76
4083;2672;14001;ATRASO_60;2022-03-29;4030.38
4084;2672;14001;ATRASO_90;2022-04-28;3022.79
4085;4488;14007;ATRASO_30;2021-07-15;13541.86
4086;4488;14007;ATRASO_60;2021-08-14;10833.49
4087;4488;14007;ATRASO_90;2021-09-13;8125.12
4088;4488;14007;CALOTE;2021-10-13;5416.74
4089;5702;14025;ATRASO_30;2021-08-29;3700.48
4090;5702;14025;ATRASO_90;2021-10-28;2220.29
4091;9656;14028;ATRASO_60;2023-04-26;1206.78
4092;9656;14028;CALOTE;2023-06-25;603.39
4093;3447;14030;ATRASO_60;2025-01-21;5732.12
4094;3447;14030;ATRASO_90;2025-02-20;4299.09
4095;464;14033;ATRASO_30;2023-03-04;7819.51
4096;464;14033;ATRASO_60;2023-04-03;6255.61
4097;464;14033;ATRASO_90;2023-05-03;4691.71
4098;464;14033;CALOTE;2023-06-02;3127.8
4099;1743;14037;ATRASO_30;2021-07-17;7921.6
4100;1743;14037;ATRASO_60;2021-08-16;6337.28
4101;1743;14037;CALOTE;2021-10-15;3168.64
4102;6291;14049;ATRASO_60;2021-12-22;13329.23
4103;6291;14049;ATRASO_90;2022-01-21;9996.92
4104;9538;14057;ATRASO_30;2024-12-30;7489.51
4105;9538;14057;ATRASO_60;2025-01-29;5991.61
4106;9538;14057;ATRASO_90;2025-02-28;4493.71
4107;9538;14057;CALOTE;2025-03-30;2995.8
4108;6512;14060;ATRASO_30;2023-04-14;578.0
4109;8066;14064;ATRASO_30;2021-09-22;14555.83
4110;8066;14064;CALOTE;2021-12-21;5822.33
4111;7366;14068;ATRASO_30;2024-06-08;7396.87
4112;7366;14068;ATRASO_60;2024-07-08;5917.5
4113;7366;14068;ATRASO_90;2024-08-07;4438.12
4114;7366;14068;CALOTE;2024-09-06;2958.75
4115;7702;14079;ATRASO_60;2022-01-20;2600.11
4116;7702;14079;ATRASO_90;2022-02-19;1950.08
4117;7702;14079;CALOTE;2022-03-21;1300.06
4118;539;14080;ATRASO_60;2023-01-22;3355.02
4119;539;14080;CALOTE;2023-03-23;1677.51
4120;7776;14115;ATRASO_30;2023-03-29;5046.82
4121;7776;14115;ATRASO_60;2023-04-28;4037.46
4122;7776;14115;CALOTE;2023-06-27;2018.73
4123;2882;14121;ATRASO_60;2025-01-31;3756.54
4124;2882;14121;ATRASO_90;2025-03-02;2817.4
4125;4477;14124;ATRASO_30;2024-07-23;7108.44
4126;4477;14124;ATRASO_60;2024-08-22;5686.75
4127;4477;14124;ATRASO_90;2024-09-21;4265.06
4128;4477;14124;CALOTE;2024-10-21;2843.38
4129;6401;14143;ATRASO_30;2021-04-03;43509.95
4130;6401;14143;ATRASO_60;2021-05-03;34807.96
4131;6401;14143;ATRASO_90;2021-06-02;26105.97
4132;6149;14145;ATRASO_90;2024-07-11;1494.94
4133;6149;14145;CALOTE;2024-08-10;996.63
4134;5996;14170;ATRASO_30;2024-08-18;7673.3
4135;5996;14170;ATRASO_90;2024-10-17;4603.98
4136;5996;14170;CALOTE;2024-11-16;3069.32
4137;4568;14174;ATRASO_30;2022-12-23;4331.32
4138;4568;14174;ATRASO_90;2023-02-21;2598.79
4139;4568;14174;CALOTE;2023-03-23;1732.53
4140;5878;14198;ATRASO_60;2021-04-12;2664.42
4141;5878;14198;CALOTE;2021-06-11;1332.21
4142;738;14202;ATRASO_30;2023-11-02;5906.49
4143;738;14202;ATRASO_90;2024-01-01;3543.89
4144;738;14202;CALOTE;2024-01-31;2362.6
4145;1659;14204;ATRASO_30;2024-09-08;9186.14
4146;1659;14204;ATRASO_60;2024-10-08;7348.91
4147;1659;14204;ATRASO_90;2024-11-07;5511.68
4148;1659;14204;CALOTE;2024-12-07;3674.46
4149;5467;14214;ATRASO_90;2022-08-08;2894.41
4150;5246;14229;ATRASO_30;2022-01-14;4081.05
4151;5246;14229;CALOTE;2022-04-14;1632.42
4152;5033;14263;ATRASO_90;2024-05-04;3542.58
4153;883;14273;ATRASO_30;2024-11-06;1302.92
4154;883;14273;ATRASO_90;2025-01-05;781.75
4155;883;14273;CALOTE;2025-02-04;521.17
4156;5846;14286;ATRASO_30;2024-12-24;2067.31
4157;5846;14286;ATRASO_60;2025-01-23;1653.85
4158;5846;14286;CALOTE;2025-03-24;826.92
4159;6898;14304;ATRASO_30;2021-04-09;5535.62
4160;6898;14304;CALOTE;2021-07-08;2214.25
4161;7095;14313;ATRASO_30;2021-04-13;6701.45
4162;7095;14313;ATRASO_60;2021-05-13;5361.16
4163;8013;14327;ATRASO_30;2021-11-09;1711.97
4164;8013;14327;ATRASO_60;2021-12-09;1369.58
4165;8013;14327;ATRASO_90;2022-01-08;1027.18
4166;8013;14327;CALOTE;2022-02-07;684.79
4167;6106;14331;ATRASO_30;2023-06-28;3940.24
4168;6106;14331;ATRASO_90;2023-08-27;2364.14
4169;6106;14331;CALOTE;2023-09-26;1576.1
4170;7101;14344;ATRASO_30;2024-12-08;7794.36
4171;7101;14344;ATRASO_90;2025-02-06;4676.62
4172;7101;14344;CALOTE;2025-03-08;3117.74
4173;6242;14359;ATRASO_60;2023-09-25;1836.13
4174;6242;14359;ATRASO_90;2023-10-25;1377.1
4175;6242;14359;CALOTE;2023-11-24;918.06
4176;5571;14363;ATRASO_90;2023-05-27;426.67
4177;5571;14363;CALOTE;2023-06-26;284.45
4178;9588;14368;ATRASO_30;2021-05-17;548.01
4179;9588;14368;ATRASO_60;2021-06-16;438.41
4180;9588;14368;CALOTE;2021-08-15;219.2
4181;2969;14373;ATRASO_30;2023-06-30;35697.91
4182;2969;14373;ATRASO_60;2023-07-30;28558.33
4183;2969;14373;ATRASO_90;2023-08-29;21418.75
4184;2969;14373;CALOTE;2023-09-28;14279.16
4185;7047;14374;ATRASO_90;2021-05-15;1320.39
4186;7047;14374;CALOTE;2021-06-14;880.26
4187;6130;14383;ATRASO_60;2021-05-29;3226.34
4188;6130;14383;ATRASO_90;2021-06-28;2419.76
4189;8676;14392;ATRASO_90;2022-04-10;4194.78
4190;8676;14392;CALOTE;2022-05-10;2796.52
4191;8563;14403;ATRASO_30;2021-04-27;4421.65
4192;8563;14403;ATRASO_90;2021-06-26;2652.99
4193;5631;14408;ATRASO_30;2023-03-23;4869.62
4194;5631;14408;ATRASO_60;2023-04-22;3895.7
4195;5631;14408;ATRASO_90;2023-05-22;2921.77
4196;5631;14408;CALOTE;2023-06-21;1947.85
4197;3790;14412;ATRASO_90;2024-04-08;4471.0
4198;3790;14412;CALOTE;2024-05-08;2980.66
4199;9185;14418;ATRASO_30;2024-05-16;1880.29
4200;9185;14418;ATRASO_90;2024-07-15;1128.17
4201;9185;14418;CALOTE;2024-08-14;752.12
4202;958;14423;ATRASO_60;2025-01-27;2944.32
4203;958;14423;CALOTE;2025-03-28;1472.16
4204;7700;14427;ATRASO_30;2021-10-01;1014.68
4205;7700;14427;ATRASO_60;2021-10-31;811.74
4206;7700;14427;ATRASO_90;2021-11-30;608.81
4207;7700;14427;CALOTE;2021-12-30;405.87
4208;6711;14448;ATRASO_30;2021-04-18;6543.41
4209;6711;14448;ATRASO_90;2021-06-17;3926.05
4210;6711;14448;CALOTE;2021-07-17;2617.36
4211;3427;14454;ATRASO_30;2024-08-28;7204.03
4212;3427;14454;ATRASO_60;2024-09-27;5763.22
4213;3427;14454;ATRASO_90;2024-10-27;4322.42
4214;2967;14469;ATRASO_30;2023-02-03;12761.14
4215;2967;14469;ATRASO_60;2023-03-05;10208.91
4216;8859;14470;ATRASO_30;2023-04-09;43383.3
4217;8859;14470;ATRASO_60;2023-05-09;34706.64
4218;8859;14470;CALOTE;2023-07-08;17353.32
4219;2186;14474;ATRASO_30;2021-12-29;2290.96
4220;2186;14474;ATRASO_60;2022-01-28;1832.77
4221;2186;14474;ATRASO_90;2022-02-27;1374.58
4222;2186;14474;CALOTE;2022-03-29;916.38
4223;5032;14478;ATRASO_30;2023-12-07;6580.46
4224;5032;14478;ATRASO_90;2024-02-05;3948.28
4225;8018;14498;ATRASO_30;2023-01-08;2205.76
4226;8018;14498;ATRASO_60;2023-02-07;1764.61
4227;8018;14498;ATRASO_90;2023-03-09;1323.46
4228;2250;14504;ATRASO_30;2021-08-06;1663.45
4229;2250;14504;ATRASO_90;2021-10-05;998.07
4230;2250;14504;CALOTE;2021-11-04;665.38
4231;8826;14544;ATRASO_30;2022-02-15;3631.01
4232;8826;14544;ATRASO_90;2022-04-16;2178.61
4233;1733;14550;ATRASO_30;2022-11-15;18075.04
4234;1733;14550;ATRASO_60;2022-12-15;14460.03
4235;1733;14550;ATRASO_90;2023-01-14;10845.02
4236;1733;14550;CALOTE;2023-02-13;7230.02
4237;1392;14555;ATRASO_30;2021-04-22;3534.41
4238;1392;14555;ATRASO_60;2021-05-22;2827.53
4239;1392;14555;ATRASO_90;2021-06-21;2120.65
4240;6214;14564;ATRASO_30;2021-11-23;6537.72
4241;6214;14564;ATRASO_60;2021-12-23;5230.18
4242;6214;14564;ATRASO_90;2022-01-22;3922.63
4243;1173;14573;ATRASO_30;2024-02-24;6899.99
4244;1173;14573;ATRASO_90;2024-04-24;4139.99
4245;1173;14573;CALOTE;2024-05-24;2760.0
4246;6621;14576;ATRASO_60;2021-06-18;5099.75
4247;6621;14576;ATRASO_90;2021-07-18;3824.81
4248;6621;14576;CALOTE;2021-08-17;2549.88
4249;2037;14581;CALOTE;2024-07-17;1354.92
4250;5735;14582;ATRASO_60;2023-08-01;3804.34
4251;5735;14582;ATRASO_90;2023-08-31;2853.25
4252;5735;14582;CALOTE;2023-09-30;1902.17
4253;7105;14612;ATRASO_30;2022-10-25;2236.79
4254;7105;14612;ATRASO_60;2022-11-24;1789.43
4255;7105;14612;ATRASO_90;2022-12-24;1342.07
4256;7105;14612;CALOTE;2023-01-23;894.72
4257;7014;14621;ATRASO_30;2021-10-23;7631.66
4258;7014;14621;ATRASO_90;2021-12-22;4579.0
4259;7014;14621;CALOTE;2022-01-21;3052.66
4260;7138;14622;ATRASO_30;2024-06-14;42571.72
4261;7138;14622;ATRASO_60;2024-07-14;34057.38
4262;7138;14622;ATRASO_90;2024-08-13;25543.03
4263;7138;14622;CALOTE;2024-09-12;17028.69
4264;8255;14628;ATRASO_60;2021-11-29;3823.6
4265;8255;14628;ATRASO_90;2021-12-29;2867.7
4266;8255;14628;CALOTE;2022-01-28;1911.8
4267;3993;14633;ATRASO_30;2023-03-29;6156.02
4268;3993;14633;ATRASO_60;2023-04-28;4924.82
4269;3993;14633;CALOTE;2023-06-27;2462.41
4270;7547;14635;ATRASO_30;2024-02-28;15859.58
4271;7547;14635;ATRASO_60;2024-03-29;12687.66
4272;7547;14635;ATRASO_90;2024-04-28;9515.75
4273;7547;14635;CALOTE;2024-05-28;6343.83
4274;6148;14651;ATRASO_60;2021-12-23;1789.3
4275;6148;14651;ATRASO_90;2022-01-22;1341.98
4276;6148;14651;CALOTE;2022-02-21;894.65
4277;5233;14652;ATRASO_30;2022-09-06;2703.39
4278;5233;14652;ATRASO_90;2022-11-05;1622.03
4279;5233;14652;CALOTE;2022-12-05;1081.36
4280;4506;14659;ATRASO_30;2024-07-06;5828.88
4281;4506;14659;ATRASO_60;2024-08-05;4663.1
4282;4506;14659;ATRASO_90;2024-09-04;3497.33
4283;5319;14669;ATRASO_30;2023-05-05;5048.68
4284;5319;14669;ATRASO_60;2023-06-04;4038.94
4285;8563;14680;ATRASO_30;2023-10-29;3595.81
4286;8563;14680;ATRASO_60;2023-11-28;2876.65
4287;8563;14680;CALOTE;2024-01-27;1438.32
4288;6704;14684;ATRASO_30;2021-07-24;2041.62
4289;6704;14684;ATRASO_60;2021-08-23;1633.3
4290;6704;14684;CALOTE;2021-10-22;816.65
4291;5368;14689;ATRASO_30;2021-10-05;1006.69
4292;5368;14689;ATRASO_60;2021-11-04;805.35
4293;5368;14689;ATRASO_90;2021-12-04;604.01
4294;5975;14693;ATRASO_30;2022-09-02;6106.99
4295;5975;14693;ATRASO_60;2022-10-02;4885.59
4296;5975;14693;ATRASO_90;2022-11-01;3664.19
4297;5975;14693;CALOTE;2022-12-01;2442.8
4298;4861;14704;ATRASO_30;2024-12-20;7894.69
4299;4861;14704;CALOTE;2025-03-20;3157.88
4300;9004;14714;ATRASO_30;2024-11-04;1419.5
4301;9004;14714;ATRASO_60;2024-12-04;1135.6
4302;9004;14714;ATRASO_90;2025-01-03;851.7
4303;9004;14714;CALOTE;2025-02-02;567.8
4304;7658;14727;CALOTE;2024-11-20;898.15
4305;9773;14737;ATRASO_30;2024-10-13;10067.59
4306;9773;14737;ATRASO_60;2024-11-12;8054.07
4307;9773;14737;ATRASO_90;2024-12-12;6040.55
4308;9773;14737;CALOTE;2025-01-11;4027.04
4309;1078;14743;ATRASO_60;2023-03-29;5044.7
4310;1078;14743;ATRASO_90;2023-04-28;3783.53
4311;1078;14743;CALOTE;2023-05-28;2522.35
4312;644;14756;CALOTE;2024-04-09;1445.04
4313;802;14770;ATRASO_30;2023-01-31;2246.6
4314;802;14770;ATRASO_60;2023-03-02;1797.28
4315;4276;14772;ATRASO_30;2023-07-29;5243.01
4316;4276;14772;CALOTE;2023-10-27;2097.2
4317;7975;14773;ATRASO_30;2021-09-15;5484.46
4318;7975;14773;ATRASO_90;2021-11-14;3290.68
4319;7975;14773;CALOTE;2021-12-14;2193.78
4320;2193;14813;ATRASO_30;2023-10-08;2584.12
4321;2193;14813;ATRASO_60;2023-11-07;2067.3
4322;2193;14813;CALOTE;2024-01-06;1033.65
4323;2943;14824;ATRASO_30;2023-08-21;4009.58
4324;2943;14824;ATRASO_60;2023-09-20;3207.66
4325;2943;14824;CALOTE;2023-11-19;1603.83
4326;8223;14827;ATRASO_30;2023-06-14;1022.17
4327;8223;14827;ATRASO_60;2023-07-14;817.74
4328;8223;14827;ATRASO_90;2023-08-13;613.3
4329;8223;14827;CALOTE;2023-09-12;408.87
4330;8594;14889;ATRASO_60;2024-08-14;9597.95
4331;5079;14896;ATRASO_30;2023-08-26;4363.46
4332;5079;14896;ATRASO_60;2023-09-25;3490.77
4333;5079;14896;ATRASO_90;2023-10-25;2618.08
4334;2247;14904;ATRASO_30;2021-02-22;4672.53
4335;2247;14904;ATRASO_90;2021-04-23;2803.52
4336;2247;14904;CALOTE;2021-05-23;1869.01
4337;6706;14907;ATRASO_30;2024-03-17;4399.9
4338;6706;14907;ATRASO_60;2024-04-16;3519.92
4339;7593;14915;ATRASO_30;2022-10-21;6249.06
4340;7593;14915;ATRASO_60;2022-11-20;4999.25
4341;7593;14915;ATRASO_90;2022-12-20;3749.44
4342;7593;14915;CALOTE;2023-01-19;2499.62
4343;8068;14918;ATRASO_30;2022-05-15;6417.78
4344;8068;14918;ATRASO_60;2022-06-14;5134.22
4345;8068;14918;ATRASO_90;2022-07-14;3850.67
4346;8068;14918;CALOTE;2022-08-13;2567.11
4347;286;14923;ATRASO_30;2022-02-15;1050.05
4348;286;14923;ATRASO_60;2022-03-17;840.04
4349;3786;14948;ATRASO_30;2022-03-17;7376.34
4350;3786;14948;ATRASO_90;2022-05-16;4425.8
4351;4281;14952;ATRASO_30;2022-05-22;7595.06
4352;4281;14952;ATRASO_60;2022-06-21;6076.05
4353;4281;14952;ATRASO_90;2022-07-21;4557.04
4354;4281;14952;CALOTE;2022-08-20;3038.02
4355;8679;14982;ATRASO_30;2024-08-27;1026.26
4356;8679;14982;ATRASO_90;2024-10-26;615.76
4357;5185;14991;ATRASO_60;2022-01-06;5140.06
4358;5185;14991;ATRASO_90;2022-02-05;3855.05
4359;5185;14991;CALOTE;2022-03-07;2570.03
4360;2902;14996;ATRASO_30;2022-05-20;3351.14
4361;2902;14996;ATRASO_60;2022-06-19;2680.91
4362;2902;14996;ATRASO_90;2022-07-19;2010.68
4363;2902;14996;CALOTE;2022-08-18;1340.46
4364;5007;15000;ATRASO_30;2023-10-14;4202.07
4365;5007;15000;ATRASO_60;2023-11-13;3361.66
4366;5007;15000;ATRASO_90;2023-12-13;2521.24
